shipment_id,date,is_import,product_category,O_Country,D_Country,region,value,freight_cost,freight_ratio,customs_clearance_time_days,month,quarter,avg_delay_hours,avg_fuel_price,avg_warehouse_util,avg_damage_claims,avg_lead_time_days,avg_satisfaction,avg_support_tickets,avg_order_value,avg_days_to_pay,target
SHP-2024-0001,2024-01-02,0,Electronics,India,USA,North America,85000,4250.0,0.05,2.1,1,1,2.451,82.748,78.0,5.72,12.544973544973544,4.28042328042328,0.3544973544973545,17865.079365079364,40.03703703703704,0
SHP-2024-0002,2024-01-03,1,Textiles,China,India,Asia-Pacific,120000,6000.0,0.05,3.5,1,1,2.451,82.748,78.0,5.72,15.470588235294118,4.310160427807487,0.7379679144385026,22096.25668449198,40.096256684491976,0
SHP-2024-0003,2024-01-04,0,Consumer Goods,India,UK,Europe,45000,2250.0,0.05,1.8,1,1,2.451,82.748,78.0,5.72,13.973544973544973,4.185185185185185,0.6243386243386243,12507.936507936507,40.08465608465608,0
SHP-2024-0004,2024-01-05,1,Industrial Equipment,Germany,India,Asia-Pacific,250000,12500.0,0.05,4.2,1,1,2.451,82.748,78.0,5.72,15.470588235294118,4.310160427807487,0.7379679144385026,22096.25668449198,40.096256684491976,1
SHP-2024-0005,2024-01-06,0,Electronics,India,Japan,Asia-Pacific,95000,4750.0,0.05,2.5,1,1,2.451,82.748,78.0,5.72,15.470588235294118,4.310160427807487,0.7379679144385026,22096.25668449198,40.096256684491976,0
SHP-2024-0006,2024-01-07,1,Consumer Goods,Vietnam,India,Asia-Pacific,60000,3000.0,0.05,2.0,1,1,2.451,82.748,78.0,5.72,15.470588235294118,4.310160427807487,0.7379679144385026,22096.25668449198,40.096256684491976,0
SHP-2024-0007,2024-01-08,0,Textiles,India,UAE,Other,75000,3750.0,0.05,1.5,1,1,2.451,82.748,78.0,5.72,14.824941087546131,4.293797923209689,0.6607150941184555,20499.70063783089,40.08485747834488,0
SHP-2024-0008,2024-01-09,1,Electronics,South Korea,India,Asia-Pacific,180000,9000.0,0.05,3.8,1,1,2.451,82.748,78.0,5.72,15.470588235294118,4.310160427807487,0.7379679144385026,22096.25668449198,40.096256684491976,0
SHP-2024-0010,2024-01-11,1,Textiles,Bangladesh,India,Asia-Pacific,90000,4500.0,0.05,2.7,1,1,2.451,82.748,78.0,5.72,15.470588235294118,4.310160427807487,0.7379679144385026,22096.25668449198,40.096256684491976,0
SHP-2024-0011,2024-01-12,0,Consumer Goods,India,Australia,Asia-Pacific,55000,2750.0,0.05,3.1,1,1,2.451,82.748,78.0,5.72,15.470588235294118,4.310160427807487,0.7379679144385026,22096.25668449198,40.096256684491976,1
SHP-2024-0012,2024-01-13,1,Electronics,Taiwan,India,Asia-Pacific,210000,10500.0,0.05,4.0,1,1,2.451,82.748,78.0,5.72,15.470588235294118,4.310160427807487,0.7379679144385026,22096.25668449198,40.096256684491976,0
SHP-2024-0013,2024-01-14,0,Industrial Equipment,India,Netherlands,Europe,130000,6500.0,0.05,3.3,1,1,2.451,82.748,78.0,5.72,13.973544973544973,4.185185185185185,0.6243386243386243,12507.936507936507,40.08465608465608,0
SHP-2024-0014,2024-01-15,1,Consumer Goods,Thailand,India,Asia-Pacific,70000,3500.0,0.05,2.4,1,1,2.451,82.748,78.0,5.72,15.470588235294118,4.310160427807487,0.7379679144385026,22096.25668449198,40.096256684491976,0
SHP-2024-0015,2024-01-16,0,Textiles,India,USA,North America,110000,5500.0,0.05,2.9,1,1,2.451,82.748,78.0,5.72,12.544973544973544,4.28042328042328,0.3544973544973545,17865.079365079364,40.03703703703704,0
SHP-2024-0016,2024-01-17,1,Industrial Equipment,Italy,India,Asia-Pacific,190000,9500.0,0.05,4.5,1,1,2.451,82.748,78.0,5.72,15.470588235294118,4.310160427807487,0.7379679144385026,22096.25668449198,40.096256684491976,0
SHP-2024-0017,2024-01-18,0,Electronics,India,USA,North America,150000,7500.0,0.05,3.0,1,1,2.451,82.748,78.0,5.72,12.544973544973544,4.28042328042328,0.3544973544973545,17865.079365079364,40.03703703703704,0
SHP-2024-0018,2024-01-19,1,Textiles,Turkey,India,Asia-Pacific,80000,4000.0,0.05,3.2,1,1,2.451,82.748,78.0,5.72,15.470588235294118,4.310160427807487,0.7379679144385026,22096.25668449198,40.096256684491976,1
SHP-2024-0019,2024-01-20,0,Consumer Goods,India,Saudi Arabia,Other,35000,1750.0,0.05,1.9,1,1,2.451,82.748,78.0,5.72,14.824941087546131,4.293797923209689,0.6607150941184555,20499.70063783089,40.08485747834488,0
SHP-2024-0020,2024-01-21,1,Electronics,USA,India,Asia-Pacific,220000,11000.0,0.05,4.1,1,1,2.451,82.748,78.0,5.72,15.470588235294118,4.310160427807487,0.7379679144385026,22096.25668449198,40.096256684491976,0
SHP-2024-0021,2024-01-22,0,Industrial Equipment,India,South Africa,Other,95000,4750.0,0.05,3.6,1,1,2.451,82.748,78.0,5.72,14.824941087546131,4.293797923209689,0.6607150941184555,20499.70063783089,40.08485747834488,0
SHP-2024-0022,2024-01-23,1,Consumer Goods,Indonesia,India,Asia-Pacific,48000,2400.0,0.05,2.6,1,1,2.451,82.748,78.0,5.72,15.470588235294118,4.310160427807487,0.7379679144385026,22096.25668449198,40.096256684491976,0
SHP-2024-0023,2024-01-24,0,Textiles,India,Nigeria,Other,65000,3250.0,0.05,3.4,1,1,2.451,82.748,78.0,5.72,14.824941087546131,4.293797923209689,0.6607150941184555,20499.70063783089,40.08485747834488,0
SHP-2024-0024,2024-01-25,1,Industrial Equipment,Japan,India,Asia-Pacific,300000,15000.0,0.05,4.8,1,1,2.451,82.748,78.0,5.72,15.470588235294118,4.310160427807487,0.7379679144385026,22096.25668449198,40.096256684491976,1
SHP-2024-0025,2024-01-26,0,Electronics,India,Mexico,North America,120000,6000.0,0.05,3.9,1,1,2.451,82.748,78.0,5.72,12.544973544973544,4.28042328042328,0.3544973544973545,17865.079365079364,40.03703703703704,0
SHP-2024-0026,2024-01-27,1,Consumer Goods,Philippines,India,Asia-Pacific,40000,2000.0,0.05,2.8,1,1,2.451,82.748,78.0,5.72,15.470588235294118,4.310160427807487,0.7379679144385026,22096.25668449198,40.096256684491976,0
SHP-2024-0027,2024-01-28,0,Textiles,India,Egypt,Other,50000,2500.0,0.05,2.3,1,1,2.451,82.748,78.0,5.72,14.824941087546131,4.293797923209689,0.6607150941184555,20499.70063783089,40.08485747834488,0
SHP-2024-0028,2024-01-29,1,Electronics,Finland,India,Asia-Pacific,160000,8000.0,0.05,3.7,1,1,2.451,82.748,78.0,5.72,15.470588235294118,4.310160427807487,0.7379679144385026,22096.25668449198,40.096256684491976,0
SHP-2024-0029,2024-01-30,0,Consumer Goods,India,Brazil,Other,70000,3500.0,0.05,4.3,1,1,2.451,82.748,78.0,5.72,14.824941087546131,4.293797923209689,0.6607150941184555,20499.70063783089,40.08485747834488,0
SHP-2024-0030,2024-01-31,1,Industrial Equipment,South Korea,India,Asia-Pacific,280000,14000.0,0.05,4.6,1,1,2.451,82.748,78.0,5.72,15.470588235294118,4.310160427807487,0.7379679144385026,22096.25668449198,40.096256684491976,0
SHP-2024-0031,2024-02-01,0,Electronics,India,USA,North America,88000,4400.0,0.05,2.2,2,1,2.451,82.748,78.0,5.72,12.544973544973544,4.28042328042328,0.3544973544973545,17865.079365079364,40.03703703703704,0
SHP-2024-0032,2024-02-02,1,Textiles,China,India,Asia-Pacific,125000,6250.0,0.05,3.6,2,1,2.451,82.748,78.0,5.72,15.470588235294118,4.310160427807487,0.7379679144385026,22096.25668449198,40.096256684491976,0
SHP-2024-0033,2024-02-03,0,Consumer Goods,India,UK,Europe,47000,2350.0,0.05,1.9,2,1,2.451,82.748,78.0,5.72,13.973544973544973,4.185185185185185,0.6243386243386243,12507.936507936507,40.08465608465608,1
SHP-2024-0034,2024-02-04,1,Industrial Equipment,Germany,India,Asia-Pacific,260000,13000.0,0.05,4.3,2,1,2.451,82.748,78.0,5.72,15.470588235294118,4.310160427807487,0.7379679144385026,22096.25668449198,40.096256684491976,0
SHP-2024-0035,2024-02-05,0,Electronics,India,Japan,Asia-Pacific,99000,4950.0,0.05,2.6,2,1,2.451,82.748,78.0,5.72,15.470588235294118,4.310160427807487,0.7379679144385026,22096.25668449198,40.096256684491976,0
SHP-2024-0036,2024-02-06,1,Consumer Goods,Vietnam,India,Asia-Pacific,63000,3150.0,0.05,2.1,2,1,2.451,82.748,78.0,5.72,15.470588235294118,4.310160427807487,0.7379679144385026,22096.25668449198,40.096256684491976,0
SHP-2024-0037,2024-02-07,0,Textiles,India,UAE,Other,79000,3950.0,0.05,1.6,2,1,2.451,82.748,78.0,5.72,14.824941087546131,4.293797923209689,0.6607150941184555,20499.70063783089,40.08485747834488,0
SHP-2024-0038,2024-02-08,1,Electronics,South Korea,India,Asia-Pacific,187000,9350.0,0.05,3.9,2,1,2.451,82.748,78.0,5.72,15.470588235294118,4.310160427807487,0.7379679144385026,22096.25668449198,40.096256684491976,0
SHP-2024-0040,2024-02-10,1,Textiles,Bangladesh,India,Asia-Pacific,94000,4700.0,0.05,2.8,2,1,2.451,82.748,78.0,5.72,15.470588235294118,4.310160427807487,0.7379679144385026,22096.25668449198,40.096256684491976,0
SHP-2024-0041,2024-02-11,0,Consumer Goods,India,Australia,Asia-Pacific,59000,2950.0,0.05,3.2,2,1,2.451,82.748,78.0,5.72,15.470588235294118,4.310160427807487,0.7379679144385026,22096.25668449198,40.096256684491976,0
SHP-2024-0042,2024-02-12,1,Electronics,Taiwan,India,Asia-Pacific,218000,10900.0,0.05,4.1,2,1,2.451,82.748,78.0,5.72,15.470588235294118,4.310160427807487,0.7379679144385026,22096.25668449198,40.096256684491976,0
SHP-2024-0043,2024-02-13,0,Industrial Equipment,India,Netherlands,Europe,138000,6900.0,0.05,3.4,2,1,2.451,82.748,78.0,5.72,13.973544973544973,4.185185185185185,0.6243386243386243,12507.936507936507,40.08465608465608,0
SHP-2024-0044,2024-02-14,1,Consumer Goods,Thailand,India,Asia-Pacific,74000,3700.0,0.05,2.5,2,1,2.451,82.748,78.0,5.72,15.470588235294118,4.310160427807487,0.7379679144385026,22096.25668449198,40.096256684491976,0
SHP-2024-0045,2024-02-15,0,Textiles,India,USA,North America,115000,5750.0,0.05,3.0,2,1,2.451,82.748,78.0,5.72,12.544973544973544,4.28042328042328,0.3544973544973545,17865.079365079364,40.03703703703704,1
SHP-2024-0046,2024-02-16,1,Industrial Equipment,Italy,India,Asia-Pacific,198000,9900.0,0.05,4.6,2,1,2.451,82.748,78.0,5.72,15.470588235294118,4.310160427807487,0.7379679144385026,22096.25668449198,40.096256684491976,0
SHP-2024-0047,2024-02-17,0,Electronics,India,USA,North America,158000,7900.0,0.05,3.1,2,1,2.451,82.748,78.0,5.72,12.544973544973544,4.28042328042328,0.3544973544973545,17865.079365079364,40.03703703703704,0
SHP-2024-0048,2024-02-18,1,Textiles,Turkey,India,Asia-Pacific,84000,4200.0,0.05,3.3,2,1,2.451,82.748,78.0,5.72,15.470588235294118,4.310160427807487,0.7379679144385026,22096.25668449198,40.096256684491976,0
SHP-2024-0049,2024-02-19,0,Consumer Goods,India,Saudi Arabia,Other,39000,1950.0,0.05,2.0,2,1,2.451,82.748,78.0,5.72,14.824941087546131,4.293797923209689,0.6607150941184555,20499.70063783089,40.08485747834488,0
SHP-2024-0050,2024-02-20,1,Electronics,USA,India,Asia-Pacific,228000,11400.0,0.05,4.2,2,1,2.451,82.748,78.0,5.72,15.470588235294118,4.310160427807487,0.7379679144385026,22096.25668449198,40.096256684491976,0
SHP-2024-0051,2024-02-21,0,Industrial Equipment,India,South Africa,Other,98000,4900.0,0.05,3.7,2,1,2.451,82.748,78.0,5.72,14.824941087546131,4.293797923209689,0.6607150941184555,20499.70063783089,40.08485747834488,0
SHP-2024-0052,2024-02-22,1,Consumer Goods,Indonesia,India,Asia-Pacific,51000,2550.0,0.05,2.7,2,1,2.451,82.748,78.0,5.72,15.470588235294118,4.310160427807487,0.7379679144385026,22096.25668449198,40.096256684491976,0
SHP-2024-0053,2024-02-23,0,Textiles,India,Nigeria,Other,68000,3400.0,0.05,3.5,2,1,2.451,82.748,78.0,5.72,14.824941087546131,4.293797923209689,0.6607150941184555,20499.70063783089,40.08485747834488,1
SHP-2024-0054,2024-02-24,1,Industrial Equipment,Japan,India,Asia-Pacific,310000,15500.0,0.05,4.9,2,1,2.451,82.748,78.0,5.72,15.470588235294118,4.310160427807487,0.7379679144385026,22096.25668449198,40.096256684491976,0
SHP-2024-0055,2024-02-25,0,Electronics,India,Mexico,North America,124000,6200.0,0.05,4.0,2,1,2.451,82.748,78.0,5.72,12.544973544973544,4.28042328042328,0.3544973544973545,17865.079365079364,40.03703703703704,0
SHP-2024-0056,2024-02-26,1,Consumer Goods,Philippines,India,Asia-Pacific,43000,2150.0,0.05,2.9,2,1,2.451,82.748,78.0,5.72,15.470588235294118,4.310160427807487,0.7379679144385026,22096.25668449198,40.096256684491976,0
SHP-2024-0057,2024-02-27,0,Textiles,India,Egypt,Other,53000,2650.0,0.05,2.4,2,1,2.451,82.748,78.0,5.72,14.824941087546131,4.293797923209689,0.6607150941184555,20499.70063783089,40.08485747834488,0
SHP-2024-0058,2024-02-28,1,Electronics,Finland,India,Asia-Pacific,165000,8250.0,0.05,3.8,2,1,2.451,82.748,78.0,5.72,15.470588235294118,4.310160427807487,0.7379679144385026,22096.25668449198,40.096256684491976,0
SHP-2024-0059,2024-03-01,0,Consumer Goods,India,Brazil,Other,73000,3650.0,0.05,4.4,3,1,2.451,82.748,78.0,5.72,14.824941087546131,4.293797923209689,0.6607150941184555,20499.70063783089,40.08485747834488,1
SHP-2024-0060,2024-03-02,1,Industrial Equipment,South Korea,India,Asia-Pacific,288000,14400.0,0.05,4.7,3,1,2.451,82.748,78.0,5.72,15.470588235294118,4.310160427807487,0.7379679144385026,22096.25668449198,40.096256684491976,0
SHP-2024-0061,2024-03-03,0,Electronics,India,USA,North America,92000,4600.0,0.05,2.3,3,1,2.451,82.748,78.0,5.72,12.544973544973544,4.28042328042328,0.3544973544973545,17865.079365079364,40.03703703703704,0
SHP-2024-0062,2024-03-04,1,Textiles,China,India,Asia-Pacific,130000,6500.0,0.05,3.7,3,1,2.451,82.748,78.0,5.72,15.470588235294118,4.310160427807487,0.7379679144385026,22096.25668449198,40.096256684491976,0
SHP-2024-0063,2024-03-05,0,Consumer Goods,India,UK,Europe,50000,2500.0,0.05,2.0,3,1,2.451,82.748,78.0,5.72,13.973544973544973,4.185185185185185,0.6243386243386243,12507.936507936507,40.08465608465608,0
SHP-2024-0064,2024-03-06,1,Industrial Equipment,Germany,India,Asia-Pacific,270000,13500.0,0.05,4.4,3,1,2.451,82.748,78.0,5.72,15.470588235294118,4.310160427807487,0.7379679144385026,22096.25668449198,40.096256684491976,0
SHP-2024-0065,2024-03-07,0,Electronics,India,Japan,Asia-Pacific,105000,5250.0,0.05,2.7,3,1,2.451,82.748,78.0,5.72,15.470588235294118,4.310160427807487,0.7379679144385026,22096.25668449198,40.096256684491976,0
SHP-2024-0066,2024-03-08,1,Consumer Goods,Vietnam,India,Asia-Pacific,66000,3300.0,0.05,2.2,3,1,2.451,82.748,78.0,5.72,15.470588235294118,4.310160427807487,0.7379679144385026,22096.25668449198,40.096256684491976,1
SHP-2024-0067,2024-03-09,0,Textiles,India,UAE,Other,83000,4150.0,0.05,1.7,3,1,2.451,82.748,78.0,5.72,14.824941087546131,4.293797923209689,0.6607150941184555,20499.70063783089,40.08485747834488,0
SHP-2024-0068,2024-03-10,1,Electronics,South Korea,India,Asia-Pacific,195000,9750.0,0.05,4.0,3,1,2.451,82.748,78.0,5.72,15.470588235294118,4.310160427807487,0.7379679144385026,22096.25668449198,40.096256684491976,0
SHP-2024-0070,2024-03-12,1,Textiles,Bangladesh,India,Asia-Pacific,98000,4900.0,0.05,2.9,3,1,2.451,82.748,78.0,5.72,15.470588235294118,4.310160427807487,0.7379679144385026,22096.25668449198,40.096256684491976,0
SHP-2024-0071,2024-03-13,0,Consumer Goods,India,Australia,Asia-Pacific,62000,3100.0,0.05,3.3,3,1,2.451,82.748,78.0,5.72,15.470588235294118,4.310160427807487,0.7379679144385026,22096.25668449198,40.096256684491976,0
SHP-2024-0072,2024-03-14,1,Electronics,Taiwan,India,Asia-Pacific,225000,11250.0,0.05,4.2,3,1,2.451,82.748,78.0,5.72,15.470588235294118,4.310160427807487,0.7379679144385026,22096.25668449198,40.096256684491976,1
SHP-2024-0073,2024-03-15,0,Industrial Equipment,India,Netherlands,Europe,145000,7250.0,0.05,3.5,3,1,2.451,82.748,78.0,5.72,13.973544973544973,4.185185185185185,0.6243386243386243,12507.936507936507,40.08465608465608,0
SHP-2024-0074,2024-03-16,1,Consumer Goods,Thailand,India,Asia-Pacific,78000,3900.0,0.05,2.6,3,1,2.451,82.748,78.0,5.72,15.470588235294118,4.310160427807487,0.7379679144385026,22096.25668449198,40.096256684491976,0
SHP-2024-0075,2024-03-17,0,Textiles,India,USA,North America,120000,6000.0,0.05,3.1,3,1,2.451,82.748,78.0,5.72,12.544973544973544,4.28042328042328,0.3544973544973545,17865.079365079364,40.03703703703704,0
SHP-2024-0076,2024-03-18,1,Industrial Equipment,Italy,India,Asia-Pacific,205000,10250.0,0.05,4.7,3,1,2.451,82.748,78.0,5.72,15.470588235294118,4.310160427807487,0.7379679144385026,22096.25668449198,40.096256684491976,0
SHP-2024-0077,2024-03-19,0,Electronics,India,USA,North America,165000,8250.0,0.05,3.2,3,1,2.451,82.748,78.0,5.72,12.544973544973544,4.28042328042328,0.3544973544973545,17865.079365079364,40.03703703703704,0
SHP-2024-0078,2024-03-20,1,Textiles,Turkey,India,Asia-Pacific,88000,4400.0,0.05,3.4,3,1,2.451,82.748,78.0,5.72,15.470588235294118,4.310160427807487,0.7379679144385026,22096.25668449198,40.096256684491976,0
SHP-2024-0079,2024-03-21,0,Consumer Goods,India,Saudi Arabia,Other,42000,2100.0,0.05,2.1,3,1,2.451,82.748,78.0,5.72,14.824941087546131,4.293797923209689,0.6607150941184555,20499.70063783089,40.08485747834488,1
SHP-2024-0080,2024-03-22,1,Electronics,USA,India,Asia-Pacific,235000,11750.0,0.05,4.3,3,1,2.451,82.748,78.0,5.72,15.470588235294118,4.310160427807487,0.7379679144385026,22096.25668449198,40.096256684491976,0
SHP-2024-0081,2024-03-23,0,Industrial Equipment,India,South Africa,Other,102000,5100.0,0.05,3.8,3,1,2.451,82.748,78.0,5.72,14.824941087546131,4.293797923209689,0.6607150941184555,20499.70063783089,40.08485747834488,0
SHP-2024-0082,2024-03-24,1,Consumer Goods,Indonesia,India,Asia-Pacific,54000,2700.0,0.05,2.8,3,1,2.451,82.748,78.0,5.72,15.470588235294118,4.310160427807487,0.7379679144385026,22096.25668449198,40.096256684491976,0
SHP-2024-0083,2024-03-25,0,Textiles,India,Nigeria,Other,71000,3550.0,0.05,3.6,3,1,2.451,82.748,78.0,5.72,14.824941087546131,4.293797923209689,0.6607150941184555,20499.70063783089,40.08485747834488,0
SHP-2024-0084,2024-03-26,1,Industrial Equipment,Japan,India,Asia-Pacific,320000,16000.0,0.05,5.0,3,1,2.451,82.748,78.0,5.72,15.470588235294118,4.310160427807487,0.7379679144385026,22096.25668449198,40.096256684491976,0
SHP-2024-0085,2024-03-27,0,Electronics,India,Mexico,North America,128000,6400.0,0.05,4.1,3,1,2.451,82.748,78.0,5.72,12.544973544973544,4.28042328042328,0.3544973544973545,17865.079365079364,40.03703703703704,1
SHP-2024-0086,2024-03-28,1,Consumer Goods,Philippines,India,Asia-Pacific,46000,2300.0,0.05,3.0,3,1,2.451,82.748,78.0,5.72,15.470588235294118,4.310160427807487,0.7379679144385026,22096.25668449198,40.096256684491976,0
SHP-2024-0087,2024-03-29,0,Textiles,India,Egypt,Other,56000,2800.0,0.05,2.5,3,1,2.451,82.748,78.0,5.72,14.824941087546131,4.293797923209689,0.6607150941184555,20499.70063783089,40.08485747834488,0
SHP-2024-0088,2024-03-30,1,Electronics,Finland,India,Asia-Pacific,170000,8500.0,0.05,3.9,3,1,2.451,82.748,78.0,5.72,15.470588235294118,4.310160427807487,0.7379679144385026,22096.25668449198,40.096256684491976,0
SHP-2024-0089,2024-03-31,0,Consumer Goods,India,Brazil,Other,76000,3800.0,0.05,4.5,3,1,2.451,82.748,78.0,5.72,14.824941087546131,4.293797923209689,0.6607150941184555,20499.70063783089,40.08485747834488,0
SHP-2024-0090,2024-04-01,1,Industrial Equipment,South Korea,India,Asia-Pacific,295000,14750.0,0.05,4.8,4,2,2.451,82.748,78.0,5.72,15.470588235294118,4.310160427807487,0.7379679144385026,22096.25668449198,40.096256684491976,0
SHP-2024-0091,2024-04-02,0,Electronics,India,USA,North America,95000,4750.0,0.05,2.4,4,2,2.451,82.748,78.0,5.72,12.544973544973544,4.28042328042328,0.3544973544973545,17865.079365079364,40.03703703703704,0
SHP-2024-0092,2024-04-03,1,Textiles,China,India,Asia-Pacific,135000,6750.0,0.05,3.8,4,2,2.451,82.748,78.0,5.72,15.470588235294118,4.310160427807487,0.7379679144385026,22096.25668449198,40.096256684491976,1
SHP-2024-0093,2024-04-04,0,Consumer Goods,India,UK,Europe,52000,2600.0,0.05,2.1,4,2,2.451,82.748,78.0,5.72,13.973544973544973,4.185185185185185,0.6243386243386243,12507.936507936507,40.08465608465608,0
SHP-2024-0094,2024-04-05,1,Industrial Equipment,Germany,India,Asia-Pacific,275000,13750.0,0.05,4.5,4,2,2.451,82.748,78.0,5.72,15.470588235294118,4.310160427807487,0.7379679144385026,22096.25668449198,40.096256684491976,0
SHP-2024-0095,2024-04-06,0,Electronics,India,Japan,Asia-Pacific,110000,5500.0,0.05,2.8,4,2,2.451,82.748,78.0,5.72,15.470588235294118,4.310160427807487,0.7379679144385026,22096.25668449198,40.096256684491976,0
SHP-2024-0096,2024-04-07,1,Consumer Goods,Vietnam,India,Asia-Pacific,68000,3400.0,0.05,2.3,4,2,2.451,82.748,78.0,5.72,15.470588235294118,4.310160427807487,0.7379679144385026,22096.25668449198,40.096256684491976,0
SHP-2024-0097,2024-04-08,0,Textiles,India,UAE,Other,86000,4300.0,0.05,1.8,4,2,2.451,82.748,78.0,5.72,14.824941087546131,4.293797923209689,0.6607150941184555,20499.70063783089,40.08485747834488,0
SHP-2024-0098,2024-04-09,1,Electronics,South Korea,India,Asia-Pacific,200000,10000.0,0.05,4.1,4,2,2.451,82.748,78.0,5.72,15.470588235294118,4.310160427807487,0.7379679144385026,22096.25668449198,40.096256684491976,1
SHP-2024-0100,2024-04-11,1,Textiles,Bangladesh,India,Asia-Pacific,100000,5000.0,0.05,3.0,4,2,2.451,82.748,78.0,5.72,15.470588235294118,4.310160427807487,0.7379679144385026,22096.25668449198,40.096256684491976,0
SHP-2024-0101,2024-04-12,0,Consumer Goods,India,Australia,Asia-Pacific,65000,3250.0,0.05,3.4,4,2,2.451,82.748,78.0,5.72,15.470588235294118,4.310160427807487,0.7379679144385026,22096.25668449198,40.096256684491976,0
SHP-2024-0102,2024-04-13,1,Electronics,Taiwan,India,Asia-Pacific,230000,11500.0,0.05,4.3,4,2,2.451,82.748,78.0,5.72,15.470588235294118,4.310160427807487,0.7379679144385026,22096.25668449198,40.096256684491976,0
SHP-2024-0103,2024-04-14,0,Industrial Equipment,India,Netherlands,Europe,150000,7500.0,0.05,3.6,4,2,2.451,82.748,78.0,5.72,13.973544973544973,4.185185185185185,0.6243386243386243,12507.936507936507,40.08465608465608,0
SHP-2024-0104,2024-04-15,1,Consumer Goods,Thailand,India,Asia-Pacific,80000,4000.0,0.05,2.7,4,2,2.451,82.748,78.0,5.72,15.470588235294118,4.310160427807487,0.7379679144385026,22096.25668449198,40.096256684491976,1
SHP-2024-0105,2024-04-16,0,Textiles,India,USA,North America,125000,6250.0,0.05,3.2,4,2,2.451,82.748,78.0,5.72,12.544973544973544,4.28042328042328,0.3544973544973545,17865.079365079364,40.03703703703704,0
SHP-2024-0106,2024-04-17,1,Industrial Equipment,Italy,India,Asia-Pacific,210000,10500.0,0.05,4.8,4,2,2.451,82.748,78.0,5.72,15.470588235294118,4.310160427807487,0.7379679144385026,22096.25668449198,40.096256684491976,0
SHP-2024-0107,2024-04-18,0,Electronics,India,USA,North America,170000,8500.0,0.05,3.3,4,2,2.451,82.748,78.0,5.72,12.544973544973544,4.28042328042328,0.3544973544973545,17865.079365079364,40.03703703703704,0
SHP-2024-0108,2024-04-19,1,Textiles,Turkey,India,Asia-Pacific,90000,4500.0,0.05,3.5,4,2,2.451,82.748,78.0,5.72,15.470588235294118,4.310160427807487,0.7379679144385026,22096.25668449198,40.096256684491976,0
SHP-2024-0109,2024-04-20,0,Consumer Goods,India,Saudi Arabia,Other,45000,2250.0,0.05,2.2,4,2,2.451,82.748,78.0,5.72,14.824941087546131,4.293797923209689,0.6607150941184555,20499.70063783089,40.08485747834488,0
SHP-2024-0110,2024-04-21,1,Electronics,USA,India,Asia-Pacific,240000,12000.0,0.05,4.4,4,2,2.451,82.748,78.0,5.72,15.470588235294118,4.310160427807487,0.7379679144385026,22096.25668449198,40.096256684491976,1
SHP-2024-0111,2024-04-22,0,Industrial Equipment,India,South Africa,Other,105000,5250.0,0.05,3.9,4,2,2.451,82.748,78.0,5.72,14.824941087546131,4.293797923209689,0.6607150941184555,20499.70063783089,40.08485747834488,0
SHP-2024-0112,2024-04-23,1,Consumer Goods,Indonesia,India,Asia-Pacific,56000,2800.0,0.05,2.9,4,2,2.451,82.748,78.0,5.72,15.470588235294118,4.310160427807487,0.7379679144385026,22096.25668449198,40.096256684491976,0
SHP-2024-0113,2024-04-24,0,Textiles,India,Nigeria,Other,73000,3650.0,0.05,3.7,4,2,2.451,82.748,78.0,5.72,14.824941087546131,4.293797923209689,0.6607150941184555,20499.70063783089,40.08485747834488,0
SHP-2024-0114,2024-04-25,1,Industrial Equipment,Japan,India,Asia-Pacific,330000,16500.0,0.05,5.1,4,2,2.451,82.748,78.0,5.72,15.470588235294118,4.310160427807487,0.7379679144385026,22096.25668449198,40.096256684491976,0
SHP-2024-0115,2024-04-26,0,Electronics,India,Mexico,North America,132000,6600.0,0.05,4.2,4,2,2.451,82.748,78.0,5.72,12.544973544973544,4.28042328042328,0.3544973544973545,17865.079365079364,40.03703703703704,0
SHP-2024-0116,2024-04-27,1,Consumer Goods,Philippines,India,Asia-Pacific,48000,2400.0,0.05,3.1,4,2,2.451,82.748,78.0,5.72,15.470588235294118,4.310160427807487,0.7379679144385026,22096.25668449198,40.096256684491976,1
SHP-2024-0117,2024-04-28,0,Textiles,India,Egypt,Other,58000,2900.0,0.05,2.6,4,2,2.451,82.748,78.0,5.72,14.824941087546131,4.293797923209689,0.6607150941184555,20499.70063783089,40.08485747834488,0
SHP-2024-0118,2024-04-29,1,Electronics,Finland,India,Asia-Pacific,175000,8750.0,0.05,4.0,4,2,2.451,82.748,78.0,5.72,15.470588235294118,4.310160427807487,0.7379679144385026,22096.25668449198,40.096256684491976,0
SHP-2024-0119,2024-04-30,0,Consumer Goods,India,Brazil,Other,78000,3900.0,0.05,4.6,4,2,2.451,82.748,78.0,5.72,14.824941087546131,4.293797923209689,0.6607150941184555,20499.70063783089,40.08485747834488,0
SHP-2024-0120,2024-05-01,1,Industrial Equipment,South Korea,India,Asia-Pacific,300000,15000.0,0.05,4.9,5,2,2.451,82.748,78.0,5.72,15.470588235294118,4.310160427807487,0.7379679144385026,22096.25668449198,40.096256684491976,0
SHP-2024-0121,2024-05-02,0,Electronics,India,USA,North America,98000,4900.0,0.05,2.5,5,2,2.451,82.748,78.0,5.72,12.544973544973544,4.28042328042328,0.3544973544973545,17865.079365079364,40.03703703703704,0
SHP-2024-0122,2024-05-03,1,Textiles,China,India,Asia-Pacific,140000,7000.0,0.05,3.9,5,2,2.451,82.748,78.0,5.72,15.470588235294118,4.310160427807487,0.7379679144385026,22096.25668449198,40.096256684491976,0
SHP-2024-0123,2024-05-04,0,Consumer Goods,India,UK,Europe,54000,2700.0,0.05,2.2,5,2,2.451,82.748,78.0,5.72,13.973544973544973,4.185185185185185,0.6243386243386243,12507.936507936507,40.08465608465608,1
SHP-2024-0124,2024-05-05,1,Industrial Equipment,Germany,India,Asia-Pacific,280000,14000.0,0.05,4.6,5,2,2.451,82.748,78.0,5.72,15.470588235294118,4.310160427807487,0.7379679144385026,22096.25668449198,40.096256684491976,0
SHP-2024-0125,2024-05-06,0,Electronics,India,Japan,Asia-Pacific,115000,5750.0,0.05,2.9,5,2,2.451,82.748,78.0,5.72,15.470588235294118,4.310160427807487,0.7379679144385026,22096.25668449198,40.096256684491976,0
SHP-2024-0126,2024-05-07,1,Consumer Goods,Vietnam,India,Asia-Pacific,70000,3500.0,0.05,2.4,5,2,2.451,82.748,78.0,5.72,15.470588235294118,4.310160427807487,0.7379679144385026,22096.25668449198,40.096256684491976,0
SHP-2024-0127,2024-05-08,0,Textiles,India,UAE,Other,89000,4450.0,0.05,1.9,5,2,2.451,82.748,78.0,5.72,14.824941087546131,4.293797923209689,0.6607150941184555,20499.70063783089,40.08485747834488,0
SHP-2024-0128,2024-05-09,1,Electronics,South Korea,India,Asia-Pacific,205000,10250.0,0.05,4.2,5,2,2.451,82.748,78.0,5.72,15.470588235294118,4.310160427807487,0.7379679144385026,22096.25668449198,40.096256684491976,0
SHP-2024-0130,2024-05-11,1,Textiles,Bangladesh,India,Asia-Pacific,103000,5150.0,0.05,3.1,5,2,2.451,82.748,78.0,5.72,15.470588235294118,4.310160427807487,0.7379679144385026,22096.25668449198,40.096256684491976,0
SHP-2024-0131,2024-05-12,0,Consumer Goods,India,Australia,Asia-Pacific,68000,3400.0,0.05,3.5,5,2,2.451,82.748,78.0,5.72,15.470588235294118,4.310160427807487,0.7379679144385026,22096.25668449198,40.096256684491976,0
SHP-2024-0132,2024-05-13,1,Electronics,Taiwan,India,Asia-Pacific,235000,11750.0,0.05,4.4,5,2,2.451,82.748,78.0,5.72,15.470588235294118,4.310160427807487,0.7379679144385026,22096.25668449198,40.096256684491976,0
SHP-2024-0133,2024-05-14,0,Industrial Equipment,India,Netherlands,Europe,155000,7750.0,0.05,3.7,5,2,2.451,82.748,78.0,5.72,13.973544973544973,4.185185185185185,0.6243386243386243,12507.936507936507,40.08465608465608,0
SHP-2024-0134,2024-05-15,1,Consumer Goods,Thailand,India,Asia-Pacific,82000,4100.0,0.05,2.8,5,2,2.451,82.748,78.0,5.72,15.470588235294118,4.310160427807487,0.7379679144385026,22096.25668449198,40.096256684491976,0
SHP-2024-0135,2024-05-16,0,Textiles,India,USA,North America,130000,6500.0,0.05,3.3,5,2,2.451,82.748,78.0,5.72,12.544973544973544,4.28042328042328,0.3544973544973545,17865.079365079364,40.03703703703704,1
SHP-2024-0136,2024-05-17,1,Industrial Equipment,Italy,India,Asia-Pacific,215000,10750.0,0.05,4.9,5,2,2.451,82.748,78.0,5.72,15.470588235294118,4.310160427807487,0.7379679144385026,22096.25668449198,40.096256684491976,0
SHP-2024-0137,2024-05-18,0,Electronics,India,USA,North America,175000,8750.0,0.05,3.4,5,2,2.451,82.748,78.0,5.72,12.544973544973544,4.28042328042328,0.3544973544973545,17865.079365079364,40.03703703703704,0
SHP-2024-0138,2024-05-19,1,Textiles,Turkey,India,Asia-Pacific,93000,4650.0,0.05,3.6,5,2,2.451,82.748,78.0,5.72,15.470588235294118,4.310160427807487,0.7379679144385026,22096.25668449198,40.096256684491976,0
SHP-2024-0139,2024-05-20,0,Consumer Goods,India,Saudi Arabia,Other,48000,2400.0,0.05,2.3,5,2,2.451,82.748,78.0,5.72,14.824941087546131,4.293797923209689,0.6607150941184555,20499.70063783089,40.08485747834488,0
SHP-2024-0140,2024-05-21,1,Electronics,USA,India,Asia-Pacific,245000,12250.0,0.05,4.5,5,2,2.451,82.748,78.0,5.72,15.470588235294118,4.310160427807487,0.7379679144385026,22096.25668449198,40.096256684491976,0
SHP-2024-0141,2024-05-22,0,Industrial Equipment,India,South Africa,Other,108000,5400.0,0.05,4.0,5,2,2.451,82.748,78.0,5.72,14.824941087546131,4.293797923209689,0.6607150941184555,20499.70063783089,40.08485747834488,1
SHP-2024-0142,2024-05-23,1,Consumer Goods,Indonesia,India,Asia-Pacific,58000,2900.0,0.05,3.0,5,2,2.451,82.748,78.0,5.72,15.470588235294118,4.310160427807487,0.7379679144385026,22096.25668449198,40.096256684491976,0
SHP-2024-0143,2024-05-24,0,Textiles,India,Nigeria,Other,75000,3750.0,0.05,3.8,5,2,2.451,82.748,78.0,5.72,14.824941087546131,4.293797923209689,0.6607150941184555,20499.70063783089,40.08485747834488,0
SHP-2024-0144,2024-05-25,1,Industrial Equipment,Japan,India,Asia-Pacific,340000,17000.0,0.05,5.2,5,2,2.451,82.748,78.0,5.72,15.470588235294118,4.310160427807487,0.7379679144385026,22096.25668449198,40.096256684491976,0
SHP-2024-0145,2024-05-26,0,Electronics,India,Mexico,North America,135000,6750.0,0.05,4.3,5,2,2.451,82.748,78.0,5.72,12.544973544973544,4.28042328042328,0.3544973544973545,17865.079365079364,40.03703703703704,0
SHP-2024-0146,2024-05-27,1,Consumer Goods,Philippines,India,Asia-Pacific,50000,2500.0,0.05,3.2,5,2,2.451,82.748,78.0,5.72,15.470588235294118,4.310160427807487,0.7379679144385026,22096.25668449198,40.096256684491976,0
SHP-2024-0147,2024-05-28,0,Textiles,India,Egypt,Other,60000,3000.0,0.05,2.7,5,2,2.451,82.748,78.0,5.72,14.824941087546131,4.293797923209689,0.6607150941184555,20499.70063783089,40.08485747834488,1
SHP-2024-0148,2024-05-29,1,Electronics,Finland,India,Asia-Pacific,180000,9000.0,0.05,4.1,5,2,2.451,82.748,78.0,5.72,15.470588235294118,4.310160427807487,0.7379679144385026,22096.25668449198,40.096256684491976,0
SHP-2024-0149,2024-05-30,0,Consumer Goods,India,Brazil,Other,80000,4000.0,0.05,4.7,5,2,2.451,82.748,78.0,5.72,14.824941087546131,4.293797923209689,0.6607150941184555,20499.70063783089,40.08485747834488,0
SHP-2024-0150,2024-05-31,1,Industrial Equipment,South Korea,India,Asia-Pacific,305000,15250.0,0.05,5.0,5,2,2.451,82.748,78.0,5.72,15.470588235294118,4.310160427807487,0.7379679144385026,22096.25668449198,40.096256684491976,0
SHP-2024-0151,2024-06-01,0,Electronics,India,USA,North America,101000,5050.0,0.05,2.6,6,2,1.8659999999999999,81.64,72.5,3.1,12.544973544973544,4.28042328042328,0.3544973544973545,17865.079365079364,40.03703703703704,0
SHP-2024-0152,2024-06-02,1,Textiles,China,India,Asia-Pacific,145000,7250.0,0.05,4.0,6,2,4.376,84.7,92.0,14.28,15.470588235294118,4.310160427807487,0.7379679144385026,22096.25668449198,40.096256684491976,0
SHP-2024-0153,2024-06-03,0,Consumer Goods,India,UK,Europe,56000,2800.0,0.05,2.3,6,2,1.696,83.012,75.0,2.4,13.973544973544973,4.185185185185185,0.6243386243386243,12507.936507936507,40.08465608465608,0
SHP-2024-0154,2024-06-04,1,Industrial Equipment,Germany,India,Asia-Pacific,285000,14250.0,0.05,4.7,6,2,4.376,84.7,92.0,14.28,15.470588235294118,4.310160427807487,0.7379679144385026,22096.25668449198,40.096256684491976,1
SHP-2024-0155,2024-06-05,0,Electronics,India,Japan,Asia-Pacific,118000,5900.0,0.05,3.0,6,2,4.376,84.7,92.0,14.28,15.470588235294118,4.310160427807487,0.7379679144385026,22096.25668449198,40.096256684491976,0
SHP-2024-0156,2024-06-06,1,Consumer Goods,Vietnam,India,Asia-Pacific,72000,3600.0,0.05,2.5,6,2,4.376,84.7,92.0,14.28,15.470588235294118,4.310160427807487,0.7379679144385026,22096.25668449198,40.096256684491976,0
SHP-2024-0157,2024-06-07,0,Textiles,India,UAE,Other,92000,4600.0,0.05,2.0,6,2,2.451,82.748,78.0,5.72,14.824941087546131,4.293797923209689,0.6607150941184555,20499.70063783089,40.08485747834488,0
SHP-2024-0158,2024-06-08,1,Electronics,South Korea,India,Asia-Pacific,210000,10500.0,0.05,4.3,6,2,4.376,84.7,92.0,14.28,15.470588235294118,4.310160427807487,0.7379679144385026,22096.25668449198,40.096256684491976,0
SHP-2024-0160,2024-06-10,1,Textiles,Bangladesh,India,Asia-Pacific,106000,5300.0,0.05,3.2,6,2,4.376,84.7,92.0,14.28,15.470588235294118,4.310160427807487,0.7379679144385026,22096.25668449198,40.096256684491976,1
SHP-2024-0161,2024-06-11,0,Consumer Goods,India,Australia,Asia-Pacific,71000,3550.0,0.05,3.6,6,2,4.376,84.7,92.0,14.28,15.470588235294118,4.310160427807487,0.7379679144385026,22096.25668449198,40.096256684491976,0
SHP-2024-0162,2024-06-12,1,Electronics,Taiwan,India,Asia-Pacific,240000,12000.0,0.05,4.5,6,2,4.376,84.7,92.0,14.28,15.470588235294118,4.310160427807487,0.7379679144385026,22096.25668449198,40.096256684491976,0
SHP-2024-0163,2024-06-13,0,Industrial Equipment,India,Netherlands,Europe,160000,8000.0,0.05,3.8,6,2,1.696,83.012,75.0,2.4,13.973544973544973,4.185185185185185,0.6243386243386243,12507.936507936507,40.08465608465608,0
SHP-2024-0164,2024-06-14,1,Consumer Goods,Thailand,India,Asia-Pacific,85000,4250.0,0.05,2.9,6,2,4.376,84.7,92.0,14.28,15.470588235294118,4.310160427807487,0.7379679144385026,22096.25668449198,40.096256684491976,0
SHP-2024-0165,2024-06-15,0,Textiles,India,USA,North America,135000,6750.0,0.05,3.4,6,2,1.8659999999999999,81.64,72.5,3.1,12.544973544973544,4.28042328042328,0.3544973544973545,17865.079365079364,40.03703703703704,0
SHP-2024-0166,2024-06-16,1,Industrial Equipment,Italy,India,Asia-Pacific,220000,11000.0,0.05,5.0,6,2,4.376,84.7,92.0,14.28,15.470588235294118,4.310160427807487,0.7379679144385026,22096.25668449198,40.096256684491976,1
SHP-2024-0167,2024-06-17,0,Electronics,India,USA,North America,180000,9000.0,0.05,3.5,6,2,1.8659999999999999,81.64,72.5,3.1,12.544973544973544,4.28042328042328,0.3544973544973545,17865.079365079364,40.03703703703704,0
SHP-2024-0168,2024-06-18,1,Textiles,Turkey,India,Asia-Pacific,96000,4800.0,0.05,3.7,6,2,4.376,84.7,92.0,14.28,15.470588235294118,4.310160427807487,0.7379679144385026,22096.25668449198,40.096256684491976,0
SHP-2024-0169,2024-06-19,0,Consumer Goods,India,Saudi Arabia,Other,51000,2550.0,0.05,2.4,6,2,2.451,82.748,78.0,5.72,14.824941087546131,4.293797923209689,0.6607150941184555,20499.70063783089,40.08485747834488,0
SHP-2024-0170,2024-06-20,1,Electronics,USA,India,Asia-Pacific,250000,12500.0,0.05,4.6,6,2,4.376,84.7,92.0,14.28,15.470588235294118,4.310160427807487,0.7379679144385026,22096.25668449198,40.096256684491976,0
SHP-2024-0171,2024-06-21,0,Industrial Equipment,India,South Africa,Other,112000,5600.0,0.05,4.1,6,2,2.451,82.748,78.0,5.72,14.824941087546131,4.293797923209689,0.6607150941184555,20499.70063783089,40.08485747834488,0
SHP-2024-0172,2024-06-22,1,Consumer Goods,Indonesia,India,Asia-Pacific,61000,3050.0,0.05,3.1,6,2,4.376,84.7,92.0,14.28,15.470588235294118,4.310160427807487,0.7379679144385026,22096.25668449198,40.096256684491976,1
SHP-2024-0173,2024-06-23,0,Textiles,India,Nigeria,Other,78000,3900.0,0.05,3.9,6,2,2.451,82.748,78.0,5.72,14.824941087546131,4.293797923209689,0.6607150941184555,20499.70063783089,40.08485747834488,0
SHP-2024-0174,2024-06-24,1,Industrial Equipment,Japan,India,Asia-Pacific,350000,17500.0,0.05,5.3,6,2,4.376,84.7,92.0,14.28,15.470588235294118,4.310160427807487,0.7379679144385026,22096.25668449198,40.096256684491976,0
SHP-2024-0175,2024-06-25,0,Electronics,India,Mexico,North America,138000,6900.0,0.05,4.4,6,2,1.8659999999999999,81.64,72.5,3.1,12.544973544973544,4.28042328042328,0.3544973544973545,17865.079365079364,40.03703703703704,0
SHP-2024-0176,2024-06-26,1,Consumer Goods,Philippines,India,Asia-Pacific,53000,2650.0,0.05,3.3,6,2,4.376,84.7,92.0,14.28,15.470588235294118,4.310160427807487,0.7379679144385026,22096.25668449198,40.096256684491976,0
SHP-2024-0177,2024-06-27,0,Textiles,India,Egypt,Other,63000,3150.0,0.05,2.8,6,2,2.451,82.748,78.0,5.72,14.824941087546131,4.293797923209689,0.6607150941184555,20499.70063783089,40.08485747834488,0
SHP-2024-0178,2024-06-28,1,Electronics,Finland,India,Asia-Pacific,185000,9250.0,0.05,4.2,6,2,4.376,84.7,92.0,14.28,15.470588235294118,4.310160427807487,0.7379679144385026,22096.25668449198,40.096256684491976,1
SHP-2024-0179,2024-06-29,0,Consumer Goods,India,Brazil,Other,83000,4150.0,0.05,4.8,6,2,2.451,82.748,78.0,5.72,14.824941087546131,4.293797923209689,0.6607150941184555,20499.70063783089,40.08485747834488,0
SHP-2024-0180,2024-06-30,1,Industrial Equipment,South Korea,India,Asia-Pacific,310000,15500.0,0.05,5.1,6,2,4.376,84.7,92.0,14.28,15.470588235294118,4.310160427807487,0.7379679144385026,22096.25668449198,40.096256684491976,0
SHP-2024-0181,2024-07-01,0,Electronics,India,USA,North America,104000,5200.0,0.05,2.7,7,3,2.451,82.748,78.0,5.72,12.544973544973544,4.28042328042328,0.3544973544973545,17865.079365079364,40.03703703703704,0
SHP-2024-0182,2024-07-02,1,Textiles,China,India,Asia-Pacific,150000,7500.0,0.05,4.1,7,3,2.451,82.748,78.0,5.72,15.470588235294118,4.310160427807487,0.7379679144385026,22096.25668449198,40.096256684491976,0
SHP-2024-0183,2024-07-03,0,Consumer Goods,India,UK,Europe,58000,2900.0,0.05,2.4,7,3,2.451,82.748,78.0,5.72,13.973544973544973,4.185185185185185,0.6243386243386243,12507.936507936507,40.08465608465608,0
SHP-2024-0184,2024-07-04,1,Industrial Equipment,Germany,India,Asia-Pacific,290000,14500.0,0.05,4.8,7,3,2.451,82.748,78.0,5.72,15.470588235294118,4.310160427807487,0.7379679144385026,22096.25668449198,40.096256684491976,0
SHP-2024-0185,2024-07-05,0,Electronics,India,Japan,Asia-Pacific,122000,6100.0,0.05,3.1,7,3,2.451,82.748,78.0,5.72,15.470588235294118,4.310160427807487,0.7379679144385026,22096.25668449198,40.096256684491976,1
SHP-2024-0186,2024-07-06,1,Consumer Goods,Vietnam,India,Asia-Pacific,75000,3750.0,0.05,2.6,7,3,2.451,82.748,78.0,5.72,15.470588235294118,4.310160427807487,0.7379679144385026,22096.25668449198,40.096256684491976,0
SHP-2024-0187,2024-07-07,0,Textiles,India,UAE,Other,95000,4750.0,0.05,2.1,7,3,2.451,82.748,78.0,5.72,14.824941087546131,4.293797923209689,0.6607150941184555,20499.70063783089,40.08485747834488,0
SHP-2024-0188,2024-07-08,1,Electronics,South Korea,India,Asia-Pacific,215000,10750.0,0.05,4.4,7,3,2.451,82.748,78.0,5.72,15.470588235294118,4.310160427807487,0.7379679144385026,22096.25668449198,40.096256684491976,0
SHP-2024-0190,2024-07-10,1,Textiles,Bangladesh,India,Asia-Pacific,109000,5450.0,0.05,3.3,7,3,2.451,82.748,78.0,5.72,15.470588235294118,4.310160427807487,0.7379679144385026,22096.25668449198,40.096256684491976,0
SHP-2024-0191,2024-07-11,0,Consumer Goods,India,Australia,Asia-Pacific,74000,3700.0,0.05,3.7,7,3,2.451,82.748,78.0,5.72,15.470588235294118,4.310160427807487,0.7379679144385026,22096.25668449198,40.096256684491976,1
SHP-2024-0192,2024-07-12,1,Electronics,Taiwan,India,Asia-Pacific,245000,12250.0,0.05,4.6,7,3,2.451,82.748,78.0,5.72,15.470588235294118,4.310160427807487,0.7379679144385026,22096.25668449198,40.096256684491976,0
SHP-2024-0193,2024-07-13,0,Industrial Equipment,India,Netherlands,Europe,165000,8250.0,0.05,3.9,7,3,2.451,82.748,78.0,5.72,13.973544973544973,4.185185185185185,0.6243386243386243,12507.936507936507,40.08465608465608,0
SHP-2024-0194,2024-07-14,1,Consumer Goods,Thailand,India,Asia-Pacific,88000,4400.0,0.05,3.0,7,3,2.451,82.748,78.0,5.72,15.470588235294118,4.310160427807487,0.7379679144385026,22096.25668449198,40.096256684491976,0
SHP-2024-0195,2024-07-15,0,Textiles,India,USA,North America,140000,7000.0,0.05,3.5,7,3,2.451,82.748,78.0,5.72,12.544973544973544,4.28042328042328,0.3544973544973545,17865.079365079364,40.03703703703704,0
SHP-2024-0196,2024-07-16,1,Industrial Equipment,Italy,India,Asia-Pacific,225000,11250.0,0.05,5.1,7,3,2.451,82.748,78.0,5.72,15.470588235294118,4.310160427807487,0.7379679144385026,22096.25668449198,40.096256684491976,0
SHP-2024-0197,2024-07-17,0,Electronics,India,USA,North America,185000,9250.0,0.05,3.6,7,3,2.451,82.748,78.0,5.72,12.544973544973544,4.28042328042328,0.3544973544973545,17865.079365079364,40.03703703703704,1
SHP-2024-0198,2024-07-18,1,Textiles,Turkey,India,Asia-Pacific,99000,4950.0,0.05,3.8,7,3,2.451,82.748,78.0,5.72,15.470588235294118,4.310160427807487,0.7379679144385026,22096.25668449198,40.096256684491976,0
SHP-2024-0199,2024-07-19,0,Consumer Goods,India,Saudi Arabia,Other,54000,2700.0,0.05,2.5,7,3,2.451,82.748,78.0,5.72,14.824941087546131,4.293797923209689,0.6607150941184555,20499.70063783089,40.08485747834488,0
SHP-2024-0200,2024-07-20,1,Electronics,USA,India,Asia-Pacific,255000,12750.0,0.05,4.7,7,3,2.451,82.748,78.0,5.72,15.470588235294118,4.310160427807487,0.7379679144385026,22096.25668449198,40.096256684491976,0
SHP-2024-0201,2024-07-21,0,Industrial Equipment,India,South Africa,Other,115000,5750.0,0.05,4.2,7,3,2.451,82.748,78.0,5.72,14.824941087546131,4.293797923209689,0.6607150941184555,20499.70063783089,40.08485747834488,0
SHP-2024-0202,2024-07-22,1,Consumer Goods,Indonesia,India,Asia-Pacific,63000,3150.0,0.05,3.2,7,3,2.451,82.748,78.0,5.72,15.470588235294118,4.310160427807487,0.7379679144385026,22096.25668449198,40.096256684491976,0
SHP-2024-0203,2024-07-23,0,Textiles,India,Nigeria,Other,80000,4000.0,0.05,4.0,7,3,2.451,82.748,78.0,5.72,14.824941087546131,4.293797923209689,0.6607150941184555,20499.70063783089,40.08485747834488,1
SHP-2024-0204,2024-07-24,1,Industrial Equipment,Japan,India,Asia-Pacific,360000,18000.0,0.05,5.4,7,3,2.451,82.748,78.0,5.72,15.470588235294118,4.310160427807487,0.7379679144385026,22096.25668449198,40.096256684491976,0
SHP-2024-0205,2024-07-25,0,Electronics,India,Mexico,North America,142000,7100.0,0.05,4.5,7,3,2.451,82.748,78.0,5.72,12.544973544973544,4.28042328042328,0.3544973544973545,17865.079365079364,40.03703703703704,0
SHP-2024-0206,2024-07-26,1,Consumer Goods,Philippines,India,Asia-Pacific,55000,2750.0,0.05,3.4,7,3,2.451,82.748,78.0,5.72,15.470588235294118,4.310160427807487,0.7379679144385026,22096.25668449198,40.096256684491976,0
SHP-2024-0207,2024-07-27,0,Textiles,India,Egypt,Other,65000,3250.0,0.05,2.9,7,3,2.451,82.748,78.0,5.72,14.824941087546131,4.293797923209689,0.6607150941184555,20499.70063783089,40.08485747834488,0
SHP-2024-0208,2024-07-28,1,Electronics,Finland,India,Asia-Pacific,190000,9500.0,0.05,4.3,7,3,2.451,82.748,78.0,5.72,15.470588235294118,4.310160427807487,0.7379679144385026,22096.25668449198,40.096256684491976,0
SHP-2024-0209,2024-07-29,0,Consumer Goods,India,Brazil,Other,85000,4250.0,0.05,4.9,7,3,2.451,82.748,78.0,5.72,14.824941087546131,4.293797923209689,0.6607150941184555,20499.70063783089,40.08485747834488,1
SHP-2024-0210,2024-07-30,1,Industrial Equipment,South Korea,India,Asia-Pacific,315000,15750.0,0.05,5.2,7,3,2.451,82.748,78.0,5.72,15.470588235294118,4.310160427807487,0.7379679144385026,22096.25668449198,40.096256684491976,0
SHP-2024-0211,2024-07-31,0,Electronics,India,USA,North America,107000,5350.0,0.05,2.8,7,3,2.451,82.748,78.0,5.72,12.544973544973544,4.28042328042328,0.3544973544973545,17865.079365079364,40.03703703703704,0
SHP-2024-0212,2024-08-01,1,Textiles,China,India,Asia-Pacific,155000,7750.0,0.05,4.2,8,3,2.451,82.748,78.0,5.72,15.470588235294118,4.310160427807487,0.7379679144385026,22096.25668449198,40.096256684491976,0
SHP-2024-0213,2024-08-02,0,Consumer Goods,India,UK,Europe,60000,3000.0,0.05,2.5,8,3,2.451,82.748,78.0,5.72,13.973544973544973,4.185185185185185,0.6243386243386243,12507.936507936507,40.08465608465608,0
SHP-2024-0214,2024-08-03,1,Industrial Equipment,Germany,India,Asia-Pacific,295000,14750.0,0.05,4.9,8,3,2.451,82.748,78.0,5.72,15.470588235294118,4.310160427807487,0.7379679144385026,22096.25668449198,40.096256684491976,0
SHP-2024-0215,2024-08-04,0,Electronics,India,Japan,Asia-Pacific,125000,6250.0,0.05,3.2,8,3,2.451,82.748,78.0,5.72,15.470588235294118,4.310160427807487,0.7379679144385026,22096.25668449198,40.096256684491976,0
SHP-2024-0216,2024-08-05,1,Consumer Goods,Vietnam,India,Asia-Pacific,77000,3850.0,0.05,2.7,8,3,2.451,82.748,78.0,5.72,15.470588235294118,4.310160427807487,0.7379679144385026,22096.25668449198,40.096256684491976,1
SHP-2024-0217,2024-08-06,0,Textiles,India,UAE,Other,98000,4900.0,0.05,2.2,8,3,2.451,82.748,78.0,5.72,14.824941087546131,4.293797923209689,0.6607150941184555,20499.70063783089,40.08485747834488,0
SHP-2024-0218,2024-08-07,1,Electronics,South Korea,India,Asia-Pacific,220000,11000.0,0.05,4.5,8,3,2.451,82.748,78.0,5.72,15.470588235294118,4.310160427807487,0.7379679144385026,22096.25668449198,40.096256684491976,0
SHP-2024-0220,2024-08-09,1,Textiles,Bangladesh,India,Asia-Pacific,112000,5600.0,0.05,3.4,8,3,2.451,82.748,78.0,5.72,15.470588235294118,4.310160427807487,0.7379679144385026,22096.25668449198,40.096256684491976,0
SHP-2024-0221,2024-08-10,0,Consumer Goods,India,Australia,Asia-Pacific,77000,3850.0,0.05,3.8,8,3,2.451,82.748,78.0,5.72,15.470588235294118,4.310160427807487,0.7379679144385026,22096.25668449198,40.096256684491976,0
SHP-2024-0222,2024-08-11,1,Electronics,Taiwan,India,Asia-Pacific,250000,12500.0,0.05,4.7,8,3,2.451,82.748,78.0,5.72,15.470588235294118,4.310160427807487,0.7379679144385026,22096.25668449198,40.096256684491976,1
SHP-2024-0223,2024-08-12,0,Industrial Equipment,India,Netherlands,Europe,170000,8500.0,0.05,4.0,8,3,2.451,82.748,78.0,5.72,13.973544973544973,4.185185185185185,0.6243386243386243,12507.936507936507,40.08465608465608,0
SHP-2024-0224,2024-08-13,1,Consumer Goods,Thailand,India,Asia-Pacific,90000,4500.0,0.05,3.1,8,3,2.451,82.748,78.0,5.72,15.470588235294118,4.310160427807487,0.7379679144385026,22096.25668449198,40.096256684491976,0
SHP-2024-0225,2024-08-14,0,Textiles,India,USA,North America,145000,7250.0,0.05,3.6,8,3,2.451,82.748,78.0,5.72,12.544973544973544,4.28042328042328,0.3544973544973545,17865.079365079364,40.03703703703704,0
SHP-2024-0226,2024-08-15,1,Industrial Equipment,Italy,India,Asia-Pacific,230000,11500.0,0.05,5.2,8,3,2.451,82.748,78.0,5.72,15.470588235294118,4.310160427807487,0.7379679144385026,22096.25668449198,40.096256684491976,0
SHP-2024-0227,2024-08-16,0,Electronics,India,USA,North America,190000,9500.0,0.05,3.7,8,3,2.451,82.748,78.0,5.72,12.544973544973544,4.28042328042328,0.3544973544973545,17865.079365079364,40.03703703703704,0
SHP-2024-0228,2024-08-17,1,Textiles,Turkey,India,Asia-Pacific,102000,5100.0,0.05,3.9,8,3,2.451,82.748,78.0,5.72,15.470588235294118,4.310160427807487,0.7379679144385026,22096.25668449198,40.096256684491976,1
SHP-2024-0229,2024-08-18,0,Consumer Goods,India,Saudi Arabia,Other,56000,2800.0,0.05,2.6,8,3,2.451,82.748,78.0,5.72,14.824941087546131,4.293797923209689,0.6607150941184555,20499.70063783089,40.08485747834488,0
SHP-2024-0230,2024-08-19,1,Electronics,USA,India,Asia-Pacific,260000,13000.0,0.05,4.8,8,3,2.451,82.748,78.0,5.72,15.470588235294118,4.310160427807487,0.7379679144385026,22096.25668449198,40.096256684491976,0
SHP-2024-0231,2024-08-20,0,Industrial Equipment,India,South Africa,Other,118000,5900.0,0.05,4.3,8,3,2.451,82.748,78.0,5.72,14.824941087546131,4.293797923209689,0.6607150941184555,20499.70063783089,40.08485747834488,0
SHP-2024-0232,2024-08-21,1,Consumer Goods,Indonesia,India,Asia-Pacific,65000,3250.0,0.05,3.3,8,3,2.451,82.748,78.0,5.72,15.470588235294118,4.310160427807487,0.7379679144385026,22096.25668449198,40.096256684491976,0
SHP-2024-0233,2024-08-22,0,Textiles,India,Nigeria,Other,82000,4100.0,0.05,4.1,8,3,2.451,82.748,78.0,5.72,14.824941087546131,4.293797923209689,0.6607150941184555,20499.70063783089,40.08485747834488,0
SHP-2024-0234,2024-08-23,1,Industrial Equipment,Japan,India,Asia-Pacific,370000,18500.0,0.05,5.5,8,3,2.451,82.748,78.0,5.72,15.470588235294118,4.310160427807487,0.7379679144385026,22096.25668449198,40.096256684491976,1
SHP-2024-0235,2024-08-24,0,Electronics,India,Mexico,North America,145000,7250.0,0.05,4.6,8,3,2.451,82.748,78.0,5.72,12.544973544973544,4.28042328042328,0.3544973544973545,17865.079365079364,40.03703703703704,0
SHP-2024-0236,2024-08-25,1,Consumer Goods,Philippines,India,Asia-Pacific,57000,2850.0,0.05,3.5,8,3,2.451,82.748,78.0,5.72,15.470588235294118,4.310160427807487,0.7379679144385026,22096.25668449198,40.096256684491976,0
SHP-2024-0237,2024-08-26,0,Textiles,India,Egypt,Other,67000,3350.0,0.05,3.0,8,3,2.451,82.748,78.0,5.72,14.824941087546131,4.293797923209689,0.6607150941184555,20499.70063783089,40.08485747834488,0
SHP-2024-0238,2024-08-27,1,Electronics,Finland,India,Asia-Pacific,195000,9750.0,0.05,4.4,8,3,2.451,82.748,78.0,5.72,15.470588235294118,4.310160427807487,0.7379679144385026,22096.25668449198,40.096256684491976,0
SHP-2024-0239,2024-08-28,0,Consumer Goods,India,Brazil,Other,87000,4350.0,0.05,5.0,8,3,2.451,82.748,78.0,5.72,14.824941087546131,4.293797923209689,0.6607150941184555,20499.70063783089,40.08485747834488,0
SHP-2024-0240,2024-08-29,1,Industrial Equipment,South Korea,India,Asia-Pacific,320000,16000.0,0.05,5.3,8,3,2.451,82.748,78.0,5.72,15.470588235294118,4.310160427807487,0.7379679144385026,22096.25668449198,40.096256684491976,1
SHP-2024-0241,2024-08-30,0,Electronics,India,USA,North America,110000,5500.0,0.05,2.9,8,3,2.451,82.748,78.0,5.72,12.544973544973544,4.28042328042328,0.3544973544973545,17865.079365079364,40.03703703703704,0
SHP-2024-0242,2024-08-31,1,Textiles,China,India,Asia-Pacific,160000,8000.0,0.05,4.3,8,3,2.451,82.748,78.0,5.72,15.470588235294118,4.310160427807487,0.7379679144385026,22096.25668449198,40.096256684491976,0
SHP-2024-0243,2024-09-01,0,Consumer Goods,India,UK,Europe,62000,3100.0,0.05,2.6,9,3,2.451,82.748,78.0,5.72,13.973544973544973,4.185185185185185,0.6243386243386243,12507.936507936507,40.08465608465608,0
SHP-2024-0244,2024-09-02,1,Industrial Equipment,Germany,India,Asia-Pacific,300000,15000.0,0.05,5.0,9,3,2.451,82.748,78.0,5.72,15.470588235294118,4.310160427807487,0.7379679144385026,22096.25668449198,40.096256684491976,0
SHP-2024-0245,2024-09-03,0,Electronics,India,Japan,Asia-Pacific,128000,6400.0,0.05,3.3,9,3,2.451,82.748,78.0,5.72,15.470588235294118,4.310160427807487,0.7379679144385026,22096.25668449198,40.096256684491976,0
SHP-2024-0246,2024-09-04,1,Consumer Goods,Vietnam,India,Asia-Pacific,79000,3950.0,0.05,2.8,9,3,2.451,82.748,78.0,5.72,15.470588235294118,4.310160427807487,0.7379679144385026,22096.25668449198,40.096256684491976,0
SHP-2024-0247,2024-09-05,0,Textiles,India,UAE,Other,100000,5000.0,0.05,2.3,9,3,2.451,82.748,78.0,5.72,14.824941087546131,4.293797923209689,0.6607150941184555,20499.70063783089,40.08485747834488,1
SHP-2024-0248,2024-09-06,1,Electronics,South Korea,India,Asia-Pacific,225000,11250.0,0.05,4.6,9,3,2.451,82.748,78.0,5.72,15.470588235294118,4.310160427807487,0.7379679144385026,22096.25668449198,40.096256684491976,0
SHP-2024-0250,2024-09-08,1,Textiles,Bangladesh,India,Asia-Pacific,115000,5750.0,0.05,3.5,9,3,2.451,82.748,78.0,5.72,15.470588235294118,4.310160427807487,0.7379679144385026,22096.25668449198,40.096256684491976,0
SHP-2024-0251,2024-09-09,0,Consumer Goods,India,Australia,Asia-Pacific,80000,4000.0,0.05,3.9,9,3,2.451,82.748,78.0,5.72,15.470588235294118,4.310160427807487,0.7379679144385026,22096.25668449198,40.096256684491976,0
SHP-2024-0252,2024-09-10,1,Electronics,Taiwan,India,Asia-Pacific,255000,12750.0,0.05,4.8,9,3,2.451,82.748,78.0,5.72,15.470588235294118,4.310160427807487,0.7379679144385026,22096.25668449198,40.096256684491976,0
SHP-2024-0253,2024-09-11,0,Industrial Equipment,India,Netherlands,Europe,175000,8750.0,0.05,4.1,9,3,2.451,82.748,78.0,5.72,13.973544973544973,4.185185185185185,0.6243386243386243,12507.936507936507,40.08465608465608,1
SHP-2024-0254,2024-09-12,1,Consumer Goods,Thailand,India,Asia-Pacific,92000,4600.0,0.05,3.2,9,3,2.451,82.748,78.0,5.72,15.470588235294118,4.310160427807487,0.7379679144385026,22096.25668449198,40.096256684491976,0
SHP-2024-0255,2024-09-13,0,Textiles,India,USA,North America,150000,7500.0,0.05,3.7,9,3,2.451,82.748,78.0,5.72,12.544973544973544,4.28042328042328,0.3544973544973545,17865.079365079364,40.03703703703704,0
SHP-2024-0256,2024-09-14,1,Industrial Equipment,Italy,India,Asia-Pacific,235000,11750.0,0.05,5.3,9,3,2.451,82.748,78.0,5.72,15.470588235294118,4.310160427807487,0.7379679144385026,22096.25668449198,40.096256684491976,0
SHP-2024-0257,2024-09-15,0,Electronics,India,USA,North America,195000,9750.0,0.05,3.8,9,3,2.451,82.748,78.0,5.72,12.544973544973544,4.28042328042328,0.3544973544973545,17865.079365079364,40.03703703703704,0
SHP-2024-0258,2024-09-16,1,Textiles,Turkey,India,Asia-Pacific,105000,5250.0,0.05,4.0,9,3,2.451,82.748,78.0,5.72,15.470588235294118,4.310160427807487,0.7379679144385026,22096.25668449198,40.096256684491976,0
SHP-2024-0259,2024-09-17,0,Consumer Goods,India,Saudi Arabia,Other,58000,2900.0,0.05,2.7,9,3,2.451,82.748,78.0,5.72,14.824941087546131,4.293797923209689,0.6607150941184555,20499.70063783089,40.08485747834488,1
SHP-2024-0260,2024-09-18,1,Electronics,USA,India,Asia-Pacific,265000,13250.0,0.05,4.9,9,3,2.451,82.748,78.0,5.72,15.470588235294118,4.310160427807487,0.7379679144385026,22096.25668449198,40.096256684491976,0
SHP-2024-0261,2024-09-19,0,Industrial Equipment,India,South Africa,Other,122000,6100.0,0.05,4.4,9,3,2.451,82.748,78.0,5.72,14.824941087546131,4.293797923209689,0.6607150941184555,20499.70063783089,40.08485747834488,0
SHP-2024-0262,2024-09-20,1,Consumer Goods,Indonesia,India,Asia-Pacific,67000,3350.0,0.05,3.4,9,3,2.451,82.748,78.0,5.72,15.470588235294118,4.310160427807487,0.7379679144385026,22096.25668449198,40.096256684491976,0
SHP-2024-0263,2024-09-21,0,Textiles,India,Nigeria,Other,85000,4250.0,0.05,4.2,9,3,2.451,82.748,78.0,5.72,14.824941087546131,4.293797923209689,0.6607150941184555,20499.70063783089,40.08485747834488,0
SHP-2024-0264,2024-09-22,1,Industrial Equipment,Japan,India,Asia-Pacific,380000,19000.0,0.05,5.6,9,3,2.451,82.748,78.0,5.72,15.470588235294118,4.310160427807487,0.7379679144385026,22096.25668449198,40.096256684491976,0
SHP-2024-0265,2024-09-23,0,Electronics,India,Mexico,North America,148000,7400.0,0.05,4.7,9,3,2.451,82.748,78.0,5.72,12.544973544973544,4.28042328042328,0.3544973544973545,17865.079365079364,40.03703703703704,1
SHP-2024-0266,2024-09-24,1,Consumer Goods,Philippines,India,Asia-Pacific,59000,2950.0,0.05,3.6,9,3,2.451,82.748,78.0,5.72,15.470588235294118,4.310160427807487,0.7379679144385026,22096.25668449198,40.096256684491976,0
SHP-2024-0267,2024-09-25,0,Textiles,India,Egypt,Other,69000,3450.0,0.05,3.1,9,3,2.451,82.748,78.0,5.72,14.824941087546131,4.293797923209689,0.6607150941184555,20499.70063783089,40.08485747834488,0
SHP-2024-0268,2024-09-26,1,Electronics,Finland,India,Asia-Pacific,200000,10000.0,0.05,4.5,9,3,2.451,82.748,78.0,5.72,15.470588235294118,4.310160427807487,0.7379679144385026,22096.25668449198,40.096256684491976,0
SHP-2024-0269,2024-09-27,0,Consumer Goods,India,Brazil,Other,90000,4500.0,0.05,5.1,9,3,2.451,82.748,78.0,5.72,14.824941087546131,4.293797923209689,0.6607150941184555,20499.70063783089,40.08485747834488,0
SHP-2024-0270,2024-09-28,1,Industrial Equipment,South Korea,India,Asia-Pacific,325000,16250.0,0.05,5.4,9,3,2.451,82.748,78.0,5.72,15.470588235294118,4.310160427807487,0.7379679144385026,22096.25668449198,40.096256684491976,0
SHP-2024-0271,2024-09-29,0,Electronics,India,USA,North America,113000,5650.0,0.05,3.0,9,3,2.451,82.748,78.0,5.72,12.544973544973544,4.28042328042328,0.3544973544973545,17865.079365079364,40.03703703703704,1
SHP-2024-0272,2024-09-30,1,Textiles,China,India,Asia-Pacific,165000,8250.0,0.05,4.4,9,3,2.451,82.748,78.0,5.72,15.470588235294118,4.310160427807487,0.7379679144385026,22096.25668449198,40.096256684491976,0
SHP-2024-0273,2024-10-01,0,Consumer Goods,India,UK,Europe,64000,3200.0,0.05,2.7,10,4,2.451,82.748,78.0,5.72,13.973544973544973,4.185185185185185,0.6243386243386243,12507.936507936507,40.08465608465608,0
SHP-2024-0274,2024-10-02,1,Industrial Equipment,Germany,India,Asia-Pacific,305000,15250.0,0.05,5.1,10,4,2.451,82.748,78.0,5.72,15.470588235294118,4.310160427807487,0.7379679144385026,22096.25668449198,40.096256684491976,0
SHP-2024-0275,2024-10-03,0,Electronics,India,Japan,Asia-Pacific,132000,6600.0,0.05,3.4,10,4,2.451,82.748,78.0,5.72,15.470588235294118,4.310160427807487,0.7379679144385026,22096.25668449198,40.096256684491976,0
SHP-2024-0276,2024-10-04,1,Consumer Goods,Vietnam,India,Asia-Pacific,81000,4050.0,0.05,2.9,10,4,2.451,82.748,78.0,5.72,15.470588235294118,4.310160427807487,0.7379679144385026,22096.25668449198,40.096256684491976,0
SHP-2024-0277,2024-10-05,0,Textiles,India,UAE,Other,103000,5150.0,0.05,2.4,10,4,2.451,82.748,78.0,5.72,14.824941087546131,4.293797923209689,0.6607150941184555,20499.70063783089,40.08485747834488,0
SHP-2024-0278,2024-10-06,1,Electronics,South Korea,India,Asia-Pacific,230000,11500.0,0.05,4.7,10,4,2.451,82.748,78.0,5.72,15.470588235294118,4.310160427807487,0.7379679144385026,22096.25668449198,40.096256684491976,1
SHP-2024-0280,2024-10-08,1,Textiles,Bangladesh,India,Asia-Pacific,118000,5900.0,0.05,3.6,10,4,2.451,82.748,78.0,5.72,15.470588235294118,4.310160427807487,0.7379679144385026,22096.25668449198,40.096256684491976,0
SHP-2024-0281,2024-10-09,0,Consumer Goods,India,Australia,Asia-Pacific,83000,4150.0,0.05,4.0,10,4,2.451,82.748,78.0,5.72,15.470588235294118,4.310160427807487,0.7379679144385026,22096.25668449198,40.096256684491976,0
SHP-2024-0282,2024-10-10,1,Electronics,Taiwan,India,Asia-Pacific,260000,13000.0,0.05,4.9,10,4,2.451,82.748,78.0,5.72,15.470588235294118,4.310160427807487,0.7379679144385026,22096.25668449198,40.096256684491976,0
SHP-2024-0283,2024-10-11,0,Industrial Equipment,India,Netherlands,Europe,180000,9000.0,0.05,4.2,10,4,2.451,82.748,78.0,5.72,13.973544973544973,4.185185185185185,0.6243386243386243,12507.936507936507,40.08465608465608,0
SHP-2024-0284,2024-10-12,1,Consumer Goods,Thailand,India,Asia-Pacific,95000,4750.0,0.05,3.3,10,4,2.451,82.748,78.0,5.72,15.470588235294118,4.310160427807487,0.7379679144385026,22096.25668449198,40.096256684491976,1
SHP-2024-0285,2024-10-13,0,Textiles,India,USA,North America,155000,7750.0,0.05,3.8,10,4,2.451,82.748,78.0,5.72,12.544973544973544,4.28042328042328,0.3544973544973545,17865.079365079364,40.03703703703704,0
SHP-2024-0286,2024-10-14,1,Industrial Equipment,Italy,India,Asia-Pacific,240000,12000.0,0.05,5.4,10,4,2.451,82.748,78.0,5.72,15.470588235294118,4.310160427807487,0.7379679144385026,22096.25668449198,40.096256684491976,0
SHP-2024-0287,2024-10-15,0,Electronics,India,USA,North America,200000,10000.0,0.05,3.9,10,4,2.451,82.748,78.0,5.72,12.544973544973544,4.28042328042328,0.3544973544973545,17865.079365079364,40.03703703703704,0
SHP-2024-0288,2024-10-16,1,Textiles,Turkey,India,Asia-Pacific,108000,5400.0,0.05,4.1,10,4,2.451,82.748,78.0,5.72,15.470588235294118,4.310160427807487,0.7379679144385026,22096.25668449198,40.096256684491976,0
SHP-2024-0289,2024-10-17,0,Consumer Goods,India,Saudi Arabia,Other,60000,3000.0,0.05,2.8,10,4,2.451,82.748,78.0,5.72,14.824941087546131,4.293797923209689,0.6607150941184555,20499.70063783089,40.08485747834488,0
SHP-2024-0290,2024-10-18,1,Electronics,USA,India,Asia-Pacific,270000,13500.0,0.05,5.0,10,4,2.451,82.748,78.0,5.72,15.470588235294118,4.310160427807487,0.7379679144385026,22096.25668449198,40.096256684491976,1
SHP-2024-0291,2024-10-19,0,Industrial Equipment,India,South Africa,Other,125000,6250.0,0.05,4.5,10,4,2.451,82.748,78.0,5.72,14.824941087546131,4.293797923209689,0.6607150941184555,20499.70063783089,40.08485747834488,0
SHP-2024-0292,2024-10-20,1,Consumer Goods,Indonesia,India,Asia-Pacific,69000,3450.0,0.05,3.5,10,4,2.451,82.748,78.0,5.72,15.470588235294118,4.310160427807487,0.7379679144385026,22096.25668449198,40.096256684491976,0
SHP-2024-0293,2024-10-21,0,Textiles,India,Nigeria,Other,88000,4400.0,0.05,4.3,10,4,2.451,82.748,78.0,5.72,14.824941087546131,4.293797923209689,0.6607150941184555,20499.70063783089,40.08485747834488,0
SHP-2024-0294,2024-10-22,1,Industrial Equipment,Japan,India,Asia-Pacific,390000,19500.0,0.05,5.7,10,4,2.451,82.748,78.0,5.72,15.470588235294118,4.310160427807487,0.7379679144385026,22096.25668449198,40.096256684491976,0
SHP-2024-0295,2024-10-23,0,Electronics,India,Mexico,North America,152000,7600.0,0.05,4.8,10,4,2.451,82.748,78.0,5.72,12.544973544973544,4.28042328042328,0.3544973544973545,17865.079365079364,40.03703703703704,0
SHP-2024-0296,2024-10-24,1,Consumer Goods,Philippines,India,Asia-Pacific,61000,3050.0,0.05,3.7,10,4,2.451,82.748,78.0,5.72,15.470588235294118,4.310160427807487,0.7379679144385026,22096.25668449198,40.096256684491976,1
SHP-2024-0297,2024-10-25,0,Textiles,India,Egypt,Other,71000,3550.0,0.05,3.2,10,4,2.451,82.748,78.0,5.72,14.824941087546131,4.293797923209689,0.6607150941184555,20499.70063783089,40.08485747834488,0
SHP-2024-0298,2024-10-26,1,Electronics,Finland,India,Asia-Pacific,205000,10250.0,0.05,4.6,10,4,2.451,82.748,78.0,5.72,15.470588235294118,4.310160427807487,0.7379679144385026,22096.25668449198,40.096256684491976,0
SHP-2024-0299,2024-10-27,0,Consumer Goods,India,Brazil,Other,93000,4650.0,0.05,5.2,10,4,2.451,82.748,78.0,5.72,14.824941087546131,4.293797923209689,0.6607150941184555,20499.70063783089,40.08485747834488,0
SHP-2024-0300,2024-10-28,1,Industrial Equipment,South Korea,India,Asia-Pacific,330000,16500.0,0.05,5.5,10,4,2.451,82.748,78.0,5.72,15.470588235294118,4.310160427807487,0.7379679144385026,22096.25668449198,40.096256684491976,0
SHP-2024-0301,2024-10-29,0,Electronics,India,USA,North America,116000,5800.0,0.05,3.1,10,4,2.451,82.748,78.0,5.72,12.544973544973544,4.28042328042328,0.3544973544973545,17865.079365079364,40.03703703703704,0
SHP-2024-0302,2024-10-30,1,Textiles,China,India,Asia-Pacific,170000,8500.0,0.05,4.5,10,4,2.451,82.748,78.0,5.72,15.470588235294118,4.310160427807487,0.7379679144385026,22096.25668449198,40.096256684491976,1
SHP-2024-0303,2024-10-31,0,Consumer Goods,India,UK,Europe,66000,3300.0,0.05,2.8,10,4,2.451,82.748,78.0,5.72,13.973544973544973,4.185185185185185,0.6243386243386243,12507.936507936507,40.08465608465608,0
SHP-2024-0304,2024-11-01,1,Industrial Equipment,Germany,India,Asia-Pacific,310000,15500.0,0.05,5.2,11,4,2.451,82.748,78.0,5.72,15.470588235294118,4.310160427807487,0.7379679144385026,22096.25668449198,40.096256684491976,0
SHP-2024-0305,2024-11-02,0,Electronics,India,Japan,Asia-Pacific,135000,6750.0,0.05,3.5,11,4,2.451,82.748,78.0,5.72,15.470588235294118,4.310160427807487,0.7379679144385026,22096.25668449198,40.096256684491976,0
SHP-2024-0306,2024-11-03,1,Consumer Goods,Vietnam,India,Asia-Pacific,83000,4150.0,0.05,3.0,11,4,2.451,82.748,78.0,5.72,15.470588235294118,4.310160427807487,0.7379679144385026,22096.25668449198,40.096256684491976,0
SHP-2024-0307,2024-11-04,0,Textiles,India,UAE,Other,106000,5300.0,0.05,2.5,11,4,2.451,82.748,78.0,5.72,14.824941087546131,4.293797923209689,0.6607150941184555,20499.70063783089,40.08485747834488,0
SHP-2024-0308,2024-11-05,1,Electronics,South Korea,India,Asia-Pacific,235000,11750.0,0.05,4.8,11,4,2.451,82.748,78.0,5.72,15.470588235294118,4.310160427807487,0.7379679144385026,22096.25668449198,40.096256684491976,0
SHP-2024-0310,2024-11-07,1,Textiles,Bangladesh,India,Asia-Pacific,122000,6100.0,0.05,3.7,11,4,2.451,82.748,78.0,5.72,15.470588235294118,4.310160427807487,0.7379679144385026,22096.25668449198,40.096256684491976,0
SHP-2024-0311,2024-11-08,0,Consumer Goods,India,Australia,Asia-Pacific,86000,4300.0,0.05,4.1,11,4,2.451,82.748,78.0,5.72,15.470588235294118,4.310160427807487,0.7379679144385026,22096.25668449198,40.096256684491976,0
SHP-2024-0312,2024-11-09,1,Electronics,Taiwan,India,Asia-Pacific,265000,13250.0,0.05,5.0,11,4,2.451,82.748,78.0,5.72,15.470588235294118,4.310160427807487,0.7379679144385026,22096.25668449198,40.096256684491976,0
SHP-2024-0313,2024-11-10,0,Industrial Equipment,India,Netherlands,Europe,185000,9250.0,0.05,4.3,11,4,2.451,82.748,78.0,5.72,13.973544973544973,4.185185185185185,0.6243386243386243,12507.936507936507,40.08465608465608,0
SHP-2024-0314,2024-11-11,1,Consumer Goods,Thailand,India,Asia-Pacific,98000,4900.0,0.05,3.4,11,4,2.451,82.748,78.0,5.72,15.470588235294118,4.310160427807487,0.7379679144385026,22096.25668449198,40.096256684491976,0
SHP-2024-0315,2024-11-12,0,Textiles,India,USA,North America,160000,8000.0,0.05,3.9,11,4,2.451,82.748,78.0,5.72,12.544973544973544,4.28042328042328,0.3544973544973545,17865.079365079364,40.03703703703704,1
SHP-2024-0316,2024-11-13,1,Industrial Equipment,Italy,India,Asia-Pacific,245000,12250.0,0.05,5.5,11,4,2.451,82.748,78.0,5.72,15.470588235294118,4.310160427807487,0.7379679144385026,22096.25668449198,40.096256684491976,0
SHP-2024-0317,2024-11-14,0,Electronics,India,USA,North America,205000,10250.0,0.05,4.0,11,4,2.451,82.748,78.0,5.72,12.544973544973544,4.28042328042328,0.3544973544973545,17865.079365079364,40.03703703703704,0
SHP-2024-0318,2024-11-15,1,Textiles,Turkey,India,Asia-Pacific,112000,5600.0,0.05,4.2,11,4,2.451,82.748,78.0,5.72,15.470588235294118,4.310160427807487,0.7379679144385026,22096.25668449198,40.096256684491976,0
SHP-2024-0319,2024-11-16,0,Consumer Goods,India,Saudi Arabia,Other,63000,3150.0,0.05,2.9,11,4,2.451,82.748,78.0,5.72,14.824941087546131,4.293797923209689,0.6607150941184555,20499.70063783089,40.08485747834488,0
SHP-2024-0320,2024-11-17,1,Electronics,USA,India,Asia-Pacific,275000,13750.0,0.05,5.1,11,4,2.451,82.748,78.0,5.72,15.470588235294118,4.310160427807487,0.7379679144385026,22096.25668449198,40.096256684491976,0
SHP-2024-0321,2024-11-18,0,Industrial Equipment,India,South Africa,Other,128000,6400.0,0.05,4.6,11,4,2.451,82.748,78.0,5.72,14.824941087546131,4.293797923209689,0.6607150941184555,20499.70063783089,40.08485747834488,1
SHP-2024-0322,2024-11-19,1,Consumer Goods,Indonesia,India,Asia-Pacific,71000,3550.0,0.05,3.6,11,4,2.451,82.748,78.0,5.72,15.470588235294118,4.310160427807487,0.7379679144385026,22096.25668449198,40.096256684491976,0
SHP-2024-0323,2024-11-20,0,Textiles,India,Nigeria,Other,90000,4500.0,0.05,4.4,11,4,2.451,82.748,78.0,5.72,14.824941087546131,4.293797923209689,0.6607150941184555,20499.70063783089,40.08485747834488,0
SHP-2024-0324,2024-11-21,1,Industrial Equipment,Japan,India,Asia-Pacific,400000,20000.0,0.05,5.8,11,4,2.451,82.748,78.0,5.72,15.470588235294118,4.310160427807487,0.7379679144385026,22096.25668449198,40.096256684491976,0
SHP-2024-0325,2024-11-22,0,Electronics,India,Mexico,North America,155000,7750.0,0.05,4.9,11,4,2.451,82.748,78.0,5.72,12.544973544973544,4.28042328042328,0.3544973544973545,17865.079365079364,40.03703703703704,0
SHP-2024-0326,2024-11-23,1,Consumer Goods,Philippines,India,Asia-Pacific,63000,3150.0,0.05,3.8,11,4,2.451,82.748,78.0,5.72,15.470588235294118,4.310160427807487,0.7379679144385026,22096.25668449198,40.096256684491976,0
SHP-2024-0327,2024-11-24,0,Textiles,India,Egypt,Other,73000,3650.0,0.05,3.3,11,4,2.451,82.748,78.0,5.72,14.824941087546131,4.293797923209689,0.6607150941184555,20499.70063783089,40.08485747834488,1
SHP-2024-0328,2024-11-25,1,Electronics,Finland,India,Asia-Pacific,210000,10500.0,0.05,4.7,11,4,2.451,82.748,78.0,5.72,15.470588235294118,4.310160427807487,0.7379679144385026,22096.25668449198,40.096256684491976,0
SHP-2024-0329,2024-11-26,0,Consumer Goods,India,Brazil,Other,96000,4800.0,0.05,5.3,11,4,2.451,82.748,78.0,5.72,14.824941087546131,4.293797923209689,0.6607150941184555,20499.70063783089,40.08485747834488,0
SHP-2024-0330,2024-11-27,1,Industrial Equipment,South Korea,India,Asia-Pacific,335000,16750.0,0.05,5.6,11,4,2.451,82.748,78.0,5.72,15.470588235294118,4.310160427807487,0.7379679144385026,22096.25668449198,40.096256684491976,0
SHP-2024-0331,2024-11-28,0,Electronics,India,USA,North America,119000,5950.0,0.05,3.2,11,4,2.451,82.748,78.0,5.72,12.544973544973544,4.28042328042328,0.3544973544973545,17865.079365079364,40.03703703703704,0
SHP-2024-0332,2024-11-29,1,Textiles,China,India,Asia-Pacific,175000,8750.0,0.05,4.6,11,4,2.451,82.748,78.0,5.72,15.470588235294118,4.310160427807487,0.7379679144385026,22096.25668449198,40.096256684491976,0
SHP-2024-0333,2024-11-30,0,Consumer Goods,India,UK,Europe,68000,3400.0,0.05,2.9,11,4,2.451,82.748,78.0,5.72,13.973544973544973,4.185185185185185,0.6243386243386243,12507.936507936507,40.08465608465608,1
SHP-2024-0334,2024-12-01,1,Industrial Equipment,Germany,India,Asia-Pacific,315000,15750.0,0.05,5.3,12,4,2.451,82.748,78.0,5.72,15.470588235294118,4.310160427807487,0.7379679144385026,22096.25668449198,40.096256684491976,0
SHP-2024-0335,2024-12-02,0,Electronics,India,Japan,Asia-Pacific,138000,6900.0,0.05,3.6,12,4,2.451,82.748,78.0,5.72,15.470588235294118,4.310160427807487,0.7379679144385026,22096.25668449198,40.096256684491976,0
SHP-2024-0336,2024-12-03,1,Consumer Goods,Vietnam,India,Asia-Pacific,85000,4250.0,0.05,3.1,12,4,2.451,82.748,78.0,5.72,15.470588235294118,4.310160427807487,0.7379679144385026,22096.25668449198,40.096256684491976,0
SHP-2024-0337,2024-12-04,0,Textiles,India,UAE,Other,109000,5450.0,0.05,2.6,12,4,2.451,82.748,78.0,5.72,14.824941087546131,4.293797923209689,0.6607150941184555,20499.70063783089,40.08485747834488,0
SHP-2024-0338,2024-12-05,1,Electronics,South Korea,India,Asia-Pacific,240000,12000.0,0.05,4.9,12,4,2.451,82.748,78.0,5.72,15.470588235294118,4.310160427807487,0.7379679144385026,22096.25668449198,40.096256684491976,0
SHP-2024-0340,2024-12-07,1,Textiles,Bangladesh,India,Asia-Pacific,125000,6250.0,0.05,3.8,12,4,2.451,82.748,78.0,5.72,15.470588235294118,4.310160427807487,0.7379679144385026,22096.25668449198,40.096256684491976,1
SHP-2024-0341,2024-12-08,0,Consumer Goods,India,Australia,Asia-Pacific,89000,4450.0,0.05,4.2,12,4,2.451,82.748,78.0,5.72,15.470588235294118,4.310160427807487,0.7379679144385026,22096.25668449198,40.096256684491976,0
SHP-2024-0342,2024-12-09,1,Electronics,Taiwan,India,Asia-Pacific,270000,13500.0,0.05,5.1,12,4,2.451,82.748,78.0,5.72,15.470588235294118,4.310160427807487,0.7379679144385026,22096.25668449198,40.096256684491976,0
SHP-2024-0343,2024-12-10,0,Industrial Equipment,India,Netherlands,Europe,190000,9500.0,0.05,4.4,12,4,2.451,82.748,78.0,5.72,13.973544973544973,4.185185185185185,0.6243386243386243,12507.936507936507,40.08465608465608,0
SHP-2024-0344,2024-12-11,1,Consumer Goods,Thailand,India,Asia-Pacific,101000,5050.0,0.05,3.5,12,4,2.451,82.748,78.0,5.72,15.470588235294118,4.310160427807487,0.7379679144385026,22096.25668449198,40.096256684491976,0
SHP-2024-0345,2024-12-12,0,Textiles,India,USA,North America,165000,8250.0,0.05,4.0,12,4,2.451,82.748,78.0,5.72,12.544973544973544,4.28042328042328,0.3544973544973545,17865.079365079364,40.03703703703704,0
SHP-2024-0346,2024-12-13,1,Industrial Equipment,Italy,India,Asia-Pacific,250000,12500.0,0.05,5.6,12,4,2.451,82.748,78.0,5.72,15.470588235294118,4.310160427807487,0.7379679144385026,22096.25668449198,40.096256684491976,1
SHP-2024-0347,2024-12-14,0,Electronics,India,USA,North America,210000,10500.0,0.05,4.1,12,4,2.451,82.748,78.0,5.72,12.544973544973544,4.28042328042328,0.3544973544973545,17865.079365079364,40.03703703703704,0
SHP-2024-0348,2024-12-15,1,Textiles,Turkey,India,Asia-Pacific,115000,5750.0,0.05,4.3,12,4,2.451,82.748,78.0,5.72,15.470588235294118,4.310160427807487,0.7379679144385026,22096.25668449198,40.096256684491976,0
SHP-2024-0349,2024-12-16,0,Consumer Goods,India,Saudi Arabia,Other,65000,3250.0,0.05,3.0,12,4,2.451,82.748,78.0,5.72,14.824941087546131,4.293797923209689,0.6607150941184555,20499.70063783089,40.08485747834488,0
SHP-2024-0350,2024-12-17,1,Electronics,USA,India,Asia-Pacific,280000,14000.0,0.05,5.2,12,4,2.451,82.748,78.0,5.72,15.470588235294118,4.310160427807487,0.7379679144385026,22096.25668449198,40.096256684491976,0
SHP-2024-0351,2024-12-18,0,Industrial Equipment,India,South Africa,Other,132000,6600.0,0.05,4.7,12,4,2.451,82.748,78.0,5.72,14.824941087546131,4.293797923209689,0.6607150941184555,20499.70063783089,40.08485747834488,0
SHP-2024-0352,2024-12-19,1,Consumer Goods,Indonesia,India,Asia-Pacific,73000,3650.0,0.05,3.7,12,4,2.451,82.748,78.0,5.72,15.470588235294118,4.310160427807487,0.7379679144385026,22096.25668449198,40.096256684491976,1
SHP-2024-0353,2024-12-20,0,Textiles,India,Nigeria,Other,93000,4650.0,0.05,4.5,12,4,2.451,82.748,78.0,5.72,14.824941087546131,4.293797923209689,0.6607150941184555,20499.70063783089,40.08485747834488,0
SHP-2024-0354,2024-12-21,1,Industrial Equipment,Japan,India,Asia-Pacific,410000,20500.0,0.05,5.9,12,4,2.451,82.748,78.0,5.72,15.470588235294118,4.310160427807487,0.7379679144385026,22096.25668449198,40.096256684491976,0
SHP-2024-0355,2024-12-22,0,Electronics,India,Mexico,North America,158000,7900.0,0.05,5.0,12,4,2.451,82.748,78.0,5.72,12.544973544973544,4.28042328042328,0.3544973544973545,17865.079365079364,40.03703703703704,0
SHP-2024-0356,2024-12-23,1,Consumer Goods,Philippines,India,Asia-Pacific,65000,3250.0,0.05,3.9,12,4,2.451,82.748,78.0,5.72,15.470588235294118,4.310160427807487,0.7379679144385026,22096.25668449198,40.096256684491976,0
SHP-2024-0357,2024-12-24,0,Textiles,India,Egypt,Other,75000,3750.0,0.05,3.4,12,4,2.451,82.748,78.0,5.72,14.824941087546131,4.293797923209689,0.6607150941184555,20499.70063783089,40.08485747834488,0
SHP-2024-0358,2024-12-25,1,Electronics,Finland,India,Asia-Pacific,215000,10750.0,0.05,4.8,12,4,2.451,82.748,78.0,5.72,15.470588235294118,4.310160427807487,0.7379679144385026,22096.25668449198,40.096256684491976,1
SHP-2024-0359,2024-12-26,0,Consumer Goods,India,Brazil,Other,99000,4950.0,0.05,5.4,12,4,2.451,82.748,78.0,5.72,14.824941087546131,4.293797923209689,0.6607150941184555,20499.70063783089,40.08485747834488,0
SHP-2024-0360,2024-12-27,1,Industrial Equipment,South Korea,India,Asia-Pacific,340000,17000.0,0.05,5.7,12,4,2.451,82.748,78.0,5.72,15.470588235294118,4.310160427807487,0.7379679144385026,22096.25668449198,40.096256684491976,0
SHP-2024-0361,2024-12-28,0,Electronics,India,USA,North America,122000,6100.0,0.05,3.3,12,4,2.451,82.748,78.0,5.72,12.544973544973544,4.28042328042328,0.3544973544973545,17865.079365079364,40.03703703703704,0
SHP-2024-0362,2024-12-29,1,Textiles,China,India,Asia-Pacific,180000,9000.0,0.05,4.7,12,4,2.451,82.748,78.0,5.72,15.470588235294118,4.310160427807487,0.7379679144385026,22096.25668449198,40.096256684491976,0
SHP-2024-0363,2024-12-30,0,Consumer Goods,India,UK,Europe,70000,3500.0,0.05,3.0,12,4,2.451,82.748,78.0,5.72,13.973544973544973,4.185185185185185,0.6243386243386243,12507.936507936507,40.08465608465608,0
SHP-2024-0364,2024-12-31,1,Industrial Equipment,Germany,India,Asia-Pacific,320000,16000.0,0.05,5.4,12,4,2.451,82.748,78.0,5.72,15.470588235294118,4.310160427807487,0.7379679144385026,22096.25668449198,40.096256684491976,1
SHP-2025-0001,2025-01-02,0,Electronics,India,USA,North America,86500,4325.0,0.05,2.1,1,1,2.451,82.748,78.0,5.72,12.544973544973544,4.28042328042328,0.3544973544973545,17865.079365079364,40.03703703703704,0
SHP-2025-0002,2025-01-03,1,Textiles,China,India,Asia-Pacific,122000,6100.0,0.05,3.5,1,1,2.451,82.748,78.0,5.72,15.470588235294118,4.310160427807487,0.7379679144385026,22096.25668449198,40.096256684491976,0
SHP-2025-0003,2025-01-04,0,Consumer Goods,India,UK,Europe,46500,2325.0,0.05,1.8,1,1,2.451,82.748,78.0,5.72,13.973544973544973,4.185185185185185,0.6243386243386243,12507.936507936507,40.08465608465608,0
SHP-2025-0004,2025-01-05,1,Industrial Equipment,Germany,India,Asia-Pacific,255000,12750.0,0.05,4.2,1,1,2.451,82.748,78.0,5.72,15.470588235294118,4.310160427807487,0.7379679144385026,22096.25668449198,40.096256684491976,1
SHP-2025-0005,2025-01-06,0,Electronics,India,Japan,Asia-Pacific,97000,4850.0,0.05,2.5,1,1,2.451,82.748,78.0,5.72,15.470588235294118,4.310160427807487,0.7379679144385026,22096.25668449198,40.096256684491976,0
SHP-2025-0006,2025-01-07,1,Consumer Goods,Vietnam,India,Asia-Pacific,61500,3075.0,0.05,2.0,1,1,2.451,82.748,78.0,5.72,15.470588235294118,4.310160427807487,0.7379679144385026,22096.25668449198,40.096256684491976,0
SHP-2025-0007,2025-01-08,0,Textiles,India,UAE,Other,76500,3825.0,0.05,1.5,1,1,2.451,82.748,78.0,5.72,14.824941087546131,4.293797923209689,0.6607150941184555,20499.70063783089,40.08485747834488,0
SHP-2025-0008,2025-01-09,1,Electronics,South Korea,India,Asia-Pacific,183000,9150.0,0.05,3.8,1,1,2.451,82.748,78.0,5.72,15.470588235294118,4.310160427807487,0.7379679144385026,22096.25668449198,40.096256684491976,0
SHP-2025-0010,2025-01-11,1,Textiles,Bangladesh,India,Asia-Pacific,91500,4575.0,0.05,2.7,1,1,2.451,82.748,78.0,5.72,15.470588235294118,4.310160427807487,0.7379679144385026,22096.25668449198,40.096256684491976,0
SHP-2025-0011,2025-01-12,0,Consumer Goods,India,Australia,Asia-Pacific,56500,2825.0,0.05,3.1,1,1,2.451,82.748,78.0,5.72,15.470588235294118,4.310160427807487,0.7379679144385026,22096.25668449198,40.096256684491976,1
SHP-2025-0012,2025-01-13,1,Electronics,Taiwan,India,Asia-Pacific,214000,10700.0,0.05,4.0,1,1,2.451,82.748,78.0,5.72,15.470588235294118,4.310160427807487,0.7379679144385026,22096.25668449198,40.096256684491976,0
SHP-2025-0013,2025-01-14,0,Industrial Equipment,India,Netherlands,Europe,133000,6650.0,0.05,3.3,1,1,2.451,82.748,78.0,5.72,13.973544973544973,4.185185185185185,0.6243386243386243,12507.936507936507,40.08465608465608,0
SHP-2025-0014,2025-01-15,1,Consumer Goods,Thailand,India,Asia-Pacific,71500,3575.0,0.05,2.4,1,1,2.451,82.748,78.0,5.72,15.470588235294118,4.310160427807487,0.7379679144385026,22096.25668449198,40.096256684491976,0
SHP-2025-0015,2025-01-16,0,Textiles,India,USA,North America,112000,5600.0,0.05,2.9,1,1,2.451,82.748,78.0,5.72,12.544973544973544,4.28042328042328,0.3544973544973545,17865.079365079364,40.03703703703704,0
SHP-2025-0016,2025-01-17,1,Industrial Equipment,Italy,India,Asia-Pacific,194000,9700.0,0.05,4.5,1,1,2.451,82.748,78.0,5.72,15.470588235294118,4.310160427807487,0.7379679144385026,22096.25668449198,40.096256684491976,0
SHP-2025-0017,2025-01-18,0,Electronics,India,USA,North America,153000,7650.0,0.05,3.0,1,1,2.451,82.748,78.0,5.72,12.544973544973544,4.28042328042328,0.3544973544973545,17865.079365079364,40.03703703703704,0
SHP-2025-0018,2025-01-19,1,Textiles,Turkey,India,Asia-Pacific,81500,4075.0,0.05,3.2,1,1,2.451,82.748,78.0,5.72,15.470588235294118,4.310160427807487,0.7379679144385026,22096.25668449198,40.096256684491976,1
SHP-2025-0019,2025-01-20,0,Consumer Goods,India,Saudi Arabia,Other,36500,1825.0,0.05,1.9,1,1,2.451,82.748,78.0,5.72,14.824941087546131,4.293797923209689,0.6607150941184555,20499.70063783089,40.08485747834488,0
SHP-2025-0020,2025-01-21,1,Electronics,USA,India,Asia-Pacific,224000,11200.0,0.05,4.1,1,1,2.451,82.748,78.0,5.72,15.470588235294118,4.310160427807487,0.7379679144385026,22096.25668449198,40.096256684491976,0
SHP-2025-0021,2025-01-22,0,Industrial Equipment,India,South Africa,Other,97000,4850.0,0.05,3.6,1,1,2.451,82.748,78.0,5.72,14.824941087546131,4.293797923209689,0.6607150941184555,20499.70063783089,40.08485747834488,0
SHP-2025-0022,2025-01-23,1,Consumer Goods,Indonesia,India,Asia-Pacific,49500,2475.0,0.05,2.6,1,1,2.451,82.748,78.0,5.72,15.470588235294118,4.310160427807487,0.7379679144385026,22096.25668449198,40.096256684491976,0
SHP-2025-0023,2025-01-24,0,Textiles,India,Nigeria,Other,66500,3325.0,0.05,3.4,1,1,2.451,82.748,78.0,5.72,14.824941087546131,4.293797923209689,0.6607150941184555,20499.70063783089,40.08485747834488,0
SHP-2025-0024,2025-01-25,1,Industrial Equipment,Japan,India,Asia-Pacific,305000,15250.0,0.05,4.8,1,1,2.451,82.748,78.0,5.72,15.470588235294118,4.310160427807487,0.7379679144385026,22096.25668449198,40.096256684491976,1
SHP-2025-0025,2025-01-26,0,Electronics,India,Mexico,North America,122000,6100.0,0.05,3.9,1,1,2.451,82.748,78.0,5.72,12.544973544973544,4.28042328042328,0.3544973544973545,17865.079365079364,40.03703703703704,0
SHP-2025-0026,2025-01-27,1,Consumer Goods,Philippines,India,Asia-Pacific,41500,2075.0,0.05,2.8,1,1,2.451,82.748,78.0,5.72,15.470588235294118,4.310160427807487,0.7379679144385026,22096.25668449198,40.096256684491976,0
SHP-2025-0027,2025-01-28,0,Textiles,India,Egypt,Other,51500,2575.0,0.05,2.3,1,1,2.451,82.748,78.0,5.72,14.824941087546131,4.293797923209689,0.6607150941184555,20499.70063783089,40.08485747834488,0
SHP-2025-0028,2025-01-29,1,Electronics,Finland,India,Asia-Pacific,163000,8150.0,0.05,3.7,1,1,2.451,82.748,78.0,5.72,15.470588235294118,4.310160427807487,0.7379679144385026,22096.25668449198,40.096256684491976,0
SHP-2025-0029,2025-01-30,0,Consumer Goods,India,Brazil,Other,71500,3575.0,0.05,4.3,1,1,2.451,82.748,78.0,5.72,14.824941087546131,4.293797923209689,0.6607150941184555,20499.70063783089,40.08485747834488,0
SHP-2025-0030,2025-01-31,1,Industrial Equipment,South Korea,India,Asia-Pacific,284000,14200.0,0.05,4.6,1,1,2.451,82.748,78.0,5.72,15.470588235294118,4.310160427807487,0.7379679144385026,22096.25668449198,40.096256684491976,0
SHP-2025-0031,2025-02-01,0,Electronics,India,USA,North America,89500,4475.0,0.05,2.2,2,1,2.451,82.748,78.0,5.72,12.544973544973544,4.28042328042328,0.3544973544973545,17865.079365079364,40.03703703703704,0
SHP-2025-0032,2025-02-02,1,Textiles,China,India,Asia-Pacific,127000,6350.0,0.05,3.6,2,1,2.451,82.748,78.0,5.72,15.470588235294118,4.310160427807487,0.7379679144385026,22096.25668449198,40.096256684491976,0
SHP-2025-0033,2025-02-03,0,Consumer Goods,India,UK,Europe,48500,2425.0,0.05,1.9,2,1,2.451,82.748,78.0,5.72,13.973544973544973,4.185185185185185,0.6243386243386243,12507.936507936507,40.08465608465608,1
SHP-2025-0034,2025-02-04,1,Industrial Equipment,Germany,India,Asia-Pacific,265000,13250.0,0.05,4.3,2,1,2.451,82.748,78.0,5.72,15.470588235294118,4.310160427807487,0.7379679144385026,22096.25668449198,40.096256684491976,0
SHP-2025-0035,2025-02-05,0,Electronics,India,Japan,Asia-Pacific,101000,5050.0,0.05,2.6,2,1,2.451,82.748,78.0,5.72,15.470588235294118,4.310160427807487,0.7379679144385026,22096.25668449198,40.096256684491976,0
SHP-2025-0036,2025-02-06,1,Consumer Goods,Vietnam,India,Asia-Pacific,64500,3225.0,0.05,2.1,2,1,2.451,82.748,78.0,5.72,15.470588235294118,4.310160427807487,0.7379679144385026,22096.25668449198,40.096256684491976,0
SHP-2025-0037,2025-02-07,0,Textiles,India,UAE,Other,80500,4025.0,0.05,1.6,2,1,2.451,82.748,78.0,5.72,14.824941087546131,4.293797923209689,0.6607150941184555,20499.70063783089,40.08485747834488,0
SHP-2025-0038,2025-02-08,1,Electronics,South Korea,India,Asia-Pacific,190000,9500.0,0.05,3.9,2,1,2.451,82.748,78.0,5.72,15.470588235294118,4.310160427807487,0.7379679144385026,22096.25668449198,40.096256684491976,0
SHP-2025-0040,2025-02-10,1,Textiles,Bangladesh,India,Asia-Pacific,95500,4775.0,0.05,2.8,2,1,2.451,82.748,78.0,5.72,15.470588235294118,4.310160427807487,0.7379679144385026,22096.25668449198,40.096256684491976,0
SHP-2025-0041,2025-02-11,0,Consumer Goods,India,Australia,Asia-Pacific,60500,3025.0,0.05,3.2,2,1,2.451,82.748,78.0,5.72,15.470588235294118,4.310160427807487,0.7379679144385026,22096.25668449198,40.096256684491976,0
SHP-2025-0042,2025-02-12,1,Electronics,Taiwan,India,Asia-Pacific,222000,11100.0,0.05,4.1,2,1,2.451,82.748,78.0,5.72,15.470588235294118,4.310160427807487,0.7379679144385026,22096.25668449198,40.096256684491976,0
SHP-2025-0043,2025-02-13,0,Industrial Equipment,India,Netherlands,Europe,141000,7050.0,0.05,3.4,2,1,2.451,82.748,78.0,5.72,13.973544973544973,4.185185185185185,0.6243386243386243,12507.936507936507,40.08465608465608,0
SHP-2025-0044,2025-02-14,1,Consumer Goods,Thailand,India,Asia-Pacific,75500,3775.0,0.05,2.5,2,1,2.451,82.748,78.0,5.72,15.470588235294118,4.310160427807487,0.7379679144385026,22096.25668449198,40.096256684491976,0
SHP-2025-0045,2025-02-15,0,Textiles,India,USA,North America,117000,5850.0,0.05,3.0,2,1,2.451,82.748,78.0,5.72,12.544973544973544,4.28042328042328,0.3544973544973545,17865.079365079364,40.03703703703704,1
SHP-2025-0046,2025-02-16,1,Industrial Equipment,Italy,India,Asia-Pacific,202000,10100.0,0.05,4.6,2,1,2.451,82.748,78.0,5.72,15.470588235294118,4.310160427807487,0.7379679144385026,22096.25668449198,40.096256684491976,0
SHP-2025-0047,2025-02-17,0,Electronics,India,USA,North America,161000,8050.0,0.05,3.1,2,1,2.451,82.748,78.0,5.72,12.544973544973544,4.28042328042328,0.3544973544973545,17865.079365079364,40.03703703703704,0
SHP-2025-0048,2025-02-18,1,Textiles,Turkey,India,Asia-Pacific,85500,4275.0,0.05,3.3,2,1,2.451,82.748,78.0,5.72,15.470588235294118,4.310160427807487,0.7379679144385026,22096.25668449198,40.096256684491976,0
SHP-2025-0049,2025-02-19,0,Consumer Goods,India,Saudi Arabia,Other,40500,2025.0,0.05,2.0,2,1,2.451,82.748,78.0,5.72,14.824941087546131,4.293797923209689,0.6607150941184555,20499.70063783089,40.08485747834488,0
SHP-2025-0050,2025-02-20,1,Electronics,USA,India,Asia-Pacific,232000,11600.0,0.05,4.2,2,1,2.451,82.748,78.0,5.72,15.470588235294118,4.310160427807487,0.7379679144385026,22096.25668449198,40.096256684491976,0
SHP-2025-0051,2025-02-21,0,Industrial Equipment,India,South Africa,Other,100000,5000.0,0.05,3.7,2,1,2.451,82.748,78.0,5.72,14.824941087546131,4.293797923209689,0.6607150941184555,20499.70063783089,40.08485747834488,0
SHP-2025-0052,2025-02-22,1,Consumer Goods,Indonesia,India,Asia-Pacific,52500,2625.0,0.05,2.7,2,1,2.451,82.748,78.0,5.72,15.470588235294118,4.310160427807487,0.7379679144385026,22096.25668449198,40.096256684491976,0
SHP-2025-0053,2025-02-23,0,Textiles,India,Nigeria,Other,69500,3475.0,0.05,3.5,2,1,2.451,82.748,78.0,5.72,14.824941087546131,4.293797923209689,0.6607150941184555,20499.70063783089,40.08485747834488,1
SHP-2025-0054,2025-02-24,1,Industrial Equipment,Japan,India,Asia-Pacific,315000,15750.0,0.05,4.9,2,1,2.451,82.748,78.0,5.72,15.470588235294118,4.310160427807487,0.7379679144385026,22096.25668449198,40.096256684491976,0
SHP-2025-0055,2025-02-25,0,Electronics,India,Mexico,North America,126000,6300.0,0.05,4.0,2,1,2.451,82.748,78.0,5.72,12.544973544973544,4.28042328042328,0.3544973544973545,17865.079365079364,40.03703703703704,0
SHP-2025-0056,2025-02-26,1,Consumer Goods,Philippines,India,Asia-Pacific,44500,2225.0,0.05,2.9,2,1,2.451,82.748,78.0,5.72,15.470588235294118,4.310160427807487,0.7379679144385026,22096.25668449198,40.096256684491976,0
SHP-2025-0057,2025-02-27,0,Textiles,India,Egypt,Other,54500,2725.0,0.05,2.4,2,1,2.451,82.748,78.0,5.72,14.824941087546131,4.293797923209689,0.6607150941184555,20499.70063783089,40.08485747834488,0
SHP-2025-0058,2025-02-28,1,Electronics,Finland,India,Asia-Pacific,168000,8400.0,0.05,3.8,2,1,2.451,82.748,78.0,5.72,15.470588235294118,4.310160427807487,0.7379679144385026,22096.25668449198,40.096256684491976,0
SHP-2025-0059,2025-03-01,0,Consumer Goods,India,Brazil,Other,74500,3725.0,0.05,4.4,3,1,2.451,82.748,78.0,5.72,14.824941087546131,4.293797923209689,0.6607150941184555,20499.70063783089,40.08485747834488,1
SHP-2025-0060,2025-03-02,1,Industrial Equipment,South Korea,India,Asia-Pacific,292000,14600.0,0.05,4.7,3,1,2.451,82.748,78.0,5.72,15.470588235294118,4.310160427807487,0.7379679144385026,22096.25668449198,40.096256684491976,0
SHP-2025-0061,2025-03-03,0,Electronics,India,USA,North America,93500,4675.0,0.05,2.3,3,1,2.451,82.748,78.0,5.72,12.544973544973544,4.28042328042328,0.3544973544973545,17865.079365079364,40.03703703703704,0
SHP-2025-0062,2025-03-04,1,Textiles,China,India,Asia-Pacific,132000,6600.0,0.05,3.7,3,1,2.451,82.748,78.0,5.72,15.470588235294118,4.310160427807487,0.7379679144385026,22096.25668449198,40.096256684491976,0
SHP-2025-0063,2025-03-05,0,Consumer Goods,India,UK,Europe,51500,2575.0,0.05,2.0,3,1,2.451,82.748,78.0,5.72,13.973544973544973,4.185185185185185,0.6243386243386243,12507.936507936507,40.08465608465608,0
SHP-2025-0064,2025-03-06,1,Industrial Equipment,Germany,India,Asia-Pacific,275000,13750.0,0.05,4.4,3,1,2.451,82.748,78.0,5.72,15.470588235294118,4.310160427807487,0.7379679144385026,22096.25668449198,40.096256684491976,0
SHP-2025-0065,2025-03-07,0,Electronics,India,Japan,Asia-Pacific,107000,5350.0,0.05,2.7,3,1,2.451,82.748,78.0,5.72,15.470588235294118,4.310160427807487,0.7379679144385026,22096.25668449198,40.096256684491976,0
SHP-2025-0066,2025-03-08,1,Consumer Goods,Vietnam,India,Asia-Pacific,67500,3375.0,0.05,2.2,3,1,2.451,82.748,78.0,5.72,15.470588235294118,4.310160427807487,0.7379679144385026,22096.25668449198,40.096256684491976,1
SHP-2025-0067,2025-03-09,0,Textiles,India,UAE,Other,84500,4225.0,0.05,1.7,3,1,2.451,82.748,78.0,5.72,14.824941087546131,4.293797923209689,0.6607150941184555,20499.70063783089,40.08485747834488,0
SHP-2025-0068,2025-03-10,1,Electronics,South Korea,India,Asia-Pacific,198000,9900.0,0.05,4.0,3,1,2.451,82.748,78.0,5.72,15.470588235294118,4.310160427807487,0.7379679144385026,22096.25668449198,40.096256684491976,0
SHP-2025-0070,2025-03-12,1,Textiles,Bangladesh,India,Asia-Pacific,99500,4975.0,0.05,2.9,3,1,2.451,82.748,78.0,5.72,15.470588235294118,4.310160427807487,0.7379679144385026,22096.25668449198,40.096256684491976,0
SHP-2025-0071,2025-03-13,0,Consumer Goods,India,Australia,Asia-Pacific,63500,3175.0,0.05,3.3,3,1,2.451,82.748,78.0,5.72,15.470588235294118,4.310160427807487,0.7379679144385026,22096.25668449198,40.096256684491976,0
SHP-2025-0072,2025-03-14,1,Electronics,Taiwan,India,Asia-Pacific,229000,11450.0,0.05,4.2,3,1,2.451,82.748,78.0,5.72,15.470588235294118,4.310160427807487,0.7379679144385026,22096.25668449198,40.096256684491976,1
SHP-2025-0073,2025-03-15,0,Industrial Equipment,India,Netherlands,Europe,148000,7400.0,0.05,3.5,3,1,2.451,82.748,78.0,5.72,13.973544973544973,4.185185185185185,0.6243386243386243,12507.936507936507,40.08465608465608,0
SHP-2025-0074,2025-03-16,1,Consumer Goods,Thailand,India,Asia-Pacific,79500,3975.0,0.05,2.6,3,1,2.451,82.748,78.0,5.72,15.470588235294118,4.310160427807487,0.7379679144385026,22096.25668449198,40.096256684491976,0
SHP-2025-0075,2025-03-17,0,Textiles,India,USA,North America,122000,6100.0,0.05,3.1,3,1,2.451,82.748,78.0,5.72,12.544973544973544,4.28042328042328,0.3544973544973545,17865.079365079364,40.03703703703704,0
SHP-2025-0076,2025-03-18,1,Industrial Equipment,Italy,India,Asia-Pacific,209000,10450.0,0.05,4.7,3,1,2.451,82.748,78.0,5.72,15.470588235294118,4.310160427807487,0.7379679144385026,22096.25668449198,40.096256684491976,0
SHP-2025-0077,2025-03-19,0,Electronics,India,USA,North America,168000,8400.0,0.05,3.2,3,1,2.451,82.748,78.0,5.72,12.544973544973544,4.28042328042328,0.3544973544973545,17865.079365079364,40.03703703703704,0
SHP-2025-0078,2025-03-20,1,Textiles,Turkey,India,Asia-Pacific,89500,4475.0,0.05,3.4,3,1,2.451,82.748,78.0,5.72,15.470588235294118,4.310160427807487,0.7379679144385026,22096.25668449198,40.096256684491976,0
SHP-2025-0079,2025-03-21,0,Consumer Goods,India,Saudi Arabia,Other,43500,2175.0,0.05,2.1,3,1,2.451,82.748,78.0,5.72,14.824941087546131,4.293797923209689,0.6607150941184555,20499.70063783089,40.08485747834488,1
SHP-2025-0080,2025-03-22,1,Electronics,USA,India,Asia-Pacific,239000,11950.0,0.05,4.3,3,1,2.451,82.748,78.0,5.72,15.470588235294118,4.310160427807487,0.7379679144385026,22096.25668449198,40.096256684491976,0
SHP-2025-0081,2025-03-23,0,Industrial Equipment,India,South Africa,Other,104000,5200.0,0.05,3.8,3,1,2.451,82.748,78.0,5.72,14.824941087546131,4.293797923209689,0.6607150941184555,20499.70063783089,40.08485747834488,0
SHP-2025-0082,2025-03-24,1,Consumer Goods,Indonesia,India,Asia-Pacific,55500,2775.0,0.05,2.8,3,1,2.451,82.748,78.0,5.72,15.470588235294118,4.310160427807487,0.7379679144385026,22096.25668449198,40.096256684491976,0
SHP-2025-0083,2025-03-25,0,Textiles,India,Nigeria,Other,72500,3625.0,0.05,3.6,3,1,2.451,82.748,78.0,5.72,14.824941087546131,4.293797923209689,0.6607150941184555,20499.70063783089,40.08485747834488,0
SHP-2025-0084,2025-03-26,1,Industrial Equipment,Japan,India,Asia-Pacific,325000,16250.0,0.05,5.0,3,1,2.451,82.748,78.0,5.72,15.470588235294118,4.310160427807487,0.7379679144385026,22096.25668449198,40.096256684491976,0
SHP-2025-0085,2025-03-27,0,Electronics,India,Mexico,North America,130000,6500.0,0.05,4.1,3,1,2.451,82.748,78.0,5.72,12.544973544973544,4.28042328042328,0.3544973544973545,17865.079365079364,40.03703703703704,1
SHP-2025-0086,2025-03-28,1,Consumer Goods,Philippines,India,Asia-Pacific,47500,2375.0,0.05,3.0,3,1,2.451,82.748,78.0,5.72,15.470588235294118,4.310160427807487,0.7379679144385026,22096.25668449198,40.096256684491976,0
SHP-2025-0087,2025-03-29,0,Textiles,India,Egypt,Other,57500,2875.0,0.05,2.5,3,1,2.451,82.748,78.0,5.72,14.824941087546131,4.293797923209689,0.6607150941184555,20499.70063783089,40.08485747834488,0
SHP-2025-0088,2025-03-30,1,Electronics,Finland,India,Asia-Pacific,173000,8650.0,0.05,3.9,3,1,2.451,82.748,78.0,5.72,15.470588235294118,4.310160427807487,0.7379679144385026,22096.25668449198,40.096256684491976,0
SHP-2025-0089,2025-03-31,0,Consumer Goods,India,Brazil,Other,77500,3875.0,0.05,4.5,3,1,2.451,82.748,78.0,5.72,14.824941087546131,4.293797923209689,0.6607150941184555,20499.70063783089,40.08485747834488,0
SHP-2025-0090,2025-04-01,1,Industrial Equipment,South Korea,India,Asia-Pacific,299000,14950.0,0.05,4.8,4,2,2.451,82.748,78.0,5.72,15.470588235294118,4.310160427807487,0.7379679144385026,22096.25668449198,40.096256684491976,0
SHP-2025-0091,2025-04-02,0,Electronics,India,USA,North America,96500,4825.0,0.05,2.4,4,2,2.451,82.748,78.0,5.72,12.544973544973544,4.28042328042328,0.3544973544973545,17865.079365079364,40.03703703703704,0
SHP-2025-0092,2025-04-03,1,Textiles,China,India,Asia-Pacific,137000,6850.0,0.05,3.8,4,2,2.451,82.748,78.0,5.72,15.470588235294118,4.310160427807487,0.7379679144385026,22096.25668449198,40.096256684491976,1
SHP-2025-0093,2025-04-04,0,Consumer Goods,India,UK,Europe,53500,2675.0,0.05,2.1,4,2,2.451,82.748,78.0,5.72,13.973544973544973,4.185185185185185,0.6243386243386243,12507.936507936507,40.08465608465608,0
SHP-2025-0094,2025-04-05,1,Industrial Equipment,Germany,India,Asia-Pacific,279000,13950.0,0.05,4.5,4,2,2.451,82.748,78.0,5.72,15.470588235294118,4.310160427807487,0.7379679144385026,22096.25668449198,40.096256684491976,0
SHP-2025-0095,2025-04-06,0,Electronics,India,Japan,Asia-Pacific,112000,5600.0,0.05,2.8,4,2,2.451,82.748,78.0,5.72,15.470588235294118,4.310160427807487,0.7379679144385026,22096.25668449198,40.096256684491976,0
SHP-2025-0096,2025-04-07,1,Consumer Goods,Vietnam,India,Asia-Pacific,69500,3475.0,0.05,2.3,4,2,2.451,82.748,78.0,5.72,15.470588235294118,4.310160427807487,0.7379679144385026,22096.25668449198,40.096256684491976,0
SHP-2025-0097,2025-04-08,0,Textiles,India,UAE,Other,87500,4375.0,0.05,1.8,4,2,2.451,82.748,78.0,5.72,14.824941087546131,4.293797923209689,0.6607150941184555,20499.70063783089,40.08485747834488,0
SHP-2025-0098,2025-04-09,1,Electronics,South Korea,India,Asia-Pacific,203000,10150.0,0.05,4.1,4,2,2.451,82.748,78.0,5.72,15.470588235294118,4.310160427807487,0.7379679144385026,22096.25668449198,40.096256684491976,1
SHP-2025-0100,2025-04-11,1,Textiles,Bangladesh,India,Asia-Pacific,101000,5050.0,0.05,3.0,4,2,2.451,82.748,78.0,5.72,15.470588235294118,4.310160427807487,0.7379679144385026,22096.25668449198,40.096256684491976,0
SHP-2025-0101,2025-04-12,0,Consumer Goods,India,Australia,Asia-Pacific,66500,3325.0,0.05,3.4,4,2,2.451,82.748,78.0,5.72,15.470588235294118,4.310160427807487,0.7379679144385026,22096.25668449198,40.096256684491976,0
SHP-2025-0102,2025-04-13,1,Electronics,Taiwan,India,Asia-Pacific,233000,11650.0,0.05,4.3,4,2,2.451,82.748,78.0,5.72,15.470588235294118,4.310160427807487,0.7379679144385026,22096.25668449198,40.096256684491976,0
SHP-2025-0103,2025-04-14,0,Industrial Equipment,India,Netherlands,Europe,151000,7550.0,0.05,3.6,4,2,2.451,82.748,78.0,5.72,13.973544973544973,4.185185185185185,0.6243386243386243,12507.936507936507,40.08465608465608,0
SHP-2025-0104,2025-04-15,1,Consumer Goods,Thailand,India,Asia-Pacific,81500,4075.0,0.05,2.7,4,2,2.451,82.748,78.0,5.72,15.470588235294118,4.310160427807487,0.7379679144385026,22096.25668449198,40.096256684491976,1
SHP-2025-0105,2025-04-16,0,Textiles,India,USA,North America,127000,6350.0,0.05,3.2,4,2,2.451,82.748,78.0,5.72,12.544973544973544,4.28042328042328,0.3544973544973545,17865.079365079364,40.03703703703704,0
SHP-2025-0106,2025-04-17,1,Industrial Equipment,Italy,India,Asia-Pacific,213000,10650.0,0.05,4.8,4,2,2.451,82.748,78.0,5.72,15.470588235294118,4.310160427807487,0.7379679144385026,22096.25668449198,40.096256684491976,0
SHP-2025-0107,2025-04-18,0,Electronics,India,USA,North America,171000,8550.0,0.05,3.3,4,2,2.451,82.748,78.0,5.72,12.544973544973544,4.28042328042328,0.3544973544973545,17865.079365079364,40.03703703703704,0
SHP-2025-0108,2025-04-19,1,Textiles,Turkey,India,Asia-Pacific,91500,4575.0,0.05,3.5,4,2,2.451,82.748,78.0,5.72,15.470588235294118,4.310160427807487,0.7379679144385026,22096.25668449198,40.096256684491976,0
SHP-2025-0109,2025-04-20,0,Consumer Goods,India,Saudi Arabia,Other,46500,2325.0,0.05,2.2,4,2,2.451,82.748,78.0,5.72,14.824941087546131,4.293797923209689,0.6607150941184555,20499.70063783089,40.08485747834488,0
SHP-2025-0110,2025-04-21,1,Electronics,USA,India,Asia-Pacific,243000,12150.0,0.05,4.4,4,2,2.451,82.748,78.0,5.72,15.470588235294118,4.310160427807487,0.7379679144385026,22096.25668449198,40.096256684491976,1
SHP-2025-0111,2025-04-22,0,Industrial Equipment,India,South Africa,Other,106000,5300.0,0.05,3.9,4,2,2.451,82.748,78.0,5.72,14.824941087546131,4.293797923209689,0.6607150941184555,20499.70063783089,40.08485747834488,0
SHP-2025-0112,2025-04-23,1,Consumer Goods,Indonesia,India,Asia-Pacific,57500,2875.0,0.05,2.9,4,2,2.451,82.748,78.0,5.72,15.470588235294118,4.310160427807487,0.7379679144385026,22096.25668449198,40.096256684491976,0
SHP-2025-0113,2025-04-24,0,Textiles,India,Nigeria,Other,74500,3725.0,0.05,3.7,4,2,2.451,82.748,78.0,5.72,14.824941087546131,4.293797923209689,0.6607150941184555,20499.70063783089,40.08485747834488,0
SHP-2025-0114,2025-04-25,1,Industrial Equipment,Japan,India,Asia-Pacific,335000,16750.0,0.05,5.1,4,2,2.451,82.748,78.0,5.72,15.470588235294118,4.310160427807487,0.7379679144385026,22096.25668449198,40.096256684491976,0
SHP-2025-0115,2025-04-26,0,Electronics,India,Mexico,North America,134000,6700.0,0.05,4.2,4,2,2.451,82.748,78.0,5.72,12.544973544973544,4.28042328042328,0.3544973544973545,17865.079365079364,40.03703703703704,0
SHP-2025-0116,2025-04-27,1,Consumer Goods,Philippines,India,Asia-Pacific,49500,2475.0,0.05,3.1,4,2,2.451,82.748,78.0,5.72,15.470588235294118,4.310160427807487,0.7379679144385026,22096.25668449198,40.096256684491976,1
SHP-2025-0117,2025-04-28,0,Textiles,India,Egypt,Other,59500,2975.0,0.05,2.6,4,2,2.451,82.748,78.0,5.72,14.824941087546131,4.293797923209689,0.6607150941184555,20499.70063783089,40.08485747834488,0
SHP-2025-0118,2025-04-29,1,Electronics,Finland,India,Asia-Pacific,177000,8850.0,0.05,4.0,4,2,2.451,82.748,78.0,5.72,15.470588235294118,4.310160427807487,0.7379679144385026,22096.25668449198,40.096256684491976,0
SHP-2025-0119,2025-04-30,0,Consumer Goods,India,Brazil,Other,79500,3975.0,0.05,4.6,4,2,2.451,82.748,78.0,5.72,14.824941087546131,4.293797923209689,0.6607150941184555,20499.70063783089,40.08485747834488,0
SHP-2025-0120,2025-05-01,1,Industrial Equipment,South Korea,India,Asia-Pacific,303000,15150.0,0.05,4.9,5,2,2.451,82.748,78.0,5.72,15.470588235294118,4.310160427807487,0.7379679144385026,22096.25668449198,40.096256684491976,0
SHP-2025-0121,2025-05-02,0,Electronics,India,USA,North America,99500,4975.0,0.05,2.5,5,2,2.451,82.748,78.0,5.72,12.544973544973544,4.28042328042328,0.3544973544973545,17865.079365079364,40.03703703703704,0
SHP-2025-0122,2025-05-03,1,Textiles,China,India,Asia-Pacific,142000,7100.0,0.05,3.9,5,2,2.451,82.748,78.0,5.72,15.470588235294118,4.310160427807487,0.7379679144385026,22096.25668449198,40.096256684491976,0
SHP-2025-0123,2025-05-04,0,Consumer Goods,India,UK,Europe,55500,2775.0,0.05,2.2,5,2,2.451,82.748,78.0,5.72,13.973544973544973,4.185185185185185,0.6243386243386243,12507.936507936507,40.08465608465608,1
SHP-2025-0124,2025-05-05,1,Industrial Equipment,Germany,India,Asia-Pacific,283000,14150.0,0.05,4.6,5,2,2.451,82.748,78.0,5.72,15.470588235294118,4.310160427807487,0.7379679144385026,22096.25668449198,40.096256684491976,0
SHP-2025-0125,2025-05-06,0,Electronics,India,Japan,Asia-Pacific,117000,5850.0,0.05,2.9,5,2,2.451,82.748,78.0,5.72,15.470588235294118,4.310160427807487,0.7379679144385026,22096.25668449198,40.096256684491976,0
SHP-2025-0126,2025-05-07,1,Consumer Goods,Vietnam,India,Asia-Pacific,71500,3575.0,0.05,2.4,5,2,2.451,82.748,78.0,5.72,15.470588235294118,4.310160427807487,0.7379679144385026,22096.25668449198,40.096256684491976,0
SHP-2025-0127,2025-05-08,0,Textiles,India,UAE,Other,90500,4525.0,0.05,1.9,5,2,2.451,82.748,78.0,5.72,14.824941087546131,4.293797923209689,0.6607150941184555,20499.70063783089,40.08485747834488,0
SHP-2025-0128,2025-05-09,1,Electronics,South Korea,India,Asia-Pacific,207000,10350.0,0.05,4.2,5,2,2.451,82.748,78.0,5.72,15.470588235294118,4.310160427807487,0.7379679144385026,22096.25668449198,40.096256684491976,0
SHP-2025-0130,2025-05-11,1,Textiles,Bangladesh,India,Asia-Pacific,104000,5200.0,0.05,3.1,5,2,2.451,82.748,78.0,5.72,15.470588235294118,4.310160427807487,0.7379679144385026,22096.25668449198,40.096256684491976,0
SHP-2025-0131,2025-05-12,0,Consumer Goods,India,Australia,Asia-Pacific,69500,3475.0,0.05,3.5,5,2,2.451,82.748,78.0,5.72,15.470588235294118,4.310160427807487,0.7379679144385026,22096.25668449198,40.096256684491976,0
SHP-2025-0132,2025-05-13,1,Electronics,Taiwan,India,Asia-Pacific,237000,11850.0,0.05,4.4,5,2,2.451,82.748,78.0,5.72,15.470588235294118,4.310160427807487,0.7379679144385026,22096.25668449198,40.096256684491976,0
SHP-2025-0133,2025-05-14,0,Industrial Equipment,India,Netherlands,Europe,154000,7700.0,0.05,3.7,5,2,2.451,82.748,78.0,5.72,13.973544973544973,4.185185185185185,0.6243386243386243,12507.936507936507,40.08465608465608,0
SHP-2025-0134,2025-05-15,1,Consumer Goods,Thailand,India,Asia-Pacific,83500,4175.0,0.05,2.8,5,2,2.451,82.748,78.0,5.72,15.470588235294118,4.310160427807487,0.7379679144385026,22096.25668449198,40.096256684491976,0
SHP-2025-0135,2025-05-16,0,Textiles,India,USA,North America,132000,6600.0,0.05,3.3,5,2,2.451,82.748,78.0,5.72,12.544973544973544,4.28042328042328,0.3544973544973545,17865.079365079364,40.03703703703704,1
SHP-2025-0136,2025-05-17,1,Industrial Equipment,Italy,India,Asia-Pacific,217000,10850.0,0.05,4.9,5,2,2.451,82.748,78.0,5.72,15.470588235294118,4.310160427807487,0.7379679144385026,22096.25668449198,40.096256684491976,0
SHP-2025-0137,2025-05-18,0,Electronics,India,USA,North America,174000,8700.0,0.05,3.4,5,2,2.451,82.748,78.0,5.72,12.544973544973544,4.28042328042328,0.3544973544973545,17865.079365079364,40.03703703703704,0
SHP-2025-0138,2025-05-19,1,Textiles,Turkey,India,Asia-Pacific,93500,4675.0,0.05,3.6,5,2,2.451,82.748,78.0,5.72,15.470588235294118,4.310160427807487,0.7379679144385026,22096.25668449198,40.096256684491976,0
SHP-2025-0139,2025-05-20,0,Consumer Goods,India,Saudi Arabia,Other,49500,2475.0,0.05,2.3,5,2,2.451,82.748,78.0,5.72,14.824941087546131,4.293797923209689,0.6607150941184555,20499.70063783089,40.08485747834488,0
SHP-2025-0140,2025-05-21,1,Electronics,USA,India,Asia-Pacific,247000,12350.0,0.05,4.5,5,2,2.451,82.748,78.0,5.72,15.470588235294118,4.310160427807487,0.7379679144385026,22096.25668449198,40.096256684491976,0
SHP-2025-0141,2025-05-22,0,Industrial Equipment,India,South Africa,Other,108000,5400.0,0.05,4.0,5,2,2.451,82.748,78.0,5.72,14.824941087546131,4.293797923209689,0.6607150941184555,20499.70063783089,40.08485747834488,1
SHP-2025-0142,2025-05-23,1,Consumer Goods,Indonesia,India,Asia-Pacific,59500,2975.0,0.05,3.0,5,2,2.451,82.748,78.0,5.72,15.470588235294118,4.310160427807487,0.7379679144385026,22096.25668449198,40.096256684491976,0
SHP-2025-0143,2025-05-24,0,Textiles,India,Nigeria,Other,76500,3825.0,0.05,3.8,5,2,2.451,82.748,78.0,5.72,14.824941087546131,4.293797923209689,0.6607150941184555,20499.70063783089,40.08485747834488,0
SHP-2025-0144,2025-05-25,1,Industrial Equipment,Japan,India,Asia-Pacific,345000,17250.0,0.05,5.2,5,2,2.451,82.748,78.0,5.72,15.470588235294118,4.310160427807487,0.7379679144385026,22096.25668449198,40.096256684491976,0
SHP-2025-0145,2025-05-26,0,Electronics,India,Mexico,North America,137000,6850.0,0.05,4.3,5,2,2.451,82.748,78.0,5.72,12.544973544973544,4.28042328042328,0.3544973544973545,17865.079365079364,40.03703703703704,0
SHP-2025-0146,2025-05-27,1,Consumer Goods,Philippines,India,Asia-Pacific,51500,2575.0,0.05,3.2,5,2,2.451,82.748,78.0,5.72,15.470588235294118,4.310160427807487,0.7379679144385026,22096.25668449198,40.096256684491976,0
SHP-2025-0147,2025-05-28,0,Textiles,India,Egypt,Other,61500,3075.0,0.05,2.7,5,2,2.451,82.748,78.0,5.72,14.824941087546131,4.293797923209689,0.6607150941184555,20499.70063783089,40.08485747834488,1
SHP-2025-0148,2025-05-29,1,Electronics,Finland,India,Asia-Pacific,181000,9050.0,0.05,4.1,5,2,2.451,82.748,78.0,5.72,15.470588235294118,4.310160427807487,0.7379679144385026,22096.25668449198,40.096256684491976,0
SHP-2025-0149,2025-05-30,0,Consumer Goods,India,Brazil,Other,81500,4075.0,0.05,4.7,5,2,2.451,82.748,78.0,5.72,14.824941087546131,4.293797923209689,0.6607150941184555,20499.70063783089,40.08485747834488,0
SHP-2025-0150,2025-05-31,1,Industrial Equipment,South Korea,India,Asia-Pacific,307000,15350.0,0.05,5.0,5,2,2.451,82.748,78.0,5.72,15.470588235294118,4.310160427807487,0.7379679144385026,22096.25668449198,40.096256684491976,0
SHP-2025-0151,2025-06-01,0,Electronics,India,USA,North America,102500,5125.0,0.05,2.6,6,2,2.451,82.748,78.0,5.72,12.544973544973544,4.28042328042328,0.3544973544973545,17865.079365079364,40.03703703703704,0
SHP-2025-0152,2025-06-02,1,Textiles,China,India,Asia-Pacific,147000,7350.0,0.05,4.0,6,2,2.451,82.748,78.0,5.72,15.470588235294118,4.310160427807487,0.7379679144385026,22096.25668449198,40.096256684491976,0
SHP-2025-0153,2025-06-03,0,Consumer Goods,India,UK,Europe,57500,2875.0,0.05,2.3,6,2,2.451,82.748,78.0,5.72,13.973544973544973,4.185185185185185,0.6243386243386243,12507.936507936507,40.08465608465608,0
SHP-2025-0154,2025-06-04,1,Industrial Equipment,Germany,India,Asia-Pacific,287000,14350.0,0.05,4.7,6,2,2.451,82.748,78.0,5.72,15.470588235294118,4.310160427807487,0.7379679144385026,22096.25668449198,40.096256684491976,1
SHP-2025-0155,2025-06-05,0,Electronics,India,Japan,Asia-Pacific,120000,6000.0,0.05,3.0,6,2,2.451,82.748,78.0,5.72,15.470588235294118,4.310160427807487,0.7379679144385026,22096.25668449198,40.096256684491976,0
SHP-2025-0156,2025-06-06,1,Consumer Goods,Vietnam,India,Asia-Pacific,73500,3675.0,0.05,2.5,6,2,2.451,82.748,78.0,5.72,15.470588235294118,4.310160427807487,0.7379679144385026,22096.25668449198,40.096256684491976,0
SHP-2025-0157,2025-06-07,0,Textiles,India,UAE,Other,93500,4675.0,0.05,2.0,6,2,2.451,82.748,78.0,5.72,14.824941087546131,4.293797923209689,0.6607150941184555,20499.70063783089,40.08485747834488,0
SHP-2025-0158,2025-06-08,1,Electronics,South Korea,India,Asia-Pacific,212000,10600.0,0.05,4.3,6,2,2.451,82.748,78.0,5.72,15.470588235294118,4.310160427807487,0.7379679144385026,22096.25668449198,40.096256684491976,0
SHP-2025-0160,2025-06-10,1,Textiles,Bangladesh,India,Asia-Pacific,107000,5350.0,0.05,3.2,6,2,2.451,82.748,78.0,5.72,15.470588235294118,4.310160427807487,0.7379679144385026,22096.25668449198,40.096256684491976,1
SHP-2025-0161,2025-06-11,0,Consumer Goods,India,Australia,Asia-Pacific,72500,3625.0,0.05,3.6,6,2,2.451,82.748,78.0,5.72,15.470588235294118,4.310160427807487,0.7379679144385026,22096.25668449198,40.096256684491976,0
SHP-2025-0162,2025-06-12,1,Electronics,Taiwan,India,Asia-Pacific,242000,12100.0,0.05,4.5,6,2,2.451,82.748,78.0,5.72,15.470588235294118,4.310160427807487,0.7379679144385026,22096.25668449198,40.096256684491976,0
SHP-2025-0163,2025-06-13,0,Industrial Equipment,India,Netherlands,Europe,163000,8150.0,0.05,3.8,6,2,2.451,82.748,78.0,5.72,13.973544973544973,4.185185185185185,0.6243386243386243,12507.936507936507,40.08465608465608,0
SHP-2025-0164,2025-06-14,1,Consumer Goods,Thailand,India,Asia-Pacific,86500,4325.0,0.05,2.9,6,2,2.451,82.748,78.0,5.72,15.470588235294118,4.310160427807487,0.7379679144385026,22096.25668449198,40.096256684491976,0
SHP-2025-0165,2025-06-15,0,Textiles,India,USA,North America,137000,6850.0,0.05,3.4,6,2,2.451,82.748,78.0,5.72,12.544973544973544,4.28042328042328,0.3544973544973545,17865.079365079364,40.03703703703704,0
SHP-2025-0166,2025-06-16,1,Industrial Equipment,Italy,India,Asia-Pacific,222000,11100.0,0.05,5.0,6,2,2.451,82.748,78.0,5.72,15.470588235294118,4.310160427807487,0.7379679144385026,22096.25668449198,40.096256684491976,1
SHP-2025-0167,2025-06-17,0,Electronics,India,USA,North America,183000,9150.0,0.05,3.5,6,2,2.451,82.748,78.0,5.72,12.544973544973544,4.28042328042328,0.3544973544973545,17865.079365079364,40.03703703703704,0
SHP-2025-0168,2025-06-18,1,Textiles,Turkey,India,Asia-Pacific,97500,4875.0,0.05,3.7,6,2,2.451,82.748,78.0,5.72,15.470588235294118,4.310160427807487,0.7379679144385026,22096.25668449198,40.096256684491976,0
SHP-2025-0169,2025-06-19,0,Consumer Goods,India,Saudi Arabia,Other,52500,2625.0,0.05,2.4,6,2,2.451,82.748,78.0,5.72,14.824941087546131,4.293797923209689,0.6607150941184555,20499.70063783089,40.08485747834488,0
SHP-2025-0170,2025-06-20,1,Electronics,USA,India,Asia-Pacific,252000,12600.0,0.05,4.6,6,2,2.451,82.748,78.0,5.72,15.470588235294118,4.310160427807487,0.7379679144385026,22096.25668449198,40.096256684491976,0
SHP-2025-0171,2025-06-21,0,Industrial Equipment,India,South Africa,Other,114000,5700.0,0.05,4.1,6,2,2.451,82.748,78.0,5.72,14.824941087546131,4.293797923209689,0.6607150941184555,20499.70063783089,40.08485747834488,0
SHP-2025-0172,2025-06-22,1,Consumer Goods,Indonesia,India,Asia-Pacific,62500,3125.0,0.05,3.1,6,2,2.451,82.748,78.0,5.72,15.470588235294118,4.310160427807487,0.7379679144385026,22096.25668449198,40.096256684491976,1
SHP-2025-0173,2025-06-23,0,Textiles,India,Nigeria,Other,79500,3975.0,0.05,3.9,6,2,2.451,82.748,78.0,5.72,14.824941087546131,4.293797923209689,0.6607150941184555,20499.70063783089,40.08485747834488,0
SHP-2025-0174,2025-06-24,1,Industrial Equipment,Japan,India,Asia-Pacific,355000,17750.0,0.05,5.3,6,2,2.451,82.748,78.0,5.72,15.470588235294118,4.310160427807487,0.7379679144385026,22096.25668449198,40.096256684491976,0
SHP-2025-0175,2025-06-25,0,Electronics,India,Mexico,North America,140000,7000.0,0.05,4.4,6,2,2.451,82.748,78.0,5.72,12.544973544973544,4.28042328042328,0.3544973544973545,17865.079365079364,40.03703703703704,0
SHP-2025-0176,2025-06-26,1,Consumer Goods,Philippines,India,Asia-Pacific,54500,2725.0,0.05,3.3,6,2,2.451,82.748,78.0,5.72,15.470588235294118,4.310160427807487,0.7379679144385026,22096.25668449198,40.096256684491976,0
SHP-2025-0177,2025-06-27,0,Textiles,India,Egypt,Other,64500,3225.0,0.05,2.8,6,2,2.451,82.748,78.0,5.72,14.824941087546131,4.293797923209689,0.6607150941184555,20499.70063783089,40.08485747834488,0
SHP-2025-0178,2025-06-28,1,Electronics,Finland,India,Asia-Pacific,187000,9350.0,0.05,4.2,6,2,2.451,82.748,78.0,5.72,15.470588235294118,4.310160427807487,0.7379679144385026,22096.25668449198,40.096256684491976,1
SHP-2025-0179,2025-06-29,0,Consumer Goods,India,Brazil,Other,84500,4225.0,0.05,4.8,6,2,2.451,82.748,78.0,5.72,14.824941087546131,4.293797923209689,0.6607150941184555,20499.70063783089,40.08485747834488,0
SHP-2025-0180,2025-06-30,1,Industrial Equipment,South Korea,India,Asia-Pacific,312000,15600.0,0.05,5.1,6,2,2.451,82.748,78.0,5.72,15.470588235294118,4.310160427807487,0.7379679144385026,22096.25668449198,40.096256684491976,0
SHP-2025-0181,2025-07-01,0,Electronics,India,USA,North America,105500,5275.0,0.05,2.7,7,3,2.451,82.748,78.0,5.72,12.544973544973544,4.28042328042328,0.3544973544973545,17865.079365079364,40.03703703703704,0
SHP-2025-0182,2025-07-02,1,Textiles,China,India,Asia-Pacific,152000,7600.0,0.05,4.1,7,3,2.451,82.748,78.0,5.72,15.470588235294118,4.310160427807487,0.7379679144385026,22096.25668449198,40.096256684491976,0
SHP-2025-0183,2025-07-03,0,Consumer Goods,India,UK,Europe,59500,2975.0,0.05,2.4,7,3,2.451,82.748,78.0,5.72,13.973544973544973,4.185185185185185,0.6243386243386243,12507.936507936507,40.08465608465608,0
SHP-2025-0184,2025-07-04,1,Industrial Equipment,Germany,India,Asia-Pacific,292000,14600.0,0.05,4.8,7,3,2.451,82.748,78.0,5.72,15.470588235294118,4.310160427807487,0.7379679144385026,22096.25668449198,40.096256684491976,0
SHP-2025-0185,2025-07-05,0,Electronics,India,Japan,Asia-Pacific,124000,6200.0,0.05,3.1,7,3,2.451,82.748,78.0,5.72,15.470588235294118,4.310160427807487,0.7379679144385026,22096.25668449198,40.096256684491976,1
SHP-2025-0186,2025-07-06,1,Consumer Goods,Vietnam,India,Asia-Pacific,76500,3825.0,0.05,2.6,7,3,2.451,82.748,78.0,5.72,15.470588235294118,4.310160427807487,0.7379679144385026,22096.25668449198,40.096256684491976,0
SHP-2025-0187,2025-07-07,0,Textiles,India,UAE,Other,96500,4825.0,0.05,2.1,7,3,2.451,82.748,78.0,5.72,14.824941087546131,4.293797923209689,0.6607150941184555,20499.70063783089,40.08485747834488,0
SHP-2025-0188,2025-07-08,1,Electronics,South Korea,India,Asia-Pacific,217000,10850.0,0.05,4.4,7,3,2.451,82.748,78.0,5.72,15.470588235294118,4.310160427807487,0.7379679144385026,22096.25668449198,40.096256684491976,0
SHP-2025-0190,2025-07-10,1,Textiles,Bangladesh,India,Asia-Pacific,110000,5500.0,0.05,3.3,7,3,2.451,82.748,78.0,5.72,15.470588235294118,4.310160427807487,0.7379679144385026,22096.25668449198,40.096256684491976,0
SHP-2025-0191,2025-07-11,0,Consumer Goods,India,Australia,Asia-Pacific,75500,3775.0,0.05,3.7,7,3,2.451,82.748,78.0,5.72,15.470588235294118,4.310160427807487,0.7379679144385026,22096.25668449198,40.096256684491976,1
SHP-2025-0192,2025-07-12,1,Electronics,Taiwan,India,Asia-Pacific,247000,12350.0,0.05,4.6,7,3,2.451,82.748,78.0,5.72,15.470588235294118,4.310160427807487,0.7379679144385026,22096.25668449198,40.096256684491976,0
SHP-2025-0193,2025-07-13,0,Industrial Equipment,India,Netherlands,Europe,167000,8350.0,0.05,3.9,7,3,2.451,82.748,78.0,5.72,13.973544973544973,4.185185185185185,0.6243386243386243,12507.936507936507,40.08465608465608,0
SHP-2025-0194,2025-07-14,1,Consumer Goods,Thailand,India,Asia-Pacific,89500,4475.0,0.05,3.0,7,3,2.451,82.748,78.0,5.72,15.470588235294118,4.310160427807487,0.7379679144385026,22096.25668449198,40.096256684491976,0
SHP-2025-0195,2025-07-15,0,Textiles,India,USA,North America,142000,7100.0,0.05,3.5,7,3,2.451,82.748,78.0,5.72,12.544973544973544,4.28042328042328,0.3544973544973545,17865.079365079364,40.03703703703704,0
SHP-2025-0196,2025-07-16,1,Industrial Equipment,Italy,India,Asia-Pacific,227000,11350.0,0.05,5.1,7,3,2.451,82.748,78.0,5.72,15.470588235294118,4.310160427807487,0.7379679144385026,22096.25668449198,40.096256684491976,0
SHP-2025-0197,2025-07-17,0,Electronics,India,USA,North America,187000,9350.0,0.05,3.6,7,3,2.451,82.748,78.0,5.72,12.544973544973544,4.28042328042328,0.3544973544973545,17865.079365079364,40.03703703703704,1
SHP-2025-0198,2025-07-18,1,Textiles,Turkey,India,Asia-Pacific,100500,5025.0,0.05,3.8,7,3,2.451,82.748,78.0,5.72,15.470588235294118,4.310160427807487,0.7379679144385026,22096.25668449198,40.096256684491976,0
SHP-2025-0199,2025-07-19,0,Consumer Goods,India,Saudi Arabia,Other,55500,2775.0,0.05,2.5,7,3,2.451,82.748,78.0,5.72,14.824941087546131,4.293797923209689,0.6607150941184555,20499.70063783089,40.08485747834488,0
SHP-2025-0200,2025-07-20,1,Electronics,USA,India,Asia-Pacific,257000,12850.0,0.05,4.7,7,3,2.451,82.748,78.0,5.72,15.470588235294118,4.310160427807487,0.7379679144385026,22096.25668449198,40.096256684491976,0
SHP-2025-0201,2025-07-21,0,Industrial Equipment,India,South Africa,Other,117000,5850.0,0.05,4.2,7,3,2.451,82.748,78.0,5.72,14.824941087546131,4.293797923209689,0.6607150941184555,20499.70063783089,40.08485747834488,0
SHP-2025-0202,2025-07-22,1,Consumer Goods,Indonesia,India,Asia-Pacific,64500,3225.0,0.05,3.2,7,3,2.451,82.748,78.0,5.72,15.470588235294118,4.310160427807487,0.7379679144385026,22096.25668449198,40.096256684491976,0
SHP-2025-0203,2025-07-23,0,Textiles,India,Nigeria,Other,81500,4075.0,0.05,4.0,7,3,2.451,82.748,78.0,5.72,14.824941087546131,4.293797923209689,0.6607150941184555,20499.70063783089,40.08485747834488,1
SHP-2025-0204,2025-07-24,1,Industrial Equipment,Japan,India,Asia-Pacific,365000,18250.0,0.05,5.4,7,3,2.451,82.748,78.0,5.72,15.470588235294118,4.310160427807487,0.7379679144385026,22096.25668449198,40.096256684491976,0
SHP-2025-0205,2025-07-25,0,Electronics,India,Mexico,North America,144000,7200.0,0.05,4.5,7,3,2.451,82.748,78.0,5.72,12.544973544973544,4.28042328042328,0.3544973544973545,17865.079365079364,40.03703703703704,0
SHP-2025-0206,2025-07-26,1,Consumer Goods,Philippines,India,Asia-Pacific,56500,2825.0,0.05,3.4,7,3,2.451,82.748,78.0,5.72,15.470588235294118,4.310160427807487,0.7379679144385026,22096.25668449198,40.096256684491976,0
SHP-2025-0207,2025-07-27,0,Textiles,India,Egypt,Other,66500,3325.0,0.05,2.9,7,3,2.451,82.748,78.0,5.72,14.824941087546131,4.293797923209689,0.6607150941184555,20499.70063783089,40.08485747834488,0
SHP-2025-0208,2025-07-28,1,Electronics,Finland,India,Asia-Pacific,192000,9600.0,0.05,4.3,7,3,2.451,82.748,78.0,5.72,15.470588235294118,4.310160427807487,0.7379679144385026,22096.25668449198,40.096256684491976,0
SHP-2025-0209,2025-07-29,0,Consumer Goods,India,Brazil,Other,86500,4325.0,0.05,4.9,7,3,2.451,82.748,78.0,5.72,14.824941087546131,4.293797923209689,0.6607150941184555,20499.70063783089,40.08485747834488,1
SHP-2025-0210,2025-07-30,1,Industrial Equipment,South Korea,India,Asia-Pacific,317000,15850.0,0.05,5.2,7,3,2.451,82.748,78.0,5.72,15.470588235294118,4.310160427807487,0.7379679144385026,22096.25668449198,40.096256684491976,0
SHP-2025-0211,2025-07-31,0,Electronics,India,USA,North America,108500,5425.0,0.05,2.8,7,3,2.451,82.748,78.0,5.72,12.544973544973544,4.28042328042328,0.3544973544973545,17865.079365079364,40.03703703703704,0
SHP-2025-0212,2025-08-01,1,Textiles,China,India,Asia-Pacific,157000,7850.0,0.05,4.2,8,3,2.451,82.748,78.0,5.72,15.470588235294118,4.310160427807487,0.7379679144385026,22096.25668449198,40.096256684491976,0
SHP-2025-0213,2025-08-02,0,Consumer Goods,India,UK,Europe,61500,3075.0,0.05,2.5,8,3,2.451,82.748,78.0,5.72,13.973544973544973,4.185185185185185,0.6243386243386243,12507.936507936507,40.08465608465608,0
SHP-2025-0214,2025-08-03,1,Industrial Equipment,Germany,India,Asia-Pacific,297000,14850.0,0.05,4.9,8,3,2.451,82.748,78.0,5.72,15.470588235294118,4.310160427807487,0.7379679144385026,22096.25668449198,40.096256684491976,0
SHP-2025-0215,2025-08-04,0,Electronics,India,Japan,Asia-Pacific,127000,6350.0,0.05,3.2,8,3,2.451,82.748,78.0,5.72,15.470588235294118,4.310160427807487,0.7379679144385026,22096.25668449198,40.096256684491976,0
SHP-2025-0216,2025-08-05,1,Consumer Goods,Vietnam,India,Asia-Pacific,78500,3925.0,0.05,2.7,8,3,2.451,82.748,78.0,5.72,15.470588235294118,4.310160427807487,0.7379679144385026,22096.25668449198,40.096256684491976,1
SHP-2025-0217,2025-08-06,0,Textiles,India,UAE,Other,99500,4975.0,0.05,2.2,8,3,2.451,82.748,78.0,5.72,14.824941087546131,4.293797923209689,0.6607150941184555,20499.70063783089,40.08485747834488,0
SHP-2025-0218,2025-08-07,1,Electronics,South Korea,India,Asia-Pacific,222000,11100.0,0.05,4.5,8,3,2.451,82.748,78.0,5.72,15.470588235294118,4.310160427807487,0.7379679144385026,22096.25668449198,40.096256684491976,0
SHP-2025-0220,2025-08-09,1,Textiles,Bangladesh,India,Asia-Pacific,114000,5700.0,0.05,3.4,8,3,2.451,82.748,78.0,5.72,15.470588235294118,4.310160427807487,0.7379679144385026,22096.25668449198,40.096256684491976,0
SHP-2025-0221,2025-08-10,0,Consumer Goods,India,Australia,Asia-Pacific,78500,3925.0,0.05,3.8,8,3,2.451,82.748,78.0,5.72,15.470588235294118,4.310160427807487,0.7379679144385026,22096.25668449198,40.096256684491976,0
SHP-2025-0222,2025-08-11,1,Electronics,Taiwan,India,Asia-Pacific,252000,12600.0,0.05,4.7,8,3,2.451,82.748,78.0,5.72,15.470588235294118,4.310160427807487,0.7379679144385026,22096.25668449198,40.096256684491976,1
SHP-2025-0223,2025-08-12,0,Industrial Equipment,India,Netherlands,Europe,172000,8600.0,0.05,4.0,8,3,2.451,82.748,78.0,5.72,13.973544973544973,4.185185185185185,0.6243386243386243,12507.936507936507,40.08465608465608,0
SHP-2025-0224,2025-08-13,1,Consumer Goods,Thailand,India,Asia-Pacific,91500,4575.0,0.05,3.1,8,3,2.451,82.748,78.0,5.72,15.470588235294118,4.310160427807487,0.7379679144385026,22096.25668449198,40.096256684491976,0
SHP-2025-0225,2025-08-14,0,Textiles,India,USA,North America,147000,7350.0,0.05,3.6,8,3,2.451,82.748,78.0,5.72,12.544973544973544,4.28042328042328,0.3544973544973545,17865.079365079364,40.03703703703704,0
SHP-2025-0226,2025-08-15,1,Industrial Equipment,Italy,India,Asia-Pacific,232000,11600.0,0.05,5.2,8,3,2.451,82.748,78.0,5.72,15.470588235294118,4.310160427807487,0.7379679144385026,22096.25668449198,40.096256684491976,0
SHP-2025-0227,2025-08-16,0,Electronics,India,USA,North America,192000,9600.0,0.05,3.7,8,3,2.451,82.748,78.0,5.72,12.544973544973544,4.28042328042328,0.3544973544973545,17865.079365079364,40.03703703703704,0
SHP-2025-0228,2025-08-17,1,Textiles,Turkey,India,Asia-Pacific,103500,5175.0,0.05,3.9,8,3,2.451,82.748,78.0,5.72,15.470588235294118,4.310160427807487,0.7379679144385026,22096.25668449198,40.096256684491976,1
SHP-2025-0229,2025-08-18,0,Consumer Goods,India,Saudi Arabia,Other,57500,2875.0,0.05,2.6,8,3,2.451,82.748,78.0,5.72,14.824941087546131,4.293797923209689,0.6607150941184555,20499.70063783089,40.08485747834488,0
SHP-2025-0230,2025-08-19,1,Electronics,USA,India,Asia-Pacific,262000,13100.0,0.05,4.8,8,3,2.451,82.748,78.0,5.72,15.470588235294118,4.310160427807487,0.7379679144385026,22096.25668449198,40.096256684491976,0
SHP-2025-0231,2025-08-20,0,Industrial Equipment,India,South Africa,Other,120000,6000.0,0.05,4.3,8,3,2.451,82.748,78.0,5.72,14.824941087546131,4.293797923209689,0.6607150941184555,20499.70063783089,40.08485747834488,0
SHP-2025-0232,2025-08-21,1,Consumer Goods,Indonesia,India,Asia-Pacific,66500,3325.0,0.05,3.3,8,3,2.451,82.748,78.0,5.72,15.470588235294118,4.310160427807487,0.7379679144385026,22096.25668449198,40.096256684491976,0
SHP-2025-0233,2025-08-22,0,Textiles,India,Nigeria,Other,83500,4175.0,0.05,4.1,8,3,2.451,82.748,78.0,5.72,14.824941087546131,4.293797923209689,0.6607150941184555,20499.70063783089,40.08485747834488,0
SHP-2025-0234,2025-08-23,1,Industrial Equipment,Japan,India,Asia-Pacific,375000,18750.0,0.05,5.5,8,3,2.451,82.748,78.0,5.72,15.470588235294118,4.310160427807487,0.7379679144385026,22096.25668449198,40.096256684491976,1
SHP-2025-0235,2025-08-24,0,Electronics,India,Mexico,North America,147000,7350.0,0.05,4.6,8,3,2.451,82.748,78.0,5.72,12.544973544973544,4.28042328042328,0.3544973544973545,17865.079365079364,40.03703703703704,0
SHP-2025-0236,2025-08-25,1,Consumer Goods,Philippines,India,Asia-Pacific,58500,2925.0,0.05,3.5,8,3,2.451,82.748,78.0,5.72,15.470588235294118,4.310160427807487,0.7379679144385026,22096.25668449198,40.096256684491976,0
SHP-2025-0237,2025-08-26,0,Textiles,India,Egypt,Other,68500,3425.0,0.05,3.0,8,3,2.451,82.748,78.0,5.72,14.824941087546131,4.293797923209689,0.6607150941184555,20499.70063783089,40.08485747834488,0
SHP-2025-0238,2025-08-27,1,Electronics,Finland,India,Asia-Pacific,197000,9850.0,0.05,4.4,8,3,2.451,82.748,78.0,5.72,15.470588235294118,4.310160427807487,0.7379679144385026,22096.25668449198,40.096256684491976,0
SHP-2025-0239,2025-08-28,0,Consumer Goods,India,Brazil,Other,88500,4425.0,0.05,5.0,8,3,2.451,82.748,78.0,5.72,14.824941087546131,4.293797923209689,0.6607150941184555,20499.70063783089,40.08485747834488,0
SHP-2025-0240,2025-08-29,1,Industrial Equipment,South Korea,India,Asia-Pacific,322000,16100.0,0.05,5.3,8,3,2.451,82.748,78.0,5.72,15.470588235294118,4.310160427807487,0.7379679144385026,22096.25668449198,40.096256684491976,1
SHP-2025-0241,2025-08-30,0,Electronics,India,USA,North America,111500,5575.0,0.05,2.9,8,3,2.451,82.748,78.0,5.72,12.544973544973544,4.28042328042328,0.3544973544973545,17865.079365079364,40.03703703703704,0
SHP-2025-0242,2025-08-31,1,Textiles,China,India,Asia-Pacific,162000,8100.0,0.05,4.3,8,3,2.451,82.748,78.0,5.72,15.470588235294118,4.310160427807487,0.7379679144385026,22096.25668449198,40.096256684491976,0
SHP-2025-0243,2025-09-01,0,Consumer Goods,India,UK,Europe,63500,3175.0,0.05,2.6,9,3,2.451,82.748,78.0,5.72,13.973544973544973,4.185185185185185,0.6243386243386243,12507.936507936507,40.08465608465608,0
SHP-2025-0244,2025-09-02,1,Industrial Equipment,Germany,India,Asia-Pacific,302000,15100.0,0.05,5.0,9,3,2.451,82.748,78.0,5.72,15.470588235294118,4.310160427807487,0.7379679144385026,22096.25668449198,40.096256684491976,0
SHP-2025-0245,2025-09-03,0,Electronics,India,Japan,Asia-Pacific,130000,6500.0,0.05,3.3,9,3,2.451,82.748,78.0,5.72,15.470588235294118,4.310160427807487,0.7379679144385026,22096.25668449198,40.096256684491976,0
SHP-2025-0246,2025-09-04,1,Consumer Goods,Vietnam,India,Asia-Pacific,80500,4025.0,0.05,2.8,9,3,2.451,82.748,78.0,5.72,15.470588235294118,4.310160427807487,0.7379679144385026,22096.25668449198,40.096256684491976,0
SHP-2025-0247,2025-09-05,0,Textiles,India,UAE,Other,101500,5075.0,0.05,2.3,9,3,2.451,82.748,78.0,5.72,14.824941087546131,4.293797923209689,0.6607150941184555,20499.70063783089,40.08485747834488,1
SHP-2025-0248,2025-09-06,1,Electronics,South Korea,India,Asia-Pacific,227000,11350.0,0.05,4.6,9,3,2.451,82.748,78.0,5.72,15.470588235294118,4.310160427807487,0.7379679144385026,22096.25668449198,40.096256684491976,0
SHP-2025-0250,2025-09-08,1,Textiles,Bangladesh,India,Asia-Pacific,117000,5850.0,0.05,3.5,9,3,2.451,82.748,78.0,5.72,15.470588235294118,4.310160427807487,0.7379679144385026,22096.25668449198,40.096256684491976,0
SHP-2025-0251,2025-09-09,0,Consumer Goods,India,Australia,Asia-Pacific,81500,4075.0,0.05,3.9,9,3,2.451,82.748,78.0,5.72,15.470588235294118,4.310160427807487,0.7379679144385026,22096.25668449198,40.096256684491976,0
SHP-2025-0252,2025-09-10,1,Electronics,Taiwan,India,Asia-Pacific,257000,12850.0,0.05,4.8,9,3,2.451,82.748,78.0,5.72,15.470588235294118,4.310160427807487,0.7379679144385026,22096.25668449198,40.096256684491976,0
SHP-2025-0253,2025-09-11,0,Industrial Equipment,India,Netherlands,Europe,177000,8850.0,0.05,4.1,9,3,2.451,82.748,78.0,5.72,13.973544973544973,4.185185185185185,0.6243386243386243,12507.936507936507,40.08465608465608,1
SHP-2025-0254,2025-09-12,1,Consumer Goods,Thailand,India,Asia-Pacific,93500,4675.0,0.05,3.2,9,3,2.451,82.748,78.0,5.72,15.470588235294118,4.310160427807487,0.7379679144385026,22096.25668449198,40.096256684491976,0
SHP-2025-0255,2025-09-13,0,Textiles,India,USA,North America,152000,7600.0,0.05,3.7,9,3,2.451,82.748,78.0,5.72,12.544973544973544,4.28042328042328,0.3544973544973545,17865.079365079364,40.03703703703704,0
SHP-2025-0256,2025-09-14,1,Industrial Equipment,Italy,India,Asia-Pacific,237000,11850.0,0.05,5.3,9,3,2.451,82.748,78.0,5.72,15.470588235294118,4.310160427807487,0.7379679144385026,22096.25668449198,40.096256684491976,0
SHP-2025-0257,2025-09-15,0,Electronics,India,USA,North America,197000,9850.0,0.05,3.8,9,3,2.451,82.748,78.0,5.72,12.544973544973544,4.28042328042328,0.3544973544973545,17865.079365079364,40.03703703703704,0
SHP-2025-0258,2025-09-16,1,Textiles,Turkey,India,Asia-Pacific,106500,5325.0,0.05,4.0,9,3,2.451,82.748,78.0,5.72,15.470588235294118,4.310160427807487,0.7379679144385026,22096.25668449198,40.096256684491976,0
SHP-2025-0259,2025-09-17,0,Consumer Goods,India,Saudi Arabia,Other,59500,2975.0,0.05,2.7,9,3,2.451,82.748,78.0,5.72,14.824941087546131,4.293797923209689,0.6607150941184555,20499.70063783089,40.08485747834488,1
SHP-2025-0260,2025-09-18,1,Electronics,USA,India,Asia-Pacific,267000,13350.0,0.05,4.9,9,3,2.451,82.748,78.0,5.72,15.470588235294118,4.310160427807487,0.7379679144385026,22096.25668449198,40.096256684491976,0
SHP-2025-0261,2025-09-19,0,Industrial Equipment,India,South Africa,Other,124000,6200.0,0.05,4.4,9,3,2.451,82.748,78.0,5.72,14.824941087546131,4.293797923209689,0.6607150941184555,20499.70063783089,40.08485747834488,0
SHP-2025-0262,2025-09-20,1,Consumer Goods,Indonesia,India,Asia-Pacific,68500,3425.0,0.05,3.4,9,3,2.451,82.748,78.0,5.72,15.470588235294118,4.310160427807487,0.7379679144385026,22096.25668449198,40.096256684491976,0
SHP-2025-0263,2025-09-21,0,Textiles,India,Nigeria,Other,86500,4325.0,0.05,4.2,9,3,2.451,82.748,78.0,5.72,14.824941087546131,4.293797923209689,0.6607150941184555,20499.70063783089,40.08485747834488,0
SHP-2025-0264,2025-09-22,1,Industrial Equipment,Japan,India,Asia-Pacific,385000,19250.0,0.05,5.6,9,3,2.451,82.748,78.0,5.72,15.470588235294118,4.310160427807487,0.7379679144385026,22096.25668449198,40.096256684491976,0
SHP-2025-0265,2025-09-23,0,Electronics,India,Mexico,North America,150000,7500.0,0.05,4.7,9,3,2.451,82.748,78.0,5.72,12.544973544973544,4.28042328042328,0.3544973544973545,17865.079365079364,40.03703703703704,1
SHP-2025-0266,2025-09-24,1,Consumer Goods,Philippines,India,Asia-Pacific,60500,3025.0,0.05,3.6,9,3,2.451,82.748,78.0,5.72,15.470588235294118,4.310160427807487,0.7379679144385026,22096.25668449198,40.096256684491976,0
SHP-2025-0267,2025-09-25,0,Textiles,India,Egypt,Other,70500,3525.0,0.05,3.1,9,3,2.451,82.748,78.0,5.72,14.824941087546131,4.293797923209689,0.6607150941184555,20499.70063783089,40.08485747834488,0
SHP-2025-0268,2025-09-26,1,Electronics,Finland,India,Asia-Pacific,202000,10100.0,0.05,4.5,9,3,2.451,82.748,78.0,5.72,15.470588235294118,4.310160427807487,0.7379679144385026,22096.25668449198,40.096256684491976,0
SHP-2025-0269,2025-09-27,0,Consumer Goods,India,Brazil,Other,91500,4575.0,0.05,5.1,9,3,2.451,82.748,78.0,5.72,14.824941087546131,4.293797923209689,0.6607150941184555,20499.70063783089,40.08485747834488,0
SHP-2025-0270,2025-09-28,1,Industrial Equipment,South Korea,India,Asia-Pacific,327000,16350.0,0.05,5.4,9,3,2.451,82.748,78.0,5.72,15.470588235294118,4.310160427807487,0.7379679144385026,22096.25668449198,40.096256684491976,0
SHP-2025-0271,2025-09-29,0,Electronics,India,USA,North America,114500,5725.0,0.05,3.0,9,3,2.451,82.748,78.0,5.72,12.544973544973544,4.28042328042328,0.3544973544973545,17865.079365079364,40.03703703703704,1
SHP-2025-0272,2025-09-30,1,Textiles,China,India,Asia-Pacific,167000,8350.0,0.05,4.4,9,3,2.451,82.748,78.0,5.72,15.470588235294118,4.310160427807487,0.7379679144385026,22096.25668449198,40.096256684491976,0
SHP-2025-0273,2025-10-01,0,Consumer Goods,India,UK,Europe,65500,3275.0,0.05,2.7,10,4,2.451,82.748,78.0,5.72,13.973544973544973,4.185185185185185,0.6243386243386243,12507.936507936507,40.08465608465608,0
SHP-2025-0274,2025-10-02,1,Industrial Equipment,Germany,India,Asia-Pacific,307000,15350.0,0.05,5.1,10,4,2.451,82.748,78.0,5.72,15.470588235294118,4.310160427807487,0.7379679144385026,22096.25668449198,40.096256684491976,0
SHP-2025-0275,2025-10-03,0,Electronics,India,Japan,Asia-Pacific,134000,6700.0,0.05,3.4,10,4,2.451,82.748,78.0,5.72,15.470588235294118,4.310160427807487,0.7379679144385026,22096.25668449198,40.096256684491976,0
SHP-2025-0276,2025-10-04,1,Consumer Goods,Vietnam,India,Asia-Pacific,82500,4125.0,0.05,2.9,10,4,2.451,82.748,78.0,5.72,15.470588235294118,4.310160427807487,0.7379679144385026,22096.25668449198,40.096256684491976,0
SHP-2025-0277,2025-10-05,0,Textiles,India,UAE,Other,104500,5225.0,0.05,2.4,10,4,2.451,82.748,78.0,5.72,14.824941087546131,4.293797923209689,0.6607150941184555,20499.70063783089,40.08485747834488,0
SHP-2025-0278,2025-10-06,1,Electronics,South Korea,India,Asia-Pacific,232000,11600.0,0.05,4.7,10,4,2.451,82.748,78.0,5.72,15.470588235294118,4.310160427807487,0.7379679144385026,22096.25668449198,40.096256684491976,1
SHP-2025-0280,2025-10-08,1,Textiles,Bangladesh,India,Asia-Pacific,120000,6000.0,0.05,3.6,10,4,2.451,82.748,78.0,5.72,15.470588235294118,4.310160427807487,0.7379679144385026,22096.25668449198,40.096256684491976,0
SHP-2025-0281,2025-10-09,0,Consumer Goods,India,Australia,Asia-Pacific,84500,4225.0,0.05,4.0,10,4,2.451,82.748,78.0,5.72,15.470588235294118,4.310160427807487,0.7379679144385026,22096.25668449198,40.096256684491976,0
SHP-2025-0282,2025-10-10,1,Electronics,Taiwan,India,Asia-Pacific,262000,13100.0,0.05,4.9,10,4,2.451,82.748,78.0,5.72,15.470588235294118,4.310160427807487,0.7379679144385026,22096.25668449198,40.096256684491976,0
SHP-2025-0283,2025-10-11,0,Industrial Equipment,India,Netherlands,Europe,182000,9100.0,0.05,4.2,10,4,2.451,82.748,78.0,5.72,13.973544973544973,4.185185185185185,0.6243386243386243,12507.936507936507,40.08465608465608,0
SHP-2025-0284,2025-10-12,1,Consumer Goods,Thailand,India,Asia-Pacific,96500,4825.0,0.05,3.3,10,4,2.451,82.748,78.0,5.72,15.470588235294118,4.310160427807487,0.7379679144385026,22096.25668449198,40.096256684491976,1
SHP-2025-0285,2025-10-13,0,Textiles,India,USA,North America,157000,7850.0,0.05,3.8,10,4,2.451,82.748,78.0,5.72,12.544973544973544,4.28042328042328,0.3544973544973545,17865.079365079364,40.03703703703704,0
SHP-2025-0286,2025-10-14,1,Industrial Equipment,Italy,India,Asia-Pacific,242000,12100.0,0.05,5.4,10,4,2.451,82.748,78.0,5.72,15.470588235294118,4.310160427807487,0.7379679144385026,22096.25668449198,40.096256684491976,0
SHP-2025-0287,2025-10-15,0,Electronics,India,USA,North America,202000,10100.0,0.05,3.9,10,4,2.451,82.748,78.0,5.72,12.544973544973544,4.28042328042328,0.3544973544973545,17865.079365079364,40.03703703703704,0
SHP-2025-0288,2025-10-16,1,Textiles,Turkey,India,Asia-Pacific,109500,5475.0,0.05,4.1,10,4,2.451,82.748,78.0,5.72,15.470588235294118,4.310160427807487,0.7379679144385026,22096.25668449198,40.096256684491976,0
SHP-2025-0289,2025-10-17,0,Consumer Goods,India,Saudi Arabia,Other,61500,3075.0,0.05,2.8,10,4,2.451,82.748,78.0,5.72,14.824941087546131,4.293797923209689,0.6607150941184555,20499.70063783089,40.08485747834488,0
SHP-2025-0290,2025-10-18,1,Electronics,USA,India,Asia-Pacific,272000,13600.0,0.05,5.0,10,4,2.451,82.748,78.0,5.72,15.470588235294118,4.310160427807487,0.7379679144385026,22096.25668449198,40.096256684491976,1
SHP-2025-0291,2025-10-19,0,Industrial Equipment,India,South Africa,Other,127000,6350.0,0.05,4.5,10,4,2.451,82.748,78.0,5.72,14.824941087546131,4.293797923209689,0.6607150941184555,20499.70063783089,40.08485747834488,0
SHP-2025-0292,2025-10-20,1,Consumer Goods,Indonesia,India,Asia-Pacific,70500,3525.0,0.05,3.5,10,4,2.451,82.748,78.0,5.72,15.470588235294118,4.310160427807487,0.7379679144385026,22096.25668449198,40.096256684491976,0
SHP-2025-0293,2025-10-21,0,Textiles,India,Nigeria,Other,89500,4475.0,0.05,4.3,10,4,2.451,82.748,78.0,5.72,14.824941087546131,4.293797923209689,0.6607150941184555,20499.70063783089,40.08485747834488,0
SHP-2025-0294,2025-10-22,1,Industrial Equipment,Japan,India,Asia-Pacific,395000,19750.0,0.05,5.7,10,4,2.451,82.748,78.0,5.72,15.470588235294118,4.310160427807487,0.7379679144385026,22096.25668449198,40.096256684491976,0
SHP-2025-0295,2025-10-23,0,Electronics,India,Mexico,North America,154000,7700.0,0.05,4.8,10,4,2.451,82.748,78.0,5.72,12.544973544973544,4.28042328042328,0.3544973544973545,17865.079365079364,40.03703703703704,0
SHP-2025-0296,2025-10-24,1,Consumer Goods,Philippines,India,Asia-Pacific,62500,3125.0,0.05,3.7,10,4,2.451,82.748,78.0,5.72,15.470588235294118,4.310160427807487,0.7379679144385026,22096.25668449198,40.096256684491976,1
SHP-2025-0297,2025-10-25,0,Textiles,India,Egypt,Other,72500,3625.0,0.05,3.2,10,4,2.451,82.748,78.0,5.72,14.824941087546131,4.293797923209689,0.6607150941184555,20499.70063783089,40.08485747834488,0
SHP-2025-0298,2025-10-26,1,Electronics,Finland,India,Asia-Pacific,207000,10350.0,0.05,4.6,10,4,2.451,82.748,78.0,5.72,15.470588235294118,4.310160427807487,0.7379679144385026,22096.25668449198,40.096256684491976,0
SHP-2025-0299,2025-10-27,0,Consumer Goods,India,Brazil,Other,94500,4725.0,0.05,5.2,10,4,2.451,82.748,78.0,5.72,14.824941087546131,4.293797923209689,0.6607150941184555,20499.70063783089,40.08485747834488,0
SHP-2025-0300,2025-10-28,1,Industrial Equipment,South Korea,India,Asia-Pacific,332000,16600.0,0.05,5.5,10,4,2.451,82.748,78.0,5.72,15.470588235294118,4.310160427807487,0.7379679144385026,22096.25668449198,40.096256684491976,0
SHP-2025-0301,2025-10-29,0,Electronics,India,USA,North America,117500,5875.0,0.05,3.1,10,4,2.451,82.748,78.0,5.72,12.544973544973544,4.28042328042328,0.3544973544973545,17865.079365079364,40.03703703703704,0
SHP-2025-0302,2025-10-30,1,Textiles,China,India,Asia-Pacific,172000,8600.0,0.05,4.5,10,4,2.451,82.748,78.0,5.72,15.470588235294118,4.310160427807487,0.7379679144385026,22096.25668449198,40.096256684491976,1
SHP-2025-0303,2025-10-31,0,Consumer Goods,India,UK,Europe,67500,3375.0,0.05,2.8,10,4,2.451,82.748,78.0,5.72,13.973544973544973,4.185185185185185,0.6243386243386243,12507.936507936507,40.08465608465608,0
SHP-2025-0304,2025-11-01,1,Industrial Equipment,Germany,India,Asia-Pacific,312000,15600.0,0.05,5.2,11,4,2.451,82.748,78.0,5.72,15.470588235294118,4.310160427807487,0.7379679144385026,22096.25668449198,40.096256684491976,0
SHP-2025-0305,2025-11-02,0,Electronics,India,Japan,Asia-Pacific,137000,6850.0,0.05,3.5,11,4,2.451,82.748,78.0,5.72,15.470588235294118,4.310160427807487,0.7379679144385026,22096.25668449198,40.096256684491976,0
SHP-2025-0306,2025-11-03,1,Consumer Goods,Vietnam,India,Asia-Pacific,84500,4225.0,0.05,3.0,11,4,2.451,82.748,78.0,5.72,15.470588235294118,4.310160427807487,0.7379679144385026,22096.25668449198,40.096256684491976,0
SHP-2025-0307,2025-11-04,0,Textiles,India,UAE,Other,107500,5375.0,0.05,2.5,11,4,2.451,82.748,78.0,5.72,14.824941087546131,4.293797923209689,0.6607150941184555,20499.70063783089,40.08485747834488,0
SHP-2025-0308,2025-11-05,1,Electronics,South Korea,India,Asia-Pacific,237000,11850.0,0.05,4.8,11,4,2.451,82.748,78.0,5.72,15.470588235294118,4.310160427807487,0.7379679144385026,22096.25668449198,40.096256684491976,0
SHP-2025-0310,2025-11-07,1,Textiles,Bangladesh,India,Asia-Pacific,124000,6200.0,0.05,3.7,11,4,2.451,82.748,78.0,5.72,15.470588235294118,4.310160427807487,0.7379679144385026,22096.25668449198,40.096256684491976,0
SHP-2025-0311,2025-11-08,0,Consumer Goods,India,Australia,Asia-Pacific,87500,4375.0,0.05,4.1,11,4,2.451,82.748,78.0,5.72,15.470588235294118,4.310160427807487,0.7379679144385026,22096.25668449198,40.096256684491976,0
SHP-2025-0312,2025-11-09,1,Electronics,Taiwan,India,Asia-Pacific,267000,13350.0,0.05,5.0,11,4,2.451,82.748,78.0,5.72,15.470588235294118,4.310160427807487,0.7379679144385026,22096.25668449198,40.096256684491976,0
SHP-2025-0313,2025-11-10,0,Industrial Equipment,India,Netherlands,Europe,187000,9350.0,0.05,4.3,11,4,2.451,82.748,78.0,5.72,13.973544973544973,4.185185185185185,0.6243386243386243,12507.936507936507,40.08465608465608,0
SHP-2025-0314,2025-11-11,1,Consumer Goods,Thailand,India,Asia-Pacific,99500,4975.0,0.05,3.4,11,4,2.451,82.748,78.0,5.72,15.470588235294118,4.310160427807487,0.7379679144385026,22096.25668449198,40.096256684491976,0
SHP-2025-0315,2025-11-12,0,Textiles,India,USA,North America,162000,8100.0,0.05,3.9,11,4,2.451,82.748,78.0,5.72,12.544973544973544,4.28042328042328,0.3544973544973545,17865.079365079364,40.03703703703704,1
SHP-2025-0316,2025-11-13,1,Industrial Equipment,Italy,India,Asia-Pacific,247000,12350.0,0.05,5.5,11,4,2.451,82.748,78.0,5.72,15.470588235294118,4.310160427807487,0.7379679144385026,22096.25668449198,40.096256684491976,0
SHP-2025-0317,2025-11-14,0,Electronics,India,USA,North America,207000,10350.0,0.05,4.0,11,4,2.451,82.748,78.0,5.72,12.544973544973544,4.28042328042328,0.3544973544973545,17865.079365079364,40.03703703703704,0
SHP-2025-0318,2025-11-15,1,Textiles,Turkey,India,Asia-Pacific,114000,5700.0,0.05,4.2,11,4,2.451,82.748,78.0,5.72,15.470588235294118,4.310160427807487,0.7379679144385026,22096.25668449198,40.096256684491976,0
SHP-2025-0319,2025-11-16,0,Consumer Goods,India,Saudi Arabia,Other,64500,3225.0,0.05,2.9,11,4,2.451,82.748,78.0,5.72,14.824941087546131,4.293797923209689,0.6607150941184555,20499.70063783089,40.08485747834488,0
SHP-2025-0320,2025-11-17,1,Electronics,USA,India,Asia-Pacific,277000,13850.0,0.05,5.1,11,4,2.451,82.748,78.0,5.72,15.470588235294118,4.310160427807487,0.7379679144385026,22096.25668449198,40.096256684491976,0
SHP-2025-0321,2025-11-18,0,Industrial Equipment,India,South Africa,Other,130000,6500.0,0.05,4.6,11,4,2.451,82.748,78.0,5.72,14.824941087546131,4.293797923209689,0.6607150941184555,20499.70063783089,40.08485747834488,1
SHP-2025-0322,2025-11-19,1,Consumer Goods,Indonesia,India,Asia-Pacific,72500,3625.0,0.05,3.6,11,4,2.451,82.748,78.0,5.72,15.470588235294118,4.310160427807487,0.7379679144385026,22096.25668449198,40.096256684491976,0
SHP-2025-0323,2025-11-20,0,Textiles,India,Nigeria,Other,91500,4575.0,0.05,4.4,11,4,2.451,82.748,78.0,5.72,14.824941087546131,4.293797923209689,0.6607150941184555,20499.70063783089,40.08485747834488,0
SHP-2025-0324,2025-11-21,1,Industrial Equipment,Japan,India,Asia-Pacific,405000,20250.0,0.05,5.8,11,4,2.451,82.748,78.0,5.72,15.470588235294118,4.310160427807487,0.7379679144385026,22096.25668449198,40.096256684491976,0
SHP-2025-0325,2025-11-22,0,Electronics,India,Mexico,North America,157000,7850.0,0.05,4.9,11,4,2.451,82.748,78.0,5.72,12.544973544973544,4.28042328042328,0.3544973544973545,17865.079365079364,40.03703703703704,0
SHP-2025-0326,2025-11-23,1,Consumer Goods,Philippines,India,Asia-Pacific,64500,3225.0,0.05,3.8,11,4,2.451,82.748,78.0,5.72,15.470588235294118,4.310160427807487,0.7379679144385026,22096.25668449198,40.096256684491976,0
SHP-2025-0327,2025-11-24,0,Textiles,India,Egypt,Other,74500,3725.0,0.05,3.3,11,4,2.451,82.748,78.0,5.72,14.824941087546131,4.293797923209689,0.6607150941184555,20499.70063783089,40.08485747834488,1
SHP-2025-0328,2025-11-25,1,Electronics,Finland,India,Asia-Pacific,212000,10600.0,0.05,4.7,11,4,2.451,82.748,78.0,5.72,15.470588235294118,4.310160427807487,0.7379679144385026,22096.25668449198,40.096256684491976,0
SHP-2025-0329,2025-11-26,0,Consumer Goods,India,Brazil,Other,97500,4875.0,0.05,5.3,11,4,2.451,82.748,78.0,5.72,14.824941087546131,4.293797923209689,0.6607150941184555,20499.70063783089,40.08485747834488,0
SHP-2025-0330,2025-11-27,1,Industrial Equipment,South Korea,India,Asia-Pacific,337000,16850.0,0.05,5.6,11,4,2.451,82.748,78.0,5.72,15.470588235294118,4.310160427807487,0.7379679144385026,22096.25668449198,40.096256684491976,0
SHP-2025-0331,2025-11-28,0,Electronics,India,USA,North America,120500,6025.0,0.05,3.2,11,4,2.451,82.748,78.0,5.72,12.544973544973544,4.28042328042328,0.3544973544973545,17865.079365079364,40.03703703703704,0
SHP-2025-0332,2025-11-29,1,Textiles,China,India,Asia-Pacific,177000,8850.0,0.05,4.6,11,4,2.451,82.748,78.0,5.72,15.470588235294118,4.310160427807487,0.7379679144385026,22096.25668449198,40.096256684491976,0
SHP-2025-0333,2025-11-30,0,Consumer Goods,India,UK,Europe,69500,3475.0,0.05,2.9,11,4,2.451,82.748,78.0,5.72,13.973544973544973,4.185185185185185,0.6243386243386243,12507.936507936507,40.08465608465608,1
SHP-2025-0334,2025-12-01,1,Industrial Equipment,Germany,India,Asia-Pacific,317000,15850.0,0.05,5.3,12,4,2.451,82.748,78.0,5.72,15.470588235294118,4.310160427807487,0.7379679144385026,22096.25668449198,40.096256684491976,0
SHP-2025-0335,2025-12-02,0,Electronics,India,Japan,Asia-Pacific,140000,7000.0,0.05,3.6,12,4,2.451,82.748,78.0,5.72,15.470588235294118,4.310160427807487,0.7379679144385026,22096.25668449198,40.096256684491976,0
SHP-2025-0336,2025-12-03,1,Consumer Goods,Vietnam,India,Asia-Pacific,86500,4325.0,0.05,3.1,12,4,2.451,82.748,78.0,5.72,15.470588235294118,4.310160427807487,0.7379679144385026,22096.25668449198,40.096256684491976,0
SHP-2025-0337,2025-12-04,0,Textiles,India,UAE,Other,110500,5525.0,0.05,2.6,12,4,2.451,82.748,78.0,5.72,14.824941087546131,4.293797923209689,0.6607150941184555,20499.70063783089,40.08485747834488,0
SHP-2025-0338,2025-12-05,1,Electronics,South Korea,India,Asia-Pacific,242000,12100.0,0.05,4.9,12,4,2.451,82.748,78.0,5.72,15.470588235294118,4.310160427807487,0.7379679144385026,22096.25668449198,40.096256684491976,0
SHP-2025-0340,2025-12-07,1,Textiles,Bangladesh,India,Asia-Pacific,127000,6350.0,0.05,3.8,12,4,2.451,82.748,78.0,5.72,15.470588235294118,4.310160427807487,0.7379679144385026,22096.25668449198,40.096256684491976,1
SHP-2025-0341,2025-12-08,0,Consumer Goods,India,Australia,Asia-Pacific,90500,4525.0,0.05,4.2,12,4,2.451,82.748,78.0,5.72,15.470588235294118,4.310160427807487,0.7379679144385026,22096.25668449198,40.096256684491976,0
SHP-2025-0342,2025-12-09,1,Electronics,Taiwan,India,Asia-Pacific,272000,13600.0,0.05,5.1,12,4,2.451,82.748,78.0,5.72,15.470588235294118,4.310160427807487,0.7379679144385026,22096.25668449198,40.096256684491976,0
SHP-2025-0343,2025-12-10,0,Industrial Equipment,India,Netherlands,Europe,192000,9600.0,0.05,4.4,12,4,2.451,82.748,78.0,5.72,13.973544973544973,4.185185185185185,0.6243386243386243,12507.936507936507,40.08465608465608,0
SHP-2025-0344,2025-12-11,1,Consumer Goods,Thailand,India,Asia-Pacific,102500,5125.0,0.05,3.5,12,4,2.451,82.748,78.0,5.72,15.470588235294118,4.310160427807487,0.7379679144385026,22096.25668449198,40.096256684491976,0
SHP-2025-0345,2025-12-12,0,Textiles,India,USA,North America,167000,8350.0,0.05,4.0,12,4,2.451,82.748,78.0,5.72,12.544973544973544,4.28042328042328,0.3544973544973545,17865.079365079364,40.03703703703704,0
SHP-2025-0346,2025-12-13,1,Industrial Equipment,Italy,India,Asia-Pacific,252000,12600.0,0.05,5.6,12,4,2.451,82.748,78.0,5.72,15.470588235294118,4.310160427807487,0.7379679144385026,22096.25668449198,40.096256684491976,1
SHP-2025-0347,2025-12-14,0,Electronics,India,USA,North America,212000,10600.0,0.05,4.1,12,4,2.451,82.748,78.0,5.72,12.544973544973544,4.28042328042328,0.3544973544973545,17865.079365079364,40.03703703703704,0
SHP-2025-0348,2025-12-15,1,Textiles,Turkey,India,Asia-Pacific,117000,5850.0,0.05,4.3,12,4,2.451,82.748,78.0,5.72,15.470588235294118,4.310160427807487,0.7379679144385026,22096.25668449198,40.096256684491976,0
SHP-2025-0349,2025-12-16,0,Consumer Goods,India,Saudi Arabia,Other,66500,3325.0,0.05,3.0,12,4,2.451,82.748,78.0,5.72,14.824941087546131,4.293797923209689,0.6607150941184555,20499.70063783089,40.08485747834488,0
SHP-2025-0350,2025-12-17,1,Electronics,USA,India,Asia-Pacific,282000,14100.0,0.05,5.2,12,4,2.451,82.748,78.0,5.72,15.470588235294118,4.310160427807487,0.7379679144385026,22096.25668449198,40.096256684491976,0
SHP-2025-0351,2025-12-18,0,Industrial Equipment,India,South Africa,Other,134000,6700.0,0.05,4.7,12,4,2.451,82.748,78.0,5.72,14.824941087546131,4.293797923209689,0.6607150941184555,20499.70063783089,40.08485747834488,0
SHP-2025-0352,2025-12-19,1,Consumer Goods,Indonesia,India,Asia-Pacific,74500,3725.0,0.05,3.7,12,4,2.451,82.748,78.0,5.72,15.470588235294118,4.310160427807487,0.7379679144385026,22096.25668449198,40.096256684491976,1
SHP-2025-0353,2025-12-20,0,Textiles,India,Nigeria,Other,94500,4725.0,0.05,4.5,12,4,2.451,82.748,78.0,5.72,14.824941087546131,4.293797923209689,0.6607150941184555,20499.70063783089,40.08485747834488,0
SHP-2025-0354,2025-12-21,1,Industrial Equipment,Japan,India,Asia-Pacific,415000,20750.0,0.05,5.9,12,4,2.451,82.748,78.0,5.72,15.470588235294118,4.310160427807487,0.7379679144385026,22096.25668449198,40.096256684491976,0
SHP-2025-0355,2025-12-22,0,Electronics,India,Mexico,North America,160000,8000.0,0.05,5.0,12,4,2.451,82.748,78.0,5.72,12.544973544973544,4.28042328042328,0.3544973544973545,17865.079365079364,40.03703703703704,0
SHP-2025-0356,2025-12-23,1,Consumer Goods,Philippines,India,Asia-Pacific,66500,3325.0,0.05,3.9,12,4,2.451,82.748,78.0,5.72,15.470588235294118,4.310160427807487,0.7379679144385026,22096.25668449198,40.096256684491976,0
SHP-2025-0357,2025-12-24,0,Textiles,India,Egypt,Other,76500,3825.0,0.05,3.4,12,4,2.451,82.748,78.0,5.72,14.824941087546131,4.293797923209689,0.6607150941184555,20499.70063783089,40.08485747834488,0
SHP-2025-0358,2025-12-25,1,Electronics,Finland,India,Asia-Pacific,217000,10850.0,0.05,4.8,12,4,2.451,82.748,78.0,5.72,15.470588235294118,4.310160427807487,0.7379679144385026,22096.25668449198,40.096256684491976,1
SHP-2025-0359,2025-12-26,0,Consumer Goods,India,Brazil,Other,100500,5025.0,0.05,5.4,12,4,2.451,82.748,78.0,5.72,14.824941087546131,4.293797923209689,0.6607150941184555,20499.70063783089,40.08485747834488,0
SHP-2025-0360,2025-12-27,1,Industrial Equipment,South Korea,India,Asia-Pacific,342000,17100.0,0.05,5.7,12,4,2.451,82.748,78.0,5.72,15.470588235294118,4.310160427807487,0.7379679144385026,22096.25668449198,40.096256684491976,0
SHP-2025-0361,2025-12-28,0,Electronics,India,USA,North America,123500,6175.0,0.05,3.3,12,4,2.451,82.748,78.0,5.72,12.544973544973544,4.28042328042328,0.3544973544973545,17865.079365079364,40.03703703703704,0
SHP-2025-0362,2025-12-29,1,Textiles,China,India,Asia-Pacific,182000,9100.0,0.05,4.7,12,4,2.451,82.748,78.0,5.72,15.470588235294118,4.310160427807487,0.7379679144385026,22096.25668449198,40.096256684491976,0
SHP-2025-0363,2025-12-30,0,Consumer Goods,India,UK,Europe,71500,3575.0,0.05,3.0,12,4,2.451,82.748,78.0,5.72,13.973544973544973,4.185185185185185,0.6243386243386243,12507.936507936507,40.08465608465608,0
SHP-2025-0364,2025-12-31,1,Industrial Equipment,Germany,India,Asia-Pacific,322000,16100.0,0.05,5.4,12,4,2.451,82.748,78.0,5.72,15.470588235294118,4.310160427807487,0.7379679144385026,22096.25668449198,40.096256684491976,1
