Order Id,risk_score,risk_tier,Shipping Mode,actual_late
9171,0.9982,High,First Class,1
9171,0.9982,High,First Class,1
3432,0.9981,High,First Class,1
3432,0.9981,High,First Class,1
3432,0.9981,High,First Class,1
36502,0.9981,High,First Class,1
33311,0.998,High,First Class,1
33311,0.998,High,First Class,1
33311,0.998,High,First Class,1
1972,0.998,High,First Class,1
33311,0.998,High,First Class,1
1972,0.998,High,First Class,1
1972,0.998,High,First Class,1
1061,0.9979,High,First Class,1
1061,0.9979,High,First Class,1
53256,0.9979,High,First Class,1
37073,0.9979,High,First Class,1
3432,0.9979,High,First Class,1
53256,0.9979,High,First Class,1
37073,0.9979,High,First Class,1
5853,0.9979,High,First Class,1
5853,0.9979,High,First Class,1
5853,0.9979,High,First Class,1
1061,0.9979,High,First Class,1
1061,0.9979,High,First Class,1
37073,0.9979,High,First Class,1
37073,0.9978,High,First Class,1
19726,0.9978,High,First Class,1
49659,0.9978,High,First Class,1
52351,0.9977,High,First Class,1
65957,0.9977,High,First Class,1
52351,0.9977,High,First Class,1
52351,0.9977,High,First Class,1
19726,0.9977,High,First Class,1
12521,0.9977,High,First Class,1
44682,0.9977,High,First Class,1
52351,0.9977,High,First Class,1
19726,0.9977,High,First Class,1
44682,0.9977,High,First Class,1
44682,0.9977,High,First Class,1
6021,0.9976,High,First Class,1
6021,0.9976,High,First Class,1
12521,0.9976,High,First Class,1
20519,0.9976,High,First Class,1
71016,0.9976,High,First Class,1
49659,0.9976,High,First Class,1
20519,0.9976,High,First Class,1
20519,0.9976,High,First Class,1
73457,0.9975,High,First Class,1
74884,0.9975,High,First Class,1
65957,0.9975,High,First Class,1
63318,0.9975,High,First Class,1
63318,0.9975,High,First Class,1
7831,0.9975,High,First Class,1
7831,0.9975,High,First Class,1
52251,0.9975,High,First Class,1
7831,0.9975,High,First Class,1
6021,0.9975,High,First Class,1
18631,0.9974,High,First Class,1
64,0.9974,High,First Class,1
52251,0.9974,High,First Class,1
64,0.9974,High,First Class,1
64,0.9974,High,First Class,1
20519,0.9974,High,First Class,1
52251,0.9974,High,First Class,1
18631,0.9974,High,First Class,1
18631,0.9974,High,First Class,1
64,0.9974,High,First Class,1
19399,0.9974,High,First Class,1
64,0.9974,High,First Class,1
67967,0.9974,High,First Class,1
22246,0.9973,High,First Class,1
75953,0.9973,High,First Class,1
22246,0.9973,High,First Class,1
22246,0.9973,High,First Class,1
49477,0.9973,High,First Class,1
19399,0.9973,High,First Class,1
73313,0.9973,High,First Class,1
266,0.9973,High,First Class,1
57311,0.9972,High,First Class,1
57311,0.9972,High,First Class,1
28672,0.9972,High,First Class,1
17491,0.9972,High,First Class,1
22247,0.9972,High,First Class,1
57311,0.9972,High,First Class,1
22247,0.9972,High,First Class,1
22247,0.9972,High,First Class,1
8697,0.9972,High,First Class,1
19606,0.9972,High,First Class,1
28672,0.9972,High,First Class,1
28672,0.9972,High,First Class,1
17491,0.9972,High,First Class,1
48278,0.9972,High,First Class,1
17491,0.9972,High,First Class,1
17491,0.9972,High,First Class,1
17491,0.9972,High,First Class,1
57311,0.9972,High,First Class,1
57311,0.9972,High,First Class,1
25115,0.9972,High,First Class,1
25115,0.9972,High,First Class,1
22247,0.9972,High,First Class,1
67967,0.9972,High,First Class,1
48278,0.9972,High,First Class,1
48278,0.9972,High,First Class,1
22247,0.9972,High,First Class,1
41349,0.9971,High,First Class,1
42443,0.9971,High,First Class,1
64868,0.9971,High,First Class,1
28645,0.9971,High,First Class,1
64868,0.9971,High,First Class,1
65909,0.9971,High,First Class,1
65909,0.9971,High,First Class,1
19393,0.9971,High,First Class,1
18631,0.9971,High,First Class,1
19606,0.9971,High,First Class,1
28645,0.9971,High,First Class,1
25115,0.9971,High,First Class,1
67709,0.9971,High,First Class,1
64868,0.9971,High,First Class,1
42443,0.9971,High,First Class,1
41349,0.9971,High,First Class,1
41349,0.9971,High,First Class,1
42443,0.9971,High,First Class,1
28645,0.9971,High,First Class,1
19606,0.9971,High,First Class,1
41349,0.9971,High,First Class,1
65909,0.9971,High,First Class,1
19393,0.9971,High,First Class,1
42443,0.9971,High,First Class,1
65909,0.9971,High,First Class,1
65909,0.9971,High,First Class,1
64868,0.9971,High,First Class,1
28645,0.9971,High,First Class,1
28672,0.9971,High,First Class,1
19393,0.9971,High,First Class,1
19393,0.9971,High,First Class,1
28645,0.9971,High,First Class,1
45298,0.997,High,First Class,1
33847,0.997,High,First Class,1
33847,0.997,High,First Class,1
4802,0.997,High,First Class,1
4802,0.997,High,First Class,1
43768,0.997,High,First Class,1
5686,0.997,High,First Class,1
5686,0.997,High,First Class,1
5686,0.997,High,First Class,1
45298,0.997,High,First Class,1
557,0.997,High,First Class,1
60053,0.997,High,First Class,1
59412,0.997,High,First Class,1
33847,0.997,High,First Class,1
59805,0.997,High,First Class,1
59412,0.997,High,First Class,1
557,0.997,High,First Class,1
31954,0.997,High,First Class,1
31954,0.997,High,First Class,1
19491,0.997,High,First Class,1
59412,0.997,High,First Class,1
60053,0.997,High,First Class,1
31954,0.997,High,First Class,1
557,0.997,High,First Class,1
59412,0.997,High,First Class,1
45298,0.997,High,First Class,1
59412,0.997,High,First Class,1
31954,0.997,High,First Class,1
45298,0.997,High,First Class,1
557,0.997,High,First Class,1
43330,0.997,High,First Class,1
33847,0.997,High,First Class,1
43330,0.9969,High,First Class,1
43330,0.9969,High,First Class,1
33847,0.9969,High,First Class,1
26509,0.9969,High,First Class,1
26509,0.9969,High,First Class,1
49922,0.9969,High,First Class,1
67709,0.9969,High,First Class,1
49922,0.9969,High,First Class,1
49922,0.9969,High,First Class,1
22031,0.9969,High,First Class,1
22031,0.9969,High,First Class,1
25115,0.9969,High,First Class,1
26509,0.9969,High,First Class,1
22031,0.9969,High,First Class,1
52440,0.9969,High,First Class,1
69747,0.9969,High,First Class,1
43330,0.9969,High,First Class,1
34843,0.9969,High,First Class,1
49922,0.9969,High,First Class,1
53835,0.9969,High,First Class,1
52440,0.9969,High,First Class,1
54674,0.9968,High,First Class,1
28071,0.9968,High,First Class,1
45172,0.9968,High,First Class,1
3579,0.9968,High,First Class,1
42937,0.9968,High,First Class,1
19606,0.9968,High,First Class,1
64436,0.9968,High,First Class,1
64436,0.9968,High,First Class,1
33548,0.9968,High,First Class,1
19066,0.9968,High,First Class,1
33548,0.9968,High,First Class,1
19066,0.9968,High,First Class,1
33548,0.9968,High,First Class,1
23741,0.9968,High,First Class,1
23741,0.9968,High,First Class,1
19066,0.9968,High,First Class,1
28071,0.9968,High,First Class,1
53840,0.9968,High,First Class,1
53840,0.9968,High,First Class,1
50965,0.9968,High,First Class,1
53840,0.9968,High,First Class,1
53840,0.9968,High,First Class,1
28071,0.9968,High,First Class,1
23741,0.9968,High,First Class,1
14937,0.9968,High,First Class,1
14937,0.9968,High,First Class,1
64436,0.9968,High,First Class,1
28071,0.9968,High,First Class,1
19606,0.9968,High,First Class,1
28071,0.9968,High,First Class,1
67967,0.9967,High,First Class,1
28859,0.9967,High,First Class,1
14938,0.9967,High,First Class,1
16479,0.9967,High,First Class,1
17746,0.9967,High,First Class,1
681,0.9967,High,First Class,1
62013,0.9967,High,First Class,1
14938,0.9967,High,First Class,1
62013,0.9967,High,First Class,1
62013,0.9967,High,First Class,1
681,0.9967,High,First Class,1
16529,0.9967,High,First Class,1
65929,0.9967,High,First Class,1
45172,0.9967,High,First Class,1
65929,0.9967,High,First Class,1
16529,0.9967,High,First Class,1
14938,0.9967,High,First Class,1
16529,0.9967,High,First Class,1
50965,0.9967,High,First Class,1
28859,0.9967,High,First Class,1
30974,0.9967,High,First Class,1
54674,0.9967,High,First Class,1
45172,0.9967,High,First Class,1
67709,0.9967,High,First Class,1
65929,0.9967,High,First Class,1
16529,0.9967,High,First Class,1
30974,0.9967,High,First Class,1
53835,0.9967,High,First Class,1
12131,0.9967,High,First Class,1
45172,0.9967,High,First Class,1
45172,0.9967,High,First Class,1
67967,0.9967,High,First Class,1
17746,0.9967,High,First Class,1
17746,0.9967,High,First Class,1
17746,0.9967,High,First Class,1
8159,0.9967,High,First Class,1
53835,0.9967,High,First Class,1
28859,0.9967,High,First Class,1
19477,0.9967,High,First Class,1
75313,0.9967,High,First Class,1
681,0.9967,High,First Class,1
8159,0.9967,High,First Class,1
42973,0.9966,High,First Class,1
44612,0.9966,High,First Class,1
26366,0.9966,High,First Class,1
26366,0.9966,High,First Class,1
9501,0.9966,High,First Class,1
3579,0.9966,High,First Class,1
69095,0.9966,High,First Class,1
27531,0.9966,High,First Class,1
3579,0.9966,High,First Class,1
44612,0.9966,High,First Class,1
44612,0.9966,High,First Class,1
53296,0.9966,High,First Class,1
45940,0.9966,High,First Class,1
9501,0.9966,High,First Class,1
13626,0.9966,High,First Class,1
68408,0.9966,High,First Class,1
9501,0.9966,High,First Class,1
8962,0.9966,High,First Class,1
47213,0.9966,High,First Class,1
27531,0.9966,High,First Class,1
16479,0.9966,High,First Class,1
16479,0.9966,High,First Class,1
45298,0.9966,High,First Class,1
42045,0.9966,High,First Class,1
20519,0.9966,High,First Class,1
26509,0.9966,High,First Class,1
42045,0.9966,High,First Class,1
21367,0.9966,High,First Class,1
69916,0.9966,High,First Class,1
45940,0.9966,High,First Class,1
42973,0.9966,High,First Class,1
16479,0.9966,High,First Class,1
34522,0.9966,High,First Class,1
53835,0.9966,High,First Class,1
45940,0.9966,High,First Class,1
9498,0.9966,High,First Class,1
26509,0.9966,High,First Class,1
3579,0.9966,High,First Class,1
45940,0.9966,High,First Class,1
45940,0.9966,High,First Class,1
61725,0.9966,High,First Class,1
47213,0.9966,High,First Class,1
50965,0.9966,High,First Class,1
33428,0.9966,High,First Class,1
53296,0.9966,High,First Class,1
33428,0.9966,High,First Class,1
27531,0.9966,High,First Class,1
28066,0.9966,High,First Class,1
17918,0.9966,High,First Class,1
43330,0.9966,High,First Class,1
16479,0.9966,High,First Class,1
33428,0.9966,High,First Class,1
27937,0.9966,High,First Class,1
3579,0.9966,High,First Class,1
9501,0.9966,High,First Class,1
6639,0.9965,High,First Class,1
56363,0.9965,High,First Class,1
68297,0.9965,High,First Class,1
51277,0.9965,High,First Class,1
37114,0.9965,High,First Class,1
36702,0.9965,High,First Class,1
51277,0.9965,High,First Class,1
68297,0.9965,High,First Class,1
22424,0.9965,High,First Class,1
37114,0.9965,High,First Class,1
63078,0.9965,High,First Class,1
63881,0.9965,High,First Class,1
68408,0.9965,High,First Class,1
51277,0.9965,High,First Class,1
42656,0.9965,High,First Class,1
25122,0.9965,High,First Class,1
36626,0.9965,High,First Class,1
42656,0.9965,High,First Class,1
63078,0.9965,High,First Class,1
4066,0.9965,High,First Class,1
19399,0.9965,High,First Class,1
34430,0.9965,High,First Class,1
56817,0.9965,High,First Class,1
4066,0.9965,High,First Class,1
37114,0.9965,High,First Class,1
15386,0.9965,High,First Class,1
36626,0.9965,High,First Class,1
68389,0.9965,High,First Class,1
36626,0.9965,High,First Class,1
68389,0.9965,High,First Class,1
6639,0.9965,High,First Class,1
50526,0.9965,High,First Class,1
681,0.9965,High,First Class,1
50986,0.9965,High,First Class,1
15521,0.9965,High,First Class,1
15521,0.9965,High,First Class,1
63881,0.9965,High,First Class,1
74568,0.9965,High,First Class,1
25346,0.9965,High,First Class,1
36702,0.9965,High,First Class,1
36626,0.9965,High,First Class,1
43477,0.9965,High,First Class,1
68297,0.9965,High,First Class,1
15386,0.9965,High,First Class,1
15386,0.9965,High,First Class,1
15521,0.9965,High,First Class,1
56363,0.9965,High,First Class,1
42656,0.9965,High,First Class,1
75946,0.9965,High,First Class,1
4066,0.9965,High,First Class,1
15386,0.9965,High,First Class,1
73831,0.9965,High,First Class,1
4066,0.9965,High,First Class,1
50986,0.9965,High,First Class,1
56363,0.9965,High,First Class,1
63078,0.9965,High,First Class,1
63078,0.9965,High,First Class,1
50986,0.9965,High,First Class,1
43477,0.9965,High,First Class,1
50526,0.9965,High,First Class,1
46914,0.9965,High,First Class,1
36702,0.9965,High,First Class,1
15386,0.9965,High,First Class,1
51277,0.9965,High,First Class,1
50986,0.9965,High,First Class,1
68408,0.9965,High,First Class,1
68408,0.9965,High,First Class,1
19399,0.9965,High,First Class,1
36626,0.9965,High,First Class,1
75666,0.9965,High,First Class,1
68297,0.9965,High,First Class,1
27937,0.9965,High,First Class,1
12521,0.9965,High,First Class,1
63078,0.9965,High,First Class,1
50986,0.9965,High,First Class,1
68389,0.9965,High,First Class,1
43477,0.9965,High,First Class,1
27937,0.9965,High,First Class,1
53257,0.9964,High,First Class,1
15727,0.9964,High,First Class,1
23218,0.9964,High,First Class,1
36426,0.9964,High,First Class,1
17943,0.9964,High,First Class,1
4213,0.9964,High,First Class,1
25346,0.9964,High,First Class,1
32662,0.9964,High,First Class,1
28284,0.9964,High,First Class,1
38420,0.9964,High,First Class,1
77034,0.9964,High,First Class,1
23762,0.9964,High,First Class,1
23218,0.9964,High,First Class,1
18081,0.9964,High,First Class,1
18081,0.9964,High,First Class,1
15727,0.9964,High,First Class,1
10812,0.9964,High,First Class,1
53257,0.9964,High,First Class,1
74585,0.9964,High,First Class,1
14797,0.9964,High,First Class,1
38420,0.9964,High,First Class,1
21983,0.9964,High,First Class,1
29974,0.9964,High,First Class,1
28284,0.9964,High,First Class,1
44308,0.9964,High,First Class,1
21422,0.9964,High,First Class,1
21422,0.9964,High,First Class,1
12783,0.9964,High,First Class,1
44518,0.9964,High,First Class,1
44518,0.9964,High,First Class,1
12783,0.9964,High,First Class,1
33910,0.9964,High,First Class,1
21422,0.9964,High,First Class,1
44518,0.9964,High,First Class,1
681,0.9964,High,First Class,1
25269,0.9964,High,First Class,1
49596,0.9964,High,First Class,1
38194,0.9964,High,First Class,1
25269,0.9964,High,First Class,1
66915,0.9964,High,First Class,1
12783,0.9964,High,First Class,1
27167,0.9964,High,First Class,1
28067,0.9964,High,First Class,1
49828,0.9964,High,First Class,1
58889,0.9964,High,First Class,1
9501,0.9964,High,First Class,1
34300,0.9964,High,First Class,1
15962,0.9964,High,First Class,1
25269,0.9964,High,First Class,1
17943,0.9964,High,First Class,1
22921,0.9964,High,First Class,1
66756,0.9964,High,First Class,1
42940,0.9964,High,First Class,1
75980,0.9964,High,First Class,1
15189,0.9964,High,First Class,1
91,0.9964,High,First Class,1
61622,0.9964,High,First Class,1
19248,0.9964,High,First Class,1
61622,0.9964,High,First Class,1
39458,0.9964,High,First Class,1
39459,0.9964,High,First Class,1
38059,0.9964,High,First Class,1
24921,0.9964,High,First Class,1
76506,0.9964,High,First Class,1
13262,0.9964,High,First Class,1
32390,0.9964,High,First Class,1
28077,0.9964,High,First Class,1
14931,0.9964,High,First Class,1
76510,0.9964,High,First Class,1
66756,0.9964,High,First Class,1
66756,0.9964,High,First Class,1
73828,0.9964,High,First Class,1
45944,0.9964,High,First Class,1
62806,0.9964,High,First Class,1
38905,0.9964,High,First Class,1
45944,0.9964,High,First Class,1
33910,0.9964,High,First Class,1
27163,0.9964,High,First Class,1
33212,0.9964,High,First Class,1
38194,0.9964,High,First Class,1
25735,0.9964,High,First Class,1
25735,0.9964,High,First Class,1
18741,0.9964,High,First Class,1
62202,0.9964,High,First Class,1
68266,0.9964,High,First Class,1
25868,0.9964,High,First Class,1
25868,0.9964,High,First Class,1
23413,0.9964,High,First Class,1
49596,0.9964,High,First Class,1
27167,0.9964,High,First Class,1
45460,0.9964,High,First Class,1
6092,0.9964,High,First Class,1
33909,0.9964,High,First Class,1
37057,0.9964,High,First Class,1
53257,0.9964,High,First Class,1
18419,0.9964,High,First Class,1
7653,0.9964,High,First Class,1
36621,0.9964,High,First Class,1
21983,0.9964,High,First Class,1
18419,0.9964,High,First Class,1
66756,0.9964,High,First Class,1
26566,0.9964,High,First Class,1
59446,0.9964,High,First Class,1
25735,0.9964,High,First Class,1
65537,0.9964,High,First Class,1
70186,0.9964,High,First Class,1
71169,0.9964,High,First Class,1
13262,0.9964,High,First Class,1
20545,0.9964,High,First Class,1
27163,0.9964,High,First Class,1
18539,0.9964,High,First Class,1
48064,0.9964,High,First Class,1
49475,0.9964,High,First Class,1
27163,0.9964,High,First Class,1
33212,0.9964,High,First Class,1
27163,0.9964,High,First Class,1
18419,0.9964,High,First Class,1
48067,0.9964,High,First Class,1
25122,0.9964,High,First Class,1
68266,0.9964,High,First Class,1
20545,0.9964,High,First Class,1
34300,0.9964,High,First Class,1
51306,0.9964,High,First Class,1
53257,0.9964,High,First Class,1
27167,0.9964,High,First Class,1
21232,0.9964,High,First Class,1
21422,0.9964,High,First Class,1
27163,0.9964,High,First Class,1
65537,0.9964,High,First Class,1
64406,0.9964,High,First Class,1
65537,0.9964,High,First Class,1
12780,0.9964,High,First Class,1
15189,0.9964,High,First Class,1
15189,0.9964,High,First Class,1
70490,0.9964,High,First Class,1
15189,0.9964,High,First Class,1
12780,0.9964,High,First Class,1
12780,0.9964,High,First Class,1
10662,0.9964,High,First Class,1
48067,0.9964,High,First Class,1
22458,0.9964,High,First Class,1
28896,0.9964,High,First Class,1
47883,0.9964,High,First Class,1
45460,0.9964,High,First Class,1
36621,0.9964,High,First Class,1
36426,0.9964,High,First Class,1
38194,0.9964,High,First Class,1
13262,0.9964,High,First Class,1
67662,0.9964,High,First Class,1
49099,0.9964,High,First Class,1
49099,0.9964,High,First Class,1
25735,0.9964,High,First Class,1
62202,0.9964,High,First Class,1
35470,0.9964,High,First Class,1
12780,0.9964,High,First Class,1
32388,0.9964,High,First Class,1
38495,0.9964,High,First Class,1
42447,0.9964,High,First Class,1
18539,0.9964,High,First Class,1
34300,0.9964,High,First Class,1
45481,0.9964,High,First Class,1
32388,0.9964,High,First Class,1
73063,0.9964,High,First Class,1
72131,0.9964,High,First Class,1
21232,0.9964,High,First Class,1
38494,0.9964,High,First Class,1
37391,0.9964,High,First Class,1
32662,0.9964,High,First Class,1
16977,0.9964,High,First Class,1
69366,0.9964,High,First Class,1
12780,0.9964,High,First Class,1
30205,0.9964,High,First Class,1
32662,0.9964,High,First Class,1
18081,0.9964,High,First Class,1
14797,0.9964,High,First Class,1
18081,0.9964,High,First Class,1
32264,0.9964,High,First Class,1
34300,0.9964,High,First Class,1
44308,0.9964,High,First Class,1
43749,0.9964,High,First Class,1
66915,0.9964,High,First Class,1
14218,0.9964,High,First Class,1
18539,0.9964,High,First Class,1
43749,0.9964,High,First Class,1
37391,0.9964,High,First Class,1
43749,0.9964,High,First Class,1
68909,0.9964,High,First Class,1
15521,0.9964,High,First Class,1
44518,0.9964,High,First Class,1
49475,0.9964,High,First Class,1
4213,0.9964,High,First Class,1
43146,0.9964,High,First Class,1
11502,0.9964,High,First Class,1
11502,0.9964,High,First Class,1
64782,0.9964,High,First Class,1
62202,0.9964,High,First Class,1
25735,0.9964,High,First Class,1
59446,0.9964,High,First Class,1
64406,0.9964,High,First Class,1
65537,0.9964,High,First Class,1
25122,0.9964,High,First Class,1
72948,0.9964,High,First Class,1
36621,0.9964,High,First Class,1
46783,0.9964,High,First Class,1
64406,0.9964,High,First Class,1
58889,0.9964,High,First Class,1
33212,0.9964,High,First Class,1
13262,0.9964,High,First Class,1
16843,0.9964,High,First Class,1
47928,0.9964,High,First Class,1
64406,0.9964,High,First Class,1
65537,0.9964,High,First Class,1
3745,0.9964,High,First Class,1
10662,0.9964,High,First Class,1
33909,0.9964,High,First Class,1
45969,0.9964,High,First Class,1
47241,0.9964,High,First Class,1
42378,0.9964,High,First Class,1
11066,0.9964,High,First Class,1
11066,0.9964,High,First Class,1
11066,0.9964,High,First Class,1
39458,0.9964,High,First Class,1
39458,0.9964,High,First Class,1
72795,0.9964,High,First Class,1
28284,0.9964,High,First Class,1
72943,0.9964,High,First Class,1
30743,0.9964,High,First Class,1
25122,0.9964,High,First Class,1
25122,0.9964,High,First Class,1
18539,0.9964,High,First Class,1
18081,0.9964,High,First Class,1
34300,0.9964,High,First Class,1
14648,0.9964,High,First Class,1
91,0.9964,High,First Class,1
72337,0.9964,High,First Class,1
45944,0.9964,High,First Class,1
62806,0.9964,High,First Class,1
64782,0.9964,High,First Class,1
26366,0.9964,High,First Class,1
49475,0.9964,High,First Class,1
49475,0.9964,High,First Class,1
64406,0.9964,High,First Class,1
49475,0.9964,High,First Class,1
38420,0.9964,High,First Class,1
38619,0.9963,High,First Class,1
6639,0.9963,High,First Class,1
10812,0.9963,High,First Class,1
10812,0.9963,High,First Class,1
72925,0.9963,High,First Class,1
1409,0.9963,High,First Class,1
48278,0.9963,High,First Class,1
21983,0.9963,High,First Class,1
36621,0.9963,High,First Class,1
5053,0.9963,High,First Class,1
58272,0.9963,High,First Class,1
69593,0.9963,High,First Class,1
17711,0.9963,High,First Class,1
70670,0.9963,High,First Class,1
13748,0.9963,High,First Class,1
16565,0.9963,High,First Class,1
14646,0.9963,High,First Class,1
14646,0.9963,High,First Class,1
13267,0.9963,High,First Class,1
27308,0.9963,High,First Class,1
54085,0.9963,High,First Class,1
39938,0.9963,High,First Class,1
53091,0.9963,High,First Class,1
16978,0.9963,High,First Class,1
22796,0.9963,High,First Class,1
76497,0.9963,High,First Class,1
17918,0.9963,High,First Class,1
16633,0.9963,High,First Class,1
69039,0.9963,High,First Class,1
11894,0.9963,High,First Class,1
35598,0.9963,High,First Class,1
30540,0.9963,High,First Class,1
74760,0.9963,High,First Class,1
51963,0.9963,High,First Class,1
60955,0.9963,High,First Class,1
57309,0.9963,High,First Class,1
16843,0.9963,High,First Class,1
12313,0.9963,High,First Class,1
2986,0.9963,High,First Class,1
11894,0.9963,High,First Class,1
37057,0.9963,High,First Class,1
48082,0.9963,High,First Class,1
17711,0.9963,High,First Class,1
16843,0.9963,High,First Class,1
57380,0.9963,High,First Class,1
6849,0.9963,High,First Class,1
25118,0.9963,High,First Class,1
38406,0.9963,High,First Class,1
67662,0.9963,High,First Class,1
44308,0.9963,High,First Class,1
59449,0.9963,High,First Class,1
5053,0.9963,High,First Class,1
6836,0.9963,High,First Class,1
318,0.9963,High,First Class,1
3330,0.9963,High,First Class,1
60140,0.9963,High,First Class,1
956,0.9963,High,First Class,1
15962,0.9963,High,First Class,1
54512,0.9963,High,First Class,1
29787,0.9963,High,First Class,1
27507,0.9963,High,First Class,1
43145,0.9963,High,First Class,1
23218,0.9963,High,First Class,1
30810,0.9963,High,First Class,1
35598,0.9963,High,First Class,1
43554,0.9963,High,First Class,1
58539,0.9963,High,First Class,1
4425,0.9963,High,First Class,1
32390,0.9963,High,First Class,1
74577,0.9963,High,First Class,1
21983,0.9963,High,First Class,1
11226,0.9963,High,First Class,1
14367,0.9963,High,First Class,1
29240,0.9963,High,First Class,1
1409,0.9963,High,First Class,1
41,0.9963,High,First Class,1
16977,0.9963,High,First Class,1
67662,0.9963,High,First Class,1
14648,0.9963,High,First Class,1
65536,0.9963,High,First Class,1
65536,0.9963,High,First Class,1
35445,0.9963,High,First Class,1
36004,0.9963,High,First Class,1
33414,0.9963,High,First Class,1
19249,0.9963,High,First Class,1
47241,0.9963,High,First Class,1
12992,0.9963,High,First Class,1
13205,0.9963,High,First Class,1
70606,0.9963,High,First Class,1
68752,0.9963,High,First Class,1
14648,0.9963,High,First Class,1
45481,0.9963,High,First Class,1
32388,0.9963,High,First Class,1
31417,0.9963,High,First Class,1
23218,0.9963,High,First Class,1
15594,0.9963,High,First Class,1
65208,0.9963,High,First Class,1
47883,0.9963,High,First Class,1
76901,0.9963,High,First Class,1
13205,0.9963,High,First Class,1
58272,0.9963,High,First Class,1
72945,0.9963,High,First Class,1
38828,0.9963,High,First Class,1
43145,0.9963,High,First Class,1
58539,0.9963,High,First Class,1
6836,0.9963,High,First Class,1
23218,0.9963,High,First Class,1
32390,0.9963,High,First Class,1
6849,0.9963,High,First Class,1
6026,0.9963,High,First Class,1
42940,0.9963,High,First Class,1
4636,0.9963,High,First Class,1
47241,0.9963,High,First Class,1
26629,0.9963,High,First Class,1
26629,0.9963,High,First Class,1
53419,0.9963,High,First Class,1
62930,0.9963,High,First Class,1
11893,0.9963,High,First Class,1
54512,0.9963,High,First Class,1
61622,0.9963,High,First Class,1
18741,0.9963,High,First Class,1
47241,0.9963,High,First Class,1
28077,0.9963,High,First Class,1
6849,0.9963,High,First Class,1
3448,0.9963,High,First Class,1
37799,0.9963,High,First Class,1
46511,0.9963,High,First Class,1
60955,0.9963,High,First Class,1
5734,0.9963,High,First Class,1
59781,0.9963,High,First Class,1
60140,0.9963,High,First Class,1
59781,0.9963,High,First Class,1
39784,0.9963,High,First Class,1
22397,0.9963,High,First Class,1
73627,0.9963,High,First Class,1
65536,0.9963,High,First Class,1
33826,0.9963,High,First Class,1
39381,0.9963,High,First Class,1
29240,0.9963,High,First Class,1
12309,0.9963,High,First Class,1
31772,0.9963,High,First Class,1
29388,0.9963,High,First Class,1
28067,0.9963,High,First Class,1
21098,0.9963,High,First Class,1
3330,0.9963,High,First Class,1
5053,0.9963,High,First Class,1
43749,0.9963,High,First Class,1
17459,0.9963,High,First Class,1
60260,0.9963,High,First Class,1
956,0.9963,High,First Class,1
4425,0.9963,High,First Class,1
31417,0.9963,High,First Class,1
30740,0.9963,High,First Class,1
30962,0.9963,High,First Class,1
19248,0.9963,High,First Class,1
75255,0.9963,High,First Class,1
54085,0.9963,High,First Class,1
38476,0.9963,High,First Class,1
1300,0.9963,High,First Class,1
22037,0.9963,High,First Class,1
4425,0.9963,High,First Class,1
28077,0.9963,High,First Class,1
27940,0.9963,High,First Class,1
50060,0.9963,High,First Class,1
53419,0.9963,High,First Class,1
8420,0.9963,High,First Class,1
51963,0.9963,High,First Class,1
38828,0.9963,High,First Class,1
43145,0.9963,High,First Class,1
30736,0.9963,High,First Class,1
61640,0.9963,High,First Class,1
61924,0.9963,High,First Class,1
15594,0.9963,High,First Class,1
16841,0.9963,High,First Class,1
18741,0.9963,High,First Class,1
61622,0.9963,High,First Class,1
66056,0.9963,High,First Class,1
44225,0.9963,High,First Class,1
44225,0.9963,High,First Class,1
19248,0.9963,High,First Class,1
75339,0.9963,High,First Class,1
25937,0.9963,High,First Class,1
17943,0.9963,High,First Class,1
35799,0.9963,High,First Class,1
67461,0.9963,High,First Class,1
61640,0.9963,High,First Class,1
15962,0.9963,High,First Class,1
52374,0.9963,High,First Class,1
45549,0.9963,High,First Class,1
60955,0.9963,High,First Class,1
61622,0.9963,High,First Class,1
11067,0.9963,High,First Class,1
14370,0.9963,High,First Class,1
61924,0.9963,High,First Class,1
13205,0.9963,High,First Class,1
61640,0.9963,High,First Class,1
59436,0.9963,High,First Class,1
59436,0.9963,High,First Class,1
56817,0.9963,High,First Class,1
58690,0.9963,High,First Class,1
59449,0.9963,High,First Class,1
43146,0.9963,High,First Class,1
46099,0.9963,High,First Class,1
44515,0.9963,High,First Class,1
17459,0.9963,High,First Class,1
32388,0.9963,High,First Class,1
69426,0.9963,High,First Class,1
61788,0.9963,High,First Class,1
39452,0.9963,High,First Class,1
26629,0.9963,High,First Class,1
44910,0.9963,High,First Class,1
32388,0.9963,High,First Class,1
27507,0.9963,High,First Class,1
41,0.9963,High,First Class,1
53401,0.9963,High,First Class,1
6026,0.9963,High,First Class,1
30676,0.9963,High,First Class,1
22514,0.9963,High,First Class,1
59436,0.9963,High,First Class,1
17459,0.9963,High,First Class,1
59781,0.9963,High,First Class,1
76170,0.9963,High,First Class,1
23413,0.9963,High,First Class,1
22037,0.9963,High,First Class,1
20749,0.9963,High,First Class,1
47883,0.9963,High,First Class,1
43427,0.9963,High,First Class,1
1409,0.9963,High,First Class,1
14931,0.9963,High,First Class,1
65536,0.9963,High,First Class,1
66056,0.9963,High,First Class,1
73024,0.9963,High,First Class,1
531,0.9963,High,First Class,1
6093,0.9963,High,First Class,1
5734,0.9963,High,First Class,1
51560,0.9963,High,First Class,1
18741,0.9963,High,First Class,1
52374,0.9963,High,First Class,1
22918,0.9963,High,First Class,1
22779,0.9963,High,First Class,1
6026,0.9963,High,First Class,1
54085,0.9963,High,First Class,1
30743,0.9963,High,First Class,1
17333,0.9963,High,First Class,1
15682,0.9963,High,First Class,1
43429,0.9963,High,First Class,1
43145,0.9963,High,First Class,1
26971,0.9963,High,First Class,1
25934,0.9963,High,First Class,1
22514,0.9963,High,First Class,1
28077,0.9963,High,First Class,1
18741,0.9963,High,First Class,1
62930,0.9963,High,First Class,1
25474,0.9963,High,First Class,1
22037,0.9963,High,First Class,1
29717,0.9963,High,First Class,1
25868,0.9963,High,First Class,1
68883,0.9963,High,First Class,1
30740,0.9963,High,First Class,1
30740,0.9963,High,First Class,1
43427,0.9963,High,First Class,1
39236,0.9963,High,First Class,1
51560,0.9963,High,First Class,1
19164,0.9963,High,First Class,1
65143,0.9963,High,First Class,1
25118,0.9963,High,First Class,1
24789,0.9963,High,First Class,1
61788,0.9963,High,First Class,1
17918,0.9963,High,First Class,1
12313,0.9963,High,First Class,1
12948,0.9963,High,First Class,1
58690,0.9963,High,First Class,1
45481,0.9963,High,First Class,1
58539,0.9963,High,First Class,1
60260,0.9963,High,First Class,1
31417,0.9963,High,First Class,1
65098,0.9963,High,First Class,1
1300,0.9963,High,First Class,1
26629,0.9963,High,First Class,1
6836,0.9963,High,First Class,1
44225,0.9963,High,First Class,1
41305,0.9963,High,First Class,1
30962,0.9963,High,First Class,1
47523,0.9963,High,First Class,1
42333,0.9963,High,First Class,1
10550,0.9963,High,First Class,1
70184,0.9963,High,First Class,1
49456,0.9963,High,First Class,1
60260,0.9963,High,First Class,1
48064,0.9963,High,First Class,1
67662,0.9963,High,First Class,1
14648,0.9963,High,First Class,1
17943,0.9963,High,First Class,1
10822,0.9963,High,First Class,1
62805,0.9963,High,First Class,1
66514,0.9963,High,First Class,1
47923,0.9963,High,First Class,1
42940,0.9963,High,First Class,1
61788,0.9963,High,First Class,1
42447,0.9963,High,First Class,1
38059,0.9963,High,First Class,1
38059,0.9963,High,First Class,1
49596,0.9963,High,First Class,1
49596,0.9963,High,First Class,1
39708,0.9963,High,First Class,1
38402,0.9963,High,First Class,1
41482,0.9963,High,First Class,1
51514,0.9963,High,First Class,1
46099,0.9963,High,First Class,1
48064,0.9963,High,First Class,1
47928,0.9963,High,First Class,1
47923,0.9963,High,First Class,1
50959,0.9963,High,First Class,1
45481,0.9963,High,First Class,1
43146,0.9963,High,First Class,1
38905,0.9963,High,First Class,1
47883,0.9963,High,First Class,1
61640,0.9963,High,First Class,1
76173,0.9963,High,First Class,1
12948,0.9963,High,First Class,1
18329,0.9963,High,First Class,1
60260,0.9963,High,First Class,1
60260,0.9963,High,First Class,1
71024,0.9963,High,First Class,1
6836,0.9963,High,First Class,1
49099,0.9963,High,First Class,1
49589,0.9963,High,First Class,1
49099,0.9963,High,First Class,1
28067,0.9963,High,First Class,1
25937,0.9963,High,First Class,1
38406,0.9963,High,First Class,1
47883,0.9963,High,First Class,1
47384,0.9963,High,First Class,1
38059,0.9963,High,First Class,1
26629,0.9963,High,First Class,1
44910,0.9963,High,First Class,1
44910,0.9963,High,First Class,1
47384,0.9963,High,First Class,1
59781,0.9963,High,First Class,1
70930,0.9963,High,First Class,1
39452,0.9963,High,First Class,1
18290,0.9963,High,First Class,1
49596,0.9963,High,First Class,1
67050,0.9963,High,First Class,1
43146,0.9963,High,First Class,1
25116,0.9963,High,First Class,1
6849,0.9963,High,First Class,1
22514,0.9963,High,First Class,1
65098,0.9963,High,First Class,1
29786,0.9963,High,First Class,1
25868,0.9963,High,First Class,1
28896,0.9963,High,First Class,1
29974,0.9963,High,First Class,1
65098,0.9963,High,First Class,1
65143,0.9963,High,First Class,1
14648,0.9963,High,First Class,1
51514,0.9963,High,First Class,1
52374,0.9963,High,First Class,1
3330,0.9963,High,First Class,1
47241,0.9963,High,First Class,1
48067,0.9963,High,First Class,1
57105,0.9963,High,First Class,1
51560,0.9963,High,First Class,1
51560,0.9963,High,First Class,1
36003,0.9963,High,First Class,1
23413,0.9963,High,First Class,1
10464,0.9963,High,First Class,1
31417,0.9963,High,First Class,1
43429,0.9963,High,First Class,1
47243,0.9963,High,First Class,1
59436,0.9963,High,First Class,1
46783,0.9963,High,First Class,1
49318,0.9963,High,First Class,1
44225,0.9963,High,First Class,1
34772,0.9963,High,First Class,1
25118,0.9963,High,First Class,1
54362,0.9963,High,First Class,1
16892,0.9963,High,First Class,1
38494,0.9963,High,First Class,1
65098,0.9963,High,First Class,1
60955,0.9963,High,First Class,1
51514,0.9963,High,First Class,1
51514,0.9963,High,First Class,1
59095,0.9963,High,First Class,1
57105,0.9963,High,First Class,1
24219,0.9963,High,First Class,1
30540,0.9963,High,First Class,1
76562,0.9963,High,First Class,1
30743,0.9963,High,First Class,1
30676,0.9963,High,First Class,1
22921,0.9963,High,First Class,1
48086,0.9963,High,First Class,1
30743,0.9963,High,First Class,1
30939,0.9963,High,First Class,1
13837,0.9963,High,First Class,1
7779,0.9963,High,First Class,1
19697,0.9963,High,First Class,1
46965,0.9963,High,First Class,1
14649,0.9963,High,First Class,1
16892,0.9963,High,First Class,1
67461,0.9963,High,First Class,1
6093,0.9963,High,First Class,1
74189,0.9963,High,First Class,1
25936,0.9963,High,First Class,1
11989,0.9963,High,First Class,1
30743,0.9963,High,First Class,1
37988,0.9963,High,First Class,1
47384,0.9963,High,First Class,1
30810,0.9963,High,First Class,1
22585,0.9963,High,First Class,1
25734,0.9963,High,First Class,1
29717,0.9963,High,First Class,1
14797,0.9963,High,First Class,1
24989,0.9963,High,First Class,1
62930,0.9963,High,First Class,1
62930,0.9963,High,First Class,1
62930,0.9963,High,First Class,1
50060,0.9963,High,First Class,1
52399,0.9963,High,First Class,1
51514,0.9963,High,First Class,1
65143,0.9963,High,First Class,1
46783,0.9963,High,First Class,1
46783,0.9963,High,First Class,1
54639,0.9963,High,First Class,1
54085,0.9963,High,First Class,1
1409,0.9963,High,First Class,1
65143,0.9963,High,First Class,1
59781,0.9963,High,First Class,1
49828,0.9963,High,First Class,1
26559,0.9963,High,First Class,1
25819,0.9963,High,First Class,1
21440,0.9963,High,First Class,1
48082,0.9963,High,First Class,1
48082,0.9963,High,First Class,1
13963,0.9963,High,First Class,1
15873,0.9963,High,First Class,1
29717,0.9963,High,First Class,1
44910,0.9963,High,First Class,1
47213,0.9963,High,First Class,1
19697,0.9963,High,First Class,1
37988,0.9963,High,First Class,1
32453,0.9963,High,First Class,1
21440,0.9963,High,First Class,1
26559,0.9963,High,First Class,1
11989,0.9963,High,First Class,1
38905,0.9963,High,First Class,1
52399,0.9963,High,First Class,1
54512,0.9963,High,First Class,1
75556,0.9963,High,First Class,1
35598,0.9963,High,First Class,1
27310,0.9963,High,First Class,1
29786,0.9963,High,First Class,1
30247,0.9963,High,First Class,1
22921,0.9963,High,First Class,1
22236,0.9963,High,First Class,1
59095,0.9963,High,First Class,1
11989,0.9963,High,First Class,1
64782,0.9963,High,First Class,1
64782,0.9963,High,First Class,1
45944,0.9963,High,First Class,1
16843,0.9963,High,First Class,1
74188,0.9963,High,First Class,1
6849,0.9963,High,First Class,1
22779,0.9963,High,First Class,1
48086,0.9963,High,First Class,1
7779,0.9963,High,First Class,1
38619,0.9963,High,First Class,1
58272,0.9963,High,First Class,1
11989,0.9963,High,First Class,1
69447,0.9963,High,First Class,1
42333,0.9963,High,First Class,1
65098,0.9963,High,First Class,1
35445,0.9963,High,First Class,1
30939,0.9963,High,First Class,1
10550,0.9963,High,First Class,1
67050,0.9963,High,First Class,1
11966,0.9963,High,First Class,1
74169,0.9963,High,First Class,1
2986,0.9963,High,First Class,1
39236,0.9963,High,First Class,1
36964,0.9963,High,First Class,1
75238,0.9963,High,First Class,1
18329,0.9963,High,First Class,1
10812,0.9963,High,First Class,1
60955,0.9963,High,First Class,1
7779,0.9963,High,First Class,1
14797,0.9963,High,First Class,1
14366,0.9963,High,First Class,1
13748,0.9963,High,First Class,1
12948,0.9963,High,First Class,1
38402,0.9963,High,First Class,1
56992,0.9963,High,First Class,1
19248,0.9963,High,First Class,1
68752,0.9963,High,First Class,1
13205,0.9963,High,First Class,1
31417,0.9963,High,First Class,1
23762,0.9963,High,First Class,1
32390,0.9963,High,First Class,1
49252,0.9963,High,First Class,1
23264,0.9963,High,First Class,1
37988,0.9963,High,First Class,1
17943,0.9963,High,First Class,1
38402,0.9963,High,First Class,1
21983,0.9963,High,First Class,1
18603,0.9963,High,First Class,1
18419,0.9963,High,First Class,1
18290,0.9963,High,First Class,1
21098,0.9963,High,First Class,1
16843,0.9963,High,First Class,1
2986,0.9963,High,First Class,1
2986,0.9963,High,First Class,1
2986,0.9963,High,First Class,1
74171,0.9963,High,First Class,1
4425,0.9963,High,First Class,1
3330,0.9963,High,First Class,1
18419,0.9963,High,First Class,1
51963,0.9963,High,First Class,1
27507,0.9963,High,First Class,1
28428,0.9963,High,First Class,1
28077,0.9963,High,First Class,1
57380,0.9963,High,First Class,1
21005,0.9963,High,First Class,1
44910,0.9963,High,First Class,1
43145,0.9963,High,First Class,1
6393,0.9962,High,First Class,1
27454,0.9962,High,First Class,1
26341,0.9962,High,First Class,1
49378,0.9962,High,First Class,1
11955,0.9962,High,First Class,1
17513,0.9962,High,First Class,1
14366,0.9962,High,First Class,1
68267,0.9962,High,First Class,1
11955,0.9962,High,First Class,1
16633,0.9962,High,First Class,1
10464,0.9962,High,First Class,1
11329,0.9962,High,First Class,1
11329,0.9962,High,First Class,1
6642,0.9962,High,First Class,1
38619,0.9962,High,First Class,1
42974,0.9962,High,First Class,1
68211,0.9962,High,First Class,1
8942,0.9962,High,First Class,1
49438,0.9962,High,First Class,1
12456,0.9962,High,First Class,1
39930,0.9962,High,First Class,1
39930,0.9962,High,First Class,1
9767,0.9962,High,First Class,1
10220,0.9962,High,First Class,1
39465,0.9962,High,First Class,1
27454,0.9962,High,First Class,1
49252,0.9962,High,First Class,1
31411,0.9962,High,First Class,1
39681,0.9962,High,First Class,1
24789,0.9962,High,First Class,1
13626,0.9962,High,First Class,1
16837,0.9962,High,First Class,1
16837,0.9962,High,First Class,1
22516,0.9962,High,First Class,1
30939,0.9962,High,First Class,1
22516,0.9962,High,First Class,1
21005,0.9962,High,First Class,1
38619,0.9962,High,First Class,1
74733,0.9962,High,First Class,1
14646,0.9962,High,First Class,1
47108,0.9962,High,First Class,1
50866,0.9962,High,First Class,1
50866,0.9962,High,First Class,1
27940,0.9962,High,First Class,1
47923,0.9962,High,First Class,1
50866,0.9962,High,First Class,1
49438,0.9962,High,First Class,1
49318,0.9962,High,First Class,1
28409,0.9962,High,First Class,1
3114,0.9962,High,First Class,1
3114,0.9962,High,First Class,1
49438,0.9962,High,First Class,1
48086,0.9962,High,First Class,1
48086,0.9962,High,First Class,1
30540,0.9962,High,First Class,1
44187,0.9962,High,First Class,1
30939,0.9962,High,First Class,1
41187,0.9962,High,First Class,1
37760,0.9962,High,First Class,1
16255,0.9962,High,First Class,1
68054,0.9962,High,First Class,1
13719,0.9962,High,First Class,1
13719,0.9962,High,First Class,1
44424,0.9962,High,First Class,1
19689,0.9962,High,First Class,1
76801,0.9962,High,First Class,1
12312,0.9962,High,First Class,1
3865,0.9962,High,First Class,1
70915,0.9962,High,First Class,1
68054,0.9962,High,First Class,1
16255,0.9962,High,First Class,1
16255,0.9962,High,First Class,1
16255,0.9962,High,First Class,1
10550,0.9962,High,First Class,1
19164,0.9962,High,First Class,1
42333,0.9962,High,First Class,1
18603,0.9962,High,First Class,1
63689,0.9962,High,First Class,1
24219,0.9962,High,First Class,1
10550,0.9962,High,First Class,1
67049,0.9962,High,First Class,1
16565,0.9962,High,First Class,1
67796,0.9962,High,First Class,1
71366,0.9962,High,First Class,1
41427,0.9962,High,First Class,1
41305,0.9962,High,First Class,1
42378,0.9962,High,First Class,1
43429,0.9962,High,First Class,1
10550,0.9962,High,First Class,1
65817,0.9962,High,First Class,1
51770,0.9962,High,First Class,1
41969,0.9962,High,First Class,1
41969,0.9962,High,First Class,1
46921,0.9962,High,First Class,1
46760,0.9962,High,First Class,1
6551,0.9962,High,First Class,1
42974,0.9962,High,First Class,1
27940,0.9962,High,First Class,1
65817,0.9962,High,First Class,1
69775,0.9962,High,First Class,1
69979,0.9962,High,First Class,1
44187,0.9962,High,First Class,1
47108,0.9962,High,First Class,1
47568,0.9962,High,First Class,1
47243,0.9962,High,First Class,1
14370,0.9962,High,First Class,1
62805,0.9962,High,First Class,1
13963,0.9962,High,First Class,1
15682,0.9962,High,First Class,1
68883,0.9962,High,First Class,1
67743,0.9962,High,First Class,1
14649,0.9962,High,First Class,1
69773,0.9962,High,First Class,1
4636,0.9962,High,First Class,1
43841,0.9962,High,First Class,1
43427,0.9962,High,First Class,1
46099,0.9962,High,First Class,1
45490,0.9962,High,First Class,1
54894,0.9962,High,First Class,1
65698,0.9962,High,First Class,1
28409,0.9962,High,First Class,1
17513,0.9962,High,First Class,1
35799,0.9962,High,First Class,1
22728,0.9962,High,First Class,1
22585,0.9962,High,First Class,1
22397,0.9962,High,First Class,1
18603,0.9962,High,First Class,1
4636,0.9962,High,First Class,1
4636,0.9962,High,First Class,1
24683,0.9962,High,First Class,1
24624,0.9962,High,First Class,1
70949,0.9962,High,First Class,1
70601,0.9962,High,First Class,1
39233,0.9962,High,First Class,1
68211,0.9962,High,First Class,1
68211,0.9962,High,First Class,1
18415,0.9962,High,First Class,1
14370,0.9962,High,First Class,1
30962,0.9962,High,First Class,1
30939,0.9962,High,First Class,1
15191,0.9962,High,First Class,1
15191,0.9962,High,First Class,1
12309,0.9962,High,First Class,1
68267,0.9962,High,First Class,1
10464,0.9962,High,First Class,1
18651,0.9962,High,First Class,1
61806,0.9962,High,First Class,1
4066,0.9962,High,First Class,1
37697,0.9962,High,First Class,1
531,0.9962,High,First Class,1
3865,0.9962,High,First Class,1
44424,0.9962,High,First Class,1
50959,0.9962,High,First Class,1
69659,0.9962,High,First Class,1
67743,0.9962,High,First Class,1
46760,0.9962,High,First Class,1
15191,0.9962,High,First Class,1
46760,0.9962,High,First Class,1
46760,0.9962,High,First Class,1
71240,0.9962,High,First Class,1
10464,0.9962,High,First Class,1
44515,0.9962,High,First Class,1
50060,0.9962,High,First Class,1
63882,0.9962,High,First Class,1
71029,0.9962,High,First Class,1
14370,0.9962,High,First Class,1
18602,0.9962,High,First Class,1
14812,0.9962,High,First Class,1
15594,0.9962,High,First Class,1
22397,0.9962,High,First Class,1
20678,0.9962,High,First Class,1
33414,0.9962,High,First Class,1
39381,0.9962,High,First Class,1
29561,0.9962,High,First Class,1
21005,0.9962,High,First Class,1
20678,0.9962,High,First Class,1
33826,0.9962,High,First Class,1
39381,0.9962,High,First Class,1
32650,0.9962,High,First Class,1
32650,0.9962,High,First Class,1
68211,0.9962,High,First Class,1
16439,0.9962,High,First Class,1
15739,0.9962,High,First Class,1
18602,0.9962,High,First Class,1
39784,0.9962,High,First Class,1
29934,0.9962,High,First Class,1
20678,0.9962,High,First Class,1
39381,0.9962,High,First Class,1
72387,0.9962,High,First Class,1
18602,0.9962,High,First Class,1
6551,0.9962,High,First Class,1
33826,0.9962,High,First Class,1
32663,0.9962,High,First Class,1
11425,0.9962,High,First Class,1
33414,0.9962,High,First Class,1
63632,0.9962,High,First Class,1
33826,0.9962,High,First Class,1
33826,0.9962,High,First Class,1
63632,0.9962,High,First Class,1
39381,0.9962,High,First Class,1
20678,0.9962,High,First Class,1
37248,0.9962,High,First Class,1
38336,0.9962,High,First Class,1
37988,0.9962,High,First Class,1
38073,0.9962,High,First Class,1
37799,0.9962,High,First Class,1
21413,0.9962,High,First Class,1
34357,0.9962,High,First Class,1
21413,0.9962,High,First Class,1
48785,0.9962,High,First Class,1
44424,0.9962,High,First Class,1
15623,0.9962,High,First Class,1
13719,0.9962,High,First Class,1
13719,0.9962,High,First Class,1
65355,0.9962,High,First Class,1
36829,0.9962,High,First Class,1
37799,0.9962,High,First Class,1
20454,0.9962,High,First Class,1
19164,0.9962,High,First Class,1
63859,0.9962,High,First Class,1
38336,0.9962,High,First Class,1
38336,0.9962,High,First Class,1
12277,0.9962,High,First Class,1
15623,0.9962,High,First Class,1
15623,0.9962,High,First Class,1
36003,0.9962,High,First Class,1
34919,0.9962,High,First Class,1
34357,0.9962,High,First Class,1
66514,0.9962,High,First Class,1
16841,0.9962,High,First Class,1
38336,0.9962,High,First Class,1
63882,0.9962,High,First Class,1
16976,0.9962,High,First Class,1
64739,0.9962,High,First Class,1
13100,0.9962,High,First Class,1
72954,0.9962,High,First Class,1
34357,0.9962,High,First Class,1
69215,0.9962,High,First Class,1
44629,0.9962,High,First Class,1
11329,0.9962,High,First Class,1
11329,0.9962,High,First Class,1
14646,0.9962,High,First Class,1
13837,0.9962,High,First Class,1
38752,0.9962,High,First Class,1
15191,0.9962,High,First Class,1
15191,0.9962,High,First Class,1
40199,0.9962,High,First Class,1
29561,0.9962,High,First Class,1
12277,0.9962,High,First Class,1
16841,0.9962,High,First Class,1
17513,0.9962,High,First Class,1
54894,0.9962,High,First Class,1
30969,0.9962,High,First Class,1
13719,0.9962,High,First Class,1
13626,0.9962,High,First Class,1
13626,0.9962,High,First Class,1
32433,0.9962,High,First Class,1
22654,0.9962,High,First Class,1
34357,0.9962,High,First Class,1
23057,0.9962,High,First Class,1
23264,0.9962,High,First Class,1
31411,0.9962,High,First Class,1
33907,0.9962,High,First Class,1
17711,0.9962,High,First Class,1
17711,0.9962,High,First Class,1
77043,0.9962,High,First Class,1
21413,0.9962,High,First Class,1
25474,0.9962,High,First Class,1
21098,0.9962,High,First Class,1
25934,0.9962,High,First Class,1
25934,0.9962,High,First Class,1
21413,0.9962,High,First Class,1
27310,0.9962,High,First Class,1
53419,0.9962,High,First Class,1
30023,0.9962,High,First Class,1
36003,0.9962,High,First Class,1
32050,0.9962,High,First Class,1
32050,0.9962,High,First Class,1
32433,0.9962,High,First Class,1
25934,0.9962,High,First Class,1
40665,0.9962,High,First Class,1
49456,0.9962,High,First Class,1
22728,0.9962,High,First Class,1
49456,0.9962,High,First Class,1
42148,0.9962,High,First Class,1
42148,0.9962,High,First Class,1
53419,0.9962,High,First Class,1
21810,0.9962,High,First Class,1
74946,0.9962,High,First Class,1
33435,0.9962,High,First Class,1
23264,0.9962,High,First Class,1
49318,0.9962,High,First Class,1
33435,0.9962,High,First Class,1
22654,0.9962,High,First Class,1
39975,0.9962,High,First Class,1
40869,0.9962,High,First Class,1
50050,0.9962,High,First Class,1
50060,0.9962,High,First Class,1
25474,0.9962,High,First Class,1
34357,0.9962,High,First Class,1
33435,0.9962,High,First Class,1
52937,0.9962,High,First Class,1
42974,0.9962,High,First Class,1
42974,0.9962,High,First Class,1
43750,0.9962,High,First Class,1
25934,0.9962,High,First Class,1
34427,0.9962,High,First Class,1
27940,0.9962,High,First Class,1
6536,0.9962,High,First Class,1
42148,0.9962,High,First Class,1
34608,0.9962,High,First Class,1
74011,0.9962,High,First Class,1
15594,0.9962,High,First Class,1
48089,0.9962,High,First Class,1
48089,0.9962,High,First Class,1
23057,0.9962,High,First Class,1
42148,0.9962,High,First Class,1
38752,0.9962,High,First Class,1
34427,0.9962,High,First Class,1
21098,0.9962,High,First Class,1
28409,0.9962,High,First Class,1
27308,0.9962,High,First Class,1
72218,0.9962,High,First Class,1
32362,0.9962,High,First Class,1
46369,0.9962,High,First Class,1
28428,0.9962,High,First Class,1
29154,0.9962,High,First Class,1
10464,0.9962,High,First Class,1
67743,0.9962,High,First Class,1
42378,0.9962,High,First Class,1
41482,0.9962,High,First Class,1
41427,0.9962,High,First Class,1
41305,0.9962,High,First Class,1
12298,0.9962,High,First Class,1
48089,0.9962,High,First Class,1
16837,0.9962,High,First Class,1
21440,0.9962,High,First Class,1
11955,0.9962,High,First Class,1
16841,0.9962,High,First Class,1
32050,0.9962,High,First Class,1
38210,0.9962,High,First Class,1
47523,0.9962,High,First Class,1
47243,0.9962,High,First Class,1
16841,0.9962,High,First Class,1
46369,0.9962,High,First Class,1
37988,0.9962,High,First Class,1
44515,0.9962,High,First Class,1
16565,0.9962,High,First Class,1
18415,0.9962,High,First Class,1
42333,0.9962,High,First Class,1
66514,0.9962,High,First Class,1
62805,0.9962,High,First Class,1
10988,0.9962,High,First Class,1
74864,0.9962,High,First Class,1
56817,0.9962,High,First Class,1
37501,0.9962,High,First Class,1
30023,0.9962,High,First Class,1
30023,0.9962,High,First Class,1
21810,0.9962,High,First Class,1
21810,0.9962,High,First Class,1
40869,0.9962,High,First Class,1
50050,0.9962,High,First Class,1
28074,0.9962,High,First Class,1
37812,0.9962,High,First Class,1
62805,0.9962,High,First Class,1
38402,0.9962,High,First Class,1
38752,0.9962,High,First Class,1
38073,0.9962,High,First Class,1
39465,0.9962,High,First Class,1
37248,0.9962,High,First Class,1
37501,0.9962,High,First Class,1
12298,0.9962,High,First Class,1
37812,0.9962,High,First Class,1
33435,0.9962,High,First Class,1
22728,0.9962,High,First Class,1
25936,0.9962,High,First Class,1
46099,0.9962,High,First Class,1
18415,0.9962,High,First Class,1
47243,0.9962,High,First Class,1
47108,0.9962,High,First Class,1
37812,0.9962,High,First Class,1
36003,0.9962,High,First Class,1
48082,0.9962,High,First Class,1
47923,0.9962,High,First Class,1
37812,0.9962,High,First Class,1
65939,0.9962,High,First Class,1
42378,0.9962,High,First Class,1
27308,0.9962,High,First Class,1
27308,0.9962,High,First Class,1
24640,0.9962,High,First Class,1
54894,0.9962,High,First Class,1
41427,0.9962,High,First Class,1
54894,0.9962,High,First Class,1
65817,0.9962,High,First Class,1
14649,0.9962,High,First Class,1
24360,0.9962,High,First Class,1
44515,0.9962,High,First Class,1
41305,0.9962,High,First Class,1
22918,0.9962,High,First Class,1
27940,0.9962,High,First Class,1
29599,0.9962,High,First Class,1
48086,0.9962,High,First Class,1
50050,0.9962,High,First Class,1
32453,0.9962,High,First Class,1
42974,0.9962,High,First Class,1
13626,0.9962,High,First Class,1
53419,0.9962,High,First Class,1
65698,0.9962,High,First Class,1
68211,0.9962,High,First Class,1
11821,0.9962,High,First Class,1
51770,0.9962,High,First Class,1
28074,0.9962,High,First Class,1
22654,0.9962,High,First Class,1
25732,0.9962,High,First Class,1
51770,0.9962,High,First Class,1
46921,0.9962,High,First Class,1
21413,0.9962,High,First Class,1
41482,0.9962,High,First Class,1
11955,0.9962,High,First Class,1
17513,0.9962,High,First Class,1
18415,0.9962,High,First Class,1
43841,0.9962,High,First Class,1
46760,0.9962,High,First Class,1
43841,0.9962,High,First Class,1
46369,0.9962,High,First Class,1
11425,0.9962,High,First Class,1
67952,0.9962,High,First Class,1
12309,0.9962,High,First Class,1
11966,0.9962,High,First Class,1
65698,0.9962,High,First Class,1
23264,0.9962,High,First Class,1
20454,0.9962,High,First Class,1
30810,0.9962,High,First Class,1
76908,0.9962,High,First Class,1
72955,0.9962,High,First Class,1
54238,0.9962,High,First Class,1
73911,0.9962,High,First Class,1
44424,0.9962,High,First Class,1
44515,0.9962,High,First Class,1
67743,0.9962,High,First Class,1
15682,0.9962,High,First Class,1
25819,0.9962,High,First Class,1
46965,0.9962,High,First Class,1
48082,0.9962,High,First Class,1
24219,0.9962,High,First Class,1
49456,0.9962,High,First Class,1
75329,0.9962,High,First Class,1
27310,0.9962,High,First Class,1
28428,0.9962,High,First Class,1
12277,0.9962,High,First Class,1
47523,0.9962,High,First Class,1
43427,0.9962,High,First Class,1
34919,0.9962,High,First Class,1
38774,0.9962,High,First Class,1
64303,0.9962,High,First Class,1
12277,0.9962,High,First Class,1
25819,0.9962,High,First Class,1
11894,0.9962,High,First Class,1
75338,0.9962,High,First Class,1
11894,0.9962,High,First Class,1
8942,0.9962,High,First Class,1
15873,0.9962,High,First Class,1
13963,0.9962,High,First Class,1
12456,0.9962,High,First Class,1
49708,0.9962,High,First Class,1
63292,0.9962,High,First Class,1
43429,0.9962,High,First Class,1
23831,0.9962,High,First Class,1
23831,0.9962,High,First Class,1
72612,0.9962,High,First Class,1
21440,0.9962,High,First Class,1
6393,0.9962,High,First Class,1
11894,0.9962,High,First Class,1
48063,0.9962,High,First Class,1
14649,0.9962,High,First Class,1
21005,0.9962,High,First Class,1
6642,0.9962,High,First Class,1
6642,0.9962,High,First Class,1
23057,0.9962,High,First Class,1
20412,0.9962,High,First Class,1
59044,0.9962,High,First Class,1
46099,0.9962,High,First Class,1
74330,0.9962,High,First Class,1
75012,0.9962,High,First Class,1
25936,0.9962,High,First Class,1
49378,0.9962,High,First Class,1
71857,0.9962,High,First Class,1
71380,0.9962,High,First Class,1
65698,0.9962,High,First Class,1
11165,0.9962,High,First Class,1
21005,0.9962,High,First Class,1
34772,0.9962,High,First Class,1
25474,0.9962,High,First Class,1
11208,0.9962,High,First Class,1
40401,0.9962,High,First Class,1
22516,0.9962,High,First Class,1
36581,0.9962,High,First Class,1
23095,0.9962,High,First Class,1
28409,0.9962,High,First Class,1
21098,0.9962,High,First Class,1
30962,0.9962,High,First Class,1
75072,0.9962,High,First Class,1
75461,0.9962,High,First Class,1
75353,0.9962,High,First Class,1
27310,0.9962,High,First Class,1
37248,0.9962,High,First Class,1
29154,0.9962,High,First Class,1
27310,0.9962,High,First Class,1
22654,0.9962,High,First Class,1
74847,0.9962,High,First Class,1
39975,0.9962,High,First Class,1
30540,0.9962,High,First Class,1
33560,0.9962,High,First Class,1
8942,0.9962,High,First Class,1
13963,0.9962,High,First Class,1
13837,0.9962,High,First Class,1
46965,0.9962,High,First Class,1
13768,0.9962,High,First Class,1
65939,0.9962,High,First Class,1
40869,0.9962,High,First Class,1
33435,0.9962,High,First Class,1
38774,0.9962,High,First Class,1
30540,0.9962,High,First Class,1
22654,0.9962,High,First Class,1
38073,0.9962,High,First Class,1
37812,0.9962,High,First Class,1
23264,0.9962,High,First Class,1
72263,0.9962,High,First Class,1
72244,0.9962,High,First Class,1
13837,0.9962,High,First Class,1
13837,0.9962,High,First Class,1
12456,0.9962,High,First Class,1
16976,0.9962,High,First Class,1
16976,0.9962,High,First Class,1
25819,0.9962,High,First Class,1
21440,0.9962,High,First Class,1
20454,0.9962,High,First Class,1
33560,0.9962,High,First Class,1
17711,0.9962,High,First Class,1
65939,0.9962,High,First Class,1
65939,0.9962,High,First Class,1
69439,0.9962,High,First Class,1
13267,0.9962,High,First Class,1
59044,0.9962,High,First Class,1
65208,0.9962,High,First Class,1
43841,0.9962,High,First Class,1
62805,0.9962,High,First Class,1
16565,0.9962,High,First Class,1
18415,0.9962,High,First Class,1
39975,0.9962,High,First Class,1
32050,0.9962,High,First Class,1
47923,0.9962,High,First Class,1
16439,0.9962,High,First Class,1
6642,0.9962,High,First Class,1
14649,0.9962,High,First Class,1
22516,0.9962,High,First Class,1
75883,0.9962,High,First Class,1
16892,0.9962,High,First Class,1
8159,0.9962,High,First Class,1
75870,0.9962,High,First Class,1
47243,0.9962,High,First Class,1
22779,0.9962,High,First Class,1
24789,0.9962,High,First Class,1
29599,0.9962,High,First Class,1
27454,0.9962,High,First Class,1
22779,0.9962,High,First Class,1
29599,0.9962,High,First Class,1
72941,0.9962,High,First Class,1
9767,0.9962,High,First Class,1
66564,0.9962,High,First Class,1
66564,0.9962,High,First Class,1
66564,0.9962,High,First Class,1
65208,0.9962,High,First Class,1
22779,0.9962,High,First Class,1
16976,0.9962,High,First Class,1
29599,0.9962,High,First Class,1
24789,0.9962,High,First Class,1
11966,0.9962,High,First Class,1
16892,0.9962,High,First Class,1
6642,0.9962,High,First Class,1
16633,0.9962,High,First Class,1
16892,0.9962,High,First Class,1
12456,0.9962,High,First Class,1
65208,0.9962,High,First Class,1
5656,0.9962,High,First Class,1
24055,0.9962,High,First Class,1
19689,0.9962,High,First Class,1
44424,0.9962,High,First Class,1
3114,0.9962,High,First Class,1
6393,0.9962,High,First Class,1
6393,0.9962,High,First Class,1
3114,0.9962,High,First Class,1
10220,0.9962,High,First Class,1
28428,0.9962,High,First Class,1
22728,0.9962,High,First Class,1
49318,0.9962,High,First Class,1
27308,0.9962,High,First Class,1
44747,0.9962,High,First Class,1
41969,0.9962,High,First Class,1
41969,0.9962,High,First Class,1
69459,0.9962,High,First Class,1
28428,0.9962,High,First Class,1
26341,0.9962,High,First Class,1
29154,0.9962,High,First Class,1
22728,0.9962,High,First Class,1
75833,0.9962,High,First Class,1
25936,0.9962,High,First Class,1
46369,0.9962,High,First Class,1
20454,0.9962,High,First Class,1
47523,0.9962,High,First Class,1
43427,0.9962,High,First Class,1
28066,0.9962,High,First Class,1
2659,0.9962,High,First Class,1
75203,0.9962,High,First Class,1
29599,0.9962,High,First Class,1
39930,0.9962,High,First Class,1
31411,0.9962,High,First Class,1
6213,0.9961,High,First Class,1
8607,0.9961,High,First Class,1
8545,0.9961,High,First Class,1
8545,0.9961,High,First Class,1
6213,0.9961,High,First Class,1
75906,0.9961,High,First Class,1
26224,0.9961,High,First Class,1
58757,0.9961,High,First Class,1
2282,0.9961,High,First Class,1
8957,0.9961,High,First Class,1
59587,0.9961,High,First Class,1
53215,0.9961,High,First Class,1
9462,0.9961,High,First Class,1
9175,0.9961,High,First Class,1
9040,0.9961,High,First Class,1
9839,0.9961,High,First Class,1
5056,0.9961,High,First Class,1
9839,0.9961,High,First Class,1
60189,0.9961,High,First Class,1
4422,0.9961,High,First Class,1
4422,0.9961,High,First Class,1
43206,0.9961,High,First Class,1
43206,0.9961,High,First Class,1
37634,0.9961,High,First Class,1
39681,0.9961,High,First Class,1
53416,0.9961,High,First Class,1
56763,0.9961,High,First Class,1
30976,0.9961,High,First Class,1
9179,0.9961,High,First Class,1
319,0.9961,High,First Class,1
9179,0.9961,High,First Class,1
56763,0.9961,High,First Class,1
30976,0.9961,High,First Class,1
35445,0.9961,High,First Class,1
49924,0.9961,High,First Class,1
49924,0.9961,High,First Class,1
2659,0.9961,High,First Class,1
52934,0.9961,High,First Class,1
59119,0.9961,High,First Class,1
52937,0.9961,High,First Class,1
9175,0.9961,High,First Class,1
73525,0.9961,High,First Class,1
54771,0.9961,High,First Class,1
10984,0.9961,High,First Class,1
9654,0.9961,High,First Class,1
66954,0.9961,High,First Class,1
43206,0.9961,High,First Class,1
53823,0.9961,High,First Class,1
7304,0.9961,High,First Class,1
60189,0.9961,High,First Class,1
50440,0.9961,High,First Class,1
59445,0.9961,High,First Class,1
50668,0.9961,High,First Class,1
72486,0.9961,High,First Class,1
1407,0.9961,High,First Class,1
8159,0.9961,High,First Class,1
5246,0.9961,High,First Class,1
8792,0.9961,High,First Class,1
52379,0.9961,High,First Class,1
26341,0.9961,High,First Class,1
60950,0.9961,High,First Class,1
4988,0.9961,High,First Class,1
59642,0.9961,High,First Class,1
50668,0.9961,High,First Class,1
52040,0.9961,High,First Class,1
175,0.9961,High,First Class,1
8792,0.9961,High,First Class,1
4988,0.9961,High,First Class,1
4695,0.9961,High,First Class,1
8957,0.9961,High,First Class,1
8545,0.9961,High,First Class,1
8957,0.9961,High,First Class,1
8957,0.9961,High,First Class,1
934,0.9961,High,First Class,1
59642,0.9961,High,First Class,1
53215,0.9961,High,First Class,1
934,0.9961,High,First Class,1
5487,0.9961,High,First Class,1
39681,0.9961,High,First Class,1
43206,0.9961,High,First Class,1
43206,0.9961,High,First Class,1
8334,0.9961,High,First Class,1
7304,0.9961,High,First Class,1
60189,0.9961,High,First Class,1
8334,0.9961,High,First Class,1
7304,0.9961,High,First Class,1
9839,0.9961,High,First Class,1
53823,0.9961,High,First Class,1
54914,0.9961,High,First Class,1
2597,0.9961,High,First Class,1
2597,0.9961,High,First Class,1
54914,0.9961,High,First Class,1
56364,0.9961,High,First Class,1
51750,0.9961,High,First Class,1
49924,0.9961,High,First Class,1
52193,0.9961,High,First Class,1
23489,0.9961,High,First Class,1
26224,0.9961,High,First Class,1
26224,0.9961,High,First Class,1
23489,0.9961,High,First Class,1
23489,0.9961,High,First Class,1
23489,0.9961,High,First Class,1
49606,0.9961,High,First Class,1
66954,0.9961,High,First Class,1
66954,0.9961,High,First Class,1
53823,0.9961,High,First Class,1
9839,0.9961,High,First Class,1
40041,0.9961,High,First Class,1
27255,0.9961,High,First Class,1
46949,0.9961,High,First Class,1
46614,0.9961,High,First Class,1
36965,0.9961,High,First Class,1
34608,0.9961,High,First Class,1
34608,0.9961,High,First Class,1
47568,0.9961,High,First Class,1
37501,0.9961,High,First Class,1
37887,0.9961,High,First Class,1
36581,0.9961,High,First Class,1
37760,0.9961,High,First Class,1
44629,0.9961,High,First Class,1
59587,0.9961,High,First Class,1
39709,0.9961,High,First Class,1
26341,0.9961,High,First Class,1
35552,0.9961,High,First Class,1
35153,0.9961,High,First Class,1
52379,0.9961,High,First Class,1
60943,0.9961,High,First Class,1
52113,0.9961,High,First Class,1
6007,0.9961,High,First Class,1
73928,0.9961,High,First Class,1
43045,0.9961,High,First Class,1
47629,0.9961,High,First Class,1
6007,0.9961,High,First Class,1
319,0.9961,High,First Class,1
32362,0.9961,High,First Class,1
61338,0.9961,High,First Class,1
55093,0.9961,High,First Class,1
9179,0.9961,High,First Class,1
52379,0.9961,High,First Class,1
52379,0.9961,High,First Class,1
49395,0.9961,High,First Class,1
22276,0.9961,High,First Class,1
30650,0.9961,High,First Class,1
32362,0.9961,High,First Class,1
34026,0.9961,High,First Class,1
8957,0.9961,High,First Class,1
72141,0.9961,High,First Class,1
28779,0.9961,High,First Class,1
5487,0.9961,High,First Class,1
4422,0.9961,High,First Class,1
66954,0.9961,High,First Class,1
2597,0.9961,High,First Class,1
59587,0.9961,High,First Class,1
59587,0.9961,High,First Class,1
8545,0.9961,High,First Class,1
4695,0.9961,High,First Class,1
34608,0.9961,High,First Class,1
34608,0.9961,High,First Class,1
4695,0.9961,High,First Class,1
61338,0.9961,High,First Class,1
55093,0.9961,High,First Class,1
60722,0.9961,High,First Class,1
26341,0.9961,High,First Class,1
22276,0.9961,High,First Class,1
49395,0.9961,High,First Class,1
49395,0.9961,High,First Class,1
32362,0.9961,High,First Class,1
33787,0.9961,High,First Class,1
52379,0.9961,High,First Class,1
2791,0.9961,High,First Class,1
2791,0.9961,High,First Class,1
2791,0.9961,High,First Class,1
41870,0.9961,High,First Class,1
76751,0.9961,High,First Class,1
51750,0.9961,High,First Class,1
308,0.9961,High,First Class,1
332,0.9961,High,First Class,1
2172,0.9961,High,First Class,1
9040,0.9961,High,First Class,1
32297,0.9961,High,First Class,1
7025,0.9961,High,First Class,1
5602,0.9961,High,First Class,1
5602,0.9961,High,First Class,1
5337,0.9961,High,First Class,1
20431,0.9961,High,First Class,1
2791,0.9961,High,First Class,1
46949,0.9961,High,First Class,1
46949,0.9961,High,First Class,1
69629,0.9961,High,First Class,1
16544,0.9961,High,First Class,1
38846,0.9961,High,First Class,1
40041,0.9961,High,First Class,1
40041,0.9961,High,First Class,1
40010,0.9961,High,First Class,1
70183,0.9961,High,First Class,1
30999,0.9961,High,First Class,1
30969,0.9961,High,First Class,1
32297,0.9961,High,First Class,1
22276,0.9961,High,First Class,1
67686,0.9961,High,First Class,1
9175,0.9961,High,First Class,1
23917,0.9961,High,First Class,1
23658,0.9961,High,First Class,1
17404,0.9961,High,First Class,1
54771,0.9961,High,First Class,1
54771,0.9961,High,First Class,1
49893,0.9961,High,First Class,1
893,0.9961,High,First Class,1
30969,0.9961,High,First Class,1
34026,0.9961,High,First Class,1
22388,0.9961,High,First Class,1
21288,0.9961,High,First Class,1
21288,0.9961,High,First Class,1
37887,0.9961,High,First Class,1
36965,0.9961,High,First Class,1
10037,0.9961,High,First Class,1
9179,0.9961,High,First Class,1
10037,0.9961,High,First Class,1
6536,0.9961,High,First Class,1
6536,0.9961,High,First Class,1
60943,0.9961,High,First Class,1
6536,0.9961,High,First Class,1
19689,0.9961,High,First Class,1
21053,0.9961,High,First Class,1
6006,0.9961,High,First Class,1
36965,0.9961,High,First Class,1
20967,0.9961,High,First Class,1
20164,0.9961,High,First Class,1
32362,0.9961,High,First Class,1
332,0.9961,High,First Class,1
15497,0.9961,High,First Class,1
15869,0.9961,High,First Class,1
934,0.9961,High,First Class,1
67616,0.9961,High,First Class,1
67616,0.9961,High,First Class,1
68056,0.9961,High,First Class,1
15869,0.9961,High,First Class,1
60488,0.9961,High,First Class,1
5471,0.9961,High,First Class,1
67616,0.9961,High,First Class,1
17745,0.9961,High,First Class,1
5418,0.9961,High,First Class,1
2018,0.9961,High,First Class,1
55312,0.9961,High,First Class,1
54355,0.9961,High,First Class,1
24624,0.9961,High,First Class,1
49737,0.9961,High,First Class,1
65929,0.9961,High,First Class,1
65090,0.9961,High,First Class,1
40285,0.9961,High,First Class,1
24624,0.9961,High,First Class,1
24624,0.9961,High,First Class,1
58928,0.9961,High,First Class,1
54355,0.9961,High,First Class,1
30969,0.9961,High,First Class,1
23917,0.9961,High,First Class,1
53035,0.9961,High,First Class,1
58928,0.9961,High,First Class,1
65355,0.9961,High,First Class,1
5602,0.9961,High,First Class,1
7025,0.9961,High,First Class,1
30999,0.9961,High,First Class,1
5471,0.9961,High,First Class,1
5397,0.9961,High,First Class,1
9175,0.9961,High,First Class,1
71390,0.9961,High,First Class,1
30314,0.9961,High,First Class,1
40285,0.9961,High,First Class,1
55312,0.9961,High,First Class,1
27975,0.9961,High,First Class,1
16544,0.9961,High,First Class,1
49893,0.9961,High,First Class,1
44629,0.9961,High,First Class,1
24616,0.9961,High,First Class,1
41870,0.9961,High,First Class,1
9040,0.9961,High,First Class,1
5487,0.9961,High,First Class,1
2172,0.9961,High,First Class,1
40285,0.9961,High,First Class,1
49737,0.9961,High,First Class,1
49606,0.9961,High,First Class,1
49606,0.9961,High,First Class,1
60488,0.9961,High,First Class,1
5471,0.9961,High,First Class,1
60388,0.9961,High,First Class,1
5397,0.9961,High,First Class,1
5397,0.9961,High,First Class,1
60488,0.9961,High,First Class,1
5397,0.9961,High,First Class,1
59922,0.9961,High,First Class,1
60488,0.9961,High,First Class,1
2659,0.9961,High,First Class,1
2049,0.9961,High,First Class,1
2968,0.9961,High,First Class,1
52498,0.9961,High,First Class,1
23658,0.9961,High,First Class,1
37501,0.9961,High,First Class,1
50503,0.9961,High,First Class,1
21810,0.9961,High,First Class,1
37501,0.9961,High,First Class,1
21810,0.9961,High,First Class,1
5418,0.9961,High,First Class,1
63738,0.9961,High,First Class,1
28597,0.9961,High,First Class,1
58928,0.9961,High,First Class,1
9987,0.9961,High,First Class,1
53035,0.9961,High,First Class,1
15497,0.9961,High,First Class,1
49893,0.9961,High,First Class,1
2172,0.9961,High,First Class,1
332,0.9961,High,First Class,1
34026,0.9961,High,First Class,1
10984,0.9961,High,First Class,1
10984,0.9961,High,First Class,1
10984,0.9961,High,First Class,1
62083,0.9961,High,First Class,1
62001,0.9961,High,First Class,1
55600,0.9961,High,First Class,1
52937,0.9961,High,First Class,1
57436,0.9961,High,First Class,1
57436,0.9961,High,First Class,1
55093,0.9961,High,First Class,1
59920,0.9961,High,First Class,1
59642,0.9961,High,First Class,1
58449,0.9961,High,First Class,1
58757,0.9961,High,First Class,1
59922,0.9961,High,First Class,1
24616,0.9961,High,First Class,1
30969,0.9961,High,First Class,1
65650,0.9961,High,First Class,1
58449,0.9961,High,First Class,1
30314,0.9961,High,First Class,1
28597,0.9961,High,First Class,1
34026,0.9961,High,First Class,1
31389,0.9961,High,First Class,1
21288,0.9961,High,First Class,1
7818,0.9961,High,First Class,1
54355,0.9961,High,First Class,1
28780,0.9961,High,First Class,1
13442,0.9961,High,First Class,1
14812,0.9961,High,First Class,1
62001,0.9961,High,First Class,1
10984,0.9961,High,First Class,1
55291,0.9961,High,First Class,1
58928,0.9961,High,First Class,1
24624,0.9961,High,First Class,1
33229,0.9961,High,First Class,1
31389,0.9961,High,First Class,1
61806,0.9961,High,First Class,1
69693,0.9961,High,First Class,1
15497,0.9961,High,First Class,1
4422,0.9961,High,First Class,1
4360,0.9961,High,First Class,1
60943,0.9961,High,First Class,1
9987,0.9961,High,First Class,1
64279,0.9961,High,First Class,1
63859,0.9961,High,First Class,1
5487,0.9961,High,First Class,1
5471,0.9961,High,First Class,1
5397,0.9961,High,First Class,1
4695,0.9961,High,First Class,1
15869,0.9961,High,First Class,1
6007,0.9961,High,First Class,1
23658,0.9961,High,First Class,1
23658,0.9961,High,First Class,1
16566,0.9961,High,First Class,1
7907,0.9961,High,First Class,1
35153,0.9961,High,First Class,1
3445,0.9961,High,First Class,1
35153,0.9961,High,First Class,1
71871,0.9961,High,First Class,1
68056,0.9961,High,First Class,1
68054,0.9961,High,First Class,1
68054,0.9961,High,First Class,1
75560,0.9961,High,First Class,1
55291,0.9961,High,First Class,1
57149,0.9961,High,First Class,1
2968,0.9961,High,First Class,1
991,0.9961,High,First Class,1
4213,0.9961,High,First Class,1
7818,0.9961,High,First Class,1
9762,0.9961,High,First Class,1
58449,0.9961,High,First Class,1
2018,0.9961,High,First Class,1
8297,0.9961,High,First Class,1
9462,0.9961,High,First Class,1
9462,0.9961,High,First Class,1
5056,0.9961,High,First Class,1
40041,0.9961,High,First Class,1
61806,0.9961,High,First Class,1
40041,0.9961,High,First Class,1
50866,0.9961,High,First Class,1
15869,0.9961,High,First Class,1
2791,0.9961,High,First Class,1
2659,0.9961,High,First Class,1
2659,0.9961,High,First Class,1
2490,0.9961,High,First Class,1
991,0.9961,High,First Class,1
1451,0.9961,High,First Class,1
9462,0.9961,High,First Class,1
49606,0.9961,High,First Class,1
48785,0.9961,High,First Class,1
4371,0.9961,High,First Class,1
68054,0.9961,High,First Class,1
308,0.9961,High,First Class,1
57436,0.9961,High,First Class,1
57436,0.9961,High,First Class,1
35153,0.9961,High,First Class,1
19749,0.9961,High,First Class,1
3445,0.9961,High,First Class,1
54329,0.9961,High,First Class,1
43045,0.9961,High,First Class,1
16544,0.9961,High,First Class,1
7907,0.9961,High,First Class,1
11538,0.9961,High,First Class,1
11538,0.9961,High,First Class,1
23489,0.9961,High,First Class,1
41870,0.9961,High,First Class,1
59922,0.9961,High,First Class,1
60722,0.9961,High,First Class,1
58757,0.9961,High,First Class,1
46545,0.9961,High,First Class,1
58449,0.9961,High,First Class,1
59642,0.9961,High,First Class,1
59642,0.9961,High,First Class,1
59587,0.9961,High,First Class,1
44629,0.9961,High,First Class,1
62001,0.9961,High,First Class,1
62001,0.9961,High,First Class,1
8297,0.9961,High,First Class,1
29485,0.9961,High,First Class,1
24683,0.9961,High,First Class,1
35153,0.9961,High,First Class,1
44629,0.9961,High,First Class,1
5471,0.9961,High,First Class,1
5602,0.9961,High,First Class,1
5246,0.9961,High,First Class,1
38846,0.9961,High,First Class,1
40010,0.9961,High,First Class,1
55291,0.9961,High,First Class,1
1451,0.9961,High,First Class,1
14812,0.9961,High,First Class,1
45490,0.9961,High,First Class,1
934,0.9961,High,First Class,1
1451,0.9961,High,First Class,1
1407,0.9961,High,First Class,1
14812,0.9961,High,First Class,1
8356,0.9961,High,First Class,1
49395,0.9961,High,First Class,1
47727,0.9961,High,First Class,1
47727,0.9961,High,First Class,1
49228,0.9961,High,First Class,1
50866,0.9961,High,First Class,1
57436,0.9961,High,First Class,1
2174,0.9961,High,First Class,1
47727,0.9961,High,First Class,1
46927,0.9961,High,First Class,1
15508,0.9961,High,First Class,1
47568,0.9961,High,First Class,1
68056,0.9961,High,First Class,1
62001,0.9961,High,First Class,1
59922,0.9961,High,First Class,1
60488,0.9961,High,First Class,1
425,0.9961,High,First Class,1
63738,0.9961,High,First Class,1
40993,0.9961,High,First Class,1
1677,0.9961,High,First Class,1
10037,0.9961,High,First Class,1
61135,0.9961,High,First Class,1
61135,0.9961,High,First Class,1
32051,0.9961,High,First Class,1
55291,0.9961,High,First Class,1
15869,0.9961,High,First Class,1
54914,0.9961,High,First Class,1
55291,0.9961,High,First Class,1
47727,0.9961,High,First Class,1
53035,0.9961,High,First Class,1
53415,0.9961,High,First Class,1
39481,0.9961,High,First Class,1
41187,0.9961,High,First Class,1
41187,0.9961,High,First Class,1
44747,0.9961,High,First Class,1
51750,0.9961,High,First Class,1
54329,0.9961,High,First Class,1
44747,0.9961,High,First Class,1
52498,0.9961,High,First Class,1
2490,0.9961,High,First Class,1
2490,0.9961,High,First Class,1
52498,0.9961,High,First Class,1
39465,0.9961,High,First Class,1
37760,0.9961,High,First Class,1
70378,0.9961,High,First Class,1
65090,0.9961,High,First Class,1
11538,0.9961,High,First Class,1
53823,0.9961,High,First Class,1
24055,0.9961,High,First Class,1
24683,0.9961,High,First Class,1
46574,0.9961,High,First Class,1
28322,0.9961,High,First Class,1
67283,0.9961,High,First Class,1
67283,0.9961,High,First Class,1
28322,0.9961,High,First Class,1
63934,0.9961,High,First Class,1
15508,0.9961,High,First Class,1
63859,0.9961,High,First Class,1
46927,0.9961,High,First Class,1
44747,0.9961,High,First Class,1
991,0.9961,High,First Class,1
74335,0.9961,High,First Class,1
19749,0.9961,High,First Class,1
47568,0.9961,High,First Class,1
6391,0.9961,High,First Class,1
21053,0.9961,High,First Class,1
44747,0.9961,High,First Class,1
7427,0.9961,High,First Class,1
63859,0.9961,High,First Class,1
63859,0.9961,High,First Class,1
70717,0.9961,High,First Class,1
6391,0.9961,High,First Class,1
32297,0.9961,High,First Class,1
37887,0.9961,High,First Class,1
991,0.9961,High,First Class,1
3445,0.9961,High,First Class,1
991,0.9961,High,First Class,1
6391,0.9961,High,First Class,1
3445,0.9961,High,First Class,1
53215,0.9961,High,First Class,1
53215,0.9961,High,First Class,1
37887,0.9961,High,First Class,1
37887,0.9961,High,First Class,1
16255,0.9961,High,First Class,1
6306,0.9961,High,First Class,1
52498,0.9961,High,First Class,1
20967,0.9961,High,First Class,1
74350,0.9961,High,First Class,1
52498,0.9961,High,First Class,1
74024,0.9961,High,First Class,1
52040,0.9961,High,First Class,1
52113,0.9961,High,First Class,1
52937,0.9961,High,First Class,1
52040,0.9961,High,First Class,1
8334,0.9961,High,First Class,1
8297,0.9961,High,First Class,1
7427,0.9961,High,First Class,1
7427,0.9961,High,First Class,1
9654,0.9961,High,First Class,1
9175,0.9961,High,First Class,1
9462,0.9961,High,First Class,1
8607,0.9961,High,First Class,1
20164,0.9961,High,First Class,1
28597,0.9961,High,First Class,1
39681,0.9961,High,First Class,1
39681,0.9961,High,First Class,1
4695,0.9961,High,First Class,1
53215,0.9961,High,First Class,1
28655,0.9961,High,First Class,1
36581,0.9961,High,First Class,1
11538,0.9961,High,First Class,1
175,0.9961,High,First Class,1
4371,0.9961,High,First Class,1
58757,0.9961,High,First Class,1
6093,0.996,High,First Class,1
37889,0.996,High,First Class,1
33941,0.996,High,First Class,1
19469,0.996,High,First Class,1
18154,0.996,High,First Class,1
25159,0.996,High,First Class,1
52651,0.996,High,First Class,1
25159,0.996,High,First Class,1
39256,0.996,High,First Class,1
43187,0.996,High,First Class,1
52935,0.996,High,First Class,1
25642,0.996,High,First Class,1
24927,0.996,High,First Class,1
30299,0.996,High,First Class,1
33941,0.996,High,First Class,1
29488,0.996,High,First Class,1
24922,0.996,High,First Class,1
55945,0.996,High,First Class,1
24922,0.996,High,First Class,1
18154,0.996,High,First Class,1
267,0.996,High,First Class,1
37889,0.996,High,First Class,1
43187,0.996,High,First Class,1
43187,0.996,High,First Class,1
43187,0.996,High,First Class,1
40294,0.996,High,First Class,1
33314,0.996,High,First Class,1
49743,0.996,High,First Class,1
72027,0.996,High,First Class,1
67507,0.996,High,First Class,1
39256,0.996,High,First Class,1
33941,0.996,High,First Class,1
6093,0.996,High,First Class,1
37889,0.996,High,First Class,1
1892,0.996,High,First Class,1
11893,0.996,High,First Class,1
49970,0.996,High,First Class,1
50237,0.996,High,First Class,1
50237,0.996,High,First Class,1
48081,0.996,High,First Class,1
1892,0.996,High,First Class,1
61370,0.996,High,First Class,1
50400,0.996,High,First Class,1
22396,0.996,High,First Class,1
52197,0.996,High,First Class,1
19652,0.996,High,First Class,1
50681,0.996,High,First Class,1
76750,0.996,High,First Class,1
26224,0.996,High,First Class,1
59731,0.996,High,First Class,1
5130,0.996,High,First Class,1
68828,0.996,High,First Class,1
14176,0.996,High,First Class,1
69647,0.996,High,First Class,1
52651,0.996,High,First Class,1
20418,0.996,High,First Class,1
52651,0.996,High,First Class,1
56913,0.996,High,First Class,1
55540,0.996,High,First Class,1
70950,0.996,High,First Class,1
68828,0.996,High,First Class,1
11893,0.996,High,First Class,1
53338,0.996,High,First Class,1
36464,0.996,High,First Class,1
20418,0.996,High,First Class,1
11893,0.996,High,First Class,1
46574,0.996,High,First Class,1
46574,0.996,High,First Class,1
19623,0.996,High,First Class,1
19623,0.996,High,First Class,1
46574,0.996,High,First Class,1
21701,0.996,High,First Class,1
49743,0.996,High,First Class,1
49632,0.996,High,First Class,1
49549,0.996,High,First Class,1
49549,0.996,High,First Class,1
49228,0.996,High,First Class,1
48081,0.996,High,First Class,1
48081,0.996,High,First Class,1
49970,0.996,High,First Class,1
31404,0.996,High,First Class,1
57149,0.996,High,First Class,1
11429,0.996,High,First Class,1
11429,0.996,High,First Class,1
16209,0.996,High,First Class,1
55540,0.996,High,First Class,1
51269,0.996,High,First Class,1
50440,0.996,High,First Class,1
50400,0.996,High,First Class,1
14920,0.996,High,First Class,1
11429,0.996,High,First Class,1
62947,0.996,High,First Class,1
62947,0.996,High,First Class,1
70945,0.996,High,First Class,1
70607,0.996,High,First Class,1
16209,0.996,High,First Class,1
57490,0.996,High,First Class,1
45317,0.996,High,First Class,1
45317,0.996,High,First Class,1
45317,0.996,High,First Class,1
39132,0.996,High,First Class,1
32032,0.996,High,First Class,1
38585,0.996,High,First Class,1
48722,0.996,High,First Class,1
50237,0.996,High,First Class,1
67286,0.996,High,First Class,1
67272,0.996,High,First Class,1
76404,0.996,High,First Class,1
23440,0.996,High,First Class,1
23440,0.996,High,First Class,1
23440,0.996,High,First Class,1
39132,0.996,High,First Class,1
38585,0.996,High,First Class,1
35989,0.996,High,First Class,1
36879,0.996,High,First Class,1
25675,0.996,High,First Class,1
74531,0.996,High,First Class,1
75295,0.996,High,First Class,1
59119,0.996,High,First Class,1
6093,0.996,High,First Class,1
5130,0.996,High,First Class,1
61370,0.996,High,First Class,1
61370,0.996,High,First Class,1
61370,0.996,High,First Class,1
48308,0.996,High,First Class,1
47051,0.996,High,First Class,1
47693,0.996,High,First Class,1
47690,0.996,High,First Class,1
50400,0.996,High,First Class,1
14176,0.996,High,First Class,1
5130,0.996,High,First Class,1
61744,0.996,High,First Class,1
61804,0.996,High,First Class,1
29810,0.996,High,First Class,1
29744,0.996,High,First Class,1
29743,0.996,High,First Class,1
29488,0.996,High,First Class,1
32051,0.996,High,First Class,1
44880,0.996,High,First Class,1
4627,0.996,High,First Class,1
36879,0.996,High,First Class,1
31404,0.996,High,First Class,1
59731,0.996,High,First Class,1
63596,0.996,High,First Class,1
49549,0.996,High,First Class,1
47693,0.996,High,First Class,1
47693,0.996,High,First Class,1
10302,0.996,High,First Class,1
49632,0.996,High,First Class,1
2174,0.996,High,First Class,1
8769,0.996,High,First Class,1
73065,0.996,High,First Class,1
41770,0.996,High,First Class,1
41770,0.996,High,First Class,1
34918,0.996,High,First Class,1
35552,0.996,High,First Class,1
48308,0.996,High,First Class,1
50853,0.996,High,First Class,1
50440,0.996,High,First Class,1
51269,0.996,High,First Class,1
2174,0.996,High,First Class,1
52612,0.996,High,First Class,1
60188,0.996,High,First Class,1
47307,0.996,High,First Class,1
46998,0.996,High,First Class,1
46998,0.996,High,First Class,1
46114,0.996,High,First Class,1
48412,0.996,High,First Class,1
72551,0.996,High,First Class,1
55945,0.996,High,First Class,1
50668,0.996,High,First Class,1
50668,0.996,High,First Class,1
55945,0.996,High,First Class,1
77093,0.996,High,First Class,1
77147,0.996,High,First Class,1
25641,0.996,High,First Class,1
71891,0.996,High,First Class,1
44899,0.996,High,First Class,1
24199,0.996,High,First Class,1
72562,0.996,High,First Class,1
75301,0.996,High,First Class,1
10688,0.996,High,First Class,1
46998,0.996,High,First Class,1
46114,0.996,High,First Class,1
46114,0.996,High,First Class,1
47282,0.996,High,First Class,1
47367,0.996,High,First Class,1
59731,0.996,High,First Class,1
44881,0.996,High,First Class,1
44602,0.996,High,First Class,1
46998,0.996,High,First Class,1
27217,0.996,High,First Class,1
67272,0.996,High,First Class,1
67410,0.996,High,First Class,1
67410,0.996,High,First Class,1
25675,0.996,High,First Class,1
25675,0.996,High,First Class,1
37260,0.996,High,First Class,1
5017,0.996,High,First Class,1
44901,0.996,High,First Class,1
4627,0.996,High,First Class,1
27217,0.996,High,First Class,1
27416,0.996,High,First Class,1
1262,0.996,High,First Class,1
1233,0.996,High,First Class,1
50394,0.996,High,First Class,1
50394,0.996,High,First Class,1
43187,0.996,High,First Class,1
42961,0.996,High,First Class,1
41654,0.996,High,First Class,1
64189,0.996,High,First Class,1
1071,0.996,High,First Class,1
47051,0.996,High,First Class,1
5394,0.996,High,First Class,1
23761,0.996,High,First Class,1
26224,0.996,High,First Class,1
47051,0.996,High,First Class,1
28692,0.996,High,First Class,1
28692,0.996,High,First Class,1
62951,0.996,High,First Class,1
52197,0.996,High,First Class,1
67286,0.996,High,First Class,1
10688,0.996,High,First Class,1
68040,0.996,High,First Class,1
67507,0.996,High,First Class,1
68315,0.996,High,First Class,1
57490,0.996,High,First Class,1
47567,0.996,High,First Class,1
47567,0.996,High,First Class,1
47693,0.996,High,First Class,1
69809,0.996,High,First Class,1
69761,0.996,High,First Class,1
19807,0.996,High,First Class,1
47282,0.996,High,First Class,1
37068,0.996,High,First Class,1
11652,0.996,High,First Class,1
66317,0.996,High,First Class,1
55945,0.996,High,First Class,1
59445,0.996,High,First Class,1
59445,0.996,High,First Class,1
59445,0.996,High,First Class,1
55945,0.996,High,First Class,1
49970,0.996,High,First Class,1
19469,0.996,High,First Class,1
29483,0.996,High,First Class,1
71265,0.996,High,First Class,1
76947,0.996,High,First Class,1
74403,0.996,High,First Class,1
28757,0.996,High,First Class,1
28757,0.996,High,First Class,1
57490,0.996,High,First Class,1
28757,0.996,High,First Class,1
74499,0.996,High,First Class,1
72144,0.996,High,First Class,1
75302,0.996,High,First Class,1
25641,0.996,High,First Class,1
24199,0.996,High,First Class,1
30692,0.996,High,First Class,1
29136,0.996,High,First Class,1
68424,0.996,High,First Class,1
11429,0.996,High,First Class,1
14788,0.996,High,First Class,1
16209,0.996,High,First Class,1
11429,0.996,High,First Class,1
10260,0.996,High,First Class,1
45317,0.996,High,First Class,1
10260,0.996,High,First Class,1
15373,0.996,High,First Class,1
25159,0.996,High,First Class,1
25159,0.996,High,First Class,1
25641,0.996,High,First Class,1
30938,0.996,High,First Class,1
14788,0.996,High,First Class,1
19623,0.996,High,First Class,1
3287,0.996,High,First Class,1
3745,0.996,High,First Class,1
3668,0.996,High,First Class,1
61804,0.996,High,First Class,1
63945,0.996,High,First Class,1
28692,0.996,High,First Class,1
28692,0.996,High,First Class,1
37260,0.996,High,First Class,1
55703,0.996,High,First Class,1
57091,0.996,High,First Class,1
49606,0.996,High,First Class,1
66806,0.996,High,First Class,1
69402,0.996,High,First Class,1
69954,0.996,High,First Class,1
59826,0.996,High,First Class,1
2174,0.996,High,First Class,1
5394,0.996,High,First Class,1
73233,0.996,High,First Class,1
73403,0.996,High,First Class,1
67507,0.996,High,First Class,1
47280,0.996,High,First Class,1
46574,0.996,High,First Class,1
57091,0.996,High,First Class,1
68828,0.996,High,First Class,1
68040,0.996,High,First Class,1
67507,0.996,High,First Class,1
67410,0.996,High,First Class,1
67286,0.996,High,First Class,1
35552,0.996,High,First Class,1
39480,0.996,High,First Class,1
39150,0.996,High,First Class,1
38943,0.996,High,First Class,1
61936,0.996,High,First Class,1
5394,0.996,High,First Class,1
74883,0.996,High,First Class,1
44602,0.996,High,First Class,1
50853,0.996,High,First Class,1
50853,0.996,High,First Class,1
69760,0.996,High,First Class,1
62755,0.996,High,First Class,1
68509,0.996,High,First Class,1
3632,0.996,High,First Class,1
61370,0.996,High,First Class,1
66536,0.996,High,First Class,1
3632,0.996,High,First Class,1
61024,0.996,High,First Class,1
62947,0.996,High,First Class,1
64340,0.996,High,First Class,1
62947,0.996,High,First Class,1
14176,0.996,High,First Class,1
2174,0.996,High,First Class,1
52041,0.996,High,First Class,1
30938,0.996,High,First Class,1
22226,0.996,High,First Class,1
62947,0.996,High,First Class,1
14920,0.996,High,First Class,1
5964,0.996,High,First Class,1
5591,0.996,High,First Class,1
57490,0.996,High,First Class,1
55703,0.996,High,First Class,1
53338,0.996,High,First Class,1
53775,0.996,High,First Class,1
59731,0.996,High,First Class,1
66684,0.996,High,First Class,1
66536,0.996,High,First Class,1
3347,0.996,High,First Class,1
61856,0.996,High,First Class,1
61175,0.996,High,First Class,1
59826,0.996,High,First Class,1
61024,0.996,High,First Class,1
31388,0.996,High,First Class,1
3402,0.996,High,First Class,1
52041,0.996,High,First Class,1
67249,0.996,High,First Class,1
50394,0.996,High,First Class,1
26217,0.996,High,First Class,1
36586,0.996,High,First Class,1
31404,0.996,High,First Class,1
47629,0.996,High,First Class,1
38317,0.996,High,First Class,1
18651,0.996,High,First Class,1
36586,0.996,High,First Class,1
45791,0.996,High,First Class,1
28735,0.996,High,First Class,1
29815,0.996,High,First Class,1
49970,0.996,High,First Class,1
18154,0.996,High,First Class,1
18154,0.996,High,First Class,1
71433,0.996,High,First Class,1
47690,0.996,High,First Class,1
64189,0.996,High,First Class,1
22971,0.996,High,First Class,1
24922,0.996,High,First Class,1
12221,0.996,High,First Class,1
63168,0.996,High,First Class,1
15648,0.996,High,First Class,1
12221,0.996,High,First Class,1
69130,0.996,High,First Class,1
18784,0.996,High,First Class,1
1892,0.996,High,First Class,1
37930,0.996,High,First Class,1
5591,0.996,High,First Class,1
56913,0.996,High,First Class,1
61175,0.996,High,First Class,1
12455,0.996,High,First Class,1
12455,0.996,High,First Class,1
62755,0.996,High,First Class,1
5964,0.996,High,First Class,1
3347,0.996,High,First Class,1
26217,0.996,High,First Class,1
61175,0.996,High,First Class,1
37930,0.996,High,First Class,1
37930,0.996,High,First Class,1
12455,0.996,High,First Class,1
61175,0.996,High,First Class,1
16673,0.996,High,First Class,1
66536,0.996,High,First Class,1
16388,0.996,High,First Class,1
12831,0.996,High,First Class,1
34294,0.996,High,First Class,1
1262,0.996,High,First Class,1
1262,0.996,High,First Class,1
55540,0.996,High,First Class,1
12455,0.996,High,First Class,1
19820,0.996,High,First Class,1
27640,0.996,High,First Class,1
31388,0.996,High,First Class,1
20078,0.996,High,First Class,1
12982,0.996,High,First Class,1
18651,0.996,High,First Class,1
61936,0.996,High,First Class,1
21061,0.996,High,First Class,1
21061,0.996,High,First Class,1
73991,0.996,High,First Class,1
39131,0.996,High,First Class,1
32837,0.996,High,First Class,1
39131,0.996,High,First Class,1
15353,0.996,High,First Class,1
67410,0.996,High,First Class,1
42961,0.996,High,First Class,1
68736,0.996,High,First Class,1
10636,0.996,High,First Class,1
67410,0.996,High,First Class,1
10636,0.996,High,First Class,1
21061,0.996,High,First Class,1
1262,0.996,High,First Class,1
15353,0.996,High,First Class,1
61175,0.996,High,First Class,1
15353,0.996,High,First Class,1
19696,0.996,High,First Class,1
12982,0.996,High,First Class,1
15353,0.996,High,First Class,1
55540,0.996,High,First Class,1
71393,0.996,High,First Class,1
22388,0.996,High,First Class,1
47567,0.996,High,First Class,1
38585,0.996,High,First Class,1
31942,0.996,High,First Class,1
31942,0.996,High,First Class,1
36879,0.996,High,First Class,1
47285,0.996,High,First Class,1
29483,0.996,High,First Class,1
64189,0.996,High,First Class,1
70488,0.996,High,First Class,1
43308,0.996,High,First Class,1
62951,0.996,High,First Class,1
37313,0.996,High,First Class,1
3287,0.996,High,First Class,1
3287,0.996,High,First Class,1
59119,0.996,High,First Class,1
68509,0.996,High,First Class,1
67205,0.996,High,First Class,1
59119,0.996,High,First Class,1
59920,0.996,High,First Class,1
59826,0.996,High,First Class,1
59573,0.996,High,First Class,1
39821,0.996,High,First Class,1
28338,0.996,High,First Class,1
5964,0.996,High,First Class,1
16388,0.996,High,First Class,1
20021,0.996,High,First Class,1
50394,0.996,High,First Class,1
21725,0.996,High,First Class,1
39821,0.996,High,First Class,1
19470,0.996,High,First Class,1
16388,0.996,High,First Class,1
39460,0.996,High,First Class,1
66684,0.996,High,First Class,1
66806,0.996,High,First Class,1
16209,0.996,High,First Class,1
15648,0.996,High,First Class,1
16209,0.996,High,First Class,1
64340,0.996,High,First Class,1
28338,0.996,High,First Class,1
42961,0.996,High,First Class,1
31388,0.996,High,First Class,1
31388,0.996,High,First Class,1
33652,0.996,High,First Class,1
16388,0.996,High,First Class,1
39821,0.996,High,First Class,1
5964,0.996,High,First Class,1
12221,0.996,High,First Class,1
68736,0.996,High,First Class,1
10636,0.996,High,First Class,1
30938,0.996,High,First Class,1
30299,0.996,High,First Class,1
30299,0.996,High,First Class,1
30299,0.996,High,First Class,1
30299,0.996,High,First Class,1
47051,0.996,High,First Class,1
28692,0.996,High,First Class,1
49048,0.996,High,First Class,1
49048,0.996,High,First Class,1
49048,0.996,High,First Class,1
49048,0.996,High,First Class,1
49632,0.996,High,First Class,1
49048,0.996,High,First Class,1
73886,0.996,High,First Class,1
69449,0.996,High,First Class,1
20520,0.996,High,First Class,1
69689,0.996,High,First Class,1
44901,0.996,High,First Class,1
49743,0.996,High,First Class,1
19820,0.996,High,First Class,1
19820,0.996,High,First Class,1
19820,0.996,High,First Class,1
7655,0.996,High,First Class,1
69131,0.996,High,First Class,1
64340,0.996,High,First Class,1
18784,0.996,High,First Class,1
18784,0.996,High,First Class,1
63923,0.996,High,First Class,1
66536,0.996,High,First Class,1
35552,0.996,High,First Class,1
34918,0.996,High,First Class,1
10636,0.996,High,First Class,1
37634,0.996,High,First Class,1
36464,0.996,High,First Class,1
20078,0.996,High,First Class,1
19950,0.996,High,First Class,1
64340,0.996,High,First Class,1
31876,0.996,High,First Class,1
68736,0.996,High,First Class,1
68648,0.996,High,First Class,1
39460,0.996,High,First Class,1
20078,0.996,High,First Class,1
20078,0.996,High,First Class,1
16936,0.996,High,First Class,1
12982,0.996,High,First Class,1
16936,0.996,High,First Class,1
33187,0.996,High,First Class,1
37971,0.996,High,First Class,1
22388,0.996,High,First Class,1
21411,0.996,High,First Class,1
40686,0.996,High,First Class,1
52039,0.996,High,First Class,1
7655,0.996,High,First Class,1
21250,0.996,High,First Class,1
38728,0.996,High,First Class,1
18154,0.996,High,First Class,1
21701,0.996,High,First Class,1
20021,0.996,High,First Class,1
21061,0.996,High,First Class,1
21061,0.996,High,First Class,1
19652,0.996,High,First Class,1
19472,0.996,High,First Class,1
18222,0.996,High,First Class,1
18187,0.996,High,First Class,1
61744,0.996,High,First Class,1
19472,0.996,High,First Class,1
67554,0.996,High,First Class,1
19820,0.996,High,First Class,1
66317,0.996,High,First Class,1
49549,0.996,High,First Class,1
11652,0.996,High,First Class,1
15355,0.996,High,First Class,1
61744,0.996,High,First Class,1
19472,0.996,High,First Class,1
21725,0.996,High,First Class,1
39755,0.996,High,First Class,1
38317,0.996,High,First Class,1
61804,0.996,High,First Class,1
41654,0.996,High,First Class,1
55540,0.996,High,First Class,1
61024,0.996,High,First Class,1
73072,0.996,High,First Class,1
41408,0.996,High,First Class,1
41408,0.996,High,First Class,1
39908,0.996,High,First Class,1
40294,0.996,High,First Class,1
39480,0.996,High,First Class,1
39256,0.996,High,First Class,1
33187,0.996,High,First Class,1
33187,0.996,High,First Class,1
33941,0.996,High,First Class,1
33250,0.996,High,First Class,1
31975,0.996,High,First Class,1
31876,0.996,High,First Class,1
34294,0.996,High,First Class,1
22388,0.996,High,First Class,1
46114,0.996,High,First Class,1
36467,0.996,High,First Class,1
20964,0.996,High,First Class,1
24922,0.996,High,First Class,1
61856,0.996,High,First Class,1
22388,0.996,High,First Class,1
39480,0.996,High,First Class,1
40993,0.996,High,First Class,1
40993,0.996,High,First Class,1
22226,0.996,High,First Class,1
44901,0.996,High,First Class,1
40686,0.996,High,First Class,1
1408,0.996,High,First Class,1
21411,0.996,High,First Class,1
21411,0.996,High,First Class,1
61856,0.996,High,First Class,1
3745,0.996,High,First Class,1
45943,0.996,High,First Class,1
45943,0.996,High,First Class,1
29815,0.996,High,First Class,1
3402,0.996,High,First Class,1
14219,0.996,High,First Class,1
12982,0.996,High,First Class,1
32683,0.996,High,First Class,1
40294,0.996,High,First Class,1
32241,0.996,High,First Class,1
15648,0.996,High,First Class,1
39480,0.996,High,First Class,1
40221,0.996,High,First Class,1
39755,0.996,High,First Class,1
39423,0.996,High,First Class,1
15648,0.996,High,First Class,1
14920,0.996,High,First Class,1
14219,0.996,High,First Class,1
59826,0.996,High,First Class,1
45969,0.996,High,First Class,1
27416,0.996,High,First Class,1
29488,0.996,High,First Class,1
31404,0.996,High,First Class,1
47281,0.996,High,First Class,1
61024,0.996,High,First Class,1
39105,0.996,High,First Class,1
25591,0.996,High,First Class,1
3287,0.996,High,First Class,1
1071,0.996,High,First Class,1
5394,0.996,High,First Class,1
3287,0.996,High,First Class,1
48081,0.996,High,First Class,1
47690,0.996,High,First Class,1
47690,0.996,High,First Class,1
46998,0.996,High,First Class,1
47367,0.996,High,First Class,1
47280,0.996,High,First Class,1
47051,0.996,High,First Class,1
52935,0.996,High,First Class,1
37313,0.996,High,First Class,1
30938,0.996,High,First Class,1
27311,0.996,High,First Class,1
31975,0.996,High,First Class,1
32051,0.996,High,First Class,1
47567,0.996,High,First Class,1
12012,0.996,High,First Class,1
20021,0.996,High,First Class,1
31975,0.996,High,First Class,1
31975,0.996,High,First Class,1
27217,0.996,High,First Class,1
27217,0.996,High,First Class,1
29815,0.996,High,First Class,1
29744,0.996,High,First Class,1
28590,0.996,High,First Class,1
24054,0.996,High,First Class,1
29815,0.996,High,First Class,1
39480,0.996,High,First Class,1
75588,0.996,High,First Class,1
24199,0.996,High,First Class,1
39755,0.996,High,First Class,1
22226,0.996,High,First Class,1
40993,0.996,High,First Class,1
71737,0.996,High,First Class,1
3402,0.996,High,First Class,1
76592,0.996,High,First Class,1
74273,0.996,High,First Class,1
74270,0.996,High,First Class,1
75088,0.996,High,First Class,1
74677,0.996,High,First Class,1
25241,0.996,High,First Class,1
21725,0.996,High,First Class,1
12012,0.996,High,First Class,1
11893,0.996,High,First Class,1
3402,0.996,High,First Class,1
44901,0.996,High,First Class,1
33314,0.996,High,First Class,1
18187,0.996,High,First Class,1
16673,0.996,High,First Class,1
18187,0.996,High,First Class,1
70224,0.996,High,First Class,1
12313,0.996,High,First Class,1
12221,0.996,High,First Class,1
12955,0.996,High,First Class,1
12955,0.996,High,First Class,1
18784,0.996,High,First Class,1
33250,0.996,High,First Class,1
29488,0.996,High,First Class,1
29483,0.996,High,First Class,1
47629,0.996,High,First Class,1
41408,0.996,High,First Class,1
48189,0.996,High,First Class,1
48189,0.996,High,First Class,1
22971,0.996,High,First Class,1
36467,0.996,High,First Class,1
66193,0.996,High,First Class,1
33941,0.996,High,First Class,1
29744,0.996,High,First Class,1
67554,0.996,High,First Class,1
3402,0.996,High,First Class,1
44881,0.996,High,First Class,1
67554,0.996,High,First Class,1
47367,0.996,High,First Class,1
67554,0.996,High,First Class,1
15355,0.996,High,First Class,1
49549,0.996,High,First Class,1
15355,0.996,High,First Class,1
16673,0.996,High,First Class,1
12313,0.996,High,First Class,1
12831,0.996,High,First Class,1
12831,0.996,High,First Class,1
12831,0.996,High,First Class,1
893,0.996,High,First Class,1
21250,0.996,High,First Class,1
38585,0.996,High,First Class,1
66684,0.996,High,First Class,1
39755,0.996,High,First Class,1
36879,0.996,High,First Class,1
37426,0.996,High,First Class,1
37704,0.996,High,First Class,1
47281,0.996,High,First Class,1
61804,0.996,High,First Class,1
45317,0.996,High,First Class,1
44901,0.996,High,First Class,1
44881,0.996,High,First Class,1
40294,0.996,High,First Class,1
41816,0.996,High,First Class,1
41816,0.996,High,First Class,1
61804,0.996,High,First Class,1
47567,0.996,High,First Class,1
50237,0.996,High,First Class,1
67507,0.996,High,First Class,1
68315,0.996,High,First Class,1
20021,0.996,High,First Class,1
62755,0.996,High,First Class,1
67205,0.996,High,First Class,1
39423,0.996,High,First Class,1
15648,0.996,High,First Class,1
12221,0.996,High,First Class,1
18651,0.996,High,First Class,1
18784,0.996,High,First Class,1
28735,0.996,High,First Class,1
39423,0.996,High,First Class,1
38317,0.996,High,First Class,1
38317,0.996,High,First Class,1
31404,0.996,High,First Class,1
41816,0.996,High,First Class,1
41816,0.996,High,First Class,1
59119,0.996,High,First Class,1
25675,0.996,High,First Class,1
25675,0.996,High,First Class,1
34294,0.996,High,First Class,1
34294,0.996,High,First Class,1
34918,0.996,High,First Class,1
29815,0.996,High,First Class,1
67205,0.996,High,First Class,1
38943,0.996,High,First Class,1
59826,0.996,High,First Class,1
59920,0.996,High,First Class,1
29744,0.996,High,First Class,1
28735,0.996,High,First Class,1
28735,0.996,High,First Class,1
36467,0.996,High,First Class,1
44602,0.996,High,First Class,1
38585,0.996,High,First Class,1
39132,0.996,High,First Class,1
19469,0.996,High,First Class,1
25159,0.996,High,First Class,1
30692,0.996,High,First Class,1
49743,0.996,High,First Class,1
49743,0.996,High,First Class,1
50440,0.996,High,First Class,1
50440,0.996,High,First Class,1
27416,0.996,High,First Class,1
25559,0.996,High,First Class,1
25580,0.996,High,First Class,1
29488,0.996,High,First Class,1
33187,0.996,High,First Class,1
47367,0.996,High,First Class,1
52935,0.996,High,First Class,1
30692,0.996,High,First Class,1
48581,0.996,High,First Class,1
50237,0.996,High,First Class,1
3632,0.996,High,First Class,1
44880,0.996,High,First Class,1
20964,0.996,High,First Class,1
39256,0.996,High,First Class,1
43308,0.996,High,First Class,1
1233,0.996,High,First Class,1
24199,0.996,High,First Class,1
28735,0.996,High,First Class,1
27217,0.996,High,First Class,1
26773,0.996,High,First Class,1
28338,0.996,High,First Class,1
22631,0.9959,High,First Class,1
52289,0.9959,High,First Class,1
27937,0.9959,High,First Class,1
10150,0.9959,High,First Class,1
24927,0.9959,High,First Class,1
58306,0.9959,High,First Class,1
58306,0.9959,High,First Class,1
22631,0.9959,High,First Class,1
16672,0.9959,High,First Class,1
42635,0.9959,High,First Class,1
47982,0.9959,High,First Class,1
53443,0.9959,High,First Class,1
54342,0.9959,High,First Class,1
53054,0.9959,High,First Class,1
56960,0.9959,High,First Class,1
58389,0.9959,High,First Class,1
52289,0.9959,High,First Class,1
12980,0.9959,High,First Class,1
52143,0.9959,High,First Class,1
51863,0.9959,High,First Class,1
51477,0.9959,High,First Class,1
49787,0.9959,High,First Class,1
57288,0.9959,High,First Class,1
57288,0.9959,High,First Class,1
48412,0.9959,High,First Class,1
1112,0.9959,High,First Class,1
25515,0.9959,High,First Class,1
2357,0.9959,High,First Class,1
10988,0.9959,High,First Class,1
59410,0.9959,High,First Class,1
59192,0.9959,High,First Class,1
58321,0.9959,High,First Class,1
57704,0.9959,High,First Class,1
2963,0.9959,High,First Class,1
1244,0.9959,High,First Class,1
56960,0.9959,High,First Class,1
1244,0.9959,High,First Class,1
58306,0.9959,High,First Class,1
7698,0.9959,High,First Class,1
2357,0.9959,High,First Class,1
51862,0.9959,High,First Class,1
12735,0.9959,High,First Class,1
8319,0.9959,High,First Class,1
53317,0.9959,High,First Class,1
52758,0.9959,High,First Class,1
55149,0.9959,High,First Class,1
296,0.9959,High,First Class,1
32965,0.9959,High,First Class,1
57288,0.9959,High,First Class,1
53317,0.9959,High,First Class,1
51795,0.9959,High,First Class,1
58321,0.9959,High,First Class,1
52289,0.9959,High,First Class,1
1240,0.9959,High,First Class,1
57105,0.9959,High,First Class,1
977,0.9959,High,First Class,1
57704,0.9959,High,First Class,1
52759,0.9959,High,First Class,1
52759,0.9959,High,First Class,1
55715,0.9959,High,First Class,1
58389,0.9959,High,First Class,1
2967,0.9959,High,First Class,1
6518,0.9959,High,First Class,1
5705,0.9959,High,First Class,1
1677,0.9959,High,First Class,1
51477,0.9959,High,First Class,1
32241,0.9959,High,First Class,1
52350,0.9959,High,First Class,1
8159,0.9959,High,First Class,1
9811,0.9959,High,First Class,1
10084,0.9959,High,First Class,1
5705,0.9959,High,First Class,1
52759,0.9959,High,First Class,1
57009,0.9959,High,First Class,1
49787,0.9959,High,First Class,1
57627,0.9959,High,First Class,1
32241,0.9959,High,First Class,1
4542,0.9959,High,First Class,1
24305,0.9959,High,First Class,1
3235,0.9959,High,First Class,1
8319,0.9959,High,First Class,1
12735,0.9959,High,First Class,1
12735,0.9959,High,First Class,1
1452,0.9959,High,First Class,1
6124,0.9959,High,First Class,1
1240,0.9959,High,First Class,1
2963,0.9959,High,First Class,1
2967,0.9959,High,First Class,1
6518,0.9959,High,First Class,1
2963,0.9959,High,First Class,1
1240,0.9959,High,First Class,1
59192,0.9959,High,First Class,1
10218,0.9959,High,First Class,1
10218,0.9959,High,First Class,1
49579,0.9959,High,First Class,1
49579,0.9959,High,First Class,1
31825,0.9959,High,First Class,1
759,0.9959,High,First Class,1
9827,0.9959,High,First Class,1
2067,0.9959,High,First Class,1
2067,0.9959,High,First Class,1
41385,0.9959,High,First Class,1
41385,0.9959,High,First Class,1
8319,0.9959,High,First Class,1
2963,0.9959,High,First Class,1
68300,0.9959,High,First Class,1
32240,0.9959,High,First Class,1
9729,0.9959,High,First Class,1
9729,0.9959,High,First Class,1
64583,0.9959,High,First Class,1
34296,0.9959,High,First Class,1
7346,0.9959,High,First Class,1
7346,0.9959,High,First Class,1
57693,0.9959,High,First Class,1
24305,0.9959,High,First Class,1
49787,0.9959,High,First Class,1
24305,0.9959,High,First Class,1
5343,0.9959,High,First Class,1
759,0.9959,High,First Class,1
68300,0.9959,High,First Class,1
225,0.9959,High,First Class,1
59887,0.9959,High,First Class,1
51863,0.9959,High,First Class,1
10150,0.9959,High,First Class,1
4542,0.9959,High,First Class,1
58303,0.9959,High,First Class,1
59887,0.9959,High,First Class,1
54342,0.9959,High,First Class,1
59887,0.9959,High,First Class,1
34298,0.9959,High,First Class,1
18104,0.9959,High,First Class,1
54405,0.9959,High,First Class,1
53180,0.9959,High,First Class,1
54285,0.9959,High,First Class,1
3927,0.9959,High,First Class,1
18104,0.9959,High,First Class,1
59695,0.9959,High,First Class,1
50034,0.9959,High,First Class,1
53054,0.9959,High,First Class,1
58303,0.9959,High,First Class,1
58303,0.9959,High,First Class,1
53054,0.9959,High,First Class,1
5975,0.9959,High,First Class,1
59192,0.9959,High,First Class,1
2963,0.9959,High,First Class,1
64574,0.9959,High,First Class,1
34296,0.9959,High,First Class,1
225,0.9959,High,First Class,1
977,0.9959,High,First Class,1
57009,0.9959,High,First Class,1
5705,0.9959,High,First Class,1
52143,0.9959,High,First Class,1
57009,0.9959,High,First Class,1
73763,0.9959,High,First Class,1
52350,0.9959,High,First Class,1
69831,0.9959,High,First Class,1
2967,0.9959,High,First Class,1
5705,0.9959,High,First Class,1
52143,0.9959,High,First Class,1
53180,0.9959,High,First Class,1
64583,0.9959,High,First Class,1
5343,0.9959,High,First Class,1
759,0.9959,High,First Class,1
9619,0.9959,High,First Class,1
58304,0.9959,High,First Class,1
49787,0.9959,High,First Class,1
49579,0.9959,High,First Class,1
48412,0.9959,High,First Class,1
49143,0.9959,High,First Class,1
76493,0.9959,High,First Class,1
53443,0.9959,High,First Class,1
51942,0.9959,High,First Class,1
53255,0.9959,High,First Class,1
58389,0.9959,High,First Class,1
3927,0.9959,High,First Class,1
53255,0.9959,High,First Class,1
59628,0.9959,High,First Class,1
10085,0.9959,High,First Class,1
47282,0.9959,High,First Class,1
32240,0.9959,High,First Class,1
34296,0.9959,High,First Class,1
34296,0.9959,High,First Class,1
53054,0.9959,High,First Class,1
5975,0.9959,High,First Class,1
57009,0.9959,High,First Class,1
977,0.9959,High,First Class,1
1677,0.9959,High,First Class,1
3773,0.9959,High,First Class,1
52350,0.9959,High,First Class,1
3773,0.9959,High,First Class,1
225,0.9959,High,First Class,1
9619,0.9959,High,First Class,1
57288,0.9959,High,First Class,1
59695,0.9959,High,First Class,1
1240,0.9959,High,First Class,1
58674,0.9959,High,First Class,1
57686,0.9959,High,First Class,1
51863,0.9959,High,First Class,1
51862,0.9959,High,First Class,1
51814,0.9959,High,First Class,1
7346,0.9959,High,First Class,1
53317,0.9959,High,First Class,1
58321,0.9959,High,First Class,1
58304,0.9959,High,First Class,1
52758,0.9959,High,First Class,1
9827,0.9959,High,First Class,1
31825,0.9959,High,First Class,1
10085,0.9959,High,First Class,1
10218,0.9959,High,First Class,1
57301,0.9959,High,First Class,1
3773,0.9959,High,First Class,1
13750,0.9959,High,First Class,1
55367,0.9959,High,First Class,1
32240,0.9959,High,First Class,1
32240,0.9959,High,First Class,1
2967,0.9959,High,First Class,1
53317,0.9959,High,First Class,1
7264,0.9959,High,First Class,1
9811,0.9959,High,First Class,1
9811,0.9959,High,First Class,1
9619,0.9959,High,First Class,1
57288,0.9959,High,First Class,1
1677,0.9959,High,First Class,1
57704,0.9959,High,First Class,1
3773,0.9959,High,First Class,1
3927,0.9959,High,First Class,1
54405,0.9959,High,First Class,1
18104,0.9959,High,First Class,1
18104,0.9959,High,First Class,1
53238,0.9959,High,First Class,1
57627,0.9959,High,First Class,1
59628,0.9959,High,First Class,1
57301,0.9959,High,First Class,1
10218,0.9959,High,First Class,1
75948,0.9959,High,First Class,1
63881,0.9959,High,First Class,1
60950,0.9959,High,First Class,1
4061,0.9959,High,First Class,1
8769,0.9959,High,First Class,1
76896,0.9959,High,First Class,1
67249,0.9959,High,First Class,1
55149,0.9959,High,First Class,1
55149,0.9959,High,First Class,1
53054,0.9959,High,First Class,1
52966,0.9959,High,First Class,1
8769,0.9959,High,First Class,1
6518,0.9959,High,First Class,1
6518,0.9959,High,First Class,1
8769,0.9959,High,First Class,1
23354,0.9959,High,First Class,1
71798,0.9959,High,First Class,1
52758,0.9959,High,First Class,1
59887,0.9959,High,First Class,1
58674,0.9959,High,First Class,1
59192,0.9959,High,First Class,1
58303,0.9959,High,First Class,1
57009,0.9959,High,First Class,1
59192,0.9959,High,First Class,1
1588,0.9959,High,First Class,1
1112,0.9959,High,First Class,1
4706,0.9959,High,First Class,1
3235,0.9959,High,First Class,1
55149,0.9959,High,First Class,1
3235,0.9959,High,First Class,1
23354,0.9959,High,First Class,1
49147,0.9959,High,First Class,1
759,0.9959,High,First Class,1
4706,0.9959,High,First Class,1
4542,0.9959,High,First Class,1
13750,0.9959,High,First Class,1
9602,0.9959,High,First Class,1
59628,0.9959,High,First Class,1
59410,0.9959,High,First Class,1
3927,0.9959,High,First Class,1
66069,0.9959,High,First Class,1
64574,0.9959,High,First Class,1
64574,0.9959,High,First Class,1
10988,0.9959,High,First Class,1
60718,0.9959,High,First Class,1
10218,0.9959,High,First Class,1
3366,0.9959,High,First Class,1
12735,0.9959,High,First Class,1
64574,0.9959,High,First Class,1
24927,0.9959,High,First Class,1
55149,0.9959,High,First Class,1
53053,0.9959,High,First Class,1
52759,0.9959,High,First Class,1
64583,0.9959,High,First Class,1
55715,0.9959,High,First Class,1
296,0.9959,High,First Class,1
65309,0.9959,High,First Class,1
58674,0.9959,High,First Class,1
60188,0.9959,High,First Class,1
60188,0.9959,High,First Class,1
63881,0.9959,High,First Class,1
9602,0.9959,High,First Class,1
1588,0.9959,High,First Class,1
59695,0.9959,High,First Class,1
65309,0.9959,High,First Class,1
65087,0.9959,High,First Class,1
49143,0.9959,High,First Class,1
49143,0.9959,High,First Class,1
49143,0.9959,High,First Class,1
47982,0.9959,High,First Class,1
48412,0.9959,High,First Class,1
50890,0.9959,High,First Class,1
49143,0.9959,High,First Class,1
48412,0.9959,High,First Class,1
68906,0.9959,High,First Class,1
8769,0.9959,High,First Class,1
55715,0.9959,High,First Class,1
32240,0.9959,High,First Class,1
53443,0.9959,High,First Class,1
52759,0.9959,High,First Class,1
9827,0.9959,High,First Class,1
10302,0.9959,High,First Class,1
10150,0.9959,High,First Class,1
68300,0.9959,High,First Class,1
75080,0.9959,High,First Class,1
9827,0.9959,High,First Class,1
5968,0.9959,High,First Class,1
47282,0.9959,High,First Class,1
58306,0.9959,High,First Class,1
58304,0.9959,High,First Class,1
34298,0.9959,High,First Class,1
34298,0.9959,High,First Class,1
18104,0.9959,High,First Class,1
57627,0.9959,High,First Class,1
53443,0.9959,High,First Class,1
31825,0.9959,High,First Class,1
3366,0.9959,High,First Class,1
3366,0.9959,High,First Class,1
53255,0.9959,High,First Class,1
10150,0.9959,High,First Class,1
31825,0.9959,High,First Class,1
1112,0.9959,High,First Class,1
64574,0.9959,High,First Class,1
977,0.9959,High,First Class,1
34298,0.9959,High,First Class,1
34298,0.9959,High,First Class,1
57301,0.9959,High,First Class,1
26366,0.9959,High,First Class,1
24927,0.9959,High,First Class,1
8319,0.9959,High,First Class,1
31825,0.9959,High,First Class,1
10302,0.9959,High,First Class,1
50010,0.9959,High,First Class,1
51795,0.9959,High,First Class,1
1588,0.9959,High,First Class,1
32241,0.9959,High,First Class,1
32241,0.9959,High,First Class,1
68300,0.9959,High,First Class,1
1112,0.9959,High,First Class,1
52289,0.9959,High,First Class,1
52289,0.9959,High,First Class,1
51863,0.9959,High,First Class,1
52143,0.9959,High,First Class,1
51903,0.9959,High,First Class,1
10302,0.9959,High,First Class,1
50890,0.9959,High,First Class,1
51903,0.9959,High,First Class,1
4706,0.9959,High,First Class,1
4542,0.9959,High,First Class,1
1588,0.9959,High,First Class,1
42635,0.9959,High,First Class,1
1452,0.9959,High,First Class,1
6784,0.9959,High,First Class,1
6784,0.9959,High,First Class,1
2067,0.9959,High,First Class,1
65087,0.9959,High,First Class,1
52350,0.9959,High,First Class,1
8319,0.9959,High,First Class,1
3235,0.9959,High,First Class,1
16672,0.9959,High,First Class,1
41385,0.9959,High,First Class,1
4706,0.9959,High,First Class,1
1244,0.9959,High,First Class,1
32965,0.9959,High,First Class,1
57627,0.9959,High,First Class,1
3927,0.9959,High,First Class,1
51942,0.9959,High,First Class,1
57627,0.9959,High,First Class,1
54405,0.9959,High,First Class,1
58389,0.9959,High,First Class,1
53255,0.9959,High,First Class,1
1677,0.9959,High,First Class,1
3773,0.9959,High,First Class,1
57301,0.9959,High,First Class,1
58304,0.9959,High,First Class,1
60718,0.9959,High,First Class,1
59410,0.9959,High,First Class,1
10302,0.9959,High,First Class,1
9602,0.9959,High,First Class,1
11471,0.9958,High,First Class,1
7191,0.9958,High,First Class,1
75904,0.9958,High,First Class,1
7191,0.9958,High,First Class,1
5969,0.9958,High,First Class,1
31743,0.9958,High,First Class,1
36933,0.9958,High,First Class,1
5969,0.9958,High,First Class,1
49147,0.9958,High,First Class,1
62212,0.9958,High,First Class,1
5969,0.9958,High,First Class,1
58179,0.9958,High,First Class,1
58179,0.9958,High,First Class,1
62752,0.9958,High,First Class,1
53053,0.9958,High,First Class,1
2596,0.9958,High,First Class,1
755,0.9958,High,First Class,1
2596,0.9958,High,First Class,1
2596,0.9958,High,First Class,1
51394,0.9958,High,First Class,1
75083,0.9958,High,First Class,1
755,0.9958,High,First Class,1
57565,0.9958,High,First Class,1
782,0.9958,High,First Class,1
755,0.9958,High,First Class,1
2596,0.9958,High,First Class,1
53053,0.9958,High,First Class,1
23159,0.9958,High,First Class,1
34048,0.9958,High,First Class,1
35927,0.9958,High,First Class,1
58179,0.9958,High,First Class,1
31405,0.9958,High,First Class,1
32230,0.9958,High,First Class,1
67708,0.9958,High,First Class,1
17709,0.9958,High,First Class,1
17709,0.9958,High,First Class,1
32768,0.9958,High,First Class,1
23159,0.9958,High,First Class,1
67708,0.9958,High,First Class,1
69821,0.9958,High,First Class,1
69144,0.9958,High,First Class,1
13524,0.9958,High,First Class,1
70023,0.9958,High,First Class,1
65780,0.9958,High,First Class,1
65780,0.9958,High,First Class,1
32768,0.9958,High,First Class,1
17709,0.9958,High,First Class,1
60653,0.9958,High,First Class,1
45723,0.9958,High,First Class,1
23159,0.9958,High,First Class,1
22978,0.9958,High,First Class,1
22978,0.9958,High,First Class,1
53053,0.9958,High,First Class,1
53053,0.9958,High,First Class,1
23159,0.9958,High,First Class,1
19477,0.9958,High,First Class,1
19477,0.9958,High,First Class,1
23159,0.9958,High,First Class,1
22978,0.9958,High,First Class,1
22978,0.9958,High,First Class,1
60653,0.9958,High,First Class,1
9798,0.9958,High,First Class,1
7191,0.9958,High,First Class,1
60653,0.9958,High,First Class,1
53536,0.9958,High,First Class,1
51394,0.9958,High,First Class,1
51394,0.9958,High,First Class,1
70785,0.9958,High,First Class,1
70290,0.9958,High,First Class,1
33105,0.9958,High,First Class,1
8585,0.9958,High,First Class,1
14110,0.9958,High,First Class,1
33105,0.9958,High,First Class,1
33105,0.9958,High,First Class,1
782,0.9958,High,First Class,1
14110,0.9958,High,First Class,1
33105,0.9958,High,First Class,1
39457,0.9958,High,First Class,1
39457,0.9958,High,First Class,1
39457,0.9958,High,First Class,1
56522,0.9958,High,First Class,1
8601,0.9958,High,First Class,1
66954,0.9958,High,First Class,1
61271,0.9958,High,First Class,1
61271,0.9958,High,First Class,1
14110,0.9958,High,First Class,1
14110,0.9958,High,First Class,1
10303,0.9958,High,First Class,1
5990,0.9958,High,First Class,1
67916,0.9958,High,First Class,1
67707,0.9958,High,First Class,1
782,0.9958,High,First Class,1
65912,0.9958,High,First Class,1
19478,0.9958,High,First Class,1
19478,0.9958,High,First Class,1
39056,0.9958,High,First Class,1
52275,0.9958,High,First Class,1
2596,0.9958,High,First Class,1
35927,0.9958,High,First Class,1
19478,0.9958,High,First Class,1
65780,0.9958,High,First Class,1
28589,0.9958,High,First Class,1
26538,0.9958,High,First Class,1
14416,0.9958,High,First Class,1
51869,0.9958,High,First Class,1
9074,0.9958,High,First Class,1
9074,0.9958,High,First Class,1
62212,0.9958,High,First Class,1
49147,0.9958,High,First Class,1
48189,0.9958,High,First Class,1
33105,0.9958,High,First Class,1
67707,0.9958,High,First Class,1
27292,0.9958,High,First Class,1
67916,0.9958,High,First Class,1
67916,0.9958,High,First Class,1
8788,0.9958,High,First Class,1
44351,0.9958,High,First Class,1
8788,0.9958,High,First Class,1
72225,0.9958,High,First Class,1
44351,0.9958,High,First Class,1
26538,0.9958,High,First Class,1
39457,0.9958,High,First Class,1
39457,0.9958,High,First Class,1
28589,0.9958,High,First Class,1
34958,0.9958,High,First Class,1
28589,0.9958,High,First Class,1
26588,0.9958,High,First Class,1
17279,0.9958,High,First Class,1
37155,0.9958,High,First Class,1
62752,0.9958,High,First Class,1
19478,0.9958,High,First Class,1
46819,0.9958,High,First Class,1
65780,0.9958,High,First Class,1
65780,0.9958,High,First Class,1
28589,0.9958,High,First Class,1
52275,0.9958,High,First Class,1
15495,0.9958,High,First Class,1
15495,0.9958,High,First Class,1
64898,0.9958,High,First Class,1
64898,0.9958,High,First Class,1
1995,0.9958,High,First Class,1
1995,0.9958,High,First Class,1
12980,0.9958,High,First Class,1
22978,0.9958,High,First Class,1
52275,0.9958,High,First Class,1
51186,0.9958,High,First Class,1
51186,0.9958,High,First Class,1
32821,0.9958,High,First Class,1
67707,0.9958,High,First Class,1
45851,0.9958,High,First Class,1
31405,0.9958,High,First Class,1
31405,0.9958,High,First Class,1
52217,0.9958,High,First Class,1
23354,0.9958,High,First Class,1
23354,0.9958,High,First Class,1
21397,0.9958,High,First Class,1
46460,0.9958,High,First Class,1
53245,0.9958,High,First Class,1
12980,0.9958,High,First Class,1
26588,0.9958,High,First Class,1
14416,0.9958,High,First Class,1
62752,0.9958,High,First Class,1
39056,0.9958,High,First Class,1
46460,0.9958,High,First Class,1
51186,0.9958,High,First Class,1
19478,0.9958,High,First Class,1
64752,0.9958,High,First Class,1
5969,0.9958,High,First Class,1
28589,0.9958,High,First Class,1
26538,0.9958,High,First Class,1
5990,0.9958,High,First Class,1
5969,0.9958,High,First Class,1
17709,0.9958,High,First Class,1
65912,0.9958,High,First Class,1
57685,0.9958,High,First Class,1
62212,0.9958,High,First Class,1
57565,0.9958,High,First Class,1
48583,0.9958,High,First Class,1
51394,0.9958,High,First Class,1
67916,0.9958,High,First Class,1
14416,0.9958,High,First Class,1
51394,0.9958,High,First Class,1
55977,0.9958,High,First Class,1
67916,0.9958,High,First Class,1
69953,0.9958,High,First Class,1
57105,0.9958,High,First Class,1
1995,0.9958,High,First Class,1
60121,0.9958,High,First Class,1
58179,0.9958,High,First Class,1
60121,0.9958,High,First Class,1
64898,0.9958,High,First Class,1
67707,0.9958,High,First Class,1
62212,0.9958,High,First Class,1
1995,0.9958,High,First Class,1
1995,0.9958,High,First Class,1
39056,0.9958,High,First Class,1
35376,0.9958,High,First Class,1
39056,0.9958,High,First Class,1
57685,0.9958,High,First Class,1
68852,0.9958,High,First Class,1
28181,0.9958,High,First Class,1
59581,0.9958,High,First Class,1
36933,0.9958,High,First Class,1
17709,0.9958,High,First Class,1
36933,0.9958,High,First Class,1
11471,0.9958,High,First Class,1
11403,0.9958,High,First Class,1
35376,0.9958,High,First Class,1
35376,0.9958,High,First Class,1
11471,0.9958,High,First Class,1
12976,0.9958,High,First Class,1
58179,0.9958,High,First Class,1
11403,0.9958,High,First Class,1
11471,0.9958,High,First Class,1
69142,0.9958,High,First Class,1
53536,0.9958,High,First Class,1
17279,0.9958,High,First Class,1
70022,0.9958,High,First Class,1
782,0.9958,High,First Class,1
57565,0.9958,High,First Class,1
60121,0.9958,High,First Class,1
8601,0.9958,High,First Class,1
8601,0.9958,High,First Class,1
75787,0.9958,High,First Class,1
54354,0.9958,High,First Class,1
37155,0.9958,High,First Class,1
8601,0.9958,High,First Class,1
8601,0.9958,High,First Class,1
21047,0.9958,High,First Class,1
27292,0.9958,High,First Class,1
27292,0.9958,High,First Class,1
12976,0.9958,High,First Class,1
32230,0.9958,High,First Class,1
7191,0.9958,High,First Class,1
34048,0.9958,High,First Class,1
21397,0.9958,High,First Class,1
21047,0.9958,High,First Class,1
27292,0.9958,High,First Class,1
55977,0.9958,High,First Class,1
37155,0.9958,High,First Class,1
60121,0.9958,High,First Class,1
56952,0.9958,High,First Class,1
32230,0.9958,High,First Class,1
60121,0.9958,High,First Class,1
782,0.9958,High,First Class,1
23354,0.9958,High,First Class,1
32230,0.9958,High,First Class,1
32230,0.9958,High,First Class,1
27292,0.9958,High,First Class,1
12976,0.9958,High,First Class,1
9074,0.9958,High,First Class,1
9074,0.9958,High,First Class,1
32768,0.9958,High,First Class,1
32768,0.9958,High,First Class,1
23320,0.9957,High,First Class,1
23320,0.9957,High,First Class,1
57149,0.9957,High,First Class,1
33180,0.9957,High,First Class,1
55349,0.9957,High,First Class,1
55349,0.9957,High,First Class,1
59961,0.9957,High,First Class,1
58307,0.9957,High,First Class,1
12520,0.9957,High,First Class,1
39056,0.9957,High,First Class,1
59581,0.9957,High,First Class,1
67249,0.9957,High,First Class,1
58158,0.9957,High,First Class,1
23320,0.9957,High,First Class,1
57291,0.9957,High,First Class,1
26527,0.9957,High,First Class,1
33180,0.9957,High,First Class,1
56761,0.9957,High,First Class,1
35613,0.9957,High,First Class,1
22306,0.9957,High,First Class,1
22306,0.9957,High,First Class,1
22306,0.9957,High,First Class,1
59961,0.9957,High,First Class,1
55349,0.9957,High,First Class,1
55349,0.9957,High,First Class,1
15958,0.9957,High,First Class,1
5990,0.9957,High,First Class,1
50034,0.9957,High,First Class,1
23320,0.9957,High,First Class,1
59961,0.9957,High,First Class,1
29463,0.9957,High,First Class,1
50279,0.9957,High,First Class,1
29463,0.9957,High,First Class,1
59961,0.9957,High,First Class,1
57291,0.9957,High,First Class,1
57291,0.9957,High,First Class,1
58307,0.9957,High,First Class,1
58307,0.9957,High,First Class,1
55349,0.9957,High,First Class,1
38523,0.9957,High,First Class,1
72424,0.9957,High,First Class,1
77007,0.9957,High,First Class,1
29463,0.9957,High,First Class,1
33097,0.9957,High,First Class,1
29463,0.9957,High,First Class,1
5990,0.9957,High,First Class,1
57291,0.9957,High,First Class,1
59961,0.9957,High,First Class,1
57291,0.9957,High,First Class,1
33097,0.9957,High,First Class,1
33097,0.9957,High,First Class,1
66757,0.9957,High,First Class,1
33097,0.9957,High,First Class,1
75429,0.9957,High,First Class,1
58307,0.9957,High,First Class,1
38523,0.9957,High,First Class,1
77080,0.9957,High,First Class,1
63834,0.9957,High,First Class,1
35613,0.9957,High,First Class,1
761,0.9957,High,First Class,1
26527,0.9957,High,First Class,1
5990,0.9957,High,First Class,1
17981,0.9957,High,First Class,1
38523,0.9957,High,First Class,1
38523,0.9957,High,First Class,1
63834,0.9957,High,First Class,1
761,0.9957,High,First Class,1
12520,0.9957,High,First Class,1
58158,0.9957,High,First Class,1
63834,0.9957,High,First Class,1
30448,0.9957,High,First Class,1
50034,0.9957,High,First Class,1
35613,0.9957,High,First Class,1
35613,0.9957,High,First Class,1
33180,0.9957,High,First Class,1
35613,0.9957,High,First Class,1
61398,0.9957,High,First Class,1
22424,0.9957,High,First Class,1
38523,0.9957,High,First Class,1
3447,0.9957,High,First Class,1
76942,0.9957,High,First Class,1
23320,0.9957,High,First Class,1
37571,0.9957,High,First Class,1
56761,0.9957,High,First Class,1
65451,0.9956,High,First Class,1
28712,0.9956,High,First Class,1
47216,0.9956,High,First Class,1
47216,0.9956,High,First Class,1
58889,0.9956,High,First Class,1
47216,0.9956,High,First Class,1
15585,0.9956,High,First Class,1
65451,0.9956,High,First Class,1
44201,0.9956,High,First Class,1
65451,0.9956,High,First Class,1
65451,0.9956,High,First Class,1
28712,0.9956,High,First Class,1
47216,0.9956,High,First Class,1
65451,0.9956,High,First Class,1
47216,0.9956,High,First Class,1
60950,0.9956,High,First Class,1
28712,0.9956,High,First Class,1
15585,0.9956,High,First Class,1
15585,0.9956,High,First Class,1
70711,0.9956,High,First Class,1
62756,0.9956,High,First Class,1
15585,0.9956,High,First Class,1
15585,0.9956,High,First Class,1
58889,0.9956,High,First Class,1
60791,0.9956,High,First Class,1
28712,0.9956,High,First Class,1
12922,0.9956,High,First Class,1
25515,0.9955,High,First Class,1
59581,0.9955,High,First Class,1
60950,0.9955,High,First Class,1
73460,0.9954,High,First Class,1
58060,0.9954,High,First Class,1
58060,0.9954,High,First Class,1
75442,0.9954,High,First Class,1
44201,0.9954,High,First Class,1
46003,0.9954,High,First Class,1
57105,0.9954,High,First Class,1
46003,0.9954,High,First Class,1
44201,0.9954,High,First Class,1
12922,0.9954,High,First Class,1
9391,0.9954,High,First Class,1
43608,0.9954,High,First Class,1
68315,0.9953,High,First Class,1
53813,0.9953,High,First Class,1
12062,0.9953,High,First Class,1
63289,0.9953,High,First Class,1
65910,0.9953,High,First Class,1
68315,0.9953,High,First Class,1
61297,0.9953,High,First Class,1
44208,0.9953,High,First Class,1
61297,0.9953,High,First Class,1
68315,0.9953,High,First Class,1
53813,0.9953,High,First Class,1
68477,0.9953,High,First Class,1
68477,0.9953,High,First Class,1
63289,0.9953,High,First Class,1
65910,0.9953,High,First Class,1
45155,0.9953,High,First Class,1
690,0.9953,High,First Class,1
46367,0.9952,High,First Class,1
54182,0.9952,High,First Class,1
46367,0.9952,High,First Class,1
48733,0.9952,High,First Class,1
61677,0.9952,High,First Class,1
4939,0.9952,High,First Class,1
44208,0.9952,High,First Class,1
13468,0.9952,High,First Class,1
44208,0.9952,High,First Class,1
44208,0.9952,High,First Class,1
44208,0.9952,High,First Class,1
22171,0.9952,High,First Class,1
9391,0.9951,High,First Class,1
29472,0.9951,High,First Class,1
17825,0.9951,High,First Class,1
8887,0.9951,High,First Class,1
76943,0.9951,High,First Class,1
8887,0.9951,High,First Class,1
8887,0.9951,High,First Class,1
17825,0.9951,High,First Class,1
17825,0.9951,High,First Class,1
17825,0.9951,High,First Class,1
72987,0.9951,High,First Class,1
6846,0.995,High,First Class,1
73027,0.995,High,First Class,1
9270,0.995,High,First Class,1
9270,0.995,High,First Class,1
6846,0.995,High,First Class,1
6846,0.995,High,First Class,1
6846,0.995,High,First Class,1
11836,0.995,High,First Class,1
11836,0.995,High,First Class,1
9270,0.995,High,First Class,1
11836,0.995,High,First Class,1
61677,0.995,High,First Class,1
11836,0.995,High,First Class,1
6846,0.995,High,First Class,1
70720,0.9949,High,First Class,1
44036,0.9949,High,First Class,1
35305,0.9949,High,First Class,1
61677,0.9949,High,First Class,1
44036,0.9949,High,First Class,1
61677,0.9949,High,First Class,1
44036,0.9949,High,First Class,1
44036,0.9949,High,First Class,1
61677,0.9949,High,First Class,1
35305,0.9949,High,First Class,1
16786,0.9948,High,First Class,1
45351,0.9948,High,First Class,1
16786,0.9948,High,First Class,1
58574,0.9948,High,First Class,1
43608,0.9948,High,First Class,1
16208,0.9948,High,First Class,1
16786,0.9948,High,First Class,1
19650,0.9948,High,First Class,1
11888,0.9948,High,First Class,1
43608,0.9948,High,First Class,1
61982,0.9948,High,First Class,1
48733,0.9948,High,First Class,1
58574,0.9948,High,First Class,1
61982,0.9948,High,First Class,1
11888,0.9948,High,First Class,1
61982,0.9948,High,First Class,1
48733,0.9948,High,First Class,1
11888,0.9948,High,First Class,1
11888,0.9948,High,First Class,1
16208,0.9948,High,First Class,1
43608,0.9948,High,First Class,1
45351,0.9948,High,First Class,1
45351,0.9948,High,First Class,1
43608,0.9948,High,First Class,1
45351,0.9948,High,First Class,1
58574,0.9948,High,First Class,1
54182,0.9946,High,First Class,1
22270,0.9946,High,First Class,1
58574,0.9946,High,First Class,1
74948,0.9946,High,First Class,1
22270,0.9946,High,First Class,1
55395,0.9946,High,First Class,1
54182,0.9946,High,First Class,1
19649,0.9946,High,First Class,1
20980,0.9946,High,First Class,1
55395,0.9945,High,First Class,1
55395,0.9945,High,First Class,1
58574,0.9945,High,First Class,1
63415,0.9945,High,First Class,1
22171,0.9945,High,First Class,1
55395,0.9945,High,First Class,1
38754,0.9945,High,First Class,1
55395,0.9945,High,First Class,1
64388,0.9944,High,First Class,1
41501,0.9944,High,First Class,1
45720,0.9944,High,First Class,1
41501,0.9944,High,First Class,1
63415,0.9942,High,First Class,1
63415,0.9942,High,First Class,1
15681,0.9942,High,First Class,1
63415,0.9942,High,First Class,1
15681,0.9941,High,First Class,1
15681,0.9941,High,First Class,1
15681,0.9941,High,First Class,1
26779,0.9939,High,First Class,1
26779,0.9938,High,First Class,1
26779,0.9938,High,First Class,1
26779,0.9938,High,First Class,1
26779,0.9938,High,First Class,1
42294,0.9938,High,First Class,1
9148,0.9937,High,First Class,1
9148,0.9937,High,First Class,1
29169,0.9937,High,First Class,1
42641,0.9937,High,First Class,1
29169,0.9937,High,First Class,1
9148,0.9937,High,First Class,1
29169,0.9937,High,First Class,1
29169,0.9937,High,First Class,1
47711,0.9936,High,First Class,1
6989,0.9936,High,First Class,1
6989,0.9936,High,First Class,1
47711,0.9936,High,First Class,1
65427,0.9934,High,First Class,1
65427,0.9934,High,First Class,1
65427,0.9934,High,First Class,1
30425,0.993,High,First Class,1
30425,0.993,High,First Class,1
30425,0.993,High,First Class,1
30425,0.993,High,First Class,1
12957,0.9927,High,First Class,1
45349,0.9923,High,First Class,1
45349,0.9923,High,First Class,1
45633,0.9923,High,First Class,1
45633,0.9923,High,First Class,1
45633,0.9923,High,First Class,1
45349,0.9923,High,First Class,1
38087,0.9921,High,First Class,1
68043,0.9917,High,First Class,1
38087,0.9917,High,First Class,1
68043,0.9917,High,First Class,1
68043,0.9912,High,First Class,1
68043,0.9912,High,First Class,1
68043,0.9912,High,First Class,1
38087,0.9899,High,First Class,1
38087,0.9895,High,First Class,1
20319,0.9676,High,Same Day,1
20319,0.9662,High,Same Day,1
7857,0.9647,High,Same Day,1
55526,0.9643,High,Same Day,1
7857,0.9634,High,Same Day,1
66788,0.9601,High,Same Day,1
66788,0.9598,High,Same Day,1
66788,0.9598,High,Same Day,1
66788,0.9598,High,Same Day,1
66788,0.9598,High,Same Day,1
63481,0.9593,High,Same Day,1
63905,0.9592,High,Same Day,1
63905,0.9589,High,Same Day,1
63905,0.9589,High,Same Day,1
63905,0.9589,High,Same Day,1
50594,0.9557,High,Same Day,1
50594,0.9556,High,Same Day,1
50594,0.9556,High,Same Day,1
50594,0.9554,High,Same Day,1
50594,0.9554,High,Same Day,1
9017,0.9542,High,Same Day,1
9017,0.9542,High,Same Day,1
9017,0.9541,High,Same Day,1
9017,0.9541,High,Same Day,1
19299,0.9537,High,Same Day,1
52995,0.9524,High,Same Day,1
52995,0.9522,High,Same Day,1
12237,0.952,High,Same Day,1
68834,0.952,High,Same Day,1
12237,0.952,High,Same Day,1
46167,0.9513,High,Same Day,1
46167,0.9513,High,Same Day,1
46167,0.9513,High,Same Day,1
46167,0.9512,High,Same Day,1
46167,0.9512,High,Same Day,1
44506,0.9511,High,Same Day,1
40617,0.9509,High,Same Day,1
40617,0.9509,High,Same Day,1
22231,0.9507,High,Same Day,1
22231,0.9506,High,Same Day,1
5728,0.9504,High,Same Day,1
22231,0.9504,High,Same Day,1
22231,0.9504,High,Same Day,1
22231,0.9504,High,Same Day,1
25542,0.95,High,Same Day,1
25542,0.9499,High,Same Day,1
25542,0.9497,High,Same Day,1
25542,0.9497,High,Same Day,1
25542,0.9497,High,Same Day,1
71447,0.948,High,Same Day,1
31913,0.9478,High,Same Day,1
31913,0.9475,High,Same Day,1
31913,0.9475,High,Same Day,1
31913,0.9475,High,Same Day,1
36440,0.9473,High,Same Day,1
28541,0.9472,High,Same Day,1
38699,0.947,High,Same Day,1
35463,0.9468,High,Same Day,1
35463,0.9468,High,Same Day,1
35463,0.9468,High,Same Day,1
35277,0.9467,High,Same Day,1
35277,0.9467,High,Same Day,1
71715,0.9466,High,Same Day,1
35944,0.9465,High,Same Day,1
35944,0.9465,High,Same Day,1
35944,0.9465,High,Same Day,1
19149,0.9465,High,Same Day,1
35944,0.9465,High,Same Day,1
35944,0.9465,High,Same Day,1
19149,0.9461,High,Same Day,1
19149,0.9461,High,Same Day,1
19149,0.9461,High,Same Day,1
74390,0.9461,High,Same Day,1
26145,0.946,High,Same Day,1
26145,0.9458,High,Same Day,1
26145,0.9457,High,Same Day,1
13766,0.9456,High,Same Day,1
38197,0.9456,High,Same Day,1
38197,0.9456,High,Same Day,1
39937,0.9455,High,Same Day,1
39937,0.9455,High,Same Day,1
13766,0.9454,High,Same Day,1
14299,0.9454,High,Same Day,1
13766,0.9454,High,Same Day,1
14299,0.9454,High,Same Day,1
39937,0.9452,High,Same Day,1
39937,0.9452,High,Same Day,1
39937,0.9452,High,Same Day,1
23428,0.9449,High,Same Day,1
30405,0.9448,High,Same Day,1
30405,0.9448,High,Same Day,1
41080,0.9447,High,Same Day,1
15549,0.9447,High,Same Day,1
4019,0.9446,High,Same Day,1
30405,0.9445,High,Same Day,1
29448,0.9445,High,Same Day,1
30405,0.9445,High,Same Day,1
73477,0.9445,High,Same Day,1
12779,0.9445,High,Same Day,1
27059,0.9445,High,Same Day,1
23428,0.9444,High,Same Day,1
21078,0.9444,High,Same Day,1
23428,0.9444,High,Same Day,1
23428,0.9444,High,Same Day,1
23428,0.9444,High,Same Day,1
76360,0.9443,High,Same Day,1
69168,0.9443,High,Same Day,1
66791,0.9443,High,Same Day,1
41030,0.9443,High,Same Day,1
65810,0.9442,High,Same Day,1
17851,0.9442,High,Same Day,1
10746,0.9442,High,Same Day,1
20732,0.9442,High,Same Day,1
74103,0.9442,High,Same Day,1
17851,0.9442,High,Same Day,1
69233,0.9442,High,Same Day,1
17851,0.9442,High,Same Day,1
27059,0.9442,High,Same Day,1
12779,0.9442,High,Same Day,1
66791,0.9442,High,Same Day,1
27059,0.9442,High,Same Day,1
12779,0.9442,High,Same Day,1
65810,0.9442,High,Same Day,1
10679,0.9442,High,Same Day,1
17851,0.9442,High,Same Day,1
47948,0.9441,High,Same Day,1
58352,0.9441,High,Same Day,1
76780,0.9441,High,Same Day,1
10617,0.9441,High,Same Day,1
74308,0.9441,High,Same Day,1
48266,0.944,High,Same Day,1
21920,0.944,High,Same Day,1
64109,0.944,High,Same Day,1
37585,0.944,High,Same Day,1
19018,0.944,High,Same Day,1
37262,0.944,High,Same Day,1
19018,0.944,High,Same Day,1
12779,0.944,High,Same Day,1
37262,0.944,High,Same Day,1
41030,0.944,High,Same Day,1
48266,0.944,High,Same Day,1
48266,0.944,High,Same Day,1
21920,0.944,High,Same Day,1
64109,0.944,High,Same Day,1
21920,0.944,High,Same Day,1
21920,0.944,High,Same Day,1
17851,0.944,High,Same Day,1
21920,0.944,High,Same Day,1
64109,0.944,High,Same Day,1
12779,0.944,High,Same Day,1
21078,0.944,High,Same Day,1
70321,0.944,High,Same Day,1
64109,0.944,High,Same Day,1
39184,0.944,High,Same Day,1
48266,0.944,High,Same Day,1
21919,0.944,High,Same Day,1
14495,0.944,High,Same Day,1
65810,0.9439,High,Same Day,1
63982,0.9439,High,Same Day,1
13684,0.9439,High,Same Day,1
63982,0.9439,High,Same Day,1
49320,0.9439,High,Same Day,1
11084,0.9439,High,Same Day,1
63982,0.9439,High,Same Day,1
47255,0.9439,High,Same Day,1
29448,0.9439,High,Same Day,1
65810,0.9439,High,Same Day,1
66791,0.9439,High,Same Day,1
27059,0.9439,High,Same Day,1
14495,0.9439,High,Same Day,1
10617,0.9439,High,Same Day,1
14495,0.9439,High,Same Day,1
66791,0.9439,High,Same Day,1
66860,0.9439,High,Same Day,1
27059,0.9439,High,Same Day,1
45825,0.9439,High,Same Day,1
37585,0.9439,High,Same Day,1
63982,0.9439,High,Same Day,1
66860,0.9439,High,Same Day,1
17374,0.9439,High,Same Day,1
14495,0.9439,High,Same Day,1
69031,0.9439,High,Same Day,1
14495,0.9439,High,Same Day,1
10746,0.9439,High,Same Day,1
13684,0.9439,High,Same Day,1
13684,0.9439,High,Same Day,1
69051,0.9439,High,Same Day,1
68474,0.9439,High,Same Day,1
66860,0.9439,High,Same Day,1
66791,0.9439,High,Same Day,1
65810,0.9439,High,Same Day,1
37585,0.9439,High,Same Day,1
47948,0.9439,High,Same Day,1
47255,0.9439,High,Same Day,1
49320,0.9439,High,Same Day,1
10746,0.9439,High,Same Day,1
63982,0.9439,High,Same Day,1
49320,0.9439,High,Same Day,1
29448,0.9439,High,Same Day,1
62049,0.9439,High,Same Day,1
10746,0.9439,High,Same Day,1
26571,0.9439,High,Same Day,1
20732,0.9439,High,Same Day,1
30131,0.9439,High,Same Day,1
26571,0.9439,High,Same Day,1
74710,0.9438,High,Same Day,1
33949,0.9438,High,Same Day,1
40727,0.9437,High,Same Day,1
64110,0.9437,High,Same Day,1
74044,0.9437,High,Same Day,1
73478,0.9437,High,Same Day,1
48358,0.9436,High,Same Day,1
49320,0.9436,High,Same Day,1
28277,0.9436,High,Same Day,1
48357,0.9436,High,Same Day,1
66083,0.9436,High,Same Day,1
71028,0.9436,High,Same Day,1
23956,0.9436,High,Same Day,1
33949,0.9436,High,Same Day,1
33949,0.9436,High,Same Day,1
10617,0.9436,High,Same Day,1
30131,0.9436,High,Same Day,1
74367,0.9436,High,Same Day,1
66083,0.9436,High,Same Day,1
14299,0.9436,High,Same Day,1
48357,0.9436,High,Same Day,1
10617,0.9436,High,Same Day,1
30131,0.9436,High,Same Day,1
41768,0.9436,High,Same Day,1
30131,0.9436,High,Same Day,1
48357,0.9436,High,Same Day,1
23956,0.9436,High,Same Day,1
66083,0.9436,High,Same Day,1
75544,0.9436,High,Same Day,1
33949,0.9436,High,Same Day,1
47948,0.9436,High,Same Day,1
49320,0.9436,High,Same Day,1
33949,0.9436,High,Same Day,1
65692,0.9436,High,Same Day,1
11084,0.9436,High,Same Day,1
71022,0.9436,High,Same Day,1
10617,0.9436,High,Same Day,1
11084,0.9436,High,Same Day,1
72390,0.9436,High,Same Day,1
28277,0.9436,High,Same Day,1
70403,0.9436,High,Same Day,1
66083,0.9436,High,Same Day,1
48357,0.9436,High,Same Day,1
14299,0.9436,High,Same Day,1
41016,0.9435,High,Same Day,1
30946,0.9435,High,Same Day,1
64110,0.9435,High,Same Day,1
21438,0.9435,High,Same Day,1
41085,0.9435,High,Same Day,1
66991,0.9435,High,Same Day,1
69245,0.9435,High,Same Day,1
21713,0.9435,High,Same Day,1
41085,0.9435,High,Same Day,1
39185,0.9435,High,Same Day,1
40727,0.9434,High,Same Day,1
10661,0.9434,High,Same Day,1
23740,0.9434,High,Same Day,1
21437,0.9434,High,Same Day,1
63980,0.9434,High,Same Day,1
20804,0.9434,High,Same Day,1
40727,0.9434,High,Same Day,1
65694,0.9434,High,Same Day,1
45820,0.9434,High,Same Day,1
45820,0.9433,High,Same Day,1
74119,0.9433,High,Same Day,1
66991,0.9432,High,Same Day,1
21438,0.9432,High,Same Day,1
64110,0.9432,High,Same Day,1
41085,0.9432,High,Same Day,1
75136,0.9432,High,Same Day,1
41085,0.9432,High,Same Day,1
51026,0.9432,High,Same Day,1
73002,0.9432,High,Same Day,1
45820,0.9432,High,Same Day,1
23740,0.9432,High,Same Day,1
39185,0.9432,High,Same Day,1
24309,0.9432,High,Same Day,1
33124,0.9432,High,Same Day,1
40599,0.9432,High,Same Day,1
63011,0.9432,High,Same Day,1
12186,0.9432,High,Same Day,1
12186,0.9432,High,Same Day,1
40599,0.9432,High,Same Day,1
21713,0.9432,High,Same Day,1
40599,0.9432,High,Same Day,1
63980,0.9432,High,Same Day,1
24309,0.9432,High,Same Day,1
40599,0.9432,High,Same Day,1
40599,0.9432,High,Same Day,1
41085,0.9432,High,Same Day,1
39185,0.9432,High,Same Day,1
21437,0.9432,High,Same Day,1
66991,0.9432,High,Same Day,1
39185,0.9432,High,Same Day,1
37371,0.9432,High,Same Day,1
68503,0.9431,High,Same Day,1
68503,0.9431,High,Same Day,1
75527,0.9431,High,Same Day,1
49930,0.9431,High,Same Day,1
76786,0.9431,High,Same Day,1
64317,0.9431,High,Same Day,1
29315,0.9431,High,Same Day,1
61903,0.9431,High,Same Day,1
69029,0.9431,High,Same Day,1
64162,0.9431,High,Same Day,1
29315,0.9431,High,Same Day,1
41906,0.943,High,Same Day,1
36573,0.943,High,Same Day,1
73010,0.943,High,Same Day,1
63980,0.943,High,Same Day,1
63980,0.943,High,Same Day,1
41906,0.943,High,Same Day,1
49047,0.943,High,Same Day,1
19918,0.943,High,Same Day,1
64050,0.943,High,Same Day,1
64050,0.943,High,Same Day,1
64050,0.943,High,Same Day,1
12186,0.943,High,Same Day,1
12186,0.943,High,Same Day,1
30946,0.943,High,Same Day,1
64050,0.943,High,Same Day,1
71211,0.943,High,Same Day,1
51026,0.943,High,Same Day,1
64048,0.943,High,Same Day,1
49047,0.943,High,Same Day,1
64049,0.943,High,Same Day,1
64048,0.943,High,Same Day,1
20411,0.943,High,Same Day,1
39362,0.943,High,Same Day,1
12186,0.943,High,Same Day,1
63011,0.943,High,Same Day,1
39362,0.943,High,Same Day,1
64049,0.943,High,Same Day,1
64048,0.943,High,Same Day,1
64048,0.943,High,Same Day,1
45820,0.943,High,Same Day,1
21713,0.943,High,Same Day,1
51026,0.943,High,Same Day,1
63980,0.943,High,Same Day,1
39362,0.943,High,Same Day,1
51026,0.943,High,Same Day,1
64048,0.943,High,Same Day,1
64049,0.943,High,Same Day,1
64050,0.943,High,Same Day,1
30946,0.943,High,Same Day,1
10517,0.9429,High,Same Day,1
45939,0.9429,High,Same Day,1
48355,0.9429,High,Same Day,1
45939,0.9429,High,Same Day,1
65614,0.9429,High,Same Day,1
65614,0.9429,High,Same Day,1
33124,0.9429,High,Same Day,1
65694,0.9429,High,Same Day,1
37371,0.9428,High,Same Day,1
37371,0.9428,High,Same Day,1
46015,0.9428,High,Same Day,1
71994,0.9428,High,Same Day,1
10517,0.9428,High,Same Day,1
29315,0.9428,High,Same Day,1
37371,0.9428,High,Same Day,1
75689,0.9428,High,Same Day,1
64317,0.9428,High,Same Day,1
29315,0.9428,High,Same Day,1
68503,0.9428,High,Same Day,1
45939,0.9428,High,Same Day,1
10517,0.9428,High,Same Day,1
10517,0.9428,High,Same Day,1
45939,0.9428,High,Same Day,1
33124,0.9428,High,Same Day,1
68503,0.9428,High,Same Day,1
64317,0.9428,High,Same Day,1
45939,0.9428,High,Same Day,1
29315,0.9428,High,Same Day,1
65614,0.9428,High,Same Day,1
19081,0.9428,High,Same Day,1
17376,0.9427,High,Same Day,1
17376,0.9427,High,Same Day,1
61144,0.9427,High,Same Day,1
3967,0.9426,High,Same Day,1
61144,0.9426,High,Same Day,1
6480,0.9426,High,Same Day,1
6834,0.9426,High,Same Day,1
6895,0.9426,High,Same Day,1
2192,0.9426,High,Same Day,1
55264,0.9426,High,Same Day,1
29911,0.9426,High,Same Day,1
2778,0.9425,High,Same Day,1
1955,0.9425,High,Same Day,1
6480,0.9424,High,Same Day,1
47803,0.9424,High,Same Day,1
47803,0.9424,High,Same Day,1
47803,0.9424,High,Same Day,1
47803,0.9424,High,Same Day,1
62396,0.9424,High,Same Day,1
1758,0.9424,High,Same Day,1
61144,0.9424,High,Same Day,1
56426,0.9424,High,Same Day,1
54720,0.9423,High,Same Day,1
6834,0.9423,High,Same Day,1
53488,0.9423,High,Same Day,1
5732,0.9423,High,Same Day,1
55264,0.9423,High,Same Day,1
6834,0.9423,High,Same Day,1
7576,0.9423,High,Same Day,1
61144,0.9423,High,Same Day,1
5732,0.9423,High,Same Day,1
53408,0.9423,High,Same Day,1
61019,0.9423,High,Same Day,1
58686,0.9423,High,Same Day,1
3967,0.9423,High,Same Day,1
51902,0.9423,High,Same Day,1
55264,0.9423,High,Same Day,1
9107,0.9423,High,Same Day,1
2778,0.9423,High,Same Day,1
4019,0.9423,High,Same Day,1
6834,0.9423,High,Same Day,1
6834,0.9423,High,Same Day,1
61144,0.9423,High,Same Day,1
6480,0.9423,High,Same Day,1
51902,0.9423,High,Same Day,1
51902,0.9423,High,Same Day,1
2192,0.9422,High,Same Day,1
6895,0.9422,High,Same Day,1
62396,0.9422,High,Same Day,1
62396,0.9421,High,Same Day,1
7576,0.9421,High,Same Day,1
6828,0.9421,High,Same Day,1
1955,0.9421,High,Same Day,1
7576,0.9421,High,Same Day,1
7647,0.9421,High,Same Day,1
62396,0.9421,High,Same Day,1
65260,0.9421,High,Same Day,1
5732,0.9421,High,Same Day,1
65260,0.942,High,Same Day,1
54720,0.942,High,Same Day,1
60326,0.942,High,Same Day,1
1955,0.942,High,Same Day,1
58963,0.942,High,Same Day,1
58963,0.942,High,Same Day,1
2457,0.942,High,Same Day,1
1912,0.942,High,Same Day,1
65260,0.942,High,Same Day,1
7647,0.942,High,Same Day,1
54720,0.942,High,Same Day,1
54720,0.942,High,Same Day,1
59170,0.942,High,Same Day,1
7647,0.942,High,Same Day,1
5732,0.942,High,Same Day,1
1912,0.942,High,Same Day,1
7576,0.942,High,Same Day,1
1955,0.942,High,Same Day,1
7576,0.942,High,Same Day,1
7647,0.942,High,Same Day,1
54322,0.942,High,Same Day,1
1955,0.942,High,Same Day,1
7647,0.942,High,Same Day,1
58963,0.942,High,Same Day,1
65260,0.942,High,Same Day,1
65260,0.942,High,Same Day,1
2778,0.942,High,Same Day,1
2778,0.942,High,Same Day,1
53911,0.9419,High,Same Day,1
6895,0.9419,High,Same Day,1
55266,0.9419,High,Same Day,1
53911,0.9419,High,Same Day,1
2192,0.9419,High,Same Day,1
55266,0.9419,High,Same Day,1
60326,0.9417,High,Same Day,1
58353,0.9417,High,Same Day,1
58353,0.9417,High,Same Day,1
60326,0.9417,High,Same Day,1
9924,0.9417,High,Same Day,1
9924,0.9417,High,Same Day,1
58687,0.9417,High,Same Day,1
58353,0.9417,High,Same Day,1
59171,0.9417,High,Same Day,1
58353,0.9417,High,Same Day,1
60326,0.9417,High,Same Day,1
58353,0.9417,High,Same Day,1
55539,0.9416,High,Same Day,1
55539,0.9416,High,Same Day,1
6835,0.9415,High,Same Day,1
58687,0.9415,High,Same Day,1
53911,0.9415,High,Same Day,1
6835,0.9415,High,Same Day,1
52538,0.9415,High,Same Day,1
9296,0.9415,High,Same Day,1
6835,0.9415,High,Same Day,1
9296,0.9415,High,Same Day,1
59171,0.9415,High,Same Day,1
54322,0.9415,High,Same Day,1
9296,0.9415,High,Same Day,1
54322,0.9415,High,Same Day,1
6835,0.9415,High,Same Day,1
32721,0.9415,High,Same Day,1
54322,0.9415,High,Same Day,1
59170,0.9415,High,Same Day,1
9296,0.9415,High,Same Day,1
53911,0.9415,High,Same Day,1
52538,0.9415,High,Same Day,1
55324,0.9415,High,Same Day,1
59170,0.9415,High,Same Day,1
59171,0.9415,High,Same Day,1
58687,0.9415,High,Same Day,1
53911,0.9415,High,Same Day,1
4305,0.9414,High,Same Day,1
54116,0.9414,High,Same Day,1
4019,0.9414,High,Same Day,1
54118,0.9414,High,Same Day,1
55539,0.9414,High,Same Day,1
55539,0.9414,High,Same Day,1
58000,0.9413,High,Same Day,1
59431,0.9413,High,Same Day,1
55539,0.9413,High,Same Day,1
54116,0.9413,High,Same Day,1
54116,0.9413,High,Same Day,1
4305,0.9413,High,Same Day,1
54116,0.9413,High,Same Day,1
4305,0.9413,High,Same Day,1
54118,0.9413,High,Same Day,1
4305,0.9413,High,Same Day,1
54116,0.9413,High,Same Day,1
59036,0.9413,High,Same Day,1
58000,0.9413,High,Same Day,1
54118,0.9413,High,Same Day,1
4305,0.9413,High,Same Day,1
59036,0.9413,High,Same Day,1
13401,0.9412,High,Same Day,1
1488,0.9411,High,Same Day,1
13401,0.941,High,Same Day,1
13401,0.941,High,Same Day,1
13401,0.941,High,Same Day,1
55185,0.9409,High,Same Day,1
1488,0.9408,High,Same Day,1
1488,0.9408,High,Same Day,1
1488,0.9408,High,Same Day,1
1488,0.9408,High,Same Day,1
6005,0.9407,High,Same Day,1
6824,0.9406,High,Same Day,1
35945,0.9406,High,Same Day,1
35945,0.9406,High,Same Day,1
21286,0.9406,High,Same Day,1
35945,0.9406,High,Same Day,1
59035,0.9405,High,Same Day,1
6824,0.9405,High,Same Day,1
17801,0.9404,High,Same Day,1
6005,0.9404,High,Same Day,1
55185,0.9404,High,Same Day,1
6005,0.9404,High,Same Day,1
54323,0.9403,High,Same Day,1
4019,0.9402,High,Same Day,1
4019,0.9402,High,Same Day,1
59035,0.9401,High,Same Day,1
59035,0.9401,High,Same Day,1
29911,0.9401,High,Same Day,1
59035,0.9401,High,Same Day,1
17801,0.9401,High,Same Day,1
56966,0.94,High,Same Day,1
22180,0.94,High,Same Day,1
13346,0.94,High,Same Day,1
56966,0.94,High,Same Day,1
73352,0.94,High,Same Day,1
22180,0.9398,High,Same Day,1
22180,0.9398,High,Same Day,1
7806,0.9397,High,Same Day,1
7806,0.9397,High,Same Day,1
7806,0.9397,High,Same Day,1
7806,0.9397,High,Same Day,1
54323,0.9397,High,Same Day,1
60204,0.9397,High,Same Day,1
60204,0.9397,High,Same Day,1
54323,0.9397,High,Same Day,1
7806,0.9397,High,Same Day,1
13346,0.9395,High,Same Day,1
13346,0.9395,High,Same Day,1
32116,0.9392,High,Same Day,1
32116,0.9391,High,Same Day,1
32116,0.9391,High,Same Day,1
69053,0.9389,High,Same Day,1
56561,0.9389,High,Same Day,1
56561,0.9389,High,Same Day,1
56561,0.9389,High,Same Day,1
51073,0.9388,High,Same Day,1
51073,0.9388,High,Same Day,1
51073,0.9388,High,Same Day,1
56561,0.9386,High,Same Day,1
56561,0.9386,High,Same Day,1
6818,0.9384,High,Same Day,1
32720,0.9384,High,Same Day,1
8531,0.9384,High,Same Day,1
8531,0.9384,High,Same Day,1
6818,0.9384,High,Same Day,1
6818,0.9384,High,Same Day,1
6818,0.9384,High,Same Day,1
8531,0.9381,High,Same Day,1
8531,0.9381,High,Same Day,1
8531,0.9381,High,Same Day,1
70890,0.9378,High,Same Day,1
32854,0.9378,High,Same Day,1
69918,0.9377,High,Same Day,1
32854,0.9377,High,Same Day,1
56967,0.9377,High,Same Day,1
32854,0.9377,High,Same Day,1
32854,0.9377,High,Same Day,1
32854,0.9377,High,Same Day,1
7382,0.9376,High,Same Day,1
10808,0.9375,High,Same Day,1
7382,0.9373,High,Same Day,1
7382,0.9373,High,Same Day,1
56967,0.9373,High,Same Day,1
7382,0.9373,High,Same Day,1
7382,0.9373,High,Same Day,1
56967,0.9373,High,Same Day,1
10808,0.9373,High,Same Day,1
10808,0.9371,High,Same Day,1
10808,0.9371,High,Same Day,1
10808,0.9371,High,Same Day,1
72666,0.9362,High,Same Day,1
20951,0.9346,High,Same Day,1
20951,0.9346,High,Same Day,1
8289,0.9335,High,Same Day,1
22726,0.9324,High,Same Day,1
63009,0.93,High,Same Day,1
63009,0.93,High,Same Day,1
63009,0.9298,High,Same Day,1
63009,0.9296,High,Same Day,1
63009,0.9296,High,Same Day,1
49437,0.9295,High,Same Day,1
3544,0.9295,High,Same Day,1
49437,0.9295,High,Same Day,1
3544,0.9295,High,Same Day,1
3544,0.9295,High,Same Day,1
3544,0.9295,High,Same Day,1
8289,0.9294,High,Same Day,1
22726,0.9275,High,Same Day,1
3544,0.9236,High,Same Day,1
73897,0.9232,High,Same Day,1
44244,0.918,High,First Class,1
44244,0.9177,High,First Class,1
44244,0.9118,High,First Class,1
45722,0.9102,High,First Class,0
45722,0.9101,High,First Class,0
3566,0.9031,High,First Class,1
35082,0.9007,High,Second Class,1
35082,0.9007,High,Second Class,1
35082,0.9007,High,Second Class,1
55325,0.8991,High,First Class,1
55325,0.8991,High,First Class,1
55325,0.8991,High,First Class,1
55325,0.8991,High,First Class,1
55325,0.8989,High,First Class,1
37871,0.898,High,Second Class,0
37871,0.8975,High,Second Class,0
37871,0.8975,High,Second Class,0
37871,0.8975,High,Second Class,0
37871,0.8975,High,Second Class,0
3566,0.897,High,First Class,1
3566,0.8958,High,First Class,1
3566,0.8956,High,First Class,1
3566,0.8953,High,First Class,1
70404,0.893,High,Same Day,1
12063,0.8887,High,First Class,1
12063,0.8882,High,First Class,1
58627,0.8882,High,First Class,1
12063,0.8882,High,First Class,1
15125,0.888,High,First Class,1
1211,0.8874,High,First Class,1
42440,0.8872,High,Second Class,1
64715,0.8871,High,Same Day,1
70083,0.8839,High,First Class,0
6985,0.8826,High,First Class,1
1211,0.8813,High,First Class,1
10030,0.8813,High,Second Class,1
36291,0.8811,High,Second Class,0
818,0.8807,High,First Class,0
35082,0.8803,High,Second Class,1
818,0.8802,High,First Class,0
53311,0.8801,High,Second Class,0
53311,0.8792,High,Second Class,0
53311,0.8792,High,Second Class,0
53311,0.8792,High,Second Class,0
53311,0.8792,High,Second Class,0
73536,0.8784,High,First Class,0
50852,0.8778,High,First Class,0
50852,0.8773,High,First Class,0
67001,0.8772,High,Second Class,0
67001,0.8772,High,Second Class,0
67001,0.8772,High,Second Class,0
43188,0.8765,High,First Class,1
43188,0.8762,High,First Class,1
43188,0.8757,High,First Class,1
36291,0.8755,High,Second Class,0
45548,0.8751,High,First Class,1
818,0.8748,High,First Class,0
45548,0.8746,High,First Class,1
45548,0.8746,High,First Class,1
45548,0.8746,High,First Class,1
57144,0.8744,High,Second Class,1
69465,0.8735,High,First Class,1
49156,0.873,High,First Class,1
49474,0.873,High,First Class,1
46621,0.8729,High,First Class,1
49156,0.8729,High,First Class,1
49156,0.8727,High,First Class,1
46621,0.8726,High,First Class,1
49156,0.8724,High,First Class,1
12663,0.8721,High,First Class,1
49474,0.872,High,First Class,1
41405,0.8718,High,First Class,1
46204,0.8718,High,First Class,1
46204,0.8714,High,First Class,1
46204,0.8713,High,First Class,1
47626,0.8713,High,First Class,1
43729,0.8713,High,First Class,0
47628,0.8713,High,First Class,1
43302,0.8713,High,First Class,1
47628,0.8711,High,First Class,1
47254,0.8711,High,First Class,1
41405,0.8708,High,First Class,1
41405,0.8708,High,First Class,1
41405,0.8708,High,First Class,1
46204,0.8708,High,First Class,1
42357,0.8708,High,First Class,1
8604,0.8708,High,First Class,0
42357,0.8708,High,First Class,1
50529,0.8706,High,Second Class,1
57975,0.8705,High,Second Class,1
50529,0.8703,High,Second Class,1
50529,0.8703,High,Second Class,1
3981,0.8703,High,First Class,1
4938,0.8703,High,First Class,1
59051,0.8703,High,Second Class,0
818,0.8702,High,First Class,0
4938,0.8702,High,First Class,1
3981,0.87,High,First Class,1
4938,0.8699,High,First Class,1
4938,0.8699,High,First Class,1
3981,0.8699,High,First Class,1
59051,0.8696,High,Second Class,0
59051,0.8696,High,Second Class,0
48398,0.8695,High,First Class,1
3981,0.8693,High,First Class,1
3981,0.8693,High,First Class,1
4938,0.8693,High,First Class,1
4439,0.8691,High,Second Class,1
4439,0.8691,High,Second Class,1
18700,0.8689,High,Second Class,1
48398,0.8688,High,First Class,1
18700,0.8686,High,Second Class,1
6842,0.8686,High,First Class,0
6842,0.8686,High,First Class,0
6842,0.8686,High,First Class,0
6842,0.8685,High,First Class,0
57144,0.8683,High,Second Class,1
6842,0.868,High,First Class,0
18700,0.8679,High,Second Class,1
16022,0.8679,High,Second Class,1
18700,0.8679,High,Second Class,1
3917,0.8678,High,First Class,1
16022,0.8676,High,Second Class,1
16022,0.8676,High,Second Class,1
16022,0.8676,High,Second Class,1
16022,0.8671,High,Second Class,1
57722,0.867,High,First Class,1
13164,0.8667,High,First Class,1
57722,0.8666,High,First Class,1
6743,0.8664,High,Second Class,1
57722,0.8663,High,First Class,1
48633,0.8663,High,First Class,1
59600,0.8661,High,First Class,1
48633,0.8661,High,First Class,1
48633,0.8659,High,First Class,1
6985,0.8657,High,First Class,1
43829,0.8656,High,First Class,1
43829,0.8656,High,First Class,1
49556,0.8654,High,First Class,1
43829,0.8651,High,First Class,1
43829,0.8651,High,First Class,1
43379,0.8649,High,First Class,1
49556,0.8648,High,First Class,1
59051,0.8646,High,Second Class,0
43379,0.8644,High,First Class,1
47787,0.8644,High,First Class,1
47787,0.8638,High,First Class,1
60191,0.8636,High,First Class,1
38097,0.8635,High,First Class,1
38097,0.8635,High,First Class,1
38097,0.8635,High,First Class,1
38097,0.8635,High,First Class,1
36624,0.8634,High,First Class,1
38097,0.8633,High,First Class,1
47521,0.8631,High,First Class,1
6743,0.863,High,Second Class,1
60191,0.8629,High,First Class,1
6743,0.8623,High,Second Class,1
6743,0.8623,High,Second Class,1
49049,0.8622,High,First Class,1
49049,0.8621,High,First Class,1
18700,0.8621,High,Second Class,1
49049,0.8621,High,First Class,1
48763,0.8619,High,First Class,1
6743,0.8619,High,Second Class,1
48763,0.8619,High,First Class,1
49049,0.8615,High,First Class,1
16020,0.8614,High,First Class,1
48763,0.8613,High,First Class,1
18792,0.8612,High,Second Class,1
50659,0.8612,High,First Class,0
18792,0.8611,High,Second Class,1
18792,0.8611,High,Second Class,1
16020,0.8611,High,First Class,1
18792,0.8611,High,Second Class,1
50659,0.8609,High,First Class,0
49556,0.8608,High,First Class,1
49556,0.8608,High,First Class,1
16020,0.8607,High,First Class,1
42385,0.8605,High,First Class,1
22029,0.8601,High,First Class,1
16020,0.8601,High,First Class,1
42385,0.86,High,First Class,1
42385,0.86,High,First Class,1
76765,0.8597,High,First Class,0
58414,0.8595,High,First Class,0
58414,0.8593,High,First Class,0
485,0.8593,High,Second Class,1
58414,0.8593,High,First Class,0
485,0.8593,High,Second Class,1
485,0.8593,High,Second Class,1
485,0.8593,High,Second Class,1
485,0.8593,High,Second Class,1
58414,0.8593,High,First Class,0
47520,0.8591,High,First Class,0
42816,0.859,High,First Class,1
42816,0.859,High,First Class,1
42816,0.859,High,First Class,1
5852,0.8589,High,Second Class,1
49578,0.8586,High,First Class,0
23841,0.8585,High,First Class,1
47520,0.8585,High,First Class,0
47520,0.8585,High,First Class,0
47520,0.8585,High,First Class,0
49578,0.8585,High,First Class,0
42816,0.8584,High,First Class,1
49578,0.858,High,First Class,0
44400,0.858,High,First Class,1
44400,0.858,High,First Class,1
44400,0.858,High,First Class,1
36291,0.8579,High,Second Class,0
8423,0.8579,High,First Class,1
8423,0.8579,High,First Class,1
23841,0.8578,High,First Class,1
44400,0.8578,High,First Class,1
43061,0.8576,High,First Class,1
28946,0.8576,High,First Class,0
44400,0.8574,High,First Class,1
41921,0.8573,High,First Class,1
51319,0.8572,High,First Class,1
51319,0.8572,High,First Class,1
28946,0.8572,High,First Class,0
71389,0.8572,High,First Class,1
28946,0.8568,High,First Class,0
50192,0.8568,High,First Class,1
51319,0.8567,High,First Class,1
41921,0.8565,High,First Class,1
19339,0.8564,High,First Class,1
41921,0.8564,High,First Class,1
68124,0.8564,High,First Class,1
50192,0.8562,High,First Class,1
50192,0.8562,High,First Class,1
51319,0.8561,High,First Class,1
51319,0.8561,High,First Class,1
41921,0.8558,High,First Class,1
54124,0.8557,High,First Class,0
38529,0.8557,High,Second Class,1
38529,0.8557,High,Second Class,1
44252,0.8554,High,Second Class,1
38529,0.8554,High,Second Class,1
38529,0.8554,High,Second Class,1
12961,0.8553,High,First Class,1
40737,0.8552,High,First Class,1
40737,0.8552,High,First Class,1
40737,0.8552,High,First Class,1
58694,0.8552,High,First Class,1
40737,0.8552,High,First Class,1
44252,0.8551,High,Second Class,1
12961,0.8549,High,First Class,1
12961,0.8549,High,First Class,1
40737,0.8549,High,First Class,1
12961,0.8549,High,First Class,1
12961,0.8549,High,First Class,1
33721,0.8548,High,Second Class,0
33721,0.8548,High,Second Class,0
57144,0.8547,High,Second Class,1
56398,0.8546,High,Second Class,1
58694,0.8545,High,First Class,1
33721,0.8545,High,Second Class,0
58694,0.8545,High,First Class,1
33721,0.8545,High,Second Class,0
33721,0.8545,High,Second Class,0
9124,0.8544,High,First Class,1
47921,0.8544,High,First Class,0
56819,0.8542,High,First Class,0
9222,0.8542,High,First Class,0
56398,0.8539,High,Second Class,1
15385,0.8538,High,First Class,1
56819,0.8538,High,First Class,0
15385,0.8538,High,First Class,1
15385,0.8538,High,First Class,1
15385,0.8538,High,First Class,1
56819,0.8538,High,First Class,0
47882,0.8538,High,First Class,1
13969,0.8537,High,Second Class,1
56582,0.8537,High,First Class,1
56582,0.8535,High,First Class,1
42049,0.8535,High,First Class,1
68051,0.8533,High,First Class,1
55624,0.8533,High,First Class,1
47882,0.8532,High,First Class,1
27806,0.8532,High,First Class,1
47882,0.8532,High,First Class,1
15385,0.8532,High,First Class,1
27806,0.8531,High,First Class,1
56582,0.8531,High,First Class,1
55624,0.8529,High,First Class,1
42049,0.8528,High,First Class,1
42049,0.8528,High,First Class,1
42049,0.8528,High,First Class,1
42049,0.8528,High,First Class,1
27307,0.8525,High,First Class,1
55624,0.8523,High,First Class,1
34801,0.852,High,First Class,1
31656,0.8519,High,First Class,1
76742,0.8518,High,First Class,1
27307,0.8517,High,First Class,1
27307,0.8517,High,First Class,1
69665,0.8515,High,First Class,1
957,0.8515,High,First Class,1
75788,0.8514,High,First Class,1
75318,0.8514,High,First Class,1
29683,0.8514,High,First Class,1
75298,0.8514,High,First Class,0
20015,0.8513,High,Second Class,1
20015,0.8513,High,Second Class,1
4910,0.8512,High,Second Class,1
34801,0.8512,High,First Class,1
957,0.8512,High,First Class,1
1421,0.8511,High,First Class,1
55529,0.8511,High,Second Class,1
55529,0.8511,High,Second Class,1
56104,0.8508,High,First Class,1
29683,0.8508,High,First Class,1
75315,0.8508,High,First Class,1
40732,0.8508,High,First Class,0
75316,0.8508,High,First Class,1
61925,0.8507,High,First Class,1
957,0.8507,High,First Class,1
56104,0.8507,High,First Class,1
52285,0.8507,High,First Class,1
56104,0.8507,High,First Class,1
957,0.8507,High,First Class,1
34801,0.8506,High,First Class,1
34801,0.8506,High,First Class,1
3871,0.8505,High,First Class,1
29905,0.8505,High,First Class,1
3871,0.8505,High,First Class,1
47539,0.8504,High,First Class,1
59140,0.8504,High,First Class,1
4910,0.8504,High,Second Class,1
4910,0.8504,High,Second Class,1
40732,0.8504,High,First Class,0
59140,0.8504,High,First Class,1
25413,0.8503,High,First Class,1
52285,0.8503,High,First Class,1
3871,0.8503,High,First Class,1
68077,0.8503,High,First Class,1
31358,0.8502,High,First Class,1
49551,0.8502,High,Second Class,0
49551,0.8502,High,Second Class,0
29905,0.8502,High,First Class,1
9682,0.8502,High,First Class,1
957,0.8501,High,First Class,1
16071,0.8501,High,First Class,1
56104,0.8501,High,First Class,1
16071,0.8501,High,First Class,1
61925,0.8501,High,First Class,1
50484,0.8501,High,First Class,0
50863,0.8501,High,First Class,1
56104,0.8501,High,First Class,1
41675,0.85,High,First Class,1
31358,0.85,High,First Class,1
41675,0.85,High,First Class,1
71919,0.8499,High,First Class,1
59140,0.8499,High,First Class,1
38427,0.8499,High,First Class,1
59140,0.8499,High,First Class,1
63249,0.8499,High,First Class,1
72393,0.8499,High,First Class,1
1378,0.8499,High,First Class,1
29687,0.8498,High,First Class,1
4316,0.8498,High,First Class,1
9682,0.8498,High,First Class,1
9682,0.8498,High,First Class,1
52285,0.8497,High,First Class,1
994,0.8497,High,First Class,1
38427,0.8497,High,First Class,1
29716,0.8497,High,First Class,1
3871,0.8497,High,First Class,1
37663,0.8497,High,First Class,1
3871,0.8497,High,First Class,1
52285,0.8497,High,First Class,1
2930,0.8497,High,First Class,1
47539,0.8497,High,First Class,1
1421,0.8497,High,First Class,1
50863,0.8497,High,First Class,1
50863,0.8497,High,First Class,1
29905,0.8496,High,First Class,1
44671,0.8496,High,First Class,1
29905,0.8496,High,First Class,1
37663,0.8496,High,First Class,1
65161,0.8496,High,First Class,0
61807,0.8496,High,First Class,1
41675,0.8496,High,First Class,1
61807,0.8496,High,First Class,1
54124,0.8495,High,First Class,0
62751,0.8495,High,First Class,1
25885,0.8495,High,First Class,1
63249,0.8495,High,First Class,1
70936,0.8495,High,First Class,1
41675,0.8495,High,First Class,1
63249,0.8495,High,First Class,1
50484,0.8495,High,First Class,0
25413,0.8495,High,First Class,1
50484,0.8495,High,First Class,0
38337,0.8495,High,First Class,0
50484,0.8495,High,First Class,0
38337,0.8495,High,First Class,0
68051,0.8495,High,First Class,1
38337,0.8495,High,First Class,0
29687,0.8495,High,First Class,1
44252,0.8494,High,Second Class,1
40732,0.8493,High,First Class,0
45104,0.8493,High,First Class,1
47921,0.8493,High,First Class,0
40732,0.8493,High,First Class,0
47921,0.8493,High,First Class,0
40732,0.8493,High,First Class,0
36500,0.8493,High,First Class,0
65161,0.8493,High,First Class,0
1378,0.8493,High,First Class,1
36500,0.8493,High,First Class,0
36500,0.8493,High,First Class,0
36500,0.8493,High,First Class,0
41755,0.8493,High,First Class,1
54345,0.8492,High,First Class,1
42,0.8492,High,First Class,1
13890,0.8491,High,Second Class,1
54180,0.8491,High,First Class,1
29687,0.8491,High,First Class,1
42,0.8491,High,First Class,1
13890,0.8491,High,Second Class,1
13890,0.8491,High,Second Class,1
42,0.8491,High,First Class,1
56150,0.8491,High,First Class,1
50863,0.8491,High,First Class,1
4316,0.8491,High,First Class,1
1378,0.849,High,First Class,1
1378,0.8489,High,First Class,1
62751,0.8489,High,First Class,1
72661,0.8489,High,First Class,1
62925,0.8489,High,First Class,0
60407,0.8489,High,First Class,1
9415,0.8489,High,First Class,1
38337,0.8489,High,First Class,0
61807,0.8489,High,First Class,1
60478,0.8489,High,First Class,1
60478,0.8489,High,First Class,1
44671,0.8489,High,First Class,1
63249,0.8489,High,First Class,1
65161,0.8489,High,First Class,0
8609,0.8489,High,First Class,1
68051,0.8489,High,First Class,1
63249,0.8489,High,First Class,1
62751,0.8489,High,First Class,1
62751,0.8489,High,First Class,1
56150,0.8488,High,First Class,1
55570,0.8488,High,First Class,1
76494,0.8487,High,First Class,1
19169,0.8487,High,First Class,0
51028,0.8487,High,First Class,1
49790,0.8487,High,Second Class,1
8363,0.8487,High,Second Class,1
53727,0.8487,High,First Class,0
53181,0.8487,High,First Class,1
27994,0.8487,High,First Class,1
55570,0.8487,High,First Class,1
19169,0.8486,High,First Class,0
50730,0.8486,High,First Class,0
51793,0.8486,High,First Class,1
29647,0.8486,High,First Class,1
26027,0.8486,High,Same Day,1
22029,0.8486,High,First Class,1
29647,0.8485,High,First Class,1
53265,0.8485,High,Second Class,1
5036,0.8485,High,Second Class,0
6679,0.8485,High,First Class,1
26027,0.8485,High,Same Day,1
26027,0.8485,High,Same Day,1
26027,0.8485,High,Same Day,1
53265,0.8485,High,Second Class,1
2926,0.8484,High,First Class,1
4316,0.8484,High,First Class,1
55570,0.8484,High,First Class,1
2926,0.8484,High,First Class,1
56150,0.8484,High,First Class,1
36027,0.8484,High,First Class,1
56150,0.8484,High,First Class,1
56150,0.8484,High,First Class,1
36027,0.8484,High,First Class,1
36027,0.8484,High,First Class,1
4316,0.8484,High,First Class,1
49790,0.8483,High,Second Class,1
49790,0.8483,High,Second Class,1
41921,0.8483,High,First Class,1
60478,0.8483,High,First Class,1
44549,0.8483,High,First Class,1
8609,0.8483,High,First Class,1
60478,0.8483,High,First Class,1
8609,0.8483,High,First Class,1
60478,0.8483,High,First Class,1
21828,0.8483,High,First Class,1
21828,0.8483,High,First Class,1
39384,0.8483,High,First Class,1
57234,0.8483,High,First Class,1
49790,0.8483,High,Second Class,1
57234,0.8482,High,First Class,1
19169,0.8482,High,First Class,0
57234,0.8482,High,First Class,1
46961,0.8482,High,First Class,1
34035,0.8482,High,First Class,1
62772,0.8482,High,First Class,1
46961,0.8482,High,First Class,1
69568,0.8482,High,First Class,1
46961,0.8482,High,First Class,1
64282,0.8482,High,First Class,1
55570,0.8481,High,First Class,1
55570,0.8481,High,First Class,1
29647,0.8481,High,First Class,1
62373,0.848,High,First Class,1
4817,0.848,High,First Class,1
22029,0.848,High,First Class,1
52231,0.848,High,First Class,1
44549,0.848,High,First Class,1
62772,0.848,High,First Class,1
39765,0.848,High,First Class,1
52231,0.848,High,First Class,1
67556,0.848,High,First Class,0
50730,0.848,High,First Class,0
6679,0.8479,High,First Class,1
2930,0.8479,High,First Class,1
53265,0.8479,High,Second Class,1
6679,0.8479,High,First Class,1
64282,0.8479,High,First Class,1
6679,0.8479,High,First Class,1
62925,0.8479,High,First Class,0
28558,0.8479,High,First Class,1
52231,0.8479,High,First Class,1
6679,0.8479,High,First Class,1
51028,0.8479,High,First Class,1
62925,0.8479,High,First Class,0
28558,0.8478,High,First Class,1
62373,0.8478,High,First Class,1
29431,0.8478,High,First Class,0
51793,0.8478,High,First Class,1
26027,0.8478,High,Same Day,1
67556,0.8478,High,First Class,0
51028,0.8478,High,First Class,1
27994,0.8478,High,First Class,1
28408,0.8478,High,First Class,1
51793,0.8478,High,First Class,1
63232,0.8478,High,First Class,1
62772,0.8478,High,First Class,1
16801,0.8478,High,First Class,1
39765,0.8478,High,First Class,1
69955,0.8478,High,First Class,1
28558,0.8478,High,First Class,1
51028,0.8478,High,First Class,1
66607,0.8478,High,First Class,1
21828,0.8477,High,First Class,1
21828,0.8477,High,First Class,1
52231,0.8477,High,First Class,1
7230,0.8477,High,First Class,1
21828,0.8477,High,First Class,1
20676,0.8476,High,First Class,1
2400,0.8476,High,First Class,1
13865,0.8476,High,First Class,1
22029,0.8476,High,First Class,1
29747,0.8476,High,First Class,1
32101,0.8476,High,First Class,1
20676,0.8476,High,First Class,1
39384,0.8476,High,First Class,1
20676,0.8476,High,First Class,1
22038,0.8476,High,First Class,1
39384,0.8476,High,First Class,1
29747,0.8476,High,First Class,1
62373,0.8476,High,First Class,1
29747,0.8476,High,First Class,1
29747,0.8475,High,First Class,1
57234,0.8475,High,First Class,1
28408,0.8475,High,First Class,1
57234,0.8475,High,First Class,1
43871,0.8474,High,First Class,1
8423,0.8474,High,First Class,1
66178,0.8473,High,First Class,1
52231,0.8473,High,First Class,1
48895,0.8473,High,First Class,1
39765,0.8473,High,First Class,1
7230,0.8472,High,First Class,1
1074,0.8472,High,First Class,0
14893,0.8472,High,First Class,1
16801,0.8472,High,First Class,1
64282,0.8472,High,First Class,1
71387,0.8472,High,First Class,1
49707,0.8472,High,First Class,1
63232,0.8472,High,First Class,1
14893,0.8472,High,First Class,1
66607,0.8472,High,First Class,1
8209,0.8472,High,First Class,0
66178,0.8472,High,First Class,1
14893,0.8472,High,First Class,1
66607,0.8472,High,First Class,1
66178,0.8472,High,First Class,1
62772,0.8472,High,First Class,1
67556,0.8472,High,First Class,0
62373,0.8472,High,First Class,1
62772,0.8472,High,First Class,1
39765,0.8472,High,First Class,1
67556,0.8472,High,First Class,0
39765,0.8472,High,First Class,1
64282,0.8472,High,First Class,1
7230,0.8472,High,First Class,1
9205,0.8471,High,First Class,1
28907,0.8471,High,First Class,1
51028,0.8471,High,First Class,1
27994,0.8471,High,First Class,1
28558,0.8471,High,First Class,1
28408,0.8471,High,First Class,1
27994,0.8471,High,First Class,1
75528,0.8471,High,First Class,1
29431,0.8471,High,First Class,0
28408,0.8471,High,First Class,1
29431,0.8471,High,First Class,0
43871,0.8471,High,First Class,1
28408,0.8471,High,First Class,1
4817,0.847,High,First Class,1
4817,0.847,High,First Class,1
73412,0.847,High,First Class,1
4817,0.847,High,First Class,1
73407,0.847,High,First Class,0
73411,0.847,High,First Class,0
48895,0.847,High,First Class,1
34785,0.847,High,First Class,1
2223,0.8469,High,First Class,1
27806,0.8469,High,First Class,1
29747,0.8469,High,First Class,1
35895,0.8468,High,First Class,1
9124,0.8468,High,First Class,1
53865,0.8468,High,First Class,1
39054,0.8468,High,First Class,1
35895,0.8468,High,First Class,1
53865,0.8467,High,First Class,1
53865,0.8467,High,First Class,1
35895,0.8467,High,First Class,1
35895,0.8467,High,First Class,1
60389,0.8466,High,First Class,1
8209,0.8466,High,First Class,0
49707,0.8466,High,First Class,1
48763,0.8466,High,First Class,1
7230,0.8466,High,First Class,1
49707,0.8466,High,First Class,1
48895,0.8466,High,First Class,1
7230,0.8466,High,First Class,1
9205,0.8465,High,First Class,1
13923,0.8465,High,First Class,1
56398,0.8465,High,Second Class,1
9205,0.8465,High,First Class,1
54345,0.8464,High,First Class,1
68124,0.8464,High,First Class,1
68124,0.8464,High,First Class,1
22249,0.8464,High,First Class,1
54345,0.8463,High,First Class,1
56230,0.8463,High,First Class,1
24979,0.8463,High,First Class,0
54345,0.8463,High,First Class,1
47657,0.8463,High,First Class,1
40056,0.8463,High,First Class,1
2489,0.8463,High,First Class,1
11990,0.8463,High,First Class,1
40056,0.8463,High,First Class,1
2489,0.8463,High,First Class,1
52378,0.8463,High,First Class,1
9124,0.8462,High,First Class,1
4910,0.8462,High,Second Class,1
71032,0.8462,High,First Class,0
69790,0.8462,High,First Class,1
75550,0.8462,High,First Class,1
1074,0.8461,High,First Class,0
35895,0.8461,High,First Class,1
53865,0.8461,High,First Class,1
73801,0.8461,High,First Class,1
50964,0.8461,High,First Class,1
53865,0.8461,High,First Class,1
55388,0.8461,High,First Class,1
58694,0.8461,High,First Class,1
36620,0.846,High,First Class,1
17437,0.846,High,First Class,1
17437,0.846,High,First Class,1
37031,0.846,High,First Class,1
37117,0.846,High,First Class,1
47657,0.846,High,First Class,1
46189,0.846,High,First Class,1
45630,0.846,High,First Class,1
72663,0.8459,High,First Class,1
72610,0.8459,High,First Class,1
16563,0.8459,High,First Class,1
69663,0.8459,High,First Class,1
67242,0.8459,High,First Class,1
40067,0.8459,High,First Class,1
14571,0.8459,High,First Class,1
11990,0.8459,High,First Class,1
47657,0.8459,High,First Class,1
11990,0.8459,High,First Class,1
52437,0.8459,High,First Class,1
24979,0.8459,High,First Class,0
16563,0.8459,High,First Class,1
16563,0.8459,High,First Class,1
52274,0.8458,High,First Class,1
13923,0.8458,High,First Class,1
52274,0.8458,High,First Class,1
76806,0.8458,High,First Class,1
68124,0.8458,High,First Class,1
28936,0.8458,High,First Class,1
28936,0.8457,High,First Class,1
54905,0.8457,High,First Class,1
54905,0.8457,High,First Class,1
13923,0.8457,High,First Class,1
52378,0.8457,High,First Class,1
54345,0.8457,High,First Class,1
56230,0.8457,High,First Class,1
40056,0.8456,High,First Class,1
13167,0.8456,High,First Class,1
32391,0.8456,High,First Class,1
45806,0.8456,High,First Class,1
46189,0.8456,High,First Class,1
8088,0.8456,High,First Class,1
69218,0.8456,High,First Class,1
19821,0.8455,High,First Class,1
64897,0.8455,High,First Class,1
16880,0.8455,High,First Class,1
19821,0.8455,High,First Class,1
19821,0.8455,High,First Class,1
19821,0.8455,High,First Class,1
33096,0.8455,High,First Class,1
72555,0.8455,High,First Class,0
64897,0.8455,High,First Class,1
41868,0.8455,High,First Class,0
64888,0.8455,High,First Class,0
46189,0.8455,High,First Class,1
18858,0.8455,High,First Class,1
13167,0.8455,High,First Class,1
69691,0.8455,High,First Class,1
25983,0.8454,High,First Class,1
50964,0.8454,High,First Class,1
50964,0.8454,High,First Class,1
66986,0.8454,High,First Class,0
48735,0.8454,High,First Class,1
6599,0.8453,High,First Class,1
11990,0.8453,High,First Class,1
55771,0.8453,High,First Class,1
52274,0.8452,High,First Class,1
72659,0.8452,High,First Class,1
18791,0.8452,High,Second Class,0
47657,0.8452,High,First Class,1
58762,0.8452,High,First Class,1
16563,0.8452,High,First Class,1
64897,0.8452,High,First Class,1
40067,0.8452,High,First Class,1
40056,0.8452,High,First Class,1
21831,0.8452,High,First Class,1
37117,0.8452,High,First Class,1
45630,0.8452,High,First Class,1
33096,0.8451,High,First Class,1
5374,0.8451,High,First Class,1
53469,0.8451,High,First Class,1
53471,0.845,High,First Class,1
28936,0.845,High,First Class,1
68283,0.845,High,First Class,1
28936,0.845,High,First Class,1
68283,0.845,High,First Class,1
68283,0.845,High,First Class,1
14971,0.845,High,First Class,1
58762,0.845,High,First Class,1
2996,0.845,High,First Class,1
8088,0.845,High,First Class,1
8088,0.845,High,First Class,1
2642,0.845,High,First Class,1
53469,0.8449,High,First Class,1
46189,0.8449,High,First Class,1
4620,0.8449,High,First Class,1
31312,0.8449,High,First Class,1
13167,0.8448,High,First Class,1
46189,0.8448,High,First Class,1
31312,0.8448,High,First Class,1
18858,0.8448,High,First Class,1
19821,0.8448,High,First Class,1
64897,0.8448,High,First Class,1
64897,0.8448,High,First Class,1
13167,0.8448,High,First Class,1
13167,0.8448,High,First Class,1
16880,0.8448,High,First Class,1
64888,0.8448,High,First Class,0
31312,0.8448,High,First Class,1
58762,0.8448,High,First Class,1
58762,0.8448,High,First Class,1
18348,0.8447,High,First Class,1
66986,0.8447,High,First Class,0
53469,0.8447,High,First Class,1
12653,0.8447,High,First Class,1
66986,0.8447,High,First Class,0
34785,0.8447,High,First Class,1
53469,0.8447,High,First Class,1
3329,0.8447,High,First Class,1
54893,0.8447,High,First Class,1
3329,0.8447,High,First Class,1
54395,0.8446,High,First Class,1
4977,0.8446,High,First Class,1
5484,0.8446,High,First Class,1
55787,0.8446,High,First Class,1
5374,0.8446,High,First Class,1
59629,0.8444,High,First Class,1
53471,0.8444,High,First Class,1
12168,0.8443,High,First Class,1
68283,0.8443,High,First Class,1
14971,0.8443,High,First Class,1
32389,0.8443,High,First Class,1
33096,0.8443,High,First Class,1
14971,0.8443,High,First Class,1
33096,0.8443,High,First Class,1
33096,0.8443,High,First Class,1
56296,0.8443,High,Second Class,0
40910,0.8442,High,First Class,0
40910,0.8442,High,First Class,0
4977,0.8442,High,First Class,1
34785,0.8442,High,First Class,1
65389,0.8442,High,First Class,0
4977,0.8442,High,First Class,1
11755,0.8442,High,First Class,1
40910,0.8442,High,First Class,0
45336,0.8442,High,First Class,1
65389,0.8442,High,First Class,0
12653,0.8442,High,First Class,1
18791,0.8441,High,Second Class,0
18791,0.8441,High,Second Class,0
38926,0.8441,High,First Class,1
18791,0.8441,High,Second Class,0
14148,0.8441,High,First Class,1
14148,0.8441,High,First Class,1
28094,0.8441,High,First Class,1
39397,0.8441,High,First Class,1
64825,0.8441,High,First Class,1
18791,0.8441,High,Second Class,0
19822,0.8441,High,First Class,1
689,0.844,High,First Class,1
54893,0.844,High,First Class,1
632,0.844,High,First Class,1
3925,0.844,High,First Class,0
54395,0.844,High,First Class,1
8421,0.844,High,First Class,1
54893,0.844,High,First Class,1
5374,0.844,High,First Class,1
5484,0.844,High,First Class,1
55787,0.844,High,First Class,1
5484,0.844,High,First Class,1
3925,0.844,High,First Class,0
5484,0.844,High,First Class,1
54395,0.844,High,First Class,1
5374,0.844,High,First Class,1
45336,0.8439,High,First Class,1
8088,0.8439,High,First Class,1
8088,0.8439,High,First Class,1
42280,0.8439,High,First Class,1
41820,0.8438,High,First Class,1
19268,0.8438,High,First Class,1
31311,0.8438,High,First Class,1
33774,0.8438,High,First Class,1
19822,0.8438,High,First Class,1
20296,0.8438,High,First Class,1
56230,0.8438,High,First Class,1
33774,0.8438,High,First Class,1
56230,0.8438,High,First Class,1
20296,0.8438,High,First Class,1
14148,0.8438,High,First Class,1
64825,0.8438,High,First Class,1
62891,0.8438,High,First Class,1
18292,0.8438,High,First Class,1
62891,0.8438,High,First Class,1
42280,0.8438,High,First Class,1
41820,0.8438,High,First Class,1
42280,0.8438,High,First Class,1
64825,0.8438,High,First Class,1
19268,0.8438,High,First Class,1
38926,0.8438,High,First Class,1
38926,0.8438,High,First Class,1
19268,0.8438,High,First Class,1
16934,0.8438,High,First Class,1
16933,0.8438,High,First Class,1
14123,0.8438,High,First Class,1
4977,0.8436,High,First Class,1
52043,0.8436,High,First Class,1
20296,0.8435,High,First Class,1
20296,0.8435,High,First Class,1
21363,0.8435,High,First Class,1
12168,0.8435,High,First Class,1
12653,0.8435,High,First Class,1
14123,0.8435,High,First Class,1
10752,0.8435,High,First Class,1
10752,0.8435,High,First Class,1
14971,0.8435,High,First Class,1
42280,0.8435,High,First Class,1
34785,0.8435,High,First Class,1
14971,0.8435,High,First Class,1
10752,0.8435,High,First Class,1
12168,0.8435,High,First Class,1
32389,0.8435,High,First Class,1
68283,0.8435,High,First Class,1
12653,0.8435,High,First Class,1
62925,0.8435,High,First Class,0
22162,0.8434,High,First Class,1
14148,0.8434,High,First Class,1
14148,0.8434,High,First Class,1
8421,0.8434,High,First Class,1
22162,0.8434,High,First Class,1
19822,0.8432,High,First Class,1
67687,0.8432,High,First Class,0
59591,0.8432,High,First Class,1
56230,0.8432,High,First Class,1
16934,0.8432,High,First Class,1
16933,0.8432,High,First Class,1
31311,0.8431,High,First Class,1
31311,0.8431,High,First Class,1
16934,0.8431,High,First Class,1
41820,0.8431,High,First Class,1
19268,0.8431,High,First Class,1
16933,0.8431,High,First Class,1
20296,0.8431,High,First Class,1
62891,0.8431,High,First Class,1
18292,0.8431,High,First Class,1
46206,0.8431,High,First Class,1
67687,0.8431,High,First Class,0
33774,0.8431,High,First Class,1
38944,0.8431,High,First Class,1
42280,0.8431,High,First Class,1
67687,0.8431,High,First Class,0
33774,0.8431,High,First Class,1
64825,0.8431,High,First Class,1
31311,0.8431,High,First Class,1
62891,0.8431,High,First Class,1
19822,0.8431,High,First Class,1
19268,0.8431,High,First Class,1
62891,0.8431,High,First Class,1
68442,0.843,High,First Class,1
49440,0.8429,High,First Class,1
56296,0.8428,High,Second Class,0
56296,0.8428,High,Second Class,0
56296,0.8428,High,Second Class,0
4067,0.8428,High,First Class,0
60522,0.8428,High,First Class,1
49440,0.8428,High,First Class,1
60522,0.8427,High,First Class,1
60522,0.8427,High,First Class,1
62925,0.8427,High,First Class,0
13799,0.8427,High,First Class,0
42380,0.8426,High,First Class,1
1234,0.8426,High,First Class,1
31555,0.8426,High,First Class,1
52037,0.8425,High,First Class,0
57237,0.8425,High,First Class,1
1234,0.8425,High,First Class,1
52037,0.8425,High,First Class,0
59591,0.8425,High,First Class,1
43108,0.8425,High,Second Class,1
59591,0.8425,High,First Class,1
59591,0.8425,High,First Class,1
45653,0.8425,High,Second Class,1
62618,0.8424,High,First Class,0
62618,0.8424,High,First Class,0
9415,0.8423,High,First Class,1
75084,0.8423,High,First Class,1
31555,0.8423,High,First Class,1
14055,0.8423,High,First Class,1
60522,0.8421,High,First Class,1
13799,0.8421,High,First Class,0
60522,0.8421,High,First Class,1
22975,0.8421,High,First Class,0
10419,0.842,High,First Class,1
74401,0.842,High,First Class,0
42380,0.842,High,First Class,1
10419,0.8419,High,First Class,1
6911,0.8419,High,Second Class,0
10419,0.8419,High,First Class,1
52037,0.8419,High,First Class,0
52037,0.8419,High,First Class,0
49595,0.8418,High,First Class,1
34208,0.8418,High,First Class,1
49595,0.8418,High,First Class,1
14055,0.8418,High,First Class,1
14055,0.8418,High,First Class,1
43108,0.8417,High,Second Class,1
4940,0.8417,High,First Class,1
4940,0.8417,High,First Class,1
19943,0.8416,High,First Class,1
60596,0.8416,High,First Class,1
53614,0.8416,High,First Class,1
9415,0.8416,High,First Class,1
43985,0.8416,High,First Class,1
34890,0.8415,High,Second Class,1
34890,0.8415,High,Second Class,1
34208,0.8414,High,First Class,1
34208,0.8414,High,First Class,1
76306,0.8414,High,Second Class,0
22975,0.8413,High,First Class,0
14055,0.8411,High,First Class,1
60596,0.8411,High,First Class,1
60596,0.8411,High,First Class,1
494,0.8411,High,Second Class,1
494,0.8411,High,Second Class,1
10028,0.8411,High,First Class,1
10028,0.841,High,First Class,1
53614,0.841,High,First Class,1
4940,0.841,High,First Class,1
60607,0.8406,High,First Class,1
64667,0.8406,High,First Class,1
60607,0.8406,High,First Class,1
60607,0.8406,High,First Class,1
10463,0.8406,High,First Class,1
52076,0.8406,High,Second Class,0
52076,0.8406,High,Second Class,0
49642,0.8405,High,Second Class,1
64667,0.8405,High,First Class,1
45251,0.8405,High,Second Class,0
15274,0.8405,High,First Class,1
10928,0.8405,High,First Class,1
15728,0.8405,High,First Class,1
10074,0.8404,High,First Class,0
10028,0.8404,High,First Class,1
10074,0.8404,High,First Class,0
60596,0.8404,High,First Class,1
10074,0.8404,High,First Class,0
10028,0.8404,High,First Class,1
64667,0.8404,High,First Class,1
15728,0.8404,High,First Class,1
60607,0.8403,High,First Class,1
21464,0.8402,High,First Class,1
15728,0.8401,High,First Class,1
45251,0.8401,High,Second Class,0
28646,0.8401,High,Second Class,0
9867,0.8401,High,First Class,1
9867,0.84,High,First Class,1
9867,0.84,High,First Class,1
6990,0.84,High,First Class,1
10219,0.84,High,First Class,0
33433,0.84,High,First Class,1
33433,0.84,High,First Class,1
2820,0.84,High,Second Class,1
70974,0.8399,High,First Class,1
33433,0.8398,High,First Class,1
77071,0.8398,High,First Class,1
21464,0.8398,High,First Class,1
31526,0.8398,High,First Class,0
31526,0.8398,High,First Class,0
15274,0.8397,High,First Class,1
10463,0.8397,High,First Class,1
45251,0.8397,High,Second Class,0
49642,0.8397,High,Second Class,1
15274,0.8397,High,First Class,1
45251,0.8397,High,Second Class,0
50390,0.8396,High,First Class,1
69407,0.8395,High,First Class,1
10219,0.8394,High,First Class,0
9867,0.8393,High,First Class,1
33433,0.8392,High,First Class,1
31526,0.8392,High,First Class,0
31526,0.8392,High,First Class,0
31526,0.8392,High,First Class,0
48487,0.839,High,First Class,1
67527,0.839,High,First Class,1
67040,0.839,High,First Class,1
48487,0.839,High,First Class,1
48487,0.839,High,First Class,1
67527,0.839,High,First Class,1
28733,0.8389,High,First Class,1
14306,0.8388,High,First Class,1
67040,0.8388,High,First Class,1
60296,0.8388,High,First Class,1
24041,0.8387,High,First Class,1
74333,0.8387,High,First Class,0
48487,0.8386,High,First Class,1
24041,0.8386,High,First Class,1
48487,0.8386,High,First Class,1
69910,0.8386,High,First Class,1
67527,0.8386,High,First Class,1
59956,0.8386,High,First Class,1
40625,0.8386,High,First Class,1
74775,0.8386,High,First Class,1
24041,0.8386,High,First Class,1
67527,0.8386,High,First Class,1
14306,0.8386,High,First Class,1
60296,0.8385,High,First Class,1
40625,0.8385,High,First Class,1
34885,0.8385,High,First Class,1
9205,0.8384,High,First Class,1
35855,0.8383,High,First Class,0
24891,0.8383,High,First Class,1
59738,0.8382,High,First Class,0
34888,0.8382,High,First Class,1
9823,0.8382,High,Second Class,1
47979,0.8382,High,First Class,0
40625,0.8382,High,First Class,1
59738,0.8382,High,First Class,0
60296,0.8381,High,First Class,1
34888,0.8381,High,First Class,1
35855,0.8381,High,First Class,0
67040,0.838,High,First Class,1
14306,0.838,High,First Class,1
67527,0.838,High,First Class,1
10259,0.838,High,First Class,1
14306,0.838,High,First Class,1
67040,0.838,High,First Class,1
67040,0.838,High,First Class,1
24891,0.8379,High,First Class,1
24041,0.8379,High,First Class,1
35855,0.8378,High,First Class,0
34888,0.8378,High,First Class,1
10259,0.8377,High,First Class,1
75926,0.8376,High,First Class,1
59738,0.8376,High,First Class,0
59738,0.8376,High,First Class,0
24891,0.8375,High,First Class,1
34885,0.8375,High,First Class,1
24891,0.8375,High,First Class,1
35855,0.8374,High,First Class,0
34888,0.8374,High,First Class,1
35855,0.8374,High,First Class,0
34888,0.8374,High,First Class,1
40625,0.8374,High,First Class,1
55026,0.8374,High,First Class,0
72799,0.8374,High,First Class,1
34885,0.8374,High,First Class,1
76800,0.8373,High,First Class,1
30897,0.8372,High,Second Class,1
70055,0.8371,High,Second Class,1
51524,0.8371,High,Second Class,1
30897,0.8371,High,Second Class,1
66459,0.837,High,First Class,1
55026,0.837,High,First Class,0
8355,0.8369,High,First Class,1
66459,0.8369,High,First Class,1
1658,0.8369,High,First Class,1
28733,0.8369,High,First Class,1
69995,0.8368,High,Second Class,1
36359,0.8368,High,First Class,0
33011,0.8368,High,First Class,1
9951,0.8367,High,First Class,1
51524,0.8367,High,Second Class,1
44993,0.8367,High,First Class,1
55026,0.8367,High,First Class,0
44993,0.8366,High,First Class,1
49046,0.8366,High,Same Day,1
36359,0.8366,High,First Class,0
33011,0.8366,High,First Class,1
33011,0.8366,High,First Class,1
1658,0.8365,High,First Class,1
8355,0.8365,High,First Class,1
10259,0.8365,High,First Class,1
8355,0.8365,High,First Class,1
28733,0.8365,High,First Class,1
48735,0.8364,High,First Class,1
15128,0.8364,High,First Class,1
9951,0.8363,High,First Class,1
55026,0.8363,High,First Class,0
55026,0.8363,High,First Class,0
44993,0.8363,High,First Class,1
5126,0.8363,High,First Class,0
36359,0.8363,High,First Class,0
31805,0.8363,High,First Class,1
9470,0.8363,High,First Class,1
53140,0.8362,High,First Class,1
50090,0.836,High,First Class,1
56509,0.8359,High,First Class,1
72888,0.8359,High,First Class,0
50090,0.8359,High,First Class,1
53140,0.8359,High,First Class,1
33011,0.8359,High,First Class,1
40662,0.8359,High,First Class,1
36359,0.8359,High,First Class,0
50090,0.8359,High,First Class,1
20546,0.8359,High,First Class,1
44993,0.8359,High,First Class,1
53140,0.8358,High,First Class,1
1658,0.8358,High,First Class,1
53140,0.8358,High,First Class,1
1658,0.8358,High,First Class,1
1658,0.8358,High,First Class,1
5126,0.8357,High,First Class,0
28733,0.8357,High,First Class,1
48312,0.8356,High,First Class,1
31805,0.8356,High,First Class,1
72216,0.8356,High,First Class,1
65017,0.8352,High,First Class,1
25233,0.8351,High,First Class,1
65017,0.8351,High,First Class,1
65017,0.8351,High,First Class,1
69781,0.835,High,First Class,1
76544,0.835,High,Second Class,1
34923,0.8348,High,First Class,1
34923,0.8348,High,First Class,1
25233,0.8348,High,First Class,1
34923,0.8348,High,First Class,1
19806,0.8346,High,First Class,1
60057,0.8345,High,Second Class,1
25617,0.8344,High,First Class,1
25617,0.8344,High,First Class,1
65017,0.8344,High,First Class,1
25233,0.8344,High,First Class,1
47385,0.8344,High,First Class,1
47385,0.8344,High,First Class,1
24693,0.8343,High,First Class,1
34923,0.8341,High,First Class,1
34923,0.8341,High,First Class,1
24692,0.834,High,First Class,0
24198,0.834,High,First Class,1
24692,0.834,High,First Class,0
23655,0.8339,High,First Class,1
23597,0.8339,High,First Class,0
24692,0.8339,High,First Class,0
24693,0.8339,High,First Class,1
24198,0.8339,High,First Class,1
23597,0.8339,High,First Class,0
21675,0.8337,High,Second Class,1
25617,0.8337,High,First Class,1
25617,0.8337,High,First Class,1
24644,0.8336,High,First Class,1
13749,0.8336,High,First Class,1
64117,0.8336,High,First Class,1
13749,0.8336,High,First Class,1
13749,0.8336,High,First Class,1
24644,0.8336,High,First Class,1
62704,0.8334,High,First Class,1
60057,0.8334,High,Second Class,1
32915,0.8333,High,First Class,1
24198,0.8332,High,First Class,1
23597,0.8332,High,First Class,0
24692,0.8332,High,First Class,0
24197,0.8332,High,First Class,1
24197,0.8332,High,First Class,1
23597,0.8332,High,First Class,0
24198,0.8332,High,First Class,1
24197,0.8332,High,First Class,1
24197,0.8332,High,First Class,1
24692,0.8332,High,First Class,0
37702,0.8331,High,First Class,1
37702,0.8331,High,First Class,1
37702,0.8331,High,First Class,1
19339,0.8331,High,First Class,1
62704,0.833,High,First Class,1
60057,0.833,High,Second Class,1
60057,0.833,High,Second Class,1
37702,0.833,High,First Class,1
32915,0.8329,High,First Class,1
68582,0.8329,High,Second Class,1
13749,0.8329,High,First Class,1
32915,0.8329,High,First Class,1
64117,0.8329,High,First Class,1
32915,0.8329,High,First Class,1
68582,0.8329,High,Second Class,1
13749,0.8329,High,First Class,1
31253,0.8329,High,First Class,0
19339,0.8328,High,First Class,1
6911,0.8327,High,Second Class,0
37575,0.8327,High,First Class,1
17941,0.8326,High,First Class,1
75587,0.8325,High,First Class,1
19339,0.8324,High,First Class,1
62704,0.8323,High,First Class,1
37702,0.8323,High,First Class,1
76855,0.8323,High,First Class,1
49776,0.8323,High,First Class,1
62704,0.8323,High,First Class,1
69369,0.8323,High,First Class,1
62704,0.8323,High,First Class,1
69365,0.8323,High,First Class,1
37575,0.8323,High,First Class,1
5603,0.8322,High,First Class,1
19495,0.8322,High,First Class,0
19767,0.8322,High,First Class,1
50680,0.8322,High,First Class,1
55993,0.8322,High,First Class,0
54002,0.8321,High,First Class,1
54002,0.8321,High,First Class,1
10188,0.832,High,Same Day,1
60721,0.8319,High,First Class,1
34354,0.8319,High,First Class,0
13268,0.8319,High,First Class,1
60721,0.8319,High,First Class,1
19495,0.8318,High,First Class,0
19495,0.8318,High,First Class,0
19495,0.8318,High,First Class,0
13268,0.8318,High,First Class,1
19983,0.8318,High,First Class,0
4134,0.8318,High,First Class,1
4134,0.8318,High,First Class,1
19983,0.8318,High,First Class,0
63138,0.8318,High,First Class,1
19767,0.8318,High,First Class,1
13268,0.8318,High,First Class,1
60961,0.8317,High,Second Class,0
20921,0.8317,High,First Class,1
4134,0.8315,High,First Class,1
4134,0.8315,High,First Class,1
13268,0.8315,High,First Class,1
4134,0.8314,High,First Class,1
55993,0.8314,High,First Class,0
55993,0.8314,High,First Class,0
56183,0.8314,High,First Class,1
60721,0.8312,High,First Class,1
12668,0.8312,High,Second Class,1
20921,0.8312,High,First Class,1
40753,0.8312,High,Second Class,1
40753,0.8312,High,Second Class,1
71748,0.8312,High,First Class,1
20921,0.8312,High,First Class,1
56183,0.8312,High,First Class,1
12668,0.8312,High,Second Class,1
13268,0.8311,High,First Class,1
19983,0.8311,High,First Class,0
19495,0.8311,High,First Class,0
19983,0.8311,High,First Class,0
50680,0.831,High,First Class,1
25736,0.831,High,First Class,1
30864,0.8308,High,First Class,1
5603,0.8306,High,First Class,1
20921,0.8306,High,First Class,1
20921,0.8306,High,First Class,1
30864,0.8306,High,First Class,1
5603,0.8306,High,First Class,1
65132,0.8305,High,First Class,1
1271,0.8305,High,First Class,1
65132,0.8305,High,First Class,1
40753,0.8303,High,Second Class,1
40753,0.8303,High,Second Class,1
40753,0.8303,High,Second Class,1
44243,0.8303,High,First Class,1
5603,0.8302,High,First Class,1
72026,0.8302,High,First Class,1
5603,0.8302,High,First Class,1
44243,0.8299,High,First Class,1
30864,0.8299,High,First Class,1
33754,0.8298,High,Same Day,1
72748,0.8296,High,First Class,1
25153,0.8295,High,First Class,1
25153,0.8294,High,First Class,1
25153,0.8294,High,First Class,1
34354,0.8292,High,First Class,0
34354,0.8292,High,First Class,0
61235,0.829,High,First Class,1
40147,0.829,High,Second Class,1
33754,0.8289,High,Same Day,1
39637,0.8289,High,First Class,1
17313,0.8288,High,First Class,1
17313,0.8288,High,First Class,1
37701,0.8288,High,Second Class,0
41053,0.8288,High,Second Class,1
25153,0.8287,High,First Class,1
25153,0.8287,High,First Class,1
40754,0.8287,High,Second Class,1
19790,0.8287,High,First Class,1
17313,0.8286,High,First Class,1
39160,0.8286,High,First Class,0
24103,0.8286,High,First Class,1
34354,0.8285,High,First Class,0
61235,0.8285,High,First Class,1
61235,0.8285,High,First Class,1
61235,0.8285,High,First Class,1
7987,0.8285,High,First Class,1
37701,0.8284,High,Second Class,0
37701,0.8284,High,Second Class,0
37701,0.8284,High,Second Class,0
51669,0.8282,High,First Class,1
35800,0.828,High,First Class,0
19790,0.828,High,First Class,1
45751,0.828,High,Second Class,0
40134,0.8279,High,First Class,1
45751,0.8279,High,Second Class,0
55958,0.8279,High,First Class,1
49759,0.8279,High,First Class,1
24103,0.8278,High,First Class,1
7987,0.8278,High,First Class,1
40134,0.8278,High,First Class,1
61235,0.8278,High,First Class,1
20458,0.8278,High,First Class,0
24103,0.8278,High,First Class,1
7987,0.8278,High,First Class,1
41053,0.8276,High,Second Class,1
55958,0.8276,High,First Class,1
20015,0.8276,High,Second Class,1
41053,0.8276,High,Second Class,1
41053,0.8276,High,Second Class,1
56183,0.8274,High,First Class,1
56183,0.8274,High,First Class,1
15764,0.8273,High,Second Class,1
15764,0.8273,High,Second Class,1
55958,0.8272,High,First Class,1
55958,0.8272,High,First Class,1
55958,0.8272,High,First Class,1
49179,0.8272,High,Same Day,1
63543,0.8271,High,First Class,1
39160,0.8271,High,First Class,0
40134,0.8271,High,First Class,1
39160,0.8271,High,First Class,0
20458,0.8271,High,First Class,0
39160,0.8271,High,First Class,0
63543,0.8267,High,First Class,1
37529,0.8266,High,First Class,0
46823,0.8266,High,First Class,1
46823,0.8266,High,First Class,1
46823,0.8266,High,First Class,1
67312,0.8264,High,Second Class,1
63543,0.8264,High,First Class,1
67312,0.8264,High,Second Class,1
67312,0.8264,High,Second Class,1
35082,0.8263,High,Second Class,1
46415,0.8263,High,Second Class,1
65484,0.8262,High,First Class,1
65484,0.8262,High,First Class,1
37529,0.8262,High,First Class,0
37529,0.8262,High,First Class,0
65484,0.8262,High,First Class,1
37529,0.8262,High,First Class,0
37529,0.8262,High,First Class,0
65484,0.8262,High,First Class,1
74663,0.8259,High,First Class,1
34890,0.8259,High,Second Class,1
61097,0.8259,High,Second Class,1
45033,0.8259,High,Second Class,1
39525,0.8258,High,Same Day,1
65932,0.8258,High,First Class,1
53018,0.8257,High,Same Day,1
23163,0.8257,High,First Class,1
68582,0.8256,High,Second Class,1
23163,0.8256,High,First Class,1
19609,0.8255,High,Second Class,1
39525,0.8255,High,Same Day,1
45053,0.8255,High,Second Class,1
38569,0.8255,High,Second Class,1
63543,0.8255,High,First Class,1
65932,0.8255,High,First Class,1
65484,0.8255,High,First Class,1
9415,0.8252,High,First Class,1
26652,0.8251,High,Second Class,1
26652,0.8251,High,Second Class,1
40146,0.8251,High,Second Class,0
26652,0.8251,High,Second Class,1
26652,0.8251,High,Second Class,1
65932,0.8251,High,First Class,1
45033,0.8251,High,Second Class,1
65932,0.8251,High,First Class,1
24103,0.825,High,First Class,1
24704,0.825,High,Same Day,1
53018,0.825,High,Same Day,1
39525,0.8249,High,Same Day,1
6499,0.8249,High,Same Day,1
23163,0.8249,High,First Class,1
53018,0.8248,High,Same Day,1
40146,0.8247,High,Second Class,0
38569,0.8247,High,Second Class,1
45033,0.8247,High,Second Class,1
45033,0.8247,High,Second Class,1
40146,0.8247,High,Second Class,0
39560,0.8247,High,Second Class,1
45033,0.8247,High,Second Class,1
45053,0.8246,High,Second Class,1
26376,0.8246,High,Second Class,0
20748,0.8246,High,First Class,1
53018,0.8245,High,Same Day,1
69791,0.8244,High,First Class,0
61033,0.8243,High,Same Day,1
26376,0.8242,High,Second Class,0
39525,0.8242,High,Same Day,1
39525,0.8242,High,Same Day,1
53018,0.8241,High,Same Day,1
15128,0.8241,High,First Class,1
26376,0.8238,High,Second Class,0
40147,0.8238,High,Second Class,1
20748,0.8238,High,First Class,1
23110,0.8237,High,First Class,1
32637,0.8236,High,Second Class,1
58911,0.8236,High,First Class,0
32637,0.8236,High,Second Class,1
274,0.8236,High,Same Day,1
274,0.8235,High,Same Day,1
61033,0.8232,High,Same Day,1
274,0.8232,High,Same Day,1
52152,0.8231,High,First Class,1
14038,0.8231,High,First Class,1
56669,0.8226,High,Second Class,1
56669,0.8226,High,Second Class,1
56669,0.8226,High,Second Class,1
56669,0.8226,High,Second Class,1
58911,0.8225,High,First Class,0
26776,0.8225,High,Second Class,0
20513,0.8224,High,Second Class,1
45946,0.8223,High,Second Class,0
40073,0.8222,High,Second Class,1
24387,0.8221,High,Second Class,1
667,0.822,High,Same Day,0
667,0.822,High,Same Day,0
26776,0.822,High,Second Class,0
26776,0.822,High,Second Class,0
26776,0.822,High,Second Class,0
26776,0.822,High,Second Class,0
1761,0.822,High,First Class,1
21780,0.822,High,Same Day,1
57558,0.822,High,Second Class,1
27766,0.8219,High,First Class,1
45983,0.8217,High,First Class,0
40073,0.8217,High,Second Class,1
45653,0.8215,High,Second Class,1
45653,0.8215,High,Second Class,1
21780,0.8214,High,Same Day,1
40073,0.8213,High,Second Class,1
40073,0.8213,High,Second Class,1
9178,0.8213,High,First Class,0
40073,0.8213,High,Second Class,1
4584,0.8212,High,Second Class,1
27766,0.8212,High,First Class,1
27766,0.8212,High,First Class,1
27766,0.8212,High,First Class,1
57558,0.8212,High,Second Class,1
20533,0.8212,High,Second Class,1
57558,0.8212,High,Second Class,1
1761,0.8212,High,First Class,1
17378,0.8211,High,Same Day,1
17378,0.8211,High,Same Day,1
42591,0.8209,High,Second Class,0
45983,0.8209,High,First Class,0
17378,0.8209,High,Same Day,1
45983,0.8209,High,First Class,0
56985,0.8208,High,Second Class,1
4584,0.8208,High,Second Class,1
21780,0.8207,High,Same Day,1
73971,0.8205,High,Same Day,1
9178,0.8204,High,First Class,0
33430,0.8204,High,First Class,1
9178,0.8204,High,First Class,0
4584,0.8203,High,Second Class,1
4584,0.8203,High,Second Class,1
58761,0.8203,High,First Class,0
58760,0.8203,High,First Class,1
58761,0.8203,High,First Class,0
58761,0.8203,High,First Class,0
17378,0.8202,High,Same Day,1
72679,0.8201,High,Same Day,0
60137,0.8201,High,Second Class,1
60137,0.8201,High,Second Class,1
33430,0.82,High,First Class,1
33430,0.82,High,First Class,1
56812,0.8199,High,First Class,0
38569,0.8198,High,Second Class,1
38569,0.8198,High,Second Class,1
56812,0.8198,High,First Class,0
62803,0.8196,High,First Class,1
56812,0.8195,High,First Class,0
63978,0.8195,High,Same Day,0
49113,0.8194,High,Second Class,1
72527,0.8194,High,Same Day,0
38569,0.8194,High,Second Class,1
25203,0.8192,High,Same Day,0
62803,0.8192,High,First Class,1
75963,0.8192,High,Same Day,0
40754,0.8192,High,Second Class,1
62803,0.8192,High,First Class,1
49640,0.8192,High,Same Day,1
25203,0.8192,High,Same Day,0
9828,0.8191,High,First Class,0
56812,0.8191,High,First Class,0
56812,0.8191,High,First Class,0
11284,0.8191,High,Same Day,1
49113,0.819,High,Second Class,1
61263,0.819,High,First Class,1
49113,0.819,High,Second Class,1
58392,0.819,High,First Class,0
61263,0.819,High,First Class,1
49113,0.819,High,Second Class,1
49113,0.819,High,Second Class,1
8771,0.8189,High,First Class,1
34302,0.8188,High,Same Day,1
49045,0.8188,High,Same Day,1
34302,0.8188,High,Same Day,1
16905,0.8188,High,Second Class,1
27784,0.8188,High,Second Class,1
49045,0.8188,High,Same Day,1
40754,0.8188,High,Second Class,1
42118,0.8188,High,Second Class,1
73005,0.8188,High,Same Day,1
49045,0.8188,High,Same Day,1
25203,0.8188,High,Same Day,0
66422,0.8188,High,Same Day,1
63978,0.8188,High,Same Day,0
61263,0.8187,High,First Class,1
385,0.8187,High,Second Class,1
66422,0.8186,High,Same Day,1
1826,0.8186,High,First Class,1
1826,0.8186,High,First Class,1
25203,0.8186,High,Same Day,0
11284,0.8186,High,Same Day,1
10809,0.8186,High,Same Day,1
49045,0.8186,High,Same Day,1
1826,0.8185,High,First Class,1
40600,0.8185,High,Same Day,1
1826,0.8185,High,First Class,1
62803,0.8184,High,First Class,1
34302,0.8184,High,Same Day,1
76094,0.8184,High,Second Class,1
15115,0.8184,High,Same Day,1
62803,0.8184,High,First Class,1
58392,0.8183,High,First Class,0
61263,0.8183,High,First Class,1
40600,0.8183,High,Same Day,1
58392,0.8183,High,First Class,0
1824,0.8182,High,First Class,1
8771,0.8181,High,First Class,1
8771,0.8181,High,First Class,1
8771,0.8181,High,First Class,1
24103,0.818,High,First Class,1
49640,0.8179,High,Same Day,1
11284,0.8179,High,Same Day,1
11284,0.8179,High,Same Day,1
34302,0.8179,High,Same Day,1
34302,0.8179,High,Same Day,1
25203,0.8179,High,Same Day,0
24149,0.8179,High,Same Day,1
63978,0.8179,High,Same Day,0
66422,0.8179,High,Same Day,1
66422,0.8179,High,Same Day,1
49045,0.8179,High,Same Day,1
19375,0.8179,High,Same Day,1
1824,0.8178,High,First Class,1
1824,0.8178,High,First Class,1
1826,0.8178,High,First Class,1
45946,0.8178,High,Second Class,0
32031,0.8177,High,First Class,1
40600,0.8176,High,Same Day,1
40600,0.8176,High,Same Day,1
15764,0.8175,High,Second Class,1
385,0.8174,High,Second Class,1
37561,0.8174,High,Second Class,0
385,0.8174,High,Second Class,1
385,0.8174,High,Second Class,1
11149,0.8173,High,Second Class,1
14372,0.8172,High,First Class,0
53013,0.8172,High,Same Day,1
53022,0.8172,High,Same Day,0
7905,0.8171,High,First Class,1
4018,0.817,High,Same Day,0
4018,0.817,High,Same Day,0
53013,0.817,High,Same Day,1
32031,0.8169,High,First Class,1
66501,0.8168,High,Second Class,0
37561,0.8166,High,Second Class,0
54014,0.8166,High,First Class,0
54014,0.8166,High,First Class,0
37561,0.8166,High,Second Class,0
44313,0.8166,High,Second Class,1
14013,0.8165,High,Same Day,1
7905,0.8164,High,First Class,1
7905,0.8164,High,First Class,1
7905,0.8164,High,First Class,1
32797,0.8164,High,Second Class,1
32797,0.8164,High,Second Class,1
53013,0.8163,High,Same Day,1
53022,0.8163,High,Same Day,0
68582,0.8163,High,Second Class,1
4018,0.8163,High,Same Day,0
61298,0.8163,High,First Class,1
53013,0.8163,High,Same Day,1
32031,0.816,High,First Class,1
32031,0.816,High,First Class,1
44313,0.8158,High,Second Class,1
46415,0.8158,High,Second Class,1
46415,0.8158,High,Second Class,1
54014,0.8158,High,First Class,0
14013,0.8156,High,Same Day,1
76853,0.8156,High,Same Day,1
14013,0.8156,High,Same Day,1
14013,0.8156,High,Same Day,1
61298,0.8155,High,First Class,1
26279,0.8154,High,Second Class,1
40146,0.8154,High,Second Class,0
43313,0.8154,High,Second Class,1
31265,0.8153,High,First Class,1
31265,0.8152,High,First Class,1
1780,0.815,High,First Class,1
75303,0.815,High,First Class,1
9390,0.815,High,First Class,0
40146,0.815,High,Second Class,0
1780,0.815,High,First Class,1
46415,0.8149,High,Second Class,1
31265,0.8149,High,First Class,1
31265,0.8149,High,First Class,1
46415,0.8149,High,Second Class,1
47227,0.8148,High,Second Class,1
61298,0.8146,High,First Class,1
70268,0.8145,High,First Class,1
65343,0.8145,High,First Class,1
1772,0.8145,High,Second Class,1
1772,0.8145,High,Second Class,1
1772,0.8145,High,Second Class,1
31265,0.8145,High,First Class,1
65343,0.8145,High,First Class,1
30452,0.8144,High,First Class,1
47227,0.8143,High,Second Class,1
47227,0.8143,High,Second Class,1
47227,0.8143,High,Second Class,1
47227,0.8143,High,Second Class,1
30523,0.8143,High,Second Class,1
34353,0.8139,High,First Class,1
27378,0.8139,High,Same Day,1
42220,0.8138,High,First Class,1
30452,0.8138,High,First Class,1
1772,0.8138,High,Second Class,1
42220,0.8138,High,First Class,1
42220,0.8138,High,First Class,1
30452,0.8138,High,First Class,1
65343,0.8137,High,First Class,1
65343,0.8137,High,First Class,1
71479,0.8136,High,Second Class,1
71789,0.8135,High,Same Day,1
42220,0.8135,High,First Class,1
76979,0.8135,High,Same Day,1
19747,0.8135,High,Second Class,1
29484,0.8133,High,First Class,1
30382,0.8133,High,First Class,0
29484,0.8133,High,First Class,1
51986,0.8133,High,Same Day,1
20513,0.8133,High,Second Class,1
30382,0.8133,High,First Class,0
42220,0.8131,High,First Class,1
29484,0.8131,High,First Class,1
31244,0.8131,High,First Class,0
14873,0.813,High,Second Class,1
55365,0.813,High,First Class,1
73145,0.8129,High,First Class,1
5396,0.8129,High,First Class,1
55365,0.8129,High,First Class,1
55365,0.8128,High,First Class,1
29484,0.8127,High,First Class,1
31244,0.8127,High,First Class,0
50598,0.8127,High,Second Class,1
50598,0.8127,High,Second Class,1
23110,0.8126,High,First Class,1
31244,0.8126,High,First Class,0
29484,0.8126,High,First Class,1
5396,0.8126,High,First Class,1
12659,0.8126,High,First Class,1
51986,0.8126,High,Same Day,1
12659,0.8125,High,First Class,1
20513,0.8125,High,Second Class,1
20513,0.8125,High,Second Class,1
62799,0.8124,High,Second Class,1
23110,0.8124,High,First Class,1
14878,0.8124,High,Second Class,1
49705,0.8123,High,First Class,1
49705,0.8123,High,First Class,1
12659,0.8122,High,First Class,1
5396,0.8122,High,First Class,1
14873,0.8121,High,Second Class,1
55365,0.8121,High,First Class,1
11483,0.8121,High,Same Day,1
14873,0.8121,High,Second Class,1
56991,0.8121,High,Same Day,1
11483,0.8121,High,Same Day,1
55365,0.8121,High,First Class,1
6121,0.812,High,Second Class,0
61020,0.812,High,Same Day,1
55879,0.812,High,Same Day,0
1068,0.812,High,Same Day,1
66501,0.8119,High,Second Class,0
66501,0.8119,High,Second Class,0
62799,0.8119,High,Second Class,1
12659,0.8118,High,First Class,1
58084,0.8118,High,Second Class,1
43313,0.8117,High,Second Class,1
56398,0.8117,High,Second Class,1
20533,0.8117,High,Second Class,1
1068,0.8117,High,Same Day,1
49705,0.8116,High,First Class,1
49705,0.8116,High,First Class,1
62799,0.8115,High,Second Class,1
62799,0.8115,High,Second Class,1
62799,0.8115,High,Second Class,1
11483,0.8114,High,Same Day,1
31236,0.8114,High,Same Day,1
11483,0.8114,High,Same Day,1
58573,0.8113,High,First Class,1
55879,0.8112,High,Same Day,0
51900,0.8112,High,Same Day,1
51900,0.8112,High,Same Day,1
51900,0.8112,High,Same Day,1
55879,0.8112,High,Same Day,0
1068,0.8112,High,Same Day,1
22518,0.8111,High,Second Class,1
58084,0.8108,High,Second Class,1
58084,0.8108,High,Second Class,1
6121,0.8108,High,Second Class,0
58084,0.8108,High,Second Class,1
6121,0.8107,High,Second Class,0
6121,0.8107,High,Second Class,0
6121,0.8107,High,Second Class,0
31236,0.8106,High,Same Day,1
1135,0.8104,High,Second Class,1
21898,0.8104,High,Same Day,1
46276,0.8103,High,Second Class,0
63197,0.8103,High,Second Class,1
63197,0.8103,High,Second Class,1
46276,0.8103,High,Second Class,0
46276,0.8103,High,Second Class,0
44945,0.8103,High,Second Class,1
63197,0.8103,High,Second Class,1
63197,0.8103,High,Second Class,1
63197,0.8103,High,Second Class,1
2814,0.8102,High,Second Class,1
12081,0.8101,High,Second Class,0
12081,0.8101,High,Second Class,0
21898,0.8099,High,Same Day,1
43313,0.8096,High,Second Class,1
21897,0.8095,High,Same Day,1
21897,0.8093,High,Same Day,1
21897,0.8093,High,Same Day,1
17940,0.8091,High,Second Class,1
17940,0.8091,High,Second Class,1
17940,0.8091,High,Second Class,1
17940,0.8091,High,Second Class,1
16905,0.809,High,Second Class,1
28108,0.809,High,Second Class,1
49468,0.8089,High,Second Class,1
49468,0.8089,High,Second Class,1
49468,0.8089,High,Second Class,1
49468,0.8089,High,Second Class,1
3618,0.8089,High,Same Day,1
43313,0.8087,High,Second Class,1
43313,0.8087,High,Second Class,1
21897,0.8086,High,Same Day,1
16250,0.8085,High,Second Class,1
16250,0.8085,High,Second Class,1
16250,0.8085,High,Second Class,1
16250,0.8085,High,Second Class,1
28108,0.8085,High,Second Class,1
43001,0.8084,High,Same Day,1
41559,0.8084,High,Second Class,1
31086,0.8084,High,Same Day,1
31085,0.8083,High,Same Day,1
33782,0.8083,High,Second Class,1
31085,0.8083,High,Same Day,1
43003,0.8082,High,Same Day,1
28108,0.8081,High,Second Class,1
56572,0.8081,High,Second Class,1
50144,0.808,High,Second Class,1
50144,0.808,High,Second Class,1
47306,0.808,High,Same Day,0
50144,0.808,High,Second Class,1
43003,0.8079,High,Same Day,1
56572,0.8078,High,Second Class,1
43001,0.8078,High,Same Day,1
47306,0.8078,High,Same Day,0
43003,0.8078,High,Same Day,1
1780,0.8077,High,First Class,1
34537,0.8076,High,Second Class,1
34537,0.8076,High,Second Class,1
21013,0.8076,High,Same Day,1
16373,0.8076,High,Same Day,1
67158,0.8076,High,Second Class,1
34537,0.8076,High,Second Class,1
33782,0.8075,High,Second Class,1
31085,0.8075,High,Same Day,1
31086,0.8075,High,Same Day,1
67158,0.8075,High,Second Class,1
67158,0.8075,High,Second Class,1
31086,0.8075,High,Same Day,1
48350,0.8075,High,Same Day,1
9823,0.8074,High,Second Class,1
43983,0.8073,High,Second Class,1
22936,0.8073,High,Second Class,0
43983,0.8073,High,Second Class,1
22936,0.8073,High,Second Class,0
22936,0.8073,High,Second Class,0
22936,0.8073,High,Second Class,0
32761,0.8072,High,Second Class,0
48227,0.8072,High,Second Class,1
9419,0.8072,High,First Class,0
48227,0.8072,High,Second Class,1
16905,0.8071,High,Second Class,1
68982,0.8071,High,Same Day,1
41229,0.8071,High,Same Day,1
12030,0.8071,High,Same Day,0
74311,0.8071,High,Same Day,1
1780,0.807,High,First Class,1
20089,0.807,High,Second Class,1
32058,0.807,High,Second Class,1
43001,0.807,High,Same Day,1
385,0.807,High,Second Class,1
43003,0.807,High,Same Day,1
29095,0.807,High,Same Day,1
47306,0.807,High,Same Day,0
1780,0.807,High,First Class,1
73900,0.807,High,Same Day,1
43050,0.8069,High,Second Class,1
3212,0.8069,High,First Class,1
56572,0.8068,High,Second Class,1
50782,0.8068,High,Second Class,1
38363,0.8068,High,Same Day,1
12030,0.8068,High,Same Day,0
48227,0.8068,High,Second Class,1
56572,0.8068,High,Second Class,1
38363,0.8068,High,Same Day,1
48227,0.8068,High,Second Class,1
15725,0.8068,High,Same Day,1
19579,0.8067,High,Same Day,1
24920,0.8067,High,Same Day,1
16373,0.8066,High,Same Day,1
26912,0.8066,High,Same Day,1
30286,0.8066,High,Second Class,0
48350,0.8066,High,Same Day,1
12030,0.8066,High,Same Day,0
16373,0.8066,High,Same Day,1
15725,0.8066,High,Same Day,1
21013,0.8066,High,Same Day,1
37311,0.8066,High,Same Day,1
12864,0.8066,High,Same Day,1
38363,0.8066,High,Same Day,1
9419,0.8065,High,First Class,0
43050,0.8065,High,Second Class,1
61073,0.8065,High,Same Day,0
9419,0.8065,High,First Class,0
43050,0.8065,High,Second Class,1
9419,0.8065,High,First Class,0
9390,0.8065,High,First Class,0
24658,0.8065,High,Second Class,1
61073,0.8065,High,Same Day,0
24658,0.8065,High,Second Class,1
45012,0.8064,High,Second Class,1
45012,0.8064,High,Second Class,1
45012,0.8064,High,Second Class,1
22065,0.8063,High,Second Class,1
19579,0.8063,High,Same Day,1
4092,0.8063,High,Second Class,1
30523,0.8062,High,Second Class,1
42745,0.8061,High,Second Class,1
10091,0.8061,High,Second Class,0
11285,0.8061,High,Second Class,1
28385,0.8061,High,Second Class,1
28107,0.8061,High,Second Class,1
14904,0.8061,High,Second Class,1
9823,0.8061,High,Second Class,1
10091,0.8061,High,Second Class,0
19579,0.8058,High,Same Day,1
67035,0.8058,High,Same Day,1
48350,0.8058,High,Same Day,1
19579,0.8058,High,Same Day,1
16373,0.8058,High,Same Day,1
15725,0.8058,High,Same Day,1
26113,0.8058,High,Second Class,1
67035,0.8058,High,Same Day,1
38363,0.8058,High,Same Day,1
23637,0.8058,High,Second Class,1
26113,0.8058,High,Second Class,1
41229,0.8058,High,Same Day,1
21013,0.8058,High,Same Day,1
23637,0.8058,High,Second Class,1
71510,0.8058,High,Same Day,0
23637,0.8058,High,Second Class,1
26113,0.8058,High,Second Class,1
11570,0.8058,High,Second Class,1
26912,0.8058,High,Same Day,1
14914,0.8058,High,Second Class,1
21013,0.8058,High,Same Day,1
16373,0.8058,High,Same Day,1
26113,0.8058,High,Second Class,1
12030,0.8058,High,Same Day,0
48350,0.8058,High,Same Day,1
62379,0.8058,High,Same Day,1
21013,0.8058,High,Same Day,1
30286,0.8058,High,Second Class,0
30286,0.8058,High,Second Class,0
42745,0.8057,High,Second Class,1
61073,0.8057,High,Same Day,0
42745,0.8057,High,Second Class,1
39661,0.8057,High,Second Class,0
11285,0.8057,High,Second Class,1
42745,0.8057,High,Second Class,1
11285,0.8057,High,Second Class,1
10091,0.8057,High,Second Class,0
11285,0.8057,High,Second Class,1
63379,0.8056,High,Second Class,1
24658,0.8056,High,Second Class,1
63379,0.8056,High,Second Class,1
28107,0.8056,High,Second Class,1
16059,0.8056,High,Second Class,1
24658,0.8056,High,Second Class,1
3804,0.8055,High,Same Day,1
23574,0.8055,High,Second Class,1
3212,0.8055,High,First Class,1
25340,0.8054,High,Same Day,1
4092,0.8053,High,Second Class,1
4092,0.8053,High,Second Class,1
11569,0.8053,High,Second Class,1
11569,0.8053,High,Second Class,1
25340,0.8053,High,Same Day,1
4092,0.8053,High,Second Class,1
4092,0.8053,High,Second Class,1
58875,0.8052,High,Second Class,1
25340,0.8052,High,Same Day,1
33807,0.8052,High,Second Class,1
33807,0.8052,High,Second Class,1
25340,0.8052,High,Same Day,1
58875,0.8052,High,Second Class,1
33807,0.8052,High,Second Class,1
58875,0.8052,High,Second Class,1
33807,0.8052,High,Second Class,1
33807,0.8052,High,Second Class,1
23574,0.8051,High,Second Class,1
23574,0.8051,High,Second Class,1
7813,0.8051,High,Second Class,1
23574,0.805,High,Second Class,1
11569,0.805,High,Second Class,1
23574,0.805,High,Second Class,1
39360,0.805,High,Same Day,1
11570,0.805,High,Second Class,1
11569,0.805,High,Second Class,1
56161,0.805,High,Same Day,1
56161,0.8049,High,Same Day,1
11130,0.8049,High,Second Class,1
56161,0.8049,High,Same Day,1
4352,0.8049,High,Same Day,0
46214,0.8047,High,Second Class,1
46214,0.8047,High,Second Class,1
46214,0.8047,High,Second Class,1
36983,0.8047,High,Second Class,1
46214,0.8047,High,Second Class,1
69413,0.8047,High,Second Class,1
46214,0.8047,High,Second Class,1
41112,0.8046,High,Second Class,1
41112,0.8046,High,Second Class,1
41112,0.8046,High,Second Class,1
64481,0.8045,High,Second Class,0
63380,0.8045,High,Second Class,1
39661,0.8043,High,Second Class,0
39661,0.8043,High,Second Class,0
14552,0.8042,High,Second Class,1
12613,0.8042,High,Second Class,1
12613,0.8042,High,Second Class,1
7813,0.8042,High,Second Class,1
33898,0.8042,High,Second Class,1
7813,0.8042,High,Second Class,1
71564,0.8042,High,Second Class,1
12613,0.8042,High,Second Class,1
7813,0.8042,High,Second Class,1
12613,0.8042,High,Second Class,1
56161,0.8041,High,Same Day,1
56161,0.8041,High,Same Day,1
3804,0.8041,High,Same Day,1
3804,0.8041,High,Same Day,1
4352,0.8041,High,Same Day,0
32797,0.804,High,Second Class,1
35290,0.804,High,Second Class,1
52597,0.804,High,Second Class,1
15513,0.804,High,First Class,1
11570,0.8039,High,Second Class,1
33898,0.8038,High,Second Class,1
36983,0.8038,High,Second Class,1
36983,0.8038,High,Second Class,1
36983,0.8038,High,Second Class,1
33898,0.8038,High,Second Class,1
30523,0.8038,High,Second Class,1
15513,0.8035,High,First Class,1
15513,0.8035,High,First Class,1
61549,0.8035,High,Second Class,1
61549,0.8035,High,Second Class,1
50598,0.8034,High,Second Class,1
34437,0.8033,High,Second Class,1
58892,0.8033,High,Second Class,1
34437,0.8033,High,Second Class,1
34437,0.8033,High,Second Class,1
34437,0.8033,High,Second Class,1
41019,0.8033,High,Second Class,1
36101,0.8032,High,Same Day,1
12346,0.8032,High,Second Class,0
12346,0.8032,High,Second Class,0
36101,0.8032,High,Same Day,1
15957,0.8031,High,Same Day,0
52597,0.8031,High,Second Class,1
52597,0.8031,High,Second Class,1
19432,0.803,High,First Class,1
26478,0.803,High,Second Class,1
17940,0.8029,High,Second Class,1
36031,0.8028,High,Second Class,0
15513,0.8027,High,First Class,1
12346,0.8027,High,Second Class,0
12346,0.8027,High,Second Class,0
36304,0.8027,High,Second Class,1
12346,0.8027,High,Second Class,0
21122,0.8026,High,Second Class,1
5536,0.8026,High,Second Class,0
32252,0.8026,High,Second Class,1
15957,0.8026,High,Same Day,0
3687,0.8026,High,Same Day,0
19432,0.8026,High,First Class,1
21122,0.8026,High,Second Class,1
15957,0.8026,High,Same Day,0
58892,0.8024,High,Second Class,1
35820,0.8023,High,Second Class,1
14914,0.8023,High,Second Class,1
16219,0.8022,High,Second Class,1
16219,0.8022,High,Second Class,1
31415,0.8022,High,Second Class,1
16965,0.8022,High,Second Class,1
910,0.8021,High,Second Class,1
16219,0.8021,High,Second Class,1
910,0.8021,High,Second Class,1
37875,0.8021,High,Second Class,1
5536,0.8021,High,Second Class,0
25407,0.802,High,Second Class,1
19432,0.8018,High,First Class,1
11253,0.8018,High,Second Class,1
11253,0.8018,High,Second Class,1
11253,0.8018,High,Second Class,1
21122,0.8017,High,Second Class,1
42792,0.8017,High,Second Class,1
37875,0.8017,High,Second Class,1
5536,0.8017,High,Second Class,0
21122,0.8017,High,Second Class,1
5536,0.8017,High,Second Class,0
16219,0.8017,High,Second Class,1
5536,0.8017,High,Second Class,0
21471,0.8014,High,Second Class,0
7465,0.8014,High,First Class,1
51017,0.8013,High,Second Class,1
35820,0.8013,High,Second Class,1
35820,0.8013,High,Second Class,1
19681,0.8013,High,Second Class,0
19681,0.8013,High,Second Class,0
35820,0.8013,High,Second Class,1
30774,0.8013,High,Second Class,1
16965,0.8012,High,Second Class,1
16965,0.8012,High,Second Class,1
16965,0.8012,High,Second Class,1
37561,0.8012,High,Second Class,0
36207,0.8012,High,Second Class,1
39439,0.8012,High,Second Class,1
16965,0.8012,High,Second Class,1
34796,0.8012,High,Second Class,0
19625,0.8012,High,First Class,0
16219,0.8012,High,Second Class,1
37561,0.8012,High,Second Class,0
16562,0.8012,High,Second Class,1
34796,0.8012,High,Second Class,0
70436,0.8011,High,Second Class,0
25407,0.8011,High,Second Class,1
45365,0.8011,High,Second Class,1
22582,0.8011,High,Second Class,1
69352,0.8011,High,Second Class,1
72791,0.8011,High,Second Class,0
45365,0.8011,High,Second Class,1
47115,0.8011,High,Second Class,1
45365,0.8011,High,Second Class,1
25407,0.8011,High,Second Class,1
62793,0.801,High,Second Class,1
62793,0.801,High,Second Class,1
77009,0.8009,High,Second Class,1
3687,0.8009,High,Same Day,0
73305,0.8009,High,First Class,1
28108,0.8009,High,Second Class,1
30774,0.8009,High,Second Class,1
39923,0.8008,High,Second Class,1
31415,0.8008,High,Second Class,1
31415,0.8008,High,Second Class,1
39923,0.8008,High,Second Class,1
63413,0.8008,High,First Class,1
39439,0.8007,High,Second Class,1
50556,0.8007,High,Second Class,0
32379,0.8007,High,Second Class,1
7465,0.8007,High,First Class,1
50556,0.8007,High,Second Class,0
7465,0.8007,High,First Class,1
7465,0.8007,High,First Class,1
42792,0.8007,High,Second Class,1
50556,0.8007,High,Second Class,0
50556,0.8007,High,Second Class,0
62793,0.8006,High,Second Class,1
33562,0.8006,High,Second Class,1
33782,0.8006,High,Second Class,1
29563,0.8006,High,Second Class,1
62793,0.8006,High,Second Class,1
62793,0.8006,High,Second Class,1
51081,0.8005,High,Second Class,0
25327,0.8005,High,Second Class,1
35689,0.8004,High,Second Class,1
56807,0.8004,High,Second Class,1
39923,0.8004,High,Second Class,1
35689,0.8004,High,Second Class,1
39923,0.8004,High,Second Class,1
35689,0.8004,High,Second Class,1
56807,0.8004,High,Second Class,1
39923,0.8004,High,Second Class,1
56807,0.8004,High,Second Class,1
3212,0.8003,High,First Class,1
19625,0.8003,High,First Class,0
19625,0.8003,High,First Class,0
19625,0.8003,High,First Class,0
19625,0.8003,High,First Class,0
14018,0.8002,High,Second Class,1
14018,0.8002,High,Second Class,1
29563,0.8002,High,Second Class,1
29563,0.8002,High,Second Class,1
23964,0.8002,High,Second Class,1
14018,0.8002,High,Second Class,1
14018,0.8002,High,Second Class,1
31026,0.8001,High,Second Class,0
31026,0.8001,High,Second Class,0
3212,0.8001,High,First Class,1
33562,0.8001,High,Second Class,1
23811,0.8001,High,Second Class,0
32589,0.8001,High,Second Class,1
32589,0.8,High,Second Class,1
23347,0.8,High,Second Class,1
63413,0.7999,High,First Class,1
37060,0.7998,High,Second Class,1
32491,0.7998,High,Second Class,0
73863,0.7998,High,Second Class,1
32491,0.7998,High,Second Class,0
37060,0.7998,High,Second Class,1
37060,0.7998,High,Second Class,1
32491,0.7998,High,Second Class,0
33562,0.7997,High,Second Class,1
29563,0.7997,High,Second Class,1
29563,0.7997,High,Second Class,1
37180,0.7996,High,Second Class,1
69580,0.7996,High,Second Class,1
40465,0.7996,High,Second Class,1
37180,0.7996,High,Second Class,1
70794,0.7996,High,Second Class,1
4610,0.7996,High,First Class,0
52185,0.7996,High,Same Day,1
40465,0.7996,High,Second Class,1
25327,0.7996,High,Second Class,1
23347,0.7996,High,Second Class,1
52185,0.7996,High,Same Day,1
54981,0.7995,High,Second Class,0
47661,0.7994,High,Second Class,0
76688,0.7993,High,Second Class,1
66359,0.7993,High,Second Class,1
65079,0.7993,High,Second Class,1
21499,0.7992,High,Second Class,1
23964,0.7992,High,Second Class,1
23811,0.7992,High,Second Class,0
47115,0.7992,High,Second Class,1
36269,0.7992,High,Second Class,1
47115,0.7992,High,Second Class,1
47115,0.7992,High,Second Class,1
21499,0.7992,High,Second Class,1
21499,0.7992,High,Second Class,1
47115,0.7992,High,Second Class,1
36269,0.7992,High,Second Class,1
72583,0.7991,High,Second Class,1
32589,0.7991,High,Second Class,1
32379,0.7989,High,Second Class,1
32379,0.7989,High,Second Class,1
24595,0.7988,High,Second Class,1
52185,0.7988,High,Same Day,1
23331,0.7988,High,Second Class,0
4610,0.7988,High,First Class,0
24595,0.7988,High,Second Class,1
65008,0.7987,High,Second Class,1
73089,0.7987,High,Second Class,1
35877,0.7987,High,Second Class,1
33562,0.7987,High,Second Class,1
39532,0.7987,High,Second Class,1
35877,0.7987,High,Second Class,1
33562,0.7987,High,Second Class,1
37180,0.7987,High,Second Class,1
65008,0.7987,High,Second Class,1
54981,0.7986,High,Second Class,0
25327,0.7986,High,Second Class,1
29233,0.7986,High,Second Class,1
27784,0.7986,High,Second Class,1
29233,0.7986,High,Second Class,1
23347,0.7986,High,Second Class,1
21563,0.7986,High,Second Class,1
25327,0.7986,High,Second Class,1
76584,0.7986,High,Second Class,1
23347,0.7986,High,Second Class,1
49715,0.7986,High,Second Class,1
23347,0.7986,High,Second Class,1
16089,0.7985,High,Second Class,1
21365,0.7985,High,Second Class,1
17022,0.7985,High,Second Class,1
17022,0.7985,High,Second Class,1
43431,0.7984,High,Second Class,0
66359,0.7984,High,Second Class,1
66359,0.7984,High,Second Class,1
66359,0.7984,High,Second Class,1
39122,0.7983,High,Second Class,1
39122,0.7983,High,Second Class,1
24595,0.7983,High,Second Class,1
17049,0.7983,High,Second Class,1
32421,0.7982,High,Second Class,0
43906,0.7981,High,Second Class,0
73225,0.7981,High,Second Class,1
35622,0.7981,High,Second Class,1
18802,0.7981,High,Second Class,1
24013,0.7981,High,Second Class,1
27784,0.7981,High,Second Class,1
37540,0.7981,High,Second Class,1
43347,0.7981,High,Second Class,1
41023,0.7981,High,Second Class,1
35397,0.7981,High,Second Class,1
74250,0.7981,High,Second Class,1
10480,0.7981,High,Second Class,1
11212,0.7981,High,Second Class,1
42812,0.798,High,Second Class,1
21365,0.798,High,Second Class,1
17022,0.798,High,Second Class,1
21365,0.798,High,Second Class,1
76622,0.798,High,Second Class,1
22085,0.798,High,Second Class,1
39371,0.798,High,Second Class,0
38904,0.7979,High,Second Class,1
38904,0.7979,High,Second Class,1
23331,0.7979,High,Second Class,0
42891,0.7979,High,Second Class,0
38904,0.7979,High,Second Class,1
42891,0.7979,High,Second Class,0
42891,0.7979,High,Second Class,0
38904,0.7979,High,Second Class,1
16441,0.7978,High,Second Class,0
16441,0.7978,High,Second Class,0
16441,0.7978,High,Second Class,0
43963,0.7977,High,Second Class,1
32421,0.7977,High,Second Class,0
29082,0.7977,High,Second Class,1
32421,0.7977,High,Second Class,0
43012,0.7977,High,Second Class,1
32421,0.7977,High,Second Class,0
36783,0.7977,High,Second Class,1
15179,0.7977,High,Second Class,1
43012,0.7977,High,Second Class,1
14223,0.7977,High,Second Class,1
28153,0.7977,High,Second Class,1
13769,0.7977,High,Second Class,1
26236,0.7977,High,Second Class,0
72727,0.7977,High,Second Class,1
51159,0.7977,High,Second Class,1
15179,0.7976,High,Second Class,1
66513,0.7976,High,Second Class,1
36783,0.7976,High,Second Class,1
34390,0.7976,High,Second Class,1
28153,0.7976,High,Second Class,1
47792,0.7976,High,Second Class,1
28606,0.7976,High,Second Class,0
26279,0.7976,High,Second Class,1
75377,0.7976,High,Second Class,1
11895,0.7975,High,Second Class,1
31295,0.7975,High,Second Class,1
72872,0.7975,High,Second Class,1
43431,0.7975,High,Second Class,0
16555,0.7975,High,Second Class,1
25388,0.7975,High,Second Class,1
73364,0.7975,High,Second Class,1
33353,0.7975,High,Second Class,1
43431,0.7975,High,Second Class,0
37458,0.7975,High,Second Class,1
34310,0.7975,High,Second Class,1
28884,0.7975,High,Second Class,1
34310,0.7975,High,Second Class,1
34639,0.7975,High,Second Class,1
49651,0.7975,High,Second Class,0
62534,0.7975,High,Second Class,1
28884,0.7975,High,Second Class,1
49512,0.7975,High,Second Class,1
47661,0.7975,High,Second Class,0
47661,0.7975,High,Second Class,0
72871,0.7975,High,Second Class,0
33215,0.7975,High,Second Class,1
12367,0.7975,High,Second Class,1
37948,0.7975,High,Second Class,1
45947,0.7975,High,Second Class,1
14643,0.7975,High,Second Class,1
37600,0.7975,High,Second Class,1
30474,0.7975,High,Second Class,1
76310,0.7975,High,Second Class,1
28970,0.7975,High,Second Class,1
47858,0.7975,High,Second Class,1
73981,0.7975,High,Second Class,0
44712,0.7975,High,Second Class,1
17022,0.7975,High,Second Class,1
14643,0.7975,High,Second Class,1
63972,0.7975,High,Second Class,1
69042,0.7975,High,Second Class,1
13614,0.7975,High,Second Class,1
66312,0.7975,High,Second Class,1
66312,0.7975,High,Second Class,1
43431,0.7975,High,Second Class,0
22615,0.7974,High,Second Class,1
32601,0.7974,High,Second Class,0
65105,0.7973,High,Second Class,1
40974,0.7972,High,Second Class,1
26398,0.7972,High,Second Class,1
26398,0.7972,High,Second Class,1
36939,0.7972,High,Second Class,1
36939,0.7972,High,Second Class,1
36939,0.7972,High,Second Class,1
26398,0.7972,High,Second Class,1
40974,0.7972,High,Second Class,1
51769,0.7972,High,Second Class,1
26398,0.7972,High,Second Class,1
36939,0.7972,High,Second Class,1
36939,0.7972,High,Second Class,1
16228,0.7971,High,Second Class,1
68078,0.7971,High,Second Class,1
13769,0.7971,High,Second Class,1
68821,0.7971,High,Second Class,0
14842,0.7971,High,Second Class,1
44796,0.7971,High,Second Class,0
20468,0.7971,High,Second Class,1
15133,0.7971,High,Second Class,1
61966,0.7971,High,Second Class,0
61966,0.7971,High,Second Class,0
35882,0.7971,High,Second Class,1
22085,0.7971,High,Second Class,1
18949,0.7971,High,Second Class,1
45616,0.7971,High,Second Class,0
76515,0.7971,High,Second Class,1
25531,0.7971,High,Second Class,0
67172,0.7971,High,Second Class,1
41980,0.7971,High,Second Class,1
43012,0.7971,High,Second Class,1
41493,0.7971,High,Second Class,1
42241,0.7971,High,Second Class,0
66312,0.7971,High,Second Class,1
66424,0.7971,High,Second Class,1
30823,0.7971,High,Second Class,1
28973,0.7971,High,Second Class,1
28970,0.7971,High,Second Class,1
30947,0.7971,High,Second Class,1
49849,0.7971,High,Second Class,1
48837,0.7971,High,Second Class,1
43350,0.7971,High,Second Class,1
49651,0.7971,High,Second Class,0
50006,0.7971,High,Second Class,0
33353,0.7971,High,Second Class,1
34310,0.7971,High,Second Class,1
69652,0.7971,High,Second Class,1
33215,0.7971,High,Second Class,1
24722,0.7971,High,Second Class,1
50944,0.7971,High,Second Class,1
50944,0.7971,High,Second Class,1
49651,0.7971,High,Second Class,0
18950,0.7971,High,Second Class,1
15673,0.7971,High,Second Class,1
48837,0.7971,High,Second Class,1
14494,0.7971,High,Second Class,1
18802,0.7971,High,Second Class,1
62534,0.7971,High,Second Class,1
62534,0.7971,High,Second Class,1
31295,0.7971,High,Second Class,1
31295,0.7971,High,Second Class,1
68078,0.7971,High,Second Class,1
65670,0.7971,High,Second Class,1
33678,0.7971,High,Second Class,1
25793,0.7971,High,Second Class,1
73758,0.7971,High,Second Class,1
76519,0.7971,High,Second Class,1
33331,0.7971,High,Second Class,0
34860,0.7971,High,Second Class,1
11895,0.7971,High,Second Class,1
17810,0.7971,High,Second Class,1
21280,0.7971,High,Second Class,1
75277,0.7971,High,Second Class,1
23680,0.7971,High,Second Class,1
10336,0.7971,High,Second Class,0
25388,0.7971,High,Second Class,1
39426,0.7971,High,Second Class,0
33215,0.7971,High,Second Class,1
33353,0.7971,High,Second Class,1
33215,0.7971,High,Second Class,1
33215,0.7971,High,Second Class,1
73980,0.7971,High,Second Class,1
21167,0.7971,High,Second Class,1
21280,0.7971,High,Second Class,1
25531,0.7971,High,Second Class,0
26426,0.7971,High,Second Class,0
76518,0.7971,High,Second Class,1
67172,0.7971,High,Second Class,1
67172,0.7971,High,Second Class,1
76244,0.7971,High,Second Class,1
37948,0.7971,High,Second Class,1
76243,0.7971,High,Second Class,1
22723,0.7971,High,Second Class,1
62603,0.7971,High,Second Class,1
64292,0.7971,High,Second Class,1
28884,0.7971,High,Second Class,1
22583,0.7971,High,Second Class,1
22085,0.7971,High,Second Class,1
22085,0.7971,High,Second Class,1
44358,0.7971,High,Second Class,1
47858,0.7971,High,Second Class,1
26426,0.7971,High,Second Class,0
22085,0.7971,High,Second Class,1
15529,0.7971,High,Second Class,1
15529,0.7971,High,Second Class,1
43350,0.7971,High,Second Class,1
33342,0.7971,High,Second Class,1
66312,0.7971,High,Second Class,1
18802,0.7971,High,Second Class,1
64805,0.7971,High,Second Class,1
33331,0.7971,High,Second Class,0
18802,0.7971,High,Second Class,1
18802,0.7971,High,Second Class,1
34151,0.7971,High,Second Class,0
34151,0.7971,High,Second Class,0
47130,0.7971,High,Second Class,1
75328,0.7971,High,Second Class,1
18950,0.7971,High,Second Class,1
72470,0.7971,High,Second Class,1
62603,0.7971,High,Second Class,1
44796,0.7971,High,Second Class,0
17810,0.7971,High,Second Class,1
70544,0.7971,High,Second Class,1
13614,0.7971,High,Second Class,1
68977,0.7971,High,Second Class,1
64252,0.7971,High,Second Class,1
61966,0.7971,High,Second Class,0
37458,0.797,High,Second Class,1
40769,0.797,High,Second Class,1
73700,0.797,High,Second Class,1
37458,0.797,High,Second Class,1
40769,0.797,High,Second Class,1
37458,0.797,High,Second Class,1
76172,0.7969,High,First Class,1
34379,0.7969,High,Second Class,1
17049,0.7969,High,Second Class,1
17049,0.7969,High,Second Class,1
27280,0.7969,High,Second Class,1
34379,0.7969,High,Second Class,1
17049,0.7969,High,Second Class,1
17049,0.7969,High,Second Class,1
65105,0.7968,High,Second Class,1
69484,0.7968,High,Second Class,1
31497,0.7967,High,Second Class,1
34860,0.7967,High,Second Class,1
14223,0.7967,High,Second Class,1
70334,0.7967,High,Second Class,1
47792,0.7967,High,Second Class,1
13769,0.7967,High,Second Class,1
49715,0.7967,High,Second Class,1
64571,0.7967,High,Second Class,0
64571,0.7967,High,Second Class,0
15179,0.7967,High,Second Class,1
28153,0.7967,High,Second Class,1
64571,0.7967,High,Second Class,0
64571,0.7967,High,Second Class,0
43012,0.7967,High,Second Class,1
39659,0.7967,High,Second Class,1
46363,0.7967,High,Second Class,1
47792,0.7967,High,Second Class,1
46363,0.7967,High,Second Class,1
43012,0.7967,High,Second Class,1
47792,0.7967,High,Second Class,1
15673,0.7967,High,Second Class,1
36783,0.7967,High,Second Class,1
26236,0.7967,High,Second Class,0
31497,0.7967,High,Second Class,1
36783,0.7967,High,Second Class,1
66513,0.7967,High,Second Class,1
46363,0.7967,High,Second Class,1
26236,0.7967,High,Second Class,0
34390,0.7967,High,Second Class,1
47792,0.7967,High,Second Class,1
46363,0.7967,High,Second Class,1
12322,0.7967,High,Second Class,1
26695,0.7967,High,Second Class,1
33397,0.7967,High,Second Class,1
34390,0.7967,High,Second Class,1
43963,0.7967,High,Second Class,1
66513,0.7967,High,Second Class,1
31497,0.7967,High,Second Class,1
31497,0.7967,High,Second Class,1
34860,0.7967,High,Second Class,1
34390,0.7967,High,Second Class,1
34860,0.7967,High,Second Class,1
66513,0.7967,High,Second Class,1
26695,0.7967,High,Second Class,1
64571,0.7967,High,Second Class,0
13769,0.7967,High,Second Class,1
46363,0.7967,High,Second Class,1
49715,0.7967,High,Second Class,1
33397,0.7967,High,Second Class,1
43963,0.7967,High,Second Class,1
13769,0.7967,High,Second Class,1
26236,0.7967,High,Second Class,0
49715,0.7967,High,Second Class,1
33397,0.7967,High,Second Class,1
43963,0.7967,High,Second Class,1
77035,0.7967,High,Second Class,1
15673,0.7967,High,Second Class,1
33397,0.7967,High,Second Class,1
34390,0.7967,High,Second Class,1
14223,0.7967,High,Second Class,1
66987,0.7967,High,Second Class,1
14223,0.7967,High,Second Class,1
73213,0.7967,High,Second Class,1
29082,0.7967,High,Second Class,1
34860,0.7967,High,Second Class,1
75598,0.7967,High,Second Class,1
20468,0.7967,High,Second Class,1
23328,0.7967,High,Second Class,1
31497,0.7967,High,Second Class,1
75139,0.7967,High,Second Class,1
74778,0.7967,High,Second Class,1
15673,0.7967,High,Second Class,1
66575,0.7966,High,Second Class,1
18950,0.7966,High,Second Class,1
29633,0.7966,High,Second Class,1
14447,0.7966,High,Second Class,1
26279,0.7966,High,Second Class,1
63972,0.7966,High,Second Class,1
64252,0.7966,High,Second Class,1
25793,0.7966,High,Second Class,1
62603,0.7966,High,Second Class,1
15062,0.7966,High,Second Class,1
41240,0.7966,High,Second Class,1
44095,0.7966,High,Second Class,1
47130,0.7966,High,Second Class,1
49498,0.7966,High,Second Class,1
49512,0.7966,High,Second Class,1
33018,0.7966,High,Second Class,1
10959,0.7966,High,Second Class,1
14016,0.7966,High,Second Class,0
38286,0.7966,High,Second Class,0
66569,0.7966,High,Second Class,1
17999,0.7966,High,Second Class,1
40552,0.7966,High,Second Class,1
51225,0.7966,High,Second Class,1
28970,0.7966,High,Second Class,1
17810,0.7966,High,Second Class,1
47130,0.7966,High,Second Class,1
50006,0.7966,High,Second Class,0
21283,0.7966,High,Second Class,1
29020,0.7966,High,Second Class,1
63951,0.7966,High,Second Class,0
68072,0.7966,High,Second Class,1
63691,0.7966,High,Second Class,0
28841,0.7966,High,Second Class,0
68072,0.7966,High,Second Class,1
68821,0.7966,High,Second Class,0
35622,0.7966,High,Second Class,1
24013,0.7966,High,Second Class,1
33018,0.7966,High,Second Class,1
61878,0.7966,High,Second Class,1
75890,0.7966,High,Second Class,1
64252,0.7966,High,Second Class,1
14785,0.7966,High,Second Class,1
16950,0.7965,High,Second Class,1
55729,0.7965,High,Second Class,1
28753,0.7965,High,Second Class,1
58875,0.7965,High,Second Class,1
21315,0.7965,High,Second Class,1
73487,0.7965,High,Second Class,1
32780,0.7965,High,Second Class,1
22615,0.7964,High,Second Class,1
36219,0.7964,High,Second Class,1
32601,0.7964,High,Second Class,0
32601,0.7964,High,Second Class,0
22615,0.7964,High,Second Class,1
7813,0.7964,High,Second Class,1
22615,0.7964,High,Second Class,1
32601,0.7964,High,Second Class,0
48227,0.7964,High,Second Class,1
54283,0.7964,High,First Class,0
34951,0.7964,High,Second Class,0
32601,0.7964,High,Second Class,0
57985,0.7963,High,Second Class,1
3875,0.7963,High,Second Class,1
51769,0.7962,High,Second Class,1
51769,0.7962,High,Second Class,1
51769,0.7962,High,Second Class,1
51769,0.7962,High,Second Class,1
44712,0.7961,High,Second Class,1
69653,0.7961,High,Second Class,1
28973,0.7961,High,Second Class,1
70534,0.7961,High,Second Class,1
28973,0.7961,High,Second Class,1
49498,0.7961,High,Second Class,1
26616,0.7961,High,Second Class,0
50124,0.7961,High,Second Class,1
66424,0.7961,High,Second Class,1
51230,0.7961,High,Second Class,1
63951,0.7961,High,Second Class,0
18949,0.7961,High,Second Class,1
40359,0.7961,High,Second Class,1
35397,0.7961,High,Second Class,1
30947,0.7961,High,Second Class,1
70204,0.7961,High,Second Class,1
68072,0.7961,High,Second Class,1
73765,0.7961,High,Second Class,1
75000,0.7961,High,Second Class,1
69994,0.7961,High,Second Class,1
10480,0.7961,High,Second Class,1
14643,0.7961,High,Second Class,1
16831,0.7961,High,Second Class,0
15313,0.7961,High,Second Class,1
41493,0.7961,High,Second Class,1
46562,0.7961,High,Second Class,1
22723,0.7961,High,Second Class,1
25531,0.7961,High,Second Class,0
33331,0.7961,High,Second Class,0
46977,0.7961,High,Second Class,1
40552,0.7961,High,Second Class,1
65137,0.7961,High,Second Class,1
65137,0.7961,High,Second Class,1
66424,0.7961,High,Second Class,1
66424,0.7961,High,Second Class,1
19085,0.7961,High,Second Class,1
15313,0.7961,High,Second Class,1
64805,0.7961,High,Second Class,1
44358,0.7961,High,Second Class,1
31286,0.7961,High,Second Class,0
66569,0.7961,High,Second Class,1
44095,0.7961,High,Second Class,1
17999,0.7961,High,Second Class,1
70279,0.7961,High,Second Class,1
17810,0.7961,High,Second Class,1
33342,0.7961,High,Second Class,1
10480,0.7961,High,Second Class,1
11212,0.7961,High,Second Class,1
21283,0.7961,High,Second Class,1
14785,0.7961,High,Second Class,1
41980,0.7961,High,Second Class,1
66351,0.7961,High,Second Class,0
11209,0.7961,High,Second Class,1
33331,0.7961,High,Second Class,0
20534,0.7961,High,Second Class,1
20534,0.7961,High,Second Class,1
30947,0.7961,High,Second Class,1
38964,0.7961,High,Second Class,1
34151,0.7961,High,Second Class,0
43347,0.7961,High,Second Class,1
67749,0.7961,High,Second Class,1
15269,0.7961,High,Second Class,1
69527,0.7961,High,Second Class,1
11209,0.7961,High,Second Class,1
26616,0.7961,High,Second Class,0
68295,0.7961,High,Second Class,1
12535,0.7961,High,Second Class,1
33342,0.7961,High,Second Class,1
33331,0.7961,High,Second Class,0
41980,0.7961,High,Second Class,1
40359,0.7961,High,Second Class,1
34310,0.7961,High,Second Class,1
37863,0.7961,High,Second Class,1
31558,0.7961,High,Second Class,1
37540,0.7961,High,Second Class,1
40768,0.7961,High,Second Class,1
48897,0.7961,High,Second Class,1
38964,0.7961,High,Second Class,1
35882,0.7961,High,Second Class,1
35667,0.7961,High,Second Class,1
36215,0.7961,High,Second Class,1
33018,0.7961,High,Second Class,1
21283,0.7961,High,Second Class,1
32780,0.7961,High,Second Class,1
40359,0.7961,High,Second Class,1
38964,0.7961,High,Second Class,1
37948,0.7961,High,Second Class,1
11212,0.7961,High,Second Class,1
14494,0.7961,High,Second Class,1
14785,0.7961,High,Second Class,1
42241,0.7961,High,Second Class,0
45947,0.7961,High,Second Class,1
21167,0.7961,High,Second Class,1
51012,0.7961,High,Second Class,1
11209,0.7961,High,Second Class,1
64292,0.7961,High,Second Class,1
32761,0.7961,High,Second Class,0
36215,0.7961,High,Second Class,1
43350,0.7961,High,Second Class,1
11212,0.7961,High,Second Class,1
25388,0.7961,High,Second Class,1
25388,0.7961,High,Second Class,1
51032,0.7961,High,Second Class,1
14016,0.7961,High,Second Class,0
46018,0.7961,High,Second Class,1
30823,0.7961,High,Second Class,1
31295,0.7961,High,Second Class,1
33678,0.7961,High,Second Class,1
32603,0.7961,High,Second Class,1
48837,0.7961,High,Second Class,1
47054,0.7961,High,Second Class,1
44358,0.7961,High,Second Class,1
49362,0.7961,High,Second Class,1
48897,0.7961,High,Second Class,1
24369,0.7961,High,Second Class,1
50944,0.7961,High,Second Class,1
49849,0.7961,High,Second Class,1
32761,0.7961,High,Second Class,0
48837,0.7961,High,Second Class,1
21167,0.7961,High,Second Class,1
46562,0.7961,High,Second Class,1
45796,0.7961,High,Second Class,0
45616,0.7961,High,Second Class,0
49512,0.7961,High,Second Class,1
49512,0.7961,High,Second Class,1
48897,0.7961,High,Second Class,1
51012,0.7961,High,Second Class,1
66351,0.7961,High,Second Class,0
24013,0.7961,High,Second Class,1
16555,0.7961,High,Second Class,1
40768,0.7961,High,Second Class,1
24445,0.7961,High,Second Class,1
40769,0.7961,High,Second Class,1
25948,0.7961,High,Second Class,1
37600,0.7961,High,Second Class,1
38964,0.7961,High,Second Class,1
25948,0.7961,High,Second Class,1
30947,0.7961,High,Second Class,1
30823,0.7961,High,Second Class,1
42854,0.7961,High,Second Class,1
29014,0.7961,High,Second Class,1
22527,0.7961,High,Second Class,1
16555,0.7961,High,Second Class,1
21167,0.7961,High,Second Class,1
21167,0.7961,High,Second Class,1
66351,0.7961,High,Second Class,0
33342,0.7961,High,Second Class,1
72034,0.7961,High,Second Class,1
25948,0.7961,High,Second Class,1
34639,0.7961,High,Second Class,1
12855,0.7961,High,Second Class,1
38286,0.7961,High,Second Class,0
47950,0.7961,High,Second Class,1
38286,0.7961,High,Second Class,0
66569,0.7961,High,Second Class,1
14785,0.7961,High,Second Class,1
10091,0.7961,High,Second Class,0
50124,0.7961,High,Second Class,1
49849,0.7961,High,Second Class,1
11212,0.7961,High,Second Class,1
21280,0.7961,High,Second Class,1
25948,0.7961,High,Second Class,1
21280,0.7961,High,Second Class,1
44095,0.7961,High,Second Class,1
41023,0.7961,High,Second Class,1
51012,0.7961,High,Second Class,1
73015,0.7961,High,Second Class,1
51032,0.7961,High,Second Class,1
67172,0.7961,High,Second Class,1
25471,0.7961,High,Second Class,0
61966,0.7961,High,Second Class,0
24445,0.7961,High,Second Class,1
31286,0.7961,High,Second Class,0
10091,0.7961,High,Second Class,0
25948,0.7961,High,Second Class,1
25531,0.7961,High,Second Class,0
24909,0.7961,High,Second Class,1
44095,0.7961,High,Second Class,1
12535,0.7961,High,Second Class,1
50006,0.7961,High,Second Class,0
45616,0.7961,High,Second Class,0
66424,0.7961,High,Second Class,1
43906,0.7961,High,Second Class,0
32780,0.7961,High,Second Class,1
29014,0.7961,High,Second Class,1
12535,0.7961,High,Second Class,1
68072,0.7961,High,Second Class,1
64292,0.7961,High,Second Class,1
63957,0.7961,High,Second Class,1
42239,0.7961,High,Second Class,1
41980,0.7961,High,Second Class,1
31286,0.7961,High,Second Class,0
30474,0.7961,High,Second Class,1
43350,0.7961,High,Second Class,1
43906,0.7961,High,Second Class,0
43906,0.7961,High,Second Class,0
43906,0.7961,High,Second Class,0
23763,0.7961,High,Second Class,1
24990,0.7961,High,Second Class,1
40552,0.7961,High,Second Class,1
14622,0.7961,High,First Class,1
14622,0.7961,High,First Class,1
64805,0.7961,High,Second Class,1
51225,0.7961,High,Second Class,1
23680,0.7961,High,Second Class,1
24722,0.7961,High,Second Class,1
23004,0.7961,High,Second Class,1
30947,0.7961,High,Second Class,1
47950,0.7961,High,Second Class,1
26616,0.7961,High,Second Class,0
35882,0.7961,High,Second Class,1
66351,0.7961,High,Second Class,0
13614,0.7961,High,Second Class,1
15269,0.7961,High,Second Class,1
62603,0.7961,High,Second Class,1
49512,0.7961,High,Second Class,1
64292,0.7961,High,Second Class,1
15269,0.7961,High,Second Class,1
31286,0.7961,High,Second Class,0
15269,0.7961,High,Second Class,1
24722,0.7961,High,Second Class,1
26616,0.7961,High,Second Class,0
62534,0.7961,High,Second Class,1
45947,0.7961,High,Second Class,1
22583,0.7961,High,Second Class,1
27803,0.7961,High,Second Class,1
41783,0.7961,High,Second Class,1
66569,0.7961,High,Second Class,1
16831,0.7961,High,Second Class,0
24013,0.7961,High,Second Class,1
24445,0.7961,High,Second Class,1
28469,0.7961,High,Second Class,1
18949,0.7961,High,Second Class,1
63951,0.7961,High,Second Class,0
70627,0.7961,High,Second Class,1
18949,0.7961,High,Second Class,1
68078,0.7961,High,Second Class,1
49849,0.7961,High,Second Class,1
65955,0.7961,High,Second Class,1
65137,0.7961,High,Second Class,1
44095,0.7961,High,Second Class,1
24159,0.7961,High,Second Class,1
45796,0.7961,High,Second Class,0
72045,0.7961,High,Second Class,1
45796,0.7961,High,Second Class,0
47856,0.7961,High,Second Class,0
63957,0.7961,High,Second Class,1
43347,0.7961,High,Second Class,1
65137,0.7961,High,Second Class,1
65955,0.7961,High,Second Class,1
48837,0.7961,High,Second Class,1
64805,0.7961,High,Second Class,1
64637,0.7961,High,Second Class,1
37948,0.7961,High,Second Class,1
26375,0.7961,High,Second Class,1
18492,0.7961,High,Second Class,1
15313,0.7961,High,Second Class,1
28970,0.7961,High,Second Class,1
18492,0.7961,High,Second Class,1
68821,0.7961,High,Second Class,0
49849,0.7961,High,Second Class,1
74843,0.7961,High,Second Class,1
29929,0.7961,High,Second Class,1
63691,0.7961,High,Second Class,0
62534,0.7961,High,Second Class,1
16555,0.7961,High,Second Class,1
40552,0.7961,High,Second Class,1
41493,0.7961,High,Second Class,1
42241,0.7961,High,Second Class,0
45947,0.7961,High,Second Class,1
37540,0.7961,High,Second Class,1
34639,0.7961,High,Second Class,1
34151,0.7961,High,Second Class,0
21283,0.7961,High,Second Class,1
28884,0.7961,High,Second Class,1
26616,0.7961,High,Second Class,0
29929,0.7961,High,Second Class,1
36215,0.7961,High,Second Class,1
36215,0.7961,High,Second Class,1
25471,0.7961,High,Second Class,0
14643,0.7961,High,Second Class,1
15062,0.7961,High,Second Class,1
46562,0.7961,High,Second Class,1
22723,0.7961,High,Second Class,1
37863,0.7961,High,Second Class,1
13959,0.7961,High,Second Class,1
63951,0.7961,High,Second Class,0
16280,0.7961,High,Second Class,1
66312,0.7961,High,Second Class,1
20534,0.7961,High,Second Class,1
45950,0.7961,High,Second Class,1
64252,0.7961,High,Second Class,1
34151,0.7961,High,Second Class,0
25531,0.7961,High,Second Class,0
29020,0.7961,High,Second Class,1
45616,0.7961,High,Second Class,0
40768,0.7961,High,Second Class,1
45616,0.7961,High,Second Class,0
49651,0.7961,High,Second Class,0
63691,0.7961,High,Second Class,0
15062,0.7961,High,Second Class,1
49651,0.7961,High,Second Class,0
64256,0.7961,High,Second Class,0
18950,0.7961,High,Second Class,1
18492,0.7961,High,Second Class,1
17999,0.7961,High,Second Class,1
62603,0.7961,High,Second Class,1
29633,0.7961,High,Second Class,1
23633,0.7961,High,Second Class,1
41240,0.7961,High,Second Class,1
35622,0.7961,High,Second Class,1
14643,0.7961,High,Second Class,1
47858,0.7961,High,Second Class,1
43347,0.7961,High,Second Class,1
68821,0.7961,High,Second Class,0
50462,0.7961,High,Second Class,1
50462,0.7961,High,Second Class,1
42239,0.7961,High,Second Class,1
15269,0.7961,High,Second Class,1
41240,0.7961,High,Second Class,1
43350,0.7961,High,Second Class,1
12530,0.7961,High,Second Class,1
37863,0.7961,High,Second Class,1
29929,0.7961,High,Second Class,1
29929,0.7961,High,Second Class,1
68072,0.7961,High,Second Class,1
16228,0.7961,High,Second Class,1
14785,0.7961,High,Second Class,1
68295,0.7961,High,Second Class,1
22723,0.7961,High,Second Class,1
51012,0.7961,High,Second Class,1
48897,0.7961,High,Second Class,1
18950,0.7961,High,Second Class,1
28973,0.7961,High,Second Class,1
28973,0.7961,High,Second Class,1
46977,0.7961,High,Second Class,1
45796,0.7961,High,Second Class,0
51012,0.7961,High,Second Class,1
15529,0.7961,High,Second Class,1
26375,0.7961,High,Second Class,1
68078,0.7961,High,Second Class,1
41493,0.7961,High,Second Class,1
22721,0.7961,High,Second Class,0
35622,0.7961,High,Second Class,1
35622,0.7961,High,Second Class,1
22583,0.7961,High,Second Class,1
46562,0.7961,High,Second Class,1
27803,0.7961,High,Second Class,1
24722,0.7961,High,Second Class,1
40359,0.7961,High,Second Class,1
40768,0.7961,High,Second Class,1
40768,0.7961,High,Second Class,1
39426,0.7961,High,Second Class,0
39426,0.7961,High,Second Class,0
22723,0.7961,High,Second Class,1
35882,0.7961,High,Second Class,1
35882,0.7961,High,Second Class,1
49498,0.7961,High,Second Class,1
24159,0.7961,High,Second Class,1
72321,0.7961,High,Second Class,0
26426,0.7961,High,Second Class,0
23763,0.7961,High,Second Class,1
18005,0.7961,High,Second Class,1
17810,0.7961,High,Second Class,1
64637,0.7961,High,Second Class,1
44796,0.7961,High,Second Class,0
64252,0.7961,High,Second Class,1
44796,0.7961,High,Second Class,0
48897,0.7961,High,Second Class,1
66575,0.7961,High,Second Class,1
39426,0.7961,High,Second Class,0
49498,0.7961,High,Second Class,1
21283,0.7961,High,Second Class,1
10480,0.7961,High,Second Class,1
24369,0.7961,High,Second Class,1
72175,0.7961,High,Second Class,1
23004,0.7961,High,Second Class,1
74369,0.7961,High,Second Class,1
37600,0.7961,High,Second Class,1
29014,0.7961,High,Second Class,1
29014,0.7961,High,Second Class,1
10959,0.7961,High,Second Class,1
64256,0.7961,High,Second Class,0
14016,0.7961,High,Second Class,0
10959,0.7961,High,Second Class,1
75491,0.7961,High,Second Class,0
77125,0.7961,High,Second Class,1
11895,0.7961,High,Second Class,1
10959,0.7961,High,Second Class,1
38724,0.796,High,Second Class,1
27280,0.796,High,Second Class,1
38724,0.796,High,Second Class,1
43098,0.796,High,First Class,1
32780,0.796,High,Second Class,1
34951,0.796,High,Second Class,0
54283,0.796,High,First Class,0
56398,0.796,High,Second Class,1
34951,0.796,High,Second Class,0
34951,0.796,High,Second Class,0
34951,0.796,High,Second Class,0
38724,0.796,High,Second Class,1
27280,0.7959,High,Second Class,1
10251,0.7959,High,Second Class,0
27280,0.7959,High,Second Class,1
27280,0.7959,High,Second Class,1
52130,0.7958,High,Second Class,1
52130,0.7958,High,Second Class,1
14622,0.7958,High,First Class,1
52130,0.7958,High,Second Class,1
52366,0.7957,High,Second Class,0
52366,0.7957,High,Second Class,0
7749,0.7957,High,Second Class,1
31789,0.7957,High,Second Class,1
52366,0.7957,High,Second Class,0
20909,0.7956,High,Second Class,1
20909,0.7956,High,Second Class,1
40427,0.7956,High,Second Class,1
28753,0.7956,High,Second Class,1
74186,0.7955,High,Second Class,0
25248,0.7955,High,Second Class,1
28292,0.7955,High,Second Class,1
68471,0.7955,High,Second Class,0
29662,0.7955,High,Second Class,1
61771,0.7955,High,Second Class,0
41490,0.7955,High,Second Class,1
35125,0.7955,High,Second Class,1
35523,0.7955,High,Second Class,1
61571,0.7954,High,Second Class,0
10251,0.7954,High,Second Class,0
57985,0.7954,High,Second Class,1
28388,0.7954,High,Second Class,1
61571,0.7954,High,Second Class,0
61571,0.7954,High,Second Class,0
10251,0.7954,High,Second Class,0
10251,0.7954,High,Second Class,0
43055,0.7953,High,Second Class,1
54283,0.7952,High,First Class,0
4148,0.7952,High,Same Day,1
27182,0.7951,High,Second Class,1
23119,0.7951,High,Second Class,1
23119,0.7951,High,Second Class,1
25248,0.7951,High,Second Class,1
23119,0.7951,High,Second Class,1
46840,0.7951,High,Second Class,1
30068,0.7951,High,Second Class,1
23119,0.7951,High,Second Class,1
67462,0.7951,High,Second Class,1
9967,0.7951,High,Second Class,1
43014,0.7951,High,Second Class,1
43014,0.7951,High,Second Class,1
23119,0.7951,High,Second Class,1
20472,0.7951,High,Second Class,1
16556,0.7951,High,Second Class,0
58875,0.7951,High,Second Class,1
73337,0.795,High,Second Class,1
29377,0.795,High,Second Class,1
73295,0.795,High,Second Class,1
43884,0.795,High,Second Class,1
16301,0.795,High,Second Class,0
68827,0.795,High,Second Class,1
73292,0.795,High,Second Class,1
21961,0.795,High,Second Class,0
55162,0.795,High,Second Class,1
21961,0.795,High,Second Class,0
16301,0.795,High,Second Class,0
35661,0.795,High,Second Class,0
30133,0.795,High,Second Class,1
73617,0.795,High,Second Class,1
46298,0.7949,High,Second Class,1
10168,0.7949,High,Second Class,1
26289,0.7949,High,Second Class,1
46298,0.7949,High,Second Class,1
46298,0.7949,High,Second Class,1
60270,0.7949,High,Second Class,1
76409,0.7949,High,Second Class,1
46298,0.7949,High,Second Class,1
42086,0.7948,High,Second Class,0
36420,0.7948,High,Second Class,1
50931,0.7948,High,Second Class,0
67170,0.7948,High,Second Class,1
15957,0.7948,High,Same Day,0
10520,0.7946,High,Second Class,1
7468,0.7946,High,Second Class,1
62405,0.7946,High,Second Class,1
71562,0.7946,High,Same Day,0
66220,0.7946,High,Second Class,1
28337,0.7946,High,Second Class,1
47594,0.7946,High,Second Class,1
17248,0.7946,High,Second Class,1
63439,0.7946,High,Second Class,1
22047,0.7946,High,Second Class,1
63754,0.7946,High,Second Class,1
16410,0.7946,High,Second Class,1
63439,0.7946,High,Second Class,1
29523,0.7946,High,Second Class,1
40812,0.7946,High,Second Class,1
73078,0.7946,High,Second Class,1
40812,0.7946,High,Second Class,1
76913,0.7946,High,Second Class,1
63439,0.7946,High,Second Class,1
12526,0.7946,High,Second Class,0
46770,0.7946,High,Second Class,1
21507,0.7946,High,Second Class,1
66220,0.7946,High,Second Class,1
29375,0.7946,High,Second Class,1
22595,0.7946,High,Second Class,1
68337,0.7946,High,Second Class,1
42807,0.7946,High,Second Class,1
23074,0.7946,High,Second Class,1
29510,0.7946,High,Second Class,1
43014,0.7946,High,Second Class,1
65736,0.7946,High,Second Class,0
70543,0.7946,High,Second Class,1
42582,0.7946,High,Second Class,1
15180,0.7946,High,Second Class,1
67542,0.7946,High,Second Class,1
7468,0.7946,High,Second Class,1
48277,0.7946,High,Second Class,1
22595,0.7946,High,Second Class,1
49977,0.7946,High,Second Class,1
62405,0.7946,High,Second Class,1
63439,0.7946,High,Second Class,1
68827,0.7946,High,Second Class,1
43884,0.7946,High,Second Class,1
22316,0.7946,High,Second Class,0
20398,0.7946,High,Second Class,1
25248,0.7946,High,Second Class,1
63439,0.7946,High,Second Class,1
50809,0.7946,High,Second Class,1
48277,0.7946,High,Second Class,1
49977,0.7946,High,Second Class,1
49646,0.7946,High,Second Class,0
16556,0.7946,High,Second Class,0
43014,0.7946,High,Second Class,1
29377,0.7946,High,Second Class,1
46770,0.7946,High,Second Class,1
33220,0.7946,High,Second Class,1
21507,0.7946,High,Second Class,1
68975,0.7945,High,Second Class,1
35125,0.7945,High,Second Class,1
35125,0.7945,High,Second Class,1
55645,0.7945,High,Second Class,1
76698,0.7945,High,Second Class,1
66438,0.7945,High,Second Class,1
66922,0.7945,High,Second Class,1
40455,0.7945,High,Second Class,1
29377,0.7945,High,Second Class,1
46071,0.7945,High,Second Class,0
40072,0.7945,High,Second Class,1
23221,0.7945,High,Second Class,0
74028,0.7945,High,Second Class,1
23067,0.7945,High,Second Class,1
76767,0.7945,High,Second Class,1
35523,0.7945,High,Second Class,1
22097,0.7945,High,Second Class,1
21507,0.7945,High,Second Class,1
24906,0.7945,High,Second Class,0
36692,0.7945,High,Second Class,1
23081,0.7945,High,Second Class,0
40470,0.7945,High,Second Class,1
14789,0.7945,High,Second Class,1
55645,0.7945,High,Second Class,1
35125,0.7945,High,Second Class,1
25947,0.7945,High,Second Class,1
29662,0.7945,High,Second Class,1
22595,0.7945,High,Second Class,1
46639,0.7945,High,Second Class,1
12034,0.7945,High,Second Class,1
12034,0.7945,High,Second Class,1
37666,0.7945,High,Second Class,0
16301,0.7945,High,Second Class,0
61771,0.7945,High,Second Class,0
62050,0.7945,High,Second Class,1
66438,0.7945,High,Second Class,1
1135,0.7944,High,Second Class,1
60270,0.7944,High,Second Class,1
60270,0.7944,High,Second Class,1
28388,0.7944,High,Second Class,1
68728,0.7944,High,Second Class,1
68728,0.7944,High,Second Class,1
72794,0.7943,High,Second Class,1
4148,0.7943,High,Same Day,1
32861,0.7943,High,Second Class,0
38187,0.7942,High,Second Class,1
20472,0.7941,High,Second Class,1
15183,0.7941,High,Second Class,1
31296,0.7941,High,Second Class,0
25684,0.7941,High,Second Class,1
46240,0.7941,High,Second Class,1
43884,0.7941,High,Second Class,1
68337,0.7941,High,Second Class,1
67747,0.7941,High,Second Class,1
45624,0.7941,High,Second Class,1
15183,0.7941,High,Second Class,1
15180,0.7941,High,Second Class,1
23683,0.7941,High,Second Class,1
35661,0.7941,High,Second Class,0
7468,0.7941,High,Second Class,1
67462,0.7941,High,Second Class,1
15180,0.7941,High,Second Class,1
23683,0.7941,High,Second Class,1
15180,0.7941,High,Second Class,1
25869,0.7941,High,Second Class,1
24567,0.7941,High,Second Class,1
39371,0.7941,High,Second Class,0
20472,0.7941,High,Second Class,1
25248,0.7941,High,Second Class,1
67462,0.7941,High,Second Class,1
39371,0.7941,High,Second Class,0
67747,0.7941,High,Second Class,1
28280,0.7941,High,Second Class,1
63497,0.7941,High,Second Class,1
22316,0.7941,High,Second Class,0
22316,0.7941,High,Second Class,0
30068,0.7941,High,Second Class,1
30068,0.7941,High,Second Class,1
67325,0.7941,High,Second Class,1
11551,0.7941,High,Second Class,0
15677,0.7941,High,Second Class,1
28151,0.7941,High,Second Class,0
40455,0.7941,High,Second Class,1
28151,0.7941,High,Second Class,0
70335,0.7941,High,Second Class,1
15677,0.7941,High,Second Class,1
16282,0.7941,High,Second Class,1
15677,0.7941,High,Second Class,1
74730,0.7941,High,Second Class,1
72272,0.7941,High,Second Class,1
71296,0.7941,High,Second Class,0
42372,0.7941,High,Second Class,1
15183,0.7941,High,Second Class,1
70800,0.7941,High,Second Class,1
16410,0.7941,High,Second Class,1
46770,0.7941,High,Second Class,1
73846,0.7941,High,Second Class,0
20472,0.7941,High,Second Class,1
20547,0.7941,High,Second Class,1
25743,0.7941,High,Second Class,1
63754,0.7941,High,Second Class,1
25248,0.7941,High,Second Class,1
28626,0.7941,High,Second Class,0
63704,0.7941,High,Second Class,1
72858,0.7941,High,Second Class,1
37666,0.7941,High,Second Class,0
48277,0.7941,High,Second Class,1
15677,0.7941,High,Second Class,1
30068,0.7941,High,Second Class,1
48277,0.7941,High,Second Class,1
40812,0.7941,High,Second Class,1
31492,0.7941,High,Second Class,1
24371,0.7941,High,Second Class,0
66922,0.7941,High,Second Class,1
30068,0.7941,High,Second Class,1
10315,0.7941,High,Second Class,1
46840,0.7941,High,Second Class,1
63895,0.7941,High,Second Class,1
50809,0.7941,High,Second Class,1
49646,0.7941,High,Second Class,0
47772,0.794,High,Second Class,1
23118,0.794,High,Second Class,1
74129,0.794,High,Second Class,1
23118,0.794,High,Second Class,1
15957,0.794,High,Same Day,0
30237,0.794,High,Second Class,1
57784,0.794,High,Second Class,1
34802,0.794,High,Second Class,1
73103,0.794,High,Second Class,1
47758,0.794,High,Second Class,1
46706,0.794,High,Second Class,0
28388,0.794,High,Second Class,1
72839,0.794,High,Second Class,1
25243,0.794,High,Second Class,1
40361,0.7939,High,Second Class,0
32861,0.7939,High,Second Class,0
40361,0.7939,High,Second Class,0
36420,0.7939,High,Second Class,1
36420,0.7939,High,Second Class,1
32861,0.7939,High,Second Class,0
36420,0.7939,High,Second Class,1
63413,0.7939,High,First Class,1
1135,0.7939,High,Second Class,1
32861,0.7939,High,Second Class,0
36420,0.7939,High,Second Class,1
21246,0.7938,High,Second Class,0
16556,0.7937,High,Second Class,0
16556,0.7937,High,Second Class,0
69171,0.7937,High,Second Class,0
32420,0.7937,High,Second Class,1
12526,0.7936,High,Second Class,0
65736,0.7936,High,Second Class,0
64519,0.7936,High,Second Class,1
64519,0.7936,High,Second Class,1
69733,0.7936,High,Second Class,1
13820,0.7936,High,Second Class,1
49977,0.7936,High,Second Class,1
72118,0.7936,High,Second Class,1
72065,0.7936,High,Second Class,1
46071,0.7936,High,Second Class,0
46071,0.7936,High,Second Class,0
48681,0.7936,High,Second Class,0
37666,0.7936,High,Second Class,0
17922,0.7936,High,Second Class,1
74999,0.7936,High,Second Class,1
15892,0.7936,High,Second Class,1
65284,0.7936,High,Second Class,1
15892,0.7936,High,Second Class,1
43547,0.7936,High,Second Class,1
64848,0.7936,High,Second Class,1
35523,0.7936,High,Second Class,1
36689,0.7936,High,Second Class,1
68827,0.7936,High,Second Class,1
33679,0.7936,High,Second Class,1
47594,0.7936,High,Second Class,1
49977,0.7936,High,Second Class,1
16282,0.7936,High,Second Class,1
21579,0.7936,High,Second Class,1
30133,0.7936,High,Second Class,1
42812,0.7936,High,Second Class,1
65284,0.7936,High,Second Class,1
20398,0.7936,High,Second Class,1
25947,0.7936,High,Second Class,1
44640,0.7936,High,Second Class,1
43823,0.7936,High,Second Class,1
29510,0.7936,High,Second Class,1
33679,0.7936,High,Second Class,1
66220,0.7936,High,Second Class,1
67542,0.7936,High,Second Class,1
11075,0.7936,High,Second Class,1
66220,0.7936,High,Second Class,1
67542,0.7936,High,Second Class,1
35523,0.7936,High,Second Class,1
41490,0.7936,High,Second Class,1
42807,0.7936,High,Second Class,1
42807,0.7936,High,Second Class,1
20398,0.7936,High,Second Class,1
69500,0.7936,High,Second Class,1
48620,0.7936,High,Second Class,1
44640,0.7936,High,Second Class,1
23221,0.7936,High,Second Class,0
67747,0.7936,High,Second Class,1
61988,0.7936,High,Second Class,1
44640,0.7936,High,Second Class,1
45624,0.7936,High,Second Class,1
64848,0.7936,High,Second Class,1
41356,0.7936,High,Second Class,0
35523,0.7936,High,Second Class,1
25128,0.7936,High,Second Class,1
50812,0.7936,High,Second Class,1
46071,0.7936,High,Second Class,0
36692,0.7936,High,Second Class,1
29377,0.7936,High,Second Class,1
24504,0.7936,High,Second Class,1
62050,0.7936,High,Second Class,1
15041,0.7936,High,Second Class,0
46770,0.7936,High,Second Class,1
25865,0.7936,High,Second Class,1
17233,0.7936,High,Second Class,1
43884,0.7936,High,Second Class,1
31296,0.7936,High,Second Class,0
65000,0.7936,High,Second Class,1
70735,0.7936,High,Second Class,1
45624,0.7936,High,Second Class,1
19240,0.7936,High,Second Class,1
17922,0.7936,High,Second Class,1
65284,0.7936,High,Second Class,1
24567,0.7936,High,Second Class,1
68337,0.7936,High,Second Class,1
68471,0.7936,High,Second Class,0
69926,0.7936,High,Second Class,0
63754,0.7936,High,Second Class,1
68471,0.7936,High,Second Class,0
50812,0.7936,High,Second Class,1
50812,0.7936,High,Second Class,1
50812,0.7936,High,Second Class,1
68827,0.7936,High,Second Class,1
67132,0.7936,High,Second Class,1
12526,0.7936,High,Second Class,0
62050,0.7936,High,Second Class,1
45624,0.7936,High,Second Class,1
17248,0.7936,High,Second Class,1
13820,0.7936,High,Second Class,1
35661,0.7936,High,Second Class,0
42812,0.7936,High,Second Class,1
72187,0.7936,High,Second Class,1
74516,0.7936,High,Second Class,0
61771,0.7936,High,Second Class,0
42807,0.7936,High,Second Class,1
16301,0.7936,High,Second Class,0
30133,0.7936,High,Second Class,1
37666,0.7936,High,Second Class,0
37666,0.7936,High,Second Class,0
20547,0.7936,High,Second Class,1
65736,0.7936,High,Second Class,0
46770,0.7936,High,Second Class,1
64519,0.7936,High,Second Class,1
16282,0.7936,High,Second Class,1
23221,0.7936,High,Second Class,0
65284,0.7936,High,Second Class,1
35661,0.7936,High,Second Class,0
69518,0.7936,High,Second Class,1
31697,0.7936,High,Second Class,1
26771,0.7936,High,Second Class,0
46639,0.7936,High,Second Class,1
42807,0.7936,High,Second Class,1
64519,0.7936,High,Second Class,1
11551,0.7936,High,Second Class,0
42812,0.7936,High,Second Class,1
33220,0.7936,High,Second Class,1
13820,0.7936,High,Second Class,1
22308,0.7936,High,Second Class,1
11075,0.7936,High,Second Class,1
11551,0.7936,High,Second Class,0
29662,0.7936,High,Second Class,1
17233,0.7936,High,Second Class,1
72376,0.7936,High,Second Class,0
25684,0.7936,High,Second Class,1
43775,0.7936,High,Second Class,1
43775,0.7936,High,Second Class,1
36689,0.7936,High,Second Class,1
28292,0.7936,High,Second Class,1
20529,0.7936,High,Second Class,1
28292,0.7936,High,Second Class,1
24371,0.7936,High,Second Class,0
42372,0.7936,High,Second Class,1
23067,0.7936,High,Second Class,1
68471,0.7936,High,Second Class,0
25128,0.7936,High,Second Class,1
22595,0.7936,High,Second Class,1
23081,0.7936,High,Second Class,0
63704,0.7936,High,Second Class,1
63497,0.7936,High,Second Class,1
76995,0.7936,High,Second Class,1
45746,0.7936,High,Second Class,0
68337,0.7936,High,Second Class,1
22047,0.7936,High,Second Class,1
25684,0.7936,High,Second Class,1
73824,0.7936,High,Second Class,1
46240,0.7936,High,Second Class,1
31296,0.7936,High,Second Class,0
75875,0.7936,High,Second Class,1
68337,0.7936,High,Second Class,1
64848,0.7936,High,Second Class,1
33220,0.7936,High,Second Class,1
36692,0.7936,High,Second Class,1
36692,0.7936,High,Second Class,1
33220,0.7936,High,Second Class,1
40812,0.7936,High,Second Class,1
33220,0.7936,High,Second Class,1
47594,0.7936,High,Second Class,1
41490,0.7936,High,Second Class,1
50809,0.7936,High,Second Class,1
12526,0.7936,High,Second Class,0
76981,0.7936,High,Second Class,0
20547,0.7936,High,Second Class,1
72613,0.7936,High,Second Class,1
63895,0.7936,High,Second Class,1
20547,0.7936,High,Second Class,1
21579,0.7936,High,Second Class,1
28281,0.7936,High,Second Class,0
66220,0.7936,High,Second Class,1
63497,0.7936,High,Second Class,1
29375,0.7936,High,Second Class,1
25865,0.7936,High,Second Class,1
38062,0.7936,High,Second Class,1
26421,0.7936,High,Second Class,0
22047,0.7936,High,Second Class,1
16089,0.7936,High,Second Class,1
22047,0.7936,High,Second Class,1
49646,0.7936,High,Second Class,0
68071,0.7936,High,Second Class,0
43823,0.7936,High,Second Class,1
43823,0.7936,High,Second Class,1
40455,0.7936,High,Second Class,1
22047,0.7936,High,Second Class,1
21579,0.7936,High,Second Class,1
31296,0.7936,High,Second Class,0
67132,0.7936,High,Second Class,1
46240,0.7936,High,Second Class,1
14789,0.7936,High,Second Class,1
24504,0.7936,High,Second Class,1
28281,0.7936,High,Second Class,0
28281,0.7936,High,Second Class,0
65284,0.7936,High,Second Class,1
17922,0.7936,High,Second Class,1
13820,0.7936,High,Second Class,1
40455,0.7936,High,Second Class,1
44771,0.7936,High,Second Class,0
62050,0.7936,High,Second Class,1
20161,0.7936,High,Second Class,0
43547,0.7936,High,Second Class,1
49646,0.7936,High,Second Class,0
17248,0.7936,High,Second Class,1
43775,0.7936,High,Second Class,1
20529,0.7936,High,Second Class,1
69983,0.7936,High,Second Class,1
20529,0.7936,High,Second Class,1
43884,0.7936,High,Second Class,1
40072,0.7936,High,Second Class,1
40072,0.7936,High,Second Class,1
46071,0.7936,High,Second Class,0
46240,0.7936,High,Second Class,1
46639,0.7936,High,Second Class,1
21507,0.7936,High,Second Class,1
10315,0.7936,High,Second Class,1
25869,0.7936,High,Second Class,1
29375,0.7936,High,Second Class,1
10520,0.7936,High,Second Class,1
43775,0.7936,High,Second Class,1
23131,0.7936,High,Second Class,0
67747,0.7936,High,Second Class,1
23683,0.7936,High,Second Class,1
23683,0.7936,High,Second Class,1
45624,0.7936,High,Second Class,1
10315,0.7936,High,Second Class,1
50809,0.7936,High,Second Class,1
51020,0.7936,High,Second Class,1
63754,0.7936,High,Second Class,1
21961,0.7936,High,Second Class,0
23067,0.7936,High,Second Class,1
50812,0.7936,High,Second Class,1
25128,0.7936,High,Second Class,1
10315,0.7936,High,Second Class,1
21579,0.7936,High,Second Class,1
16282,0.7936,High,Second Class,1
23074,0.7936,High,Second Class,1
28337,0.7936,High,Second Class,1
21961,0.7936,High,Second Class,0
22316,0.7936,High,Second Class,0
28337,0.7936,High,Second Class,1
28280,0.7936,High,Second Class,1
17519,0.7936,High,Second Class,1
63497,0.7936,High,Second Class,1
25869,0.7936,High,Second Class,1
26479,0.7936,High,Second Class,1
26479,0.7936,High,Second Class,1
39371,0.7936,High,Second Class,0
20398,0.7936,High,Second Class,1
41490,0.7936,High,Second Class,1
46639,0.7936,High,Second Class,1
28281,0.7936,High,Second Class,0
63895,0.7936,High,Second Class,1
26771,0.7936,High,Second Class,0
20398,0.7936,High,Second Class,1
65605,0.7936,High,Second Class,1
22595,0.7936,High,Second Class,1
62050,0.7936,High,Second Class,1
23067,0.7936,High,Second Class,1
50809,0.7936,High,Second Class,1
23067,0.7936,High,Second Class,1
28292,0.7936,High,Second Class,1
23683,0.7936,High,Second Class,1
24504,0.7936,High,Second Class,1
28281,0.7936,High,Second Class,0
64848,0.7936,High,Second Class,1
65736,0.7936,High,Second Class,0
65736,0.7936,High,Second Class,0
22316,0.7936,High,Second Class,0
36689,0.7936,High,Second Class,1
25869,0.7936,High,Second Class,1
61988,0.7936,High,Second Class,1
61988,0.7936,High,Second Class,1
66372,0.7936,High,Second Class,1
24567,0.7936,High,Second Class,1
16089,0.7936,High,Second Class,1
25869,0.7936,High,Second Class,1
64519,0.7936,High,Second Class,1
29663,0.7936,High,Second Class,1
68827,0.7936,High,Second Class,1
16089,0.7936,High,Second Class,1
10849,0.7935,High,Second Class,1
37119,0.7935,High,Second Class,1
48245,0.7935,High,Second Class,1
22097,0.7935,High,Second Class,1
22097,0.7935,High,Second Class,1
73912,0.7935,High,Second Class,1
43098,0.7935,High,First Class,1
1255,0.7935,High,Second Class,1
22097,0.7935,High,Second Class,1
37119,0.7935,High,Second Class,1
40077,0.7935,High,Second Class,1
14394,0.7934,High,Second Class,1
21172,0.7934,High,Second Class,1
12570,0.7934,High,Second Class,1
47577,0.7934,High,Second Class,1
11601,0.7934,High,Second Class,0
67002,0.7934,High,Second Class,1
64703,0.7934,High,Second Class,1
73327,0.7934,High,Second Class,1
41131,0.7934,High,Second Class,0
62791,0.7934,High,Same Day,1
74198,0.7934,High,Second Class,1
27291,0.7934,High,Second Class,0
1135,0.7934,High,Second Class,1
73329,0.7934,High,Second Class,1
26992,0.7934,High,Second Class,1
73249,0.7934,High,Second Class,1
47500,0.7934,High,Second Class,1
63875,0.7934,High,Second Class,1
13841,0.7934,High,Second Class,0
69056,0.7934,High,Second Class,0
44555,0.7934,High,Second Class,1
76796,0.7934,High,Second Class,0
35029,0.7934,High,Second Class,1
76196,0.7934,High,Second Class,0
73401,0.7934,High,Second Class,0
21246,0.7933,High,Second Class,0
8033,0.7933,High,Second Class,1
52589,0.7932,High,Second Class,1
2655,0.7932,High,Second Class,1
52595,0.7932,High,Second Class,1
56868,0.7932,High,First Class,1
3143,0.7932,High,Second Class,1
3143,0.7932,High,Second Class,1
52595,0.7932,High,Second Class,1
4516,0.7932,High,Second Class,0
3143,0.7932,High,Second Class,1
52595,0.7932,High,Second Class,1
52595,0.7932,High,Second Class,1
52595,0.7932,High,Second Class,1
46706,0.7931,High,Second Class,0
1255,0.7931,High,Second Class,1
1255,0.7931,High,Second Class,1
1255,0.7931,High,Second Class,1
45893,0.7931,High,Second Class,1
60073,0.793,High,Second Class,1
60073,0.793,High,Second Class,1
26532,0.793,High,Second Class,1
22558,0.793,High,Second Class,1
21172,0.793,High,Second Class,1
60073,0.793,High,Second Class,1
15698,0.793,High,Second Class,1
41134,0.793,High,Second Class,1
63860,0.793,High,Second Class,1
21674,0.793,High,Second Class,1
45520,0.793,High,Second Class,1
66595,0.793,High,Second Class,1
76746,0.793,High,Second Class,0
66595,0.793,High,Second Class,1
33513,0.793,High,Second Class,1
37024,0.793,High,Second Class,1
18909,0.793,High,Second Class,1
28732,0.793,High,Second Class,1
33317,0.793,High,Second Class,1
28787,0.793,High,Second Class,1
33513,0.793,High,Second Class,1
27637,0.793,High,Second Class,1
44748,0.793,High,Second Class,1
36997,0.793,High,Second Class,1
21172,0.793,High,Second Class,1
23922,0.793,High,Second Class,1
15992,0.793,High,Second Class,1
31201,0.793,High,Second Class,0
40361,0.793,High,Second Class,0
28732,0.793,High,Second Class,1
22558,0.793,High,Second Class,1
22822,0.793,High,Second Class,1
13032,0.793,High,Second Class,1
41134,0.793,High,Second Class,1
14538,0.793,High,Second Class,1
60073,0.793,High,Second Class,1
64056,0.793,High,Second Class,0
26056,0.793,High,Second Class,0
36118,0.793,High,Second Class,1
37765,0.793,High,Second Class,1
60073,0.793,High,Second Class,1
37206,0.793,High,Second Class,0
33513,0.793,High,Second Class,1
40361,0.793,High,Second Class,0
45448,0.793,High,Second Class,1
66397,0.793,High,Second Class,1
66397,0.793,High,Second Class,1
40361,0.793,High,Second Class,0
12698,0.793,High,Second Class,1
12264,0.793,High,Second Class,1
45448,0.793,High,Second Class,1
47410,0.793,High,Second Class,1
65500,0.793,High,Second Class,1
46722,0.793,High,Second Class,1
76822,0.793,High,Second Class,1
69141,0.793,High,Second Class,0
47500,0.793,High,Second Class,1
10831,0.793,High,Second Class,0
41131,0.793,High,Second Class,0
36270,0.7929,High,Second Class,1
21246,0.7929,High,Second Class,0
46706,0.7929,High,Second Class,0
46706,0.7929,High,Second Class,0
21246,0.7929,High,Second Class,0
32420,0.7928,High,Second Class,1
69349,0.7928,High,Second Class,1
11332,0.7928,High,Second Class,1
32420,0.7928,High,Second Class,1
23787,0.7928,High,Second Class,1
2498,0.7928,High,Second Class,1
38187,0.7928,High,Second Class,1
38187,0.7928,High,Second Class,1
38187,0.7928,High,Second Class,1
20161,0.7927,High,Second Class,0
59784,0.7927,High,Second Class,1
59307,0.7927,High,Second Class,1
59307,0.7927,High,Second Class,1
20161,0.7927,High,Second Class,0
64112,0.7927,High,Same Day,1
20161,0.7927,High,Second Class,0
64112,0.7927,High,Same Day,1
55514,0.7927,High,Second Class,1
75547,0.7927,High,Second Class,1
17552,0.7926,High,Second Class,1
60963,0.7926,High,Second Class,1
42166,0.7926,High,Second Class,0
47007,0.7926,High,Second Class,1
34802,0.7926,High,Second Class,1
72690,0.7926,High,Second Class,1
41535,0.7926,High,Second Class,1
27637,0.7926,High,Second Class,1
55740,0.7926,High,Second Class,1
4516,0.7926,High,Second Class,0
7174,0.7926,High,Second Class,1
48245,0.7926,High,Second Class,1
7174,0.7926,High,Second Class,1
43098,0.7926,High,First Class,1
1575,0.7926,High,Second Class,1
6905,0.7926,High,Second Class,1
39628,0.7926,High,Second Class,1
53132,0.7926,High,Second Class,1
44415,0.7926,High,Second Class,1
3888,0.7926,High,Second Class,1
7174,0.7926,High,Second Class,1
57318,0.7926,High,Second Class,1
19200,0.7925,High,Second Class,1
41535,0.7925,High,Second Class,1
65500,0.7925,High,Second Class,1
44415,0.7925,High,Second Class,1
36749,0.7925,High,Second Class,1
47772,0.7925,High,Second Class,1
44887,0.7925,High,Second Class,1
10849,0.7925,High,Second Class,1
12761,0.7925,High,Second Class,0
47772,0.7925,High,Second Class,1
29546,0.7925,High,Second Class,0
41535,0.7925,High,Second Class,1
75564,0.7925,High,Second Class,1
77028,0.7925,High,Second Class,1
47758,0.7925,High,Second Class,1
66595,0.7925,High,Second Class,1
48192,0.7925,High,Second Class,1
41521,0.7925,High,Second Class,0
29546,0.7925,High,Second Class,0
39628,0.7925,High,Second Class,1
12264,0.7925,High,Second Class,1
12264,0.7925,High,Second Class,1
25788,0.7925,High,Second Class,1
50286,0.7925,High,Second Class,0
40250,0.7925,High,Same Day,1
64056,0.7925,High,Second Class,0
36749,0.7925,High,Second Class,1
12761,0.7925,High,Second Class,0
25243,0.7925,High,Second Class,1
10831,0.7925,High,Second Class,0
16531,0.7925,High,Second Class,0
30983,0.7925,High,Second Class,1
72894,0.7925,High,Second Class,1
30983,0.7925,High,Second Class,1
27637,0.7925,High,Second Class,1
38581,0.7925,High,Second Class,0
11126,0.7925,High,Second Class,0
47758,0.7925,High,Second Class,1
10849,0.7925,High,Second Class,1
10831,0.7925,High,Second Class,0
61688,0.7925,High,Second Class,1
44415,0.7925,High,Second Class,1
36118,0.7925,High,Second Class,1
27637,0.7925,High,Second Class,1
13028,0.7925,High,Second Class,1
10849,0.7925,High,Second Class,1
30359,0.7925,High,Second Class,1
23922,0.7925,High,Second Class,1
30021,0.7925,High,Second Class,0
65719,0.7925,High,Second Class,1
26056,0.7925,High,Second Class,0
64056,0.7925,High,Second Class,0
39628,0.7925,High,Second Class,1
36749,0.7925,High,Second Class,1
31588,0.7925,High,Second Class,1
47772,0.7925,High,Second Class,1
16857,0.7925,High,Second Class,1
65220,0.7925,High,Second Class,1
63301,0.7925,High,Second Class,0
29546,0.7925,High,Second Class,0
10831,0.7925,High,Second Class,0
16531,0.7925,High,Second Class,0
22692,0.7925,High,Second Class,1
47758,0.7925,High,Second Class,1
36749,0.7925,High,Second Class,1
29546,0.7925,High,Second Class,0
47500,0.7925,High,Second Class,1
14538,0.7925,High,Second Class,1
44415,0.7925,High,Second Class,1
29546,0.7925,High,Second Class,0
41521,0.7925,High,Second Class,0
12264,0.7925,High,Second Class,1
37206,0.7925,High,Second Class,0
37206,0.7925,High,Second Class,0
41811,0.7925,High,Second Class,0
30983,0.7925,High,Second Class,1
11041,0.7925,High,Second Class,0
50217,0.7925,High,Second Class,1
44887,0.7925,High,Second Class,1
10849,0.7925,High,Second Class,1
38371,0.7925,High,Second Class,0
45236,0.7925,High,Second Class,0
43326,0.7925,High,Second Class,0
30359,0.7925,High,Second Class,1
47758,0.7925,High,Second Class,1
47577,0.7925,High,Second Class,1
37206,0.7925,High,Second Class,0
37206,0.7925,High,Second Class,0
36415,0.7925,High,Second Class,1
36415,0.7925,High,Second Class,1
17552,0.7925,High,Second Class,1
34802,0.7925,High,Second Class,1
41811,0.7925,High,Second Class,0
65500,0.7925,High,Second Class,1
10831,0.7925,High,Second Class,0
17552,0.7925,High,Second Class,1
75563,0.7925,High,Second Class,1
36413,0.7925,High,Second Class,1
65154,0.7925,High,Second Class,1
36749,0.7925,High,Second Class,1
77014,0.7925,High,Second Class,1
67002,0.7925,High,Second Class,1
17552,0.7925,High,Second Class,1
17552,0.7925,High,Second Class,1
2498,0.7924,High,Second Class,1
29070,0.7924,High,Second Class,1
43910,0.7924,High,Second Class,1
2498,0.7924,High,Second Class,1
23325,0.7924,High,Second Class,1
10621,0.7923,High,Second Class,0
18046,0.7923,High,Second Class,0
15006,0.7923,High,Second Class,0
10367,0.7923,High,Second Class,1
76520,0.7923,High,Second Class,1
40444,0.7923,High,Second Class,1
64700,0.7923,High,Second Class,1
46202,0.7923,High,Second Class,1
19814,0.7923,High,Second Class,1
67010,0.7923,High,Second Class,1
22148,0.7923,High,Second Class,1
65507,0.7923,High,Second Class,1
23325,0.7923,High,Second Class,1
75986,0.7923,High,Second Class,0
76053,0.7923,High,Second Class,1
73391,0.7923,High,Second Class,0
27486,0.7923,High,Second Class,0
64756,0.7923,High,Second Class,0
29547,0.7923,High,Second Class,1
23226,0.7923,High,Second Class,0
13230,0.7923,High,Second Class,1
12021,0.7923,High,Second Class,0
10367,0.7923,High,Second Class,1
36954,0.7923,High,Second Class,1
76345,0.7923,High,Second Class,1
31197,0.7923,High,Second Class,1
21037,0.7923,High,Second Class,1
21032,0.7923,High,Second Class,1
12851,0.7922,High,Second Class,0
53333,0.7922,High,Second Class,1
57730,0.7922,High,Second Class,1
323,0.7922,High,Second Class,1
55820,0.7922,High,Second Class,1
54982,0.7922,High,Second Class,1
5057,0.7922,High,Second Class,1
3610,0.7922,High,Second Class,1
5999,0.7922,High,Second Class,1
42677,0.7922,High,First Class,1
3888,0.7922,High,Second Class,1
5254,0.7922,High,Second Class,1
5999,0.7922,High,Second Class,1
59307,0.7922,High,Second Class,1
49554,0.7921,High,Second Class,1
25409,0.7921,High,Second Class,1
9642,0.7921,High,Second Class,1
74676,0.7921,High,Second Class,0
66593,0.7921,High,Second Class,1
24400,0.7921,High,Second Class,1
4500,0.7921,High,Second Class,1
24010,0.7921,High,Second Class,1
36944,0.7921,High,Second Class,1
25409,0.7921,High,Second Class,1
3887,0.7921,High,Second Class,1
46706,0.7921,High,Second Class,0
1082,0.7921,High,Second Class,1
47341,0.7921,High,Second Class,0
18909,0.7921,High,Second Class,1
54646,0.7921,High,Second Class,0
56290,0.7921,High,Second Class,1
9577,0.7921,High,Second Class,1
55820,0.7921,High,Second Class,1
55820,0.7921,High,Second Class,1
26797,0.7921,High,Second Class,1
20570,0.7921,High,Second Class,1
35029,0.7921,High,Second Class,1
54646,0.7921,High,Second Class,0
12154,0.7921,High,Second Class,1
36944,0.7921,High,Second Class,1
26735,0.7921,High,Second Class,1
11516,0.7921,High,Second Class,0
26957,0.7921,High,Second Class,1
55740,0.7921,High,Second Class,1
27340,0.7921,High,Second Class,1
49730,0.7921,High,Second Class,1
57318,0.7921,High,Second Class,1
51050,0.7921,High,Second Class,1
23224,0.7921,High,Second Class,1
55269,0.7921,High,Second Class,1
63875,0.7921,High,Second Class,1
42570,0.7921,High,Second Class,1
43505,0.7921,High,Second Class,1
19200,0.7921,High,Second Class,1
14538,0.7921,High,Second Class,1
28443,0.7921,High,Second Class,1
25532,0.7921,High,Second Class,1
11601,0.7921,High,Second Class,0
48192,0.7921,High,Second Class,1
48192,0.7921,High,Second Class,1
11516,0.7921,High,Second Class,0
54643,0.7921,High,Second Class,1
31319,0.7921,High,Second Class,1
36819,0.7921,High,Second Class,1
18581,0.7921,High,Second Class,0
14005,0.7921,High,Second Class,1
33992,0.7921,High,Second Class,1
27340,0.7921,High,Second Class,1
28257,0.7921,High,Second Class,1
55760,0.7921,High,Second Class,1
3610,0.7921,High,Second Class,1
28443,0.7921,High,Second Class,1
26252,0.7921,High,Second Class,1
21172,0.7921,High,Second Class,1
22486,0.7921,High,Second Class,0
23922,0.7921,High,Second Class,1
44555,0.7921,High,Second Class,1
34259,0.7921,High,Second Class,1
21674,0.7921,High,Second Class,1
77165,0.7921,High,Second Class,1
46683,0.7921,High,Second Class,1
74749,0.7921,High,Second Class,1
74876,0.7921,High,Second Class,0
38103,0.7921,High,Second Class,1
65220,0.7921,High,Second Class,1
44555,0.7921,High,Second Class,1
49056,0.7921,High,Second Class,0
11108,0.7921,High,Second Class,1
36944,0.7921,High,Second Class,1
11127,0.7921,High,Second Class,1
26797,0.7921,High,Second Class,1
9666,0.7921,High,Second Class,0
11127,0.7921,High,Second Class,1
12825,0.7921,High,Second Class,1
71482,0.7921,High,Second Class,1
69408,0.792,High,Second Class,1
36118,0.792,High,Second Class,1
63860,0.792,High,Second Class,1
67644,0.792,High,Second Class,1
18245,0.792,High,Second Class,1
28787,0.792,High,Second Class,1
34398,0.792,High,Second Class,1
33317,0.792,High,Second Class,1
45776,0.792,High,Second Class,0
32212,0.792,High,Second Class,1
35022,0.792,High,Second Class,1
63656,0.792,High,Second Class,0
69908,0.792,High,Second Class,1
37024,0.792,High,Second Class,1
18909,0.792,High,Second Class,1
22486,0.792,High,Second Class,0
72908,0.792,High,Second Class,1
75235,0.792,High,Second Class,1
13841,0.792,High,Second Class,0
15992,0.792,High,Second Class,1
13841,0.792,High,Second Class,0
11126,0.792,High,Second Class,0
25170,0.792,High,Second Class,1
23026,0.792,High,Second Class,0
34259,0.792,High,Second Class,1
31243,0.792,High,Second Class,1
68128,0.792,High,Second Class,1
62428,0.792,High,Second Class,1
18581,0.792,High,Second Class,0
19670,0.792,High,Second Class,1
20373,0.792,High,Second Class,1
26606,0.792,High,Second Class,0
12698,0.792,High,Second Class,1
75779,0.792,High,Second Class,1
21200,0.792,High,Second Class,1
11601,0.792,High,Second Class,0
11601,0.792,High,Second Class,0
50286,0.792,High,Second Class,0
43326,0.792,High,Second Class,0
43319,0.792,High,Second Class,1
22486,0.792,High,Second Class,0
32212,0.792,High,Second Class,1
63875,0.792,High,Second Class,1
12570,0.792,High,Second Class,1
48192,0.792,High,Second Class,1
16315,0.792,High,Second Class,1
48192,0.792,High,Second Class,1
26252,0.792,High,Second Class,1
26252,0.792,High,Second Class,1
12154,0.792,High,Second Class,1
32635,0.792,High,Second Class,1
31588,0.792,High,Second Class,1
23026,0.792,High,Second Class,0
77166,0.792,High,Second Class,0
51046,0.792,High,Second Class,0
24400,0.792,High,Second Class,1
28729,0.792,High,Second Class,1
74358,0.792,High,Second Class,1
26992,0.792,High,Second Class,1
72907,0.792,High,Second Class,1
72146,0.792,High,Second Class,0
25170,0.792,High,Second Class,1
30579,0.792,High,Second Class,1
20373,0.792,High,Second Class,1
31243,0.792,High,Second Class,1
49056,0.792,High,Second Class,0
24898,0.792,High,Second Class,1
42709,0.792,High,Second Class,1
42570,0.792,High,Second Class,1
38103,0.792,High,Second Class,1
29128,0.792,High,Second Class,1
26957,0.792,High,Second Class,1
62497,0.792,High,Second Class,1
22558,0.792,High,Second Class,1
32212,0.792,High,Second Class,1
11108,0.792,High,Second Class,1
67002,0.792,High,Second Class,1
66593,0.792,High,Second Class,1
66593,0.792,High,Second Class,1
21033,0.792,High,Second Class,1
28729,0.792,High,Second Class,1
27291,0.792,High,Second Class,0
22609,0.792,High,Second Class,1
33513,0.792,High,Second Class,1
33513,0.792,High,Second Class,1
26992,0.792,High,Second Class,1
46534,0.792,High,Second Class,1
21033,0.792,High,Second Class,1
66672,0.792,High,Second Class,1
65719,0.792,High,Second Class,1
26606,0.792,High,Second Class,0
45296,0.792,High,Second Class,0
28729,0.792,High,Second Class,1
65220,0.792,High,Second Class,1
27340,0.792,High,Second Class,1
21033,0.792,High,Second Class,1
30152,0.792,High,Second Class,1
77006,0.792,High,Second Class,0
75648,0.792,High,Second Class,1
30359,0.792,High,Second Class,1
64671,0.792,High,Second Class,0
34259,0.792,High,Second Class,1
42892,0.792,High,Second Class,1
24898,0.792,High,Second Class,1
13032,0.792,High,Second Class,1
64671,0.792,High,Second Class,0
43319,0.792,High,Second Class,1
46683,0.792,High,Second Class,1
28443,0.792,High,Second Class,1
45448,0.792,High,Second Class,1
21033,0.792,High,Second Class,1
74970,0.792,High,Second Class,1
28257,0.792,High,Second Class,1
30776,0.792,High,Second Class,0
50217,0.792,High,Second Class,1
63875,0.792,High,Second Class,1
66593,0.792,High,Second Class,1
33992,0.792,High,Second Class,1
33992,0.792,High,Second Class,1
67002,0.792,High,Second Class,1
44146,0.792,High,Second Class,0
24010,0.792,High,Second Class,1
25788,0.792,High,Second Class,1
27340,0.792,High,Second Class,1
27340,0.792,High,Second Class,1
26252,0.792,High,Second Class,1
31102,0.792,High,Second Class,1
30776,0.792,High,Second Class,0
31194,0.792,High,Second Class,1
32212,0.792,High,Second Class,1
33992,0.792,High,Second Class,1
36997,0.792,High,Second Class,1
71673,0.792,High,Second Class,1
18909,0.792,High,Second Class,1
20829,0.792,High,Second Class,1
20373,0.792,High,Second Class,1
31243,0.792,High,Second Class,1
47500,0.792,High,Second Class,1
47146,0.792,High,Second Class,0
46683,0.792,High,Second Class,1
16857,0.792,High,Second Class,1
64192,0.792,High,Second Class,1
20373,0.792,High,Second Class,1
25170,0.792,High,Second Class,1
66672,0.792,High,Second Class,1
20143,0.792,High,Second Class,1
34398,0.792,High,Second Class,1
21674,0.792,High,Second Class,1
35029,0.792,High,Second Class,1
28732,0.792,High,Second Class,1
75374,0.792,High,Second Class,1
34398,0.792,High,Second Class,1
62570,0.792,High,Second Class,1
50286,0.792,High,Second Class,0
38581,0.792,High,Second Class,0
38103,0.792,High,Second Class,1
26056,0.792,High,Second Class,0
45520,0.792,High,Second Class,1
45236,0.792,High,Second Class,0
24010,0.792,High,Second Class,1
49943,0.792,High,Second Class,1
49943,0.792,High,Second Class,1
49879,0.792,High,Second Class,1
20143,0.792,High,Second Class,1
20143,0.792,High,Second Class,1
15992,0.792,High,Second Class,1
15698,0.792,High,Second Class,1
73932,0.792,High,Second Class,1
19670,0.792,High,Second Class,1
21033,0.792,High,Second Class,1
20570,0.792,High,Second Class,1
20570,0.792,High,Second Class,1
38371,0.792,High,Second Class,0
37024,0.792,High,Second Class,1
68128,0.792,High,Second Class,1
68128,0.792,High,Second Class,1
15270,0.792,High,Second Class,1
45236,0.792,High,Second Class,0
41584,0.792,High,Second Class,1
45296,0.792,High,Second Class,0
45236,0.792,High,Second Class,0
75641,0.792,High,Second Class,0
62285,0.792,High,Second Class,1
41131,0.792,High,Second Class,0
11516,0.792,High,Second Class,0
24057,0.792,High,Second Class,1
20570,0.792,High,Second Class,1
20829,0.792,High,Second Class,1
20829,0.792,High,Second Class,1
20829,0.792,High,Second Class,1
27903,0.792,High,Second Class,1
20829,0.792,High,Second Class,1
77167,0.792,High,Second Class,1
50217,0.792,High,Second Class,1
24010,0.792,High,Second Class,1
38371,0.792,High,Second Class,0
16382,0.792,High,Second Class,1
28787,0.792,High,Second Class,1
38371,0.792,High,Second Class,0
16382,0.792,High,Second Class,1
20570,0.792,High,Second Class,1
16382,0.792,High,Second Class,1
16382,0.792,High,Second Class,1
13028,0.792,High,Second Class,1
24010,0.792,High,Second Class,1
14394,0.792,High,Second Class,1
20143,0.792,High,Second Class,1
27903,0.792,High,Second Class,1
49943,0.792,High,Second Class,1
26532,0.792,High,Second Class,1
41131,0.792,High,Second Class,0
47577,0.792,High,Second Class,1
26736,0.792,High,Second Class,0
43852,0.792,High,Second Class,1
43852,0.792,High,Second Class,1
64671,0.792,High,Second Class,0
37765,0.792,High,Second Class,1
62570,0.792,High,Second Class,1
18440,0.792,High,Second Class,1
50286,0.792,High,Second Class,0
64192,0.792,High,Second Class,1
23026,0.792,High,Second Class,0
18440,0.792,High,Second Class,1
11516,0.792,High,Second Class,0
66730,0.792,High,Second Class,1
38103,0.792,High,Second Class,1
14538,0.792,High,Second Class,1
31588,0.792,High,Second Class,1
23922,0.792,High,Second Class,1
50516,0.792,High,Second Class,0
34398,0.792,High,Second Class,1
21674,0.792,High,Second Class,1
35022,0.792,High,Second Class,1
31319,0.792,High,Second Class,1
43319,0.792,High,Second Class,1
66397,0.792,High,Second Class,1
36944,0.792,High,Second Class,1
42570,0.792,High,Second Class,1
12570,0.792,High,Second Class,1
14394,0.792,High,Second Class,1
41584,0.792,High,Second Class,1
45235,0.792,High,Second Class,1
30231,0.792,High,Second Class,0
30231,0.792,High,Second Class,0
45168,0.792,High,Second Class,1
45296,0.792,High,Second Class,0
29664,0.792,High,Second Class,1
29664,0.792,High,Second Class,1
75638,0.792,High,Second Class,1
64671,0.792,High,Second Class,0
47341,0.792,High,Second Class,0
65719,0.792,High,Second Class,1
66551,0.792,High,Second Class,0
49554,0.792,High,Second Class,1
16531,0.792,High,Second Class,0
19670,0.792,High,Second Class,1
26957,0.792,High,Second Class,1
38581,0.792,High,Second Class,0
46534,0.792,High,Second Class,1
74372,0.792,High,Second Class,1
22609,0.792,High,Second Class,1
28443,0.792,High,Second Class,1
22692,0.792,High,Second Class,1
24400,0.792,High,Second Class,1
11127,0.792,High,Second Class,1
26957,0.792,High,Second Class,1
38581,0.792,High,Second Class,0
47577,0.792,High,Second Class,1
65719,0.792,High,Second Class,1
12825,0.792,High,Second Class,1
31201,0.792,High,Second Class,0
27291,0.792,High,Second Class,0
67020,0.792,High,Second Class,1
24898,0.792,High,Second Class,1
67020,0.792,High,Second Class,1
67020,0.792,High,Second Class,1
65154,0.792,High,Second Class,1
66397,0.792,High,Second Class,1
43852,0.792,High,Second Class,1
13028,0.792,High,Second Class,1
45520,0.792,High,Second Class,1
28443,0.792,High,Second Class,1
65154,0.792,High,Second Class,1
28732,0.792,High,Second Class,1
63860,0.792,High,Second Class,1
32082,0.792,High,Second Class,1
27291,0.792,High,Second Class,0
63860,0.792,High,Second Class,1
21674,0.792,High,Second Class,1
38103,0.792,High,Second Class,1
46683,0.792,High,Second Class,1
45296,0.792,High,Second Class,0
46683,0.792,High,Second Class,1
51050,0.792,High,Second Class,1
50286,0.792,High,Second Class,0
22486,0.792,High,Second Class,0
68605,0.792,High,Second Class,1
23224,0.792,High,Second Class,1
45520,0.792,High,Second Class,1
65923,0.792,High,Second Class,1
43319,0.792,High,Second Class,1
63301,0.792,High,Second Class,0
34398,0.792,High,Second Class,1
36944,0.792,High,Second Class,1
63656,0.792,High,Second Class,0
26992,0.792,High,Second Class,1
26606,0.792,High,Second Class,0
26532,0.792,High,Second Class,1
70044,0.792,High,Second Class,1
68605,0.792,High,Second Class,1
51050,0.792,High,Second Class,1
66672,0.792,High,Second Class,1
21172,0.792,High,Second Class,1
23922,0.792,High,Second Class,1
45168,0.792,High,Second Class,1
12698,0.792,High,Second Class,1
63656,0.792,High,Second Class,0
36118,0.792,High,Second Class,1
36118,0.792,High,Second Class,1
63656,0.792,High,Second Class,0
18581,0.792,High,Second Class,0
62784,0.792,High,Second Class,1
50217,0.792,High,Second Class,1
74751,0.792,High,Second Class,0
11126,0.792,High,Second Class,0
47500,0.792,High,Second Class,1
15698,0.792,High,Second Class,1
31194,0.792,High,Second Class,1
45296,0.792,High,Second Class,0
63656,0.792,High,Second Class,0
26735,0.792,High,Second Class,1
26735,0.792,High,Second Class,1
63301,0.792,High,Second Class,0
30231,0.792,High,Second Class,0
63301,0.792,High,Second Class,0
65719,0.792,High,Second Class,1
22609,0.792,High,Second Class,1
12825,0.792,High,Second Class,1
13841,0.792,High,Second Class,0
66593,0.792,High,Second Class,1
16531,0.792,High,Second Class,0
11255,0.792,High,Second Class,1
49554,0.792,High,Second Class,1
65923,0.792,High,Second Class,1
12825,0.792,High,Second Class,1
11108,0.792,High,Second Class,1
67020,0.792,High,Second Class,1
30776,0.792,High,Second Class,0
30776,0.792,High,Second Class,0
67020,0.792,High,Second Class,1
31588,0.792,High,Second Class,1
66595,0.792,High,Second Class,1
70867,0.792,High,Second Class,1
11041,0.792,High,Second Class,0
11041,0.792,High,Second Class,0
12154,0.792,High,Second Class,1
71532,0.792,High,Second Class,1
41811,0.792,High,Second Class,0
43326,0.792,High,Second Class,0
47341,0.792,High,Second Class,0
66672,0.792,High,Second Class,1
42709,0.792,High,Second Class,1
43505,0.792,High,Second Class,1
42892,0.792,High,Second Class,1
31588,0.792,High,Second Class,1
28732,0.792,High,Second Class,1
22692,0.792,High,Second Class,1
30152,0.792,High,Second Class,1
32895,0.7919,High,Second Class,1
45831,0.7919,High,Second Class,0
45831,0.7919,High,Second Class,0
45831,0.7919,High,Second Class,0
64545,0.7919,High,Second Class,1
69812,0.7919,High,Second Class,1
64545,0.7919,High,Second Class,1
13230,0.7919,High,Second Class,1
72575,0.7919,High,Second Class,1
16723,0.7918,High,Second Class,1
31541,0.7918,High,Second Class,0
48576,0.7918,High,Second Class,0
30839,0.7918,High,Second Class,1
74214,0.7918,High,Second Class,1
17420,0.7918,High,Second Class,1
33320,0.7918,High,Second Class,1
28798,0.7918,High,Second Class,1
76266,0.7918,High,Second Class,0
73608,0.7918,High,Second Class,1
15364,0.7918,High,Second Class,1
33989,0.7918,High,Second Class,1
42086,0.7918,High,Second Class,0
66128,0.7918,High,Second Class,1
46380,0.7918,High,Second Class,1
43055,0.7918,High,Second Class,1
31115,0.7918,High,Second Class,1
62759,0.7918,High,Second Class,1
18452,0.7918,High,Second Class,1
10621,0.7918,High,Second Class,0
10620,0.7918,High,Second Class,1
49127,0.7918,High,Second Class,1
45497,0.7918,High,Second Class,1
22148,0.7918,High,Second Class,1
11603,0.7918,High,Second Class,1
18635,0.7918,High,Second Class,1
28798,0.7918,High,Second Class,1
20721,0.7918,High,Second Class,0
17754,0.7918,High,Second Class,1
64424,0.7918,High,Second Class,1
62893,0.7918,High,Second Class,1
19814,0.7918,High,Second Class,1
16737,0.7918,High,Second Class,1
17754,0.7918,High,Second Class,1
22903,0.7918,High,Second Class,1
27067,0.7918,High,Second Class,1
33989,0.7918,High,Second Class,1
16737,0.7918,High,Second Class,1
10620,0.7918,High,Second Class,1
55514,0.7918,High,Second Class,1
17681,0.7918,High,Second Class,0
47022,0.7918,High,Second Class,1
68717,0.7918,High,Second Class,1
17342,0.7918,High,Second Class,1
32553,0.7918,High,Second Class,1
68919,0.7918,High,Second Class,1
65934,0.7918,High,Second Class,1
12612,0.7918,High,Second Class,1
12612,0.7918,High,Second Class,1
22903,0.7918,High,Second Class,1
66594,0.7918,High,Second Class,1
31112,0.7917,High,Second Class,1
7023,0.7917,High,Second Class,1
8543,0.7917,High,Second Class,1
59307,0.7917,High,Second Class,1
7023,0.7917,High,Second Class,1
5999,0.7917,High,Second Class,1
55514,0.7917,High,Second Class,1
323,0.7917,High,Second Class,1
323,0.7917,High,Second Class,1
9080,0.7917,High,Second Class,1
7023,0.7917,High,Second Class,1
2735,0.7917,High,Second Class,1
2735,0.7917,High,Second Class,1
45893,0.7917,High,Second Class,1
2735,0.7917,High,Second Class,1
8056,0.7917,High,Second Class,0
9080,0.7917,High,Second Class,1
52589,0.7917,High,Second Class,1
55004,0.7917,High,Second Class,1
323,0.7917,High,Second Class,1
59784,0.7917,High,Second Class,1
6071,0.7917,High,Second Class,0
54982,0.7917,High,Second Class,1
47007,0.7917,High,Second Class,1
7984,0.7917,High,Second Class,1
7984,0.7917,High,Second Class,1
7984,0.7917,High,Second Class,1
9577,0.7917,High,Second Class,1
59784,0.7917,High,Second Class,1
52589,0.7917,High,Second Class,1
55514,0.7917,High,Second Class,1
7023,0.7917,High,Second Class,1
52589,0.7917,High,Second Class,1
59784,0.7917,High,Second Class,1
40250,0.7917,High,Same Day,1
14905,0.7917,High,Second Class,1
52589,0.7917,High,Second Class,1
59784,0.7917,High,Second Class,1
6560,0.7917,High,Second Class,1
53333,0.7917,High,Second Class,1
49730,0.7917,High,Second Class,1
59307,0.7917,High,Second Class,1
14905,0.7917,High,Second Class,1
47007,0.7917,High,Second Class,1
6560,0.7917,High,Second Class,1
32082,0.7916,High,Second Class,1
77196,0.7915,High,Second Class,0
32635,0.7915,High,Second Class,1
15270,0.7915,High,Second Class,1
32635,0.7915,High,Second Class,1
36415,0.7915,High,Second Class,1
36415,0.7915,High,Second Class,1
32635,0.7915,High,Second Class,1
32635,0.7915,High,Second Class,1
36415,0.7915,High,Second Class,1
71920,0.7915,High,Second Class,1
58610,0.7915,High,Second Class,1
29547,0.7914,High,Second Class,1
64545,0.7914,High,Second Class,1
65507,0.7914,High,Second Class,1
23326,0.7914,High,Second Class,0
71730,0.7914,High,Second Class,1
45831,0.7914,High,Second Class,0
74634,0.7914,High,Second Class,1
16579,0.7914,High,Second Class,1
51105,0.7914,High,Second Class,1
31474,0.7914,High,Second Class,1
72691,0.7914,High,Second Class,0
31474,0.7914,High,Second Class,1
23325,0.7914,High,Second Class,1
23323,0.7914,High,Second Class,1
31474,0.7914,High,Second Class,1
65507,0.7914,High,Second Class,1
59219,0.7914,High,First Class,1
42003,0.7914,High,Second Class,1
59219,0.7914,High,First Class,1
18046,0.7914,High,Second Class,0
19938,0.7914,High,Second Class,1
41995,0.7914,High,Second Class,1
29547,0.7914,High,Second Class,1
65507,0.7914,High,Second Class,1
42003,0.7914,High,Second Class,1
51105,0.7914,High,Second Class,1
23787,0.7914,High,Second Class,1
73191,0.7914,High,Second Class,0
70787,0.7914,High,Second Class,1
16579,0.7914,High,Second Class,1
16579,0.7914,High,Second Class,1
32895,0.7914,High,Second Class,1
18046,0.7914,High,Second Class,0
45831,0.7914,High,Second Class,0
69829,0.7914,High,Second Class,1
23325,0.7914,High,Second Class,1
16579,0.7914,High,Second Class,1
42003,0.7914,High,Second Class,1
31474,0.7914,High,Second Class,1
23326,0.7914,High,Second Class,0
10367,0.7914,High,Second Class,1
65507,0.7914,High,Second Class,1
23326,0.7914,High,Second Class,0
23326,0.7914,High,Second Class,0
32895,0.7914,High,Second Class,1
11332,0.7914,High,Second Class,1
11332,0.7914,High,Second Class,1
13230,0.7914,High,Second Class,1
16579,0.7914,High,Second Class,1
59219,0.7914,High,First Class,1
10367,0.7914,High,Second Class,1
15635,0.7914,High,Second Class,1
29547,0.7914,High,Second Class,1
29070,0.7914,High,Second Class,1
23325,0.7914,High,Second Class,1
10367,0.7914,High,Second Class,1
23326,0.7914,High,Second Class,0
11332,0.7914,High,Second Class,1
64545,0.7914,High,Second Class,1
29547,0.7914,High,Second Class,1
15789,0.7913,High,Second Class,1
18158,0.7913,High,Second Class,1
43782,0.7913,High,Second Class,1
62895,0.7913,High,Second Class,1
21545,0.7913,High,Second Class,1
62895,0.7913,High,Second Class,1
18452,0.7913,High,Second Class,1
68717,0.7913,High,Second Class,1
65934,0.7913,High,Second Class,1
66594,0.7913,High,Second Class,1
42205,0.7913,High,Second Class,1
6568,0.7913,High,Second Class,1
15582,0.7913,High,Second Class,1
17131,0.7913,High,Second Class,0
6568,0.7913,High,Second Class,1
19539,0.7913,High,Second Class,1
31115,0.7913,High,Second Class,1
25628,0.7913,High,Second Class,1
30298,0.7913,High,Second Class,1
11257,0.7913,High,Second Class,1
32135,0.7913,High,Second Class,1
29667,0.7913,High,Second Class,1
544,0.7913,High,Second Class,1
37759,0.7913,High,Second Class,1
67022,0.7913,High,Second Class,1
15006,0.7913,High,Second Class,0
18915,0.7913,High,Second Class,1
62757,0.7913,High,Second Class,1
12021,0.7913,High,Second Class,0
17345,0.7913,High,Second Class,1
16445,0.7913,High,Second Class,1
11603,0.7913,High,Second Class,1
64700,0.7913,High,Second Class,1
15789,0.7913,High,Second Class,1
47132,0.7913,High,Second Class,1
5057,0.7912,High,Second Class,1
6431,0.7912,High,Second Class,0
6431,0.7912,High,Second Class,0
59645,0.7912,High,Second Class,1
6431,0.7912,High,Second Class,0
7429,0.7912,High,Second Class,1
5042,0.7912,High,Second Class,1
53333,0.7912,High,Second Class,1
52739,0.7912,High,Second Class,1
3118,0.7912,High,Second Class,1
9642,0.7912,High,Second Class,1
5042,0.7912,High,Second Class,1
56290,0.7912,High,Second Class,1
60340,0.7912,High,Second Class,1
60138,0.7912,High,Second Class,1
60806,0.7912,High,Second Class,0
56290,0.7912,High,Second Class,1
56290,0.7912,High,Second Class,1
3888,0.7912,High,Second Class,1
60340,0.7912,High,Second Class,1
5254,0.7912,High,Second Class,1
3610,0.7912,High,Second Class,1
60138,0.7912,High,Second Class,1
4500,0.7912,High,Second Class,1
60963,0.7912,High,Second Class,1
74856,0.7912,High,Second Class,0
54646,0.7912,High,Second Class,0
55740,0.7912,High,Second Class,1
8056,0.7912,High,Second Class,0
7429,0.7912,High,Second Class,1
53132,0.7912,High,Second Class,1
9575,0.7912,High,Second Class,1
9577,0.7912,High,Second Class,1
8543,0.7912,High,Second Class,1
5254,0.7912,High,Second Class,1
841,0.7912,High,Second Class,0
55820,0.7912,High,Second Class,1
9575,0.7912,High,Second Class,1
3610,0.7912,High,Second Class,1
54915,0.7912,High,Second Class,1
9080,0.7912,High,Second Class,1
53333,0.7912,High,Second Class,1
9080,0.7912,High,Second Class,1
4516,0.7912,High,Second Class,0
4500,0.7912,High,Second Class,1
52739,0.7912,High,Second Class,1
58767,0.7912,High,Second Class,1
58767,0.7912,High,Second Class,1
52739,0.7912,High,Second Class,1
4096,0.7912,High,Second Class,0
60806,0.7912,High,Second Class,0
6227,0.7912,High,Second Class,1
58767,0.7912,High,Second Class,1
55269,0.7912,High,Second Class,1
2100,0.7912,High,Second Class,1
53333,0.7912,High,Second Class,1
6905,0.7912,High,Second Class,1
6905,0.7912,High,Second Class,1
5999,0.7912,High,Second Class,1
9642,0.7912,High,Second Class,1
4500,0.7912,High,Second Class,1
55820,0.7912,High,Second Class,1
4500,0.7912,High,Second Class,1
8056,0.7912,High,Second Class,0
1082,0.7912,High,Second Class,1
2100,0.7912,High,Second Class,1
55269,0.7912,High,Second Class,1
1575,0.7912,High,Second Class,1
53132,0.7912,High,Second Class,1
54646,0.7912,High,Second Class,0
55269,0.7912,High,Second Class,1
55760,0.7912,High,Second Class,1
9577,0.7912,High,Second Class,1
56290,0.7912,High,Second Class,1
9080,0.7912,High,Second Class,1
60138,0.7912,High,Second Class,1
54643,0.7912,High,Second Class,1
60138,0.7912,High,Second Class,1
49730,0.7912,High,Second Class,1
9642,0.7912,High,Second Class,1
12851,0.7912,High,Second Class,0
12851,0.7912,High,Second Class,0
6905,0.7912,High,Second Class,1
55340,0.7912,High,Second Class,1
6227,0.7912,High,Second Class,1
55612,0.7912,High,Second Class,1
3610,0.7912,High,Second Class,1
1082,0.7912,High,Second Class,1
4096,0.7912,High,Second Class,0
6431,0.7912,High,Second Class,0
5999,0.7912,High,Second Class,1
53132,0.7912,High,Second Class,1
3339,0.7912,High,Second Class,1
3339,0.7912,High,Second Class,1
841,0.7912,High,Second Class,0
60806,0.7912,High,Second Class,0
7429,0.7912,High,Second Class,1
12851,0.7912,High,Second Class,0
12851,0.7912,High,Second Class,0
4096,0.7912,High,Second Class,0
58767,0.7912,High,Second Class,1
52739,0.7912,High,Second Class,1
52739,0.7912,High,Second Class,1
55760,0.7912,High,Second Class,1
8056,0.7912,High,Second Class,0
9575,0.7912,High,Second Class,1
5042,0.7912,High,Second Class,1
25532,0.7911,High,Second Class,1
25409,0.7911,High,Second Class,1
25877,0.7911,High,Second Class,1
25877,0.7911,High,Second Class,1
32082,0.7911,High,Second Class,1
54917,0.7911,High,Second Class,1
3823,0.7911,High,Second Class,1
32082,0.7911,High,Second Class,1
25409,0.7911,High,Second Class,1
25409,0.7911,High,Second Class,1
47046,0.791,High,Second Class,0
5339,0.791,High,Second Class,1
47046,0.791,High,Second Class,0
31567,0.791,High,Second Class,1
47046,0.791,High,Second Class,0
2795,0.791,High,Second Class,1
43055,0.7909,High,Second Class,1
40013,0.7909,High,Second Class,1
74046,0.7909,High,Second Class,0
16536,0.7909,High,Second Class,0
25628,0.7909,High,Second Class,1
40521,0.7909,High,Second Class,0
34008,0.7909,High,Second Class,1
21032,0.7909,High,Second Class,1
66128,0.7909,High,Second Class,1
45727,0.7909,High,Second Class,1
42205,0.7909,High,Second Class,1
11269,0.7909,High,Second Class,1
64700,0.7909,High,Second Class,1
69634,0.7909,High,Second Class,1
40521,0.7909,High,Second Class,0
46202,0.7909,High,Second Class,1
40444,0.7909,High,Second Class,1
66274,0.7909,High,Second Class,1
69400,0.7909,High,Second Class,1
42677,0.7909,High,First Class,1
15364,0.7909,High,Second Class,1
66274,0.7909,High,Second Class,1
17131,0.7909,High,Second Class,0
17681,0.7909,High,Second Class,0
42086,0.7909,High,Second Class,0
34117,0.7909,High,Second Class,1
11463,0.7909,High,Second Class,1
11511,0.7909,High,Second Class,0
42677,0.7909,High,First Class,1
17818,0.7909,High,Second Class,1
45230,0.7909,High,Second Class,1
24695,0.7909,High,Second Class,1
64756,0.7909,High,Second Class,0
67010,0.7909,High,Second Class,1
71879,0.7909,High,Second Class,1
32135,0.7909,High,Second Class,1
66274,0.7909,High,Second Class,1
62074,0.7909,High,Second Class,1
74694,0.7909,High,Second Class,1
16536,0.7909,High,Second Class,0
12612,0.7909,High,Second Class,1
65239,0.7909,High,Second Class,1
19539,0.7909,High,Second Class,1
62757,0.7909,High,Second Class,1
62759,0.7909,High,Second Class,1
40444,0.7909,High,Second Class,1
33989,0.7909,High,Second Class,1
47022,0.7909,High,Second Class,1
12564,0.7909,High,Second Class,1
50514,0.7909,High,Second Class,1
16737,0.7908,High,Second Class,1
45230,0.7908,High,Second Class,1
29124,0.7908,High,Second Class,1
71961,0.7908,High,Second Class,0
74539,0.7908,High,Second Class,1
10621,0.7908,High,Second Class,0
62893,0.7908,High,Second Class,1
62571,0.7908,High,Second Class,0
27486,0.7908,High,Second Class,0
74416,0.7908,High,Second Class,0
10620,0.7908,High,Second Class,1
14323,0.7908,High,Second Class,1
14323,0.7908,High,Second Class,1
18452,0.7908,High,Second Class,1
40013,0.7908,High,Second Class,1
45727,0.7908,High,Second Class,1
45727,0.7908,High,Second Class,1
66128,0.7908,High,Second Class,1
15582,0.7908,High,Second Class,1
67010,0.7908,High,Second Class,1
30839,0.7908,High,Second Class,1
73930,0.7908,High,Second Class,1
30839,0.7908,High,Second Class,1
25576,0.7908,High,Second Class,0
32135,0.7908,High,Second Class,1
34008,0.7908,High,Second Class,1
35169,0.7908,High,Second Class,1
15006,0.7908,High,Second Class,0
25764,0.7908,High,Second Class,1
13364,0.7908,High,Second Class,1
15006,0.7908,High,Second Class,0
75710,0.7908,High,Second Class,1
75647,0.7908,High,Second Class,1
24695,0.7908,High,Second Class,1
12612,0.7908,High,Second Class,1
67022,0.7908,High,Second Class,1
67022,0.7908,High,Second Class,1
24075,0.7908,High,Second Class,1
27486,0.7908,High,Second Class,0
45497,0.7908,High,Second Class,1
45230,0.7908,High,Second Class,1
14827,0.7908,High,Second Class,1
15582,0.7908,High,Second Class,1
65934,0.7908,High,Second Class,1
75711,0.7908,High,Second Class,0
66731,0.7908,High,Second Class,0
24075,0.7908,High,Second Class,1
22012,0.7908,High,Second Class,1
51493,0.7908,High,Second Class,1
17754,0.7908,High,Second Class,1
64291,0.7908,High,Second Class,0
45727,0.7908,High,Second Class,1
46380,0.7908,High,Second Class,1
50514,0.7908,High,Second Class,1
63644,0.7908,High,Second Class,1
544,0.7908,High,Second Class,1
15582,0.7908,High,Second Class,1
15364,0.7908,High,Second Class,1
24899,0.7908,High,Second Class,1
32135,0.7908,High,Second Class,1
51493,0.7908,High,Second Class,1
49127,0.7908,High,Second Class,1
75659,0.7908,High,Second Class,1
17342,0.7908,High,Second Class,1
16997,0.7908,High,Second Class,1
11463,0.7908,High,Second Class,1
46602,0.7908,High,Second Class,1
62757,0.7908,High,Second Class,1
64291,0.7908,High,Second Class,0
64756,0.7908,High,Second Class,0
13364,0.7908,High,Second Class,1
63056,0.7908,High,Second Class,0
25576,0.7908,High,Second Class,0
24075,0.7908,High,Second Class,1
32135,0.7908,High,Second Class,1
31590,0.7908,High,Second Class,1
31115,0.7908,High,Second Class,1
63054,0.7908,High,Second Class,1
62074,0.7908,High,Second Class,1
65934,0.7908,High,Second Class,1
12021,0.7908,High,Second Class,0
62074,0.7908,High,Second Class,1
66128,0.7908,High,Second Class,1
17818,0.7908,High,Second Class,1
34008,0.7908,High,Second Class,1
25630,0.7908,High,Second Class,1
25628,0.7908,High,Second Class,1
29667,0.7908,High,Second Class,1
12021,0.7908,High,Second Class,0
17345,0.7908,High,Second Class,1
64700,0.7908,High,Second Class,1
17204,0.7908,High,Second Class,1
17131,0.7908,High,Second Class,0
37268,0.7908,High,Second Class,1
17681,0.7908,High,Second Class,0
22148,0.7908,High,Second Class,1
16723,0.7908,High,Second Class,1
16536,0.7908,High,Second Class,0
28798,0.7908,High,Second Class,1
32553,0.7908,High,Second Class,1
28798,0.7908,High,Second Class,1
48576,0.7908,High,Second Class,0
20310,0.7908,High,Second Class,1
11717,0.7908,High,Second Class,1
68717,0.7908,High,Second Class,1
72772,0.7908,High,Second Class,1
17754,0.7908,High,Second Class,1
14323,0.7908,High,Second Class,1
23660,0.7908,High,Second Class,1
24075,0.7908,High,Second Class,1
32553,0.7908,High,Second Class,1
16445,0.7908,High,Second Class,1
31115,0.7908,High,Second Class,1
46602,0.7908,High,Second Class,1
25576,0.7908,High,Second Class,0
25576,0.7908,High,Second Class,0
22903,0.7908,High,Second Class,1
72757,0.7908,High,Second Class,1
45230,0.7908,High,Second Class,1
64756,0.7908,High,Second Class,0
19539,0.7908,High,Second Class,1
19539,0.7908,High,Second Class,1
72499,0.7908,High,Second Class,1
62895,0.7908,High,Second Class,1
62074,0.7908,High,Second Class,1
17131,0.7908,High,Second Class,0
42086,0.7908,High,Second Class,0
64424,0.7908,High,Second Class,1
36954,0.7908,High,Second Class,1
36954,0.7908,High,Second Class,1
28798,0.7908,High,Second Class,1
63056,0.7908,High,Second Class,0
24899,0.7908,High,Second Class,1
73803,0.7908,High,Second Class,1
73945,0.7908,High,Second Class,1
25628,0.7908,High,Second Class,1
12612,0.7908,High,Second Class,1
11717,0.7908,High,Second Class,1
43782,0.7908,High,Second Class,1
74542,0.7908,High,Second Class,1
21032,0.7908,High,Second Class,1
74833,0.7908,High,Second Class,1
21032,0.7908,High,Second Class,1
29124,0.7908,High,Second Class,1
17345,0.7908,High,Second Class,1
23226,0.7908,High,Second Class,0
44535,0.7908,High,Second Class,1
18591,0.7908,High,Second Class,0
70043,0.7908,High,Second Class,1
18591,0.7908,High,Second Class,0
67010,0.7908,High,Second Class,1
64291,0.7908,High,Second Class,0
68717,0.7908,High,Second Class,1
14827,0.7908,High,Second Class,1
62074,0.7908,High,Second Class,1
16950,0.7908,High,Second Class,1
48576,0.7908,High,Second Class,0
31197,0.7908,High,Second Class,1
31541,0.7908,High,Second Class,0
19539,0.7908,High,Second Class,1
18635,0.7908,High,Second Class,1
18446,0.7908,High,Second Class,0
66313,0.7908,High,Second Class,1
22903,0.7908,High,Second Class,1
23226,0.7908,High,Second Class,0
23660,0.7908,High,Second Class,1
16536,0.7908,High,Second Class,0
12021,0.7908,High,Second Class,0
13364,0.7908,High,Second Class,1
13364,0.7908,High,Second Class,1
13364,0.7908,High,Second Class,1
45727,0.7908,High,Second Class,1
43802,0.7908,High,Second Class,1
11463,0.7908,High,Second Class,1
11448,0.7908,High,Second Class,1
16950,0.7908,High,Second Class,1
23660,0.7908,High,Second Class,1
30839,0.7908,High,Second Class,1
15789,0.7908,High,Second Class,1
18446,0.7908,High,Second Class,0
66313,0.7908,High,Second Class,1
15364,0.7908,High,Second Class,1
11269,0.7908,High,Second Class,1
69486,0.7908,High,Second Class,0
64291,0.7908,High,Second Class,0
50312,0.7908,High,Second Class,1
35025,0.7908,High,Second Class,1
43802,0.7908,High,Second Class,1
43802,0.7908,High,Second Class,1
43782,0.7908,High,Second Class,1
16950,0.7908,High,Second Class,1
74879,0.7908,High,Second Class,1
67010,0.7908,High,Second Class,1
15006,0.7908,High,Second Class,0
25764,0.7908,High,Second Class,1
25764,0.7908,High,Second Class,1
16997,0.7908,High,Second Class,1
35169,0.7908,High,Second Class,1
63856,0.7908,High,Second Class,0
11448,0.7908,High,Second Class,1
11511,0.7908,High,Second Class,0
74418,0.7908,High,Second Class,1
19814,0.7908,High,Second Class,1
19814,0.7908,High,Second Class,1
66313,0.7908,High,Second Class,1
64424,0.7908,High,Second Class,1
62895,0.7908,High,Second Class,1
10620,0.7908,High,Second Class,1
17681,0.7908,High,Second Class,0
37268,0.7908,High,Second Class,1
35025,0.7908,High,Second Class,1
47132,0.7908,High,Second Class,1
11603,0.7908,High,Second Class,1
66128,0.7908,High,Second Class,1
49127,0.7908,High,Second Class,1
39078,0.7908,High,Second Class,1
37268,0.7908,High,Second Class,1
66594,0.7908,High,Second Class,1
17204,0.7908,High,Second Class,1
11257,0.7908,High,Second Class,1
17204,0.7908,High,Second Class,1
22148,0.7908,High,Second Class,1
3691,0.7908,High,Second Class,0
24899,0.7908,High,Second Class,1
18635,0.7908,High,Second Class,1
18446,0.7908,High,Second Class,0
22148,0.7908,High,Second Class,1
63054,0.7908,High,Second Class,1
11448,0.7908,High,Second Class,1
18443,0.7908,High,Second Class,1
65934,0.7908,High,Second Class,1
42086,0.7908,High,Second Class,0
75796,0.7908,High,Second Class,0
65239,0.7908,High,Second Class,1
29667,0.7908,High,Second Class,1
11717,0.7908,High,Second Class,1
35025,0.7908,High,Second Class,1
17345,0.7908,High,Second Class,1
3691,0.7908,High,Second Class,0
64291,0.7908,High,Second Class,0
24899,0.7908,High,Second Class,1
39078,0.7908,High,Second Class,1
47022,0.7908,High,Second Class,1
46602,0.7908,High,Second Class,1
43802,0.7908,High,Second Class,1
17754,0.7908,High,Second Class,1
70241,0.7908,High,Second Class,0
35025,0.7908,High,Second Class,1
11257,0.7908,High,Second Class,1
21545,0.7908,High,Second Class,1
10620,0.7908,High,Second Class,1
14323,0.7908,High,Second Class,1
30298,0.7908,High,Second Class,1
71959,0.7908,High,Second Class,1
20721,0.7908,High,Second Class,0
46602,0.7908,High,Second Class,1
24695,0.7908,High,Second Class,1
16445,0.7908,High,Second Class,1
25576,0.7908,High,Second Class,0
36659,0.7908,High,Second Class,1
48576,0.7908,High,Second Class,0
72774,0.7908,High,Second Class,1
16723,0.7908,High,Second Class,1
49127,0.7908,High,Second Class,1
49127,0.7908,High,Second Class,1
15789,0.7908,High,Second Class,1
31115,0.7908,High,Second Class,1
37268,0.7908,High,Second Class,1
3691,0.7908,High,Second Class,0
24695,0.7908,High,Second Class,1
24695,0.7908,High,Second Class,1
18635,0.7908,High,Second Class,1
27486,0.7908,High,Second Class,0
15789,0.7908,High,Second Class,1
33989,0.7908,High,Second Class,1
21534,0.7908,High,Second Class,1
48373,0.7908,High,Second Class,1
40915,0.7908,High,Second Class,1
40013,0.7908,High,Second Class,1
21244,0.7908,High,Second Class,1
21244,0.7908,High,Second Class,1
36330,0.7908,High,Second Class,1
30298,0.7908,High,Second Class,1
18591,0.7908,High,Second Class,0
34008,0.7908,High,Second Class,1
11269,0.7908,High,Second Class,1
23226,0.7908,High,Second Class,0
34117,0.7908,High,Second Class,1
75932,0.7908,High,Second Class,1
62571,0.7908,High,Second Class,0
36330,0.7908,High,Second Class,1
40013,0.7908,High,Second Class,1
51493,0.7908,High,Second Class,1
34117,0.7908,High,Second Class,1
34117,0.7908,High,Second Class,1
16737,0.7908,High,Second Class,1
24075,0.7908,High,Second Class,1
18591,0.7908,High,Second Class,0
11603,0.7908,High,Second Class,1
11603,0.7908,High,Second Class,1
11511,0.7908,High,Second Class,0
11269,0.7908,High,Second Class,1
30839,0.7908,High,Second Class,1
21244,0.7908,High,Second Class,1
64204,0.7908,High,Second Class,1
70042,0.7908,High,Second Class,1
17204,0.7908,High,Second Class,1
11257,0.7908,High,Second Class,1
61736,0.7908,High,Second Class,0
16536,0.7908,High,Second Class,0
68717,0.7908,High,Second Class,1
21534,0.7908,High,Second Class,1
66313,0.7908,High,Second Class,1
31590,0.7908,High,Second Class,1
43055,0.7908,High,Second Class,1
43802,0.7908,High,Second Class,1
43782,0.7908,High,Second Class,1
43782,0.7908,High,Second Class,1
36330,0.7908,High,Second Class,1
11031,0.7908,High,Second Class,0
66313,0.7908,High,Second Class,1
33989,0.7908,High,Second Class,1
45497,0.7908,High,Second Class,1
42640,0.7908,High,Second Class,1
15582,0.7908,High,Second Class,1
47022,0.7908,High,Second Class,1
21534,0.7908,High,Second Class,1
30298,0.7908,High,Second Class,1
36330,0.7908,High,Second Class,1
50312,0.7908,High,Second Class,1
62759,0.7908,High,Second Class,1
38789,0.7908,High,Second Class,1
15364,0.7908,High,Second Class,1
12564,0.7908,High,Second Class,1
37759,0.7908,High,Second Class,1
42166,0.7907,High,Second Class,0
40250,0.7907,High,Same Day,1
30006,0.7907,High,Second Class,0
38274,0.7907,High,Second Class,1
8748,0.7907,High,Second Class,1
42166,0.7907,High,Second Class,0
40250,0.7907,High,Same Day,1
45871,0.7906,High,Second Class,0
61570,0.7906,High,Second Class,1
58830,0.7906,High,Second Class,1
26525,0.7905,High,Second Class,1
31567,0.7905,High,Second Class,1
44877,0.7905,High,Second Class,1
9026,0.7904,High,Second Class,0
9078,0.7904,High,Second Class,1
60938,0.7904,High,Second Class,1
35528,0.7904,High,Second Class,1
1684,0.7904,High,Second Class,1
58610,0.7904,High,Second Class,1
54577,0.7904,High,Second Class,1
22889,0.7904,High,Second Class,1
58610,0.7904,High,Second Class,1
1684,0.7904,High,Second Class,1
58610,0.7904,High,Second Class,1
4770,0.7904,High,Second Class,1
59107,0.7904,High,Second Class,1
58610,0.7904,High,Second Class,1
20953,0.7904,High,Second Class,1
20953,0.7904,High,Second Class,1
38274,0.7903,High,Second Class,1
22889,0.7903,High,Second Class,1
22889,0.7903,High,Second Class,1
31112,0.7903,High,Second Class,1
56107,0.7903,High,Second Class,1
56107,0.7903,High,Second Class,1
72756,0.7903,High,Second Class,0
31112,0.7903,High,Second Class,1
14904,0.7903,High,Second Class,1
22889,0.7903,High,Second Class,1
56107,0.7903,High,Second Class,1
75834,0.7903,High,Second Class,1
54725,0.7902,High,Second Class,1
54725,0.7902,High,Second Class,1
54917,0.7902,High,Second Class,1
8005,0.7902,High,Second Class,1
6172,0.7902,High,Second Class,1
6172,0.7902,High,Second Class,1
54917,0.7902,High,Second Class,1
6172,0.7902,High,Second Class,1
54917,0.7902,High,Second Class,1
6227,0.7902,High,Second Class,1
54917,0.7902,High,Second Class,1
54725,0.7902,High,Second Class,1
61570,0.7901,High,Second Class,1
44877,0.7901,High,Second Class,1
44877,0.7901,High,Second Class,1
57049,0.79,High,Second Class,1
8011,0.79,High,Second Class,0
26728,0.79,High,Second Class,1
6287,0.79,High,Second Class,1
2795,0.79,High,Second Class,1
60883,0.79,High,Second Class,1
9574,0.79,High,Second Class,1
26728,0.79,High,Second Class,1
7003,0.79,High,Second Class,1
1481,0.79,High,Second Class,0
51301,0.79,High,Second Class,0
60938,0.79,High,Second Class,1
9452,0.79,High,Second Class,1
44877,0.79,High,Second Class,1
2913,0.79,High,Second Class,1
54916,0.79,High,Second Class,0
7467,0.79,High,Second Class,1
57049,0.79,High,Second Class,1
9078,0.79,High,Second Class,1
61487,0.79,High,Second Class,1
60875,0.79,High,Second Class,1
5319,0.79,High,Second Class,1
54916,0.79,High,Second Class,0
48328,0.79,High,First Class,1
3011,0.79,High,Second Class,0
5690,0.7899,High,Second Class,1
7822,0.7899,High,Second Class,1
19451,0.7899,High,Second Class,0
56271,0.7899,High,Second Class,0
61117,0.7899,High,Second Class,1
9321,0.7899,High,Second Class,0
9321,0.7899,High,Second Class,0
19451,0.7899,High,Second Class,0
56407,0.7899,High,Second Class,1
52575,0.7899,High,Second Class,1
5074,0.7899,High,Second Class,1
7003,0.7899,High,Second Class,1
49072,0.7899,High,Second Class,1
15921,0.7899,High,Second Class,0
5074,0.7899,High,Second Class,1
7003,0.7899,High,Second Class,1
56528,0.7899,High,Second Class,1
16059,0.7898,High,Second Class,1
36413,0.7898,High,Second Class,1
38274,0.7898,High,Second Class,1
38274,0.7898,High,Second Class,1
38274,0.7898,High,Second Class,1
72151,0.7896,High,Second Class,0
32175,0.7896,High,Second Class,1
32515,0.7896,High,Second Class,1
32515,0.7896,High,Second Class,1
45871,0.7896,High,Second Class,0
53404,0.7895,High,Second Class,1
3692,0.7895,High,Second Class,1
26728,0.7895,High,Second Class,1
8954,0.7895,High,Second Class,1
4969,0.7895,High,Second Class,1
2395,0.7895,High,Second Class,1
3692,0.7895,High,Second Class,1
49072,0.7895,High,Second Class,1
26728,0.7895,High,Second Class,1
794,0.7895,High,Second Class,1
57451,0.7895,High,Second Class,0
59793,0.7895,High,Second Class,1
59793,0.7895,High,Second Class,1
9452,0.7895,High,Second Class,1
58830,0.7895,High,Second Class,1
7983,0.7895,High,Second Class,1
3692,0.7895,High,Second Class,1
7983,0.7895,High,Second Class,1
3692,0.7895,High,Second Class,1
60341,0.7895,High,Second Class,0
26525,0.7895,High,Second Class,1
9574,0.7895,High,Second Class,1
1481,0.7895,High,Second Class,0
7983,0.7895,High,Second Class,1
52262,0.7895,High,Second Class,1
27973,0.7895,High,Second Class,1
74755,0.7895,High,Second Class,1
26525,0.7895,High,Second Class,1
59793,0.7895,High,Second Class,1
59793,0.7895,High,Second Class,1
26728,0.7895,High,Second Class,1
5339,0.7895,High,Second Class,1
72230,0.7895,High,Second Class,1
5319,0.7895,High,Second Class,1
794,0.7895,High,Second Class,1
58830,0.7895,High,Second Class,1
7467,0.7895,High,Second Class,1
7983,0.7895,High,Second Class,1
2913,0.7895,High,Second Class,1
9452,0.7895,High,Second Class,1
7983,0.7895,High,Second Class,1
58926,0.7894,High,Second Class,0
2263,0.7894,High,Second Class,1
54128,0.7894,High,Second Class,1
58169,0.7894,High,Second Class,1
23405,0.7894,High,Second Class,1
49072,0.7894,High,Second Class,1
52763,0.7894,High,Second Class,1
56203,0.7894,High,Second Class,1
8304,0.7894,High,Second Class,1
8304,0.7894,High,Second Class,1
51866,0.7894,High,Second Class,0
6795,0.7894,High,Second Class,1
52575,0.7894,High,Second Class,1
53310,0.7894,High,Second Class,1
19451,0.7894,High,Second Class,0
9321,0.7894,High,Second Class,0
10033,0.7894,High,Second Class,1
1121,0.7894,High,Second Class,0
30982,0.7894,High,Second Class,1
61117,0.7894,High,Second Class,1
10162,0.7894,High,Second Class,1
8390,0.7894,High,Second Class,1
45871,0.7891,High,Second Class,0
3896,0.789,High,Second Class,0
51301,0.789,High,Second Class,0
3011,0.789,High,Second Class,0
4913,0.789,High,Second Class,1
52262,0.789,High,Second Class,1
52262,0.789,High,Second Class,1
52199,0.789,High,Second Class,1
52575,0.789,High,Second Class,1
52575,0.789,High,Second Class,1
53005,0.789,High,Second Class,1
51301,0.789,High,Second Class,0
52322,0.789,High,Second Class,1
5319,0.789,High,Second Class,1
52322,0.789,High,Second Class,1
52322,0.789,High,Second Class,1
60414,0.789,High,Second Class,1
52322,0.789,High,Second Class,1
20088,0.789,High,Second Class,1
20088,0.789,High,Second Class,1
3896,0.789,High,Second Class,0
3337,0.789,High,Second Class,1
57194,0.789,High,Second Class,1
59932,0.789,High,Second Class,1
7003,0.789,High,Second Class,1
4913,0.789,High,Second Class,1
54577,0.789,High,Second Class,1
2395,0.789,High,Second Class,1
51301,0.789,High,Second Class,0
60962,0.789,High,Second Class,1
60962,0.789,High,Second Class,1
60875,0.789,High,Second Class,1
2913,0.789,High,Second Class,1
59646,0.789,High,Second Class,0
60875,0.789,High,Second Class,1
57945,0.789,High,Second Class,1
57945,0.789,High,Second Class,1
776,0.789,High,Second Class,0
4913,0.789,High,Second Class,1
52322,0.789,High,Second Class,1
2795,0.789,High,Second Class,1
52262,0.789,High,Second Class,1
1901,0.789,High,Second Class,0
60341,0.789,High,Second Class,0
55613,0.789,High,Second Class,1
7467,0.789,High,Second Class,1
57945,0.789,High,Second Class,1
56279,0.789,High,Second Class,1
4913,0.789,High,Second Class,1
3896,0.789,High,Second Class,0
7467,0.789,High,Second Class,1
2913,0.789,High,Second Class,1
9574,0.789,High,Second Class,1
59644,0.789,High,Second Class,1
1901,0.789,High,Second Class,0
59646,0.789,High,Second Class,0
5339,0.789,High,Second Class,1
60875,0.789,High,Second Class,1
6287,0.789,High,Second Class,1
56407,0.789,High,Second Class,1
56407,0.789,High,Second Class,1
60962,0.789,High,Second Class,1
60938,0.789,High,Second Class,1
59646,0.789,High,Second Class,0
59646,0.789,High,Second Class,0
56279,0.789,High,Second Class,1
1901,0.789,High,Second Class,0
7467,0.789,High,Second Class,1
7003,0.789,High,Second Class,1
56407,0.789,High,Second Class,1
1684,0.789,High,Second Class,1
1684,0.789,High,Second Class,1
54916,0.789,High,Second Class,0
53028,0.789,High,Second Class,1
52262,0.789,High,Second Class,1
53028,0.789,High,Second Class,1
1481,0.789,High,Second Class,0
60962,0.789,High,Second Class,1
56407,0.789,High,Second Class,1
53028,0.789,High,Second Class,1
52575,0.789,High,Second Class,1
60962,0.789,High,Second Class,1
61487,0.789,High,Second Class,1
5339,0.789,High,Second Class,1
57945,0.789,High,Second Class,1
2795,0.789,High,Second Class,1
3896,0.789,High,Second Class,0
3896,0.789,High,Second Class,0
60341,0.789,High,Second Class,0
57049,0.789,High,Second Class,1
9574,0.789,High,Second Class,1
1684,0.789,High,Second Class,1
4675,0.789,High,Second Class,1
4675,0.789,High,Second Class,1
4969,0.789,High,Second Class,1
54916,0.789,High,Second Class,0
4770,0.789,High,Second Class,1
5319,0.789,High,Second Class,1
61487,0.789,High,Second Class,1
57945,0.789,High,Second Class,1
1901,0.789,High,Second Class,0
1901,0.789,High,Second Class,0
59644,0.789,High,Second Class,1
57049,0.789,High,Second Class,1
776,0.789,High,Second Class,0
9574,0.789,High,Second Class,1
57049,0.789,High,Second Class,1
20088,0.789,High,Second Class,1
20088,0.789,High,Second Class,1
30982,0.7889,High,Second Class,1
57571,0.7889,High,Second Class,0
58239,0.7889,High,Second Class,1
57165,0.7889,High,Second Class,1
55723,0.7889,High,Second Class,1
9321,0.7889,High,Second Class,0
30978,0.7889,High,Second Class,1
6795,0.7889,High,Second Class,1
53945,0.7889,High,Second Class,1
8508,0.7889,High,Second Class,1
30978,0.7889,High,Second Class,1
30982,0.7889,High,Second Class,1
53329,0.7889,High,Second Class,1
57164,0.7889,High,Second Class,1
56459,0.7889,High,Second Class,1
56756,0.7889,High,Second Class,0
6884,0.7889,High,Second Class,1
52850,0.7889,High,Second Class,1
55789,0.7889,High,Second Class,1
23405,0.7888,High,Second Class,1
51975,0.7887,High,Second Class,1
51975,0.7887,High,Second Class,1
9306,0.7886,High,Second Class,0
45871,0.7886,High,Second Class,0
8011,0.7886,High,Second Class,0
45871,0.7886,High,Second Class,0
8011,0.7886,High,Second Class,0
8011,0.7886,High,Second Class,0
8011,0.7886,High,Second Class,0
54128,0.7885,High,Second Class,1
58926,0.7885,High,Second Class,0
56459,0.7885,High,Second Class,1
9824,0.7885,High,Second Class,1
56064,0.7885,High,Second Class,1
10033,0.7885,High,Second Class,1
10033,0.7885,High,Second Class,1
53945,0.7885,High,Second Class,1
5758,0.7885,High,Second Class,1
1121,0.7885,High,Second Class,0
5758,0.7885,High,Second Class,1
56203,0.7885,High,Second Class,1
51450,0.7885,High,Second Class,1
2263,0.7885,High,Second Class,1
33976,0.7885,High,Second Class,0
33976,0.7885,High,Second Class,0
8390,0.7885,High,Second Class,1
11253,0.7885,High,Second Class,1
57223,0.7885,High,Second Class,1
58050,0.7885,High,Second Class,1
488,0.7885,High,Second Class,1
7746,0.7885,High,Second Class,0
57571,0.7885,High,Second Class,0
52763,0.7884,High,Second Class,1
3726,0.7884,High,Second Class,0
53310,0.7884,High,Second Class,1
53310,0.7884,High,Second Class,1
52763,0.7884,High,Second Class,1
52850,0.7884,High,Second Class,1
57223,0.7884,High,Second Class,1
57165,0.7884,High,Second Class,1
58239,0.7884,High,Second Class,1
54128,0.7884,High,Second Class,1
7822,0.7884,High,Second Class,1
58239,0.7884,High,Second Class,1
57165,0.7884,High,Second Class,1
5690,0.7884,High,Second Class,1
10162,0.7884,High,Second Class,1
52499,0.7884,High,Second Class,1
51547,0.7884,High,Second Class,1
56271,0.7884,High,Second Class,0
56528,0.7884,High,Second Class,1
51450,0.7884,High,Second Class,1
10162,0.7884,High,Second Class,1
3236,0.7884,High,Second Class,0
53945,0.7884,High,Second Class,1
56528,0.7884,High,Second Class,1
54128,0.7884,High,Second Class,1
58239,0.7884,High,Second Class,1
52499,0.7884,High,Second Class,1
57223,0.7884,High,Second Class,1
54890,0.7884,High,Second Class,1
60444,0.7884,High,Second Class,1
5758,0.7884,High,Second Class,1
56941,0.7884,High,Second Class,0
10033,0.7884,High,Second Class,1
7822,0.7884,High,Second Class,1
58239,0.7884,High,Second Class,1
2263,0.7884,High,Second Class,1
2263,0.7884,High,Second Class,1
53321,0.7884,High,Second Class,0
53321,0.7884,High,Second Class,0
3726,0.7884,High,Second Class,0
56203,0.7884,High,Second Class,1
53321,0.7884,High,Second Class,0
57571,0.7884,High,Second Class,0
8508,0.7884,High,Second Class,1
55179,0.7884,High,Second Class,1
52499,0.7884,High,Second Class,1
1394,0.7884,High,Second Class,1
51450,0.7884,High,Second Class,1
56528,0.7884,High,Second Class,1
55723,0.7884,High,Second Class,1
53712,0.7884,High,Second Class,1
55723,0.7884,High,Second Class,1
57164,0.7884,High,Second Class,1
26775,0.7884,High,Second Class,1
55789,0.7884,High,Second Class,1
10162,0.7884,High,Second Class,1
56756,0.7884,High,Second Class,0
55179,0.7884,High,Second Class,1
6884,0.7884,High,Second Class,1
58926,0.7884,High,Second Class,0
61117,0.7884,High,Second Class,1
4199,0.7884,High,Second Class,1
58926,0.7884,High,Second Class,0
51450,0.7884,High,Second Class,1
58169,0.7884,High,Second Class,1
56941,0.7884,High,Second Class,0
56271,0.7884,High,Second Class,0
9321,0.7884,High,Second Class,0
5832,0.7884,High,Second Class,1
10162,0.7884,High,Second Class,1
5690,0.7884,High,Second Class,1
51547,0.7884,High,Second Class,1
52059,0.7884,High,Second Class,1
7746,0.7884,High,Second Class,0
1189,0.7884,High,Second Class,1
8748,0.7884,High,Second Class,1
56459,0.7884,High,Second Class,1
10033,0.7884,High,Second Class,1
5758,0.7884,High,Second Class,1
52850,0.7884,High,Second Class,1
55179,0.7884,High,Second Class,1
8304,0.7884,High,Second Class,1
8508,0.7884,High,Second Class,1
56941,0.7884,High,Second Class,0
56459,0.7884,High,Second Class,1
3726,0.7884,High,Second Class,0
57164,0.7884,High,Second Class,1
51450,0.7884,High,Second Class,1
53945,0.7884,High,Second Class,1
54627,0.7884,High,Second Class,1
54627,0.7884,High,Second Class,1
2292,0.7884,High,Second Class,1
53310,0.7884,High,Second Class,1
2292,0.7884,High,Second Class,1
101,0.7884,High,Second Class,0
52782,0.7884,High,Second Class,1
56941,0.7884,High,Second Class,0
53321,0.7884,High,Second Class,0
53321,0.7884,High,Second Class,0
57223,0.7884,High,Second Class,1
55179,0.7884,High,Second Class,1
1121,0.7884,High,Second Class,0
9824,0.7884,High,Second Class,1
58926,0.7884,High,Second Class,0
2292,0.7884,High,Second Class,1
101,0.7884,High,Second Class,0
54128,0.7884,High,Second Class,1
6884,0.7884,High,Second Class,1
55789,0.7884,High,Second Class,1
5690,0.7884,High,Second Class,1
58169,0.7884,High,Second Class,1
6795,0.7884,High,Second Class,1
55723,0.7884,High,Second Class,1
1189,0.7884,High,Second Class,1
51866,0.7884,High,Second Class,0
10145,0.7884,High,Second Class,1
61117,0.7884,High,Second Class,1
56064,0.7884,High,Second Class,1
56941,0.7884,High,Second Class,0
7822,0.7884,High,Second Class,1
9824,0.7884,High,Second Class,1
55789,0.7884,High,Second Class,1
55789,0.7884,High,Second Class,1
101,0.7884,High,Second Class,0
101,0.7884,High,Second Class,0
51866,0.7884,High,Second Class,0
53310,0.7884,High,Second Class,1
2263,0.7884,High,Second Class,1
18851,0.7883,High,Second Class,0
23405,0.7883,High,Second Class,1
72491,0.7883,High,Second Class,0
40152,0.7883,High,First Class,1
23405,0.7883,High,Second Class,1
23405,0.7883,High,Second Class,1
29834,0.7883,High,Second Class,1
69485,0.7883,High,Second Class,1
8455,0.7882,High,Second Class,1
32515,0.7882,High,Second Class,1
32515,0.7882,High,Second Class,1
32175,0.7882,High,Second Class,1
44291,0.7882,High,First Class,1
9306,0.7882,High,Second Class,0
76305,0.7882,High,Second Class,1
32175,0.7882,High,Second Class,1
57653,0.7882,High,Second Class,1
68754,0.7881,High,First Class,0
33074,0.7881,High,Second Class,1
33074,0.7881,High,Second Class,1
53404,0.7881,High,Second Class,1
53404,0.7881,High,Second Class,1
57451,0.7881,High,Second Class,0
45748,0.7881,High,Second Class,1
14962,0.7881,High,Second Class,1
14962,0.7881,High,Second Class,1
14962,0.7881,High,Second Class,1
57451,0.7881,High,Second Class,0
10185,0.7881,High,Second Class,1
10185,0.7881,High,Second Class,1
53404,0.7881,High,Second Class,1
33074,0.7881,High,Second Class,1
10185,0.7881,High,Second Class,1
45748,0.7881,High,Second Class,1
14962,0.7881,High,Second Class,1
53404,0.7881,High,Second Class,1
36049,0.788,High,Second Class,1
8748,0.788,High,Second Class,1
68754,0.7879,High,First Class,0
68754,0.7879,High,First Class,0
55230,0.7879,High,Second Class,1
57653,0.7878,High,Second Class,1
39658,0.7878,High,Second Class,1
57653,0.7878,High,Second Class,1
23685,0.7878,High,Second Class,1
39658,0.7878,High,Second Class,1
7361,0.7877,High,Second Class,0
9306,0.7877,High,Second Class,0
7206,0.7877,High,Second Class,0
55726,0.7877,High,Second Class,0
53997,0.7877,High,Second Class,1
2757,0.7877,High,Second Class,1
9471,0.7877,High,Second Class,0
3054,0.7876,High,Second Class,1
3054,0.7876,High,Second Class,1
52059,0.7875,High,Second Class,1
52801,0.7875,High,Second Class,0
39159,0.7875,High,Second Class,1
39159,0.7875,High,Second Class,1
52059,0.7875,High,Second Class,1
39159,0.7875,High,Second Class,1
52801,0.7875,High,Second Class,0
6136,0.7875,High,Second Class,0
5821,0.7875,High,Second Class,0
39159,0.7875,High,Second Class,1
39159,0.7875,High,Second Class,1
58479,0.7875,High,Second Class,1
52059,0.7875,High,Second Class,1
52801,0.7875,High,Second Class,0
66784,0.7875,High,Same Day,1
66784,0.7875,High,Same Day,1
58479,0.7875,High,Second Class,1
52059,0.7875,High,Second Class,1
6136,0.7875,High,Second Class,0
36369,0.7875,High,Second Class,1
6136,0.7875,High,Second Class,0
36369,0.7875,High,Second Class,1
36369,0.7875,High,Second Class,1
6136,0.7875,High,Second Class,0
58479,0.7875,High,Second Class,1
44291,0.7874,High,First Class,1
68754,0.7874,High,First Class,0
55650,0.7874,High,Second Class,1
53320,0.7874,High,Second Class,1
23685,0.7874,High,Second Class,1
53320,0.7874,High,Second Class,1
55650,0.7874,High,Second Class,1
46743,0.7874,High,Second Class,1
18851,0.7873,High,Second Class,0
19400,0.7873,High,Second Class,1
18851,0.7873,High,Second Class,0
18851,0.7873,High,Second Class,0
23685,0.7873,High,Second Class,1
35673,0.7873,High,Second Class,1
66784,0.7873,High,Same Day,1
19400,0.7873,High,Second Class,1
35673,0.7873,High,Second Class,1
18851,0.7873,High,Second Class,0
57653,0.7873,High,Second Class,1
44771,0.7872,High,Second Class,0
61482,0.7872,High,Second Class,1
1400,0.7872,High,Second Class,1
52155,0.7872,High,Second Class,1
56050,0.7872,High,Second Class,1
2757,0.7872,High,Second Class,1
48681,0.7872,High,Second Class,0
4276,0.7872,High,Second Class,0
10020,0.7872,High,Second Class,1
52407,0.7872,High,Second Class,1
8388,0.7872,High,Second Class,1
45156,0.7872,High,Second Class,0
61482,0.7872,High,Second Class,1
52502,0.7872,High,Second Class,1
360,0.7872,High,Second Class,1
4126,0.7872,High,Second Class,0
10185,0.7871,High,Second Class,1
10185,0.7871,High,Second Class,1
18759,0.7871,High,Second Class,1
45156,0.7871,High,Second Class,0
33074,0.7871,High,Second Class,1
45156,0.7871,High,Second Class,0
29577,0.7871,High,Second Class,1
53343,0.787,High,Second Class,1
12323,0.787,High,Second Class,1
1513,0.7869,High,Second Class,1
52277,0.7869,High,Second Class,1
57754,0.7869,High,Second Class,1
38642,0.7869,High,Second Class,1
39909,0.7869,High,Second Class,1
68824,0.7869,High,Second Class,1
6587,0.7869,High,Second Class,1
38642,0.7868,High,Second Class,1
57653,0.7868,High,Second Class,1
7482,0.7868,High,Second Class,1
66934,0.7868,High,Second Class,1
32976,0.7868,High,Second Class,0
32976,0.7868,High,Second Class,0
38642,0.7868,High,Second Class,1
38642,0.7868,High,Second Class,1
25665,0.7868,High,Second Class,1
6120,0.7867,High,Second Class,1
58800,0.7867,High,Second Class,1
7966,0.7867,High,Second Class,0
4126,0.7867,High,Second Class,0
4126,0.7867,High,Second Class,0
4880,0.7867,High,Second Class,1
4126,0.7867,High,Second Class,0
58800,0.7867,High,Second Class,1
58468,0.7867,High,Second Class,1
9471,0.7867,High,Second Class,0
58468,0.7867,High,Second Class,1
44947,0.7867,High,Second Class,1
7482,0.7867,High,Second Class,1
7966,0.7867,High,Second Class,0
52827,0.7867,High,Second Class,1
8455,0.7867,High,Second Class,1
8455,0.7867,High,Second Class,1
8455,0.7867,High,Second Class,1
58590,0.7867,High,Second Class,1
7206,0.7867,High,Second Class,0
10020,0.7867,High,Second Class,1
58800,0.7867,High,Second Class,1
58726,0.7867,High,Second Class,0
4126,0.7867,High,Second Class,0
58800,0.7867,High,Second Class,1
53997,0.7867,High,Second Class,1
52577,0.7867,High,Second Class,1
36049,0.7866,High,Second Class,1
36049,0.7866,High,Second Class,1
30913,0.7866,High,Second Class,1
21421,0.7866,High,Second Class,0
68754,0.7866,High,First Class,0
36049,0.7866,High,Second Class,1
75716,0.7866,High,Second Class,0
54041,0.7865,High,Second Class,0
66784,0.7865,High,Same Day,1
24440,0.7865,High,Second Class,1
66784,0.7865,High,Same Day,1
54041,0.7865,High,Second Class,0
3856,0.7864,High,Second Class,0
68494,0.7864,High,Same Day,1
68494,0.7864,High,Same Day,1
58726,0.7863,High,Second Class,0
3090,0.7863,High,Second Class,1
23685,0.7863,High,Second Class,1
360,0.7863,High,Second Class,1
4276,0.7863,High,Second Class,0
4880,0.7863,High,Second Class,1
8388,0.7863,High,Second Class,1
2005,0.7863,High,Second Class,1
52479,0.7863,High,Second Class,1
2005,0.7863,High,Second Class,1
6120,0.7863,High,Second Class,1
3090,0.7863,High,Second Class,1
56050,0.7863,High,Second Class,1
52155,0.7863,High,Second Class,1
1400,0.7863,High,Second Class,1
9471,0.7863,High,Second Class,0
23685,0.7863,High,Second Class,1
360,0.7863,High,Second Class,1
1400,0.7863,High,Second Class,1
154,0.7863,High,Second Class,1
53307,0.7863,High,Second Class,1
2757,0.7863,High,Second Class,1
9012,0.7863,High,Second Class,1
154,0.7862,High,Second Class,1
60505,0.7862,High,Second Class,1
58590,0.7862,High,Second Class,1
59971,0.7862,High,Second Class,0
2005,0.7862,High,Second Class,1
7,0.7862,High,Second Class,1
4880,0.7862,High,Second Class,1
7206,0.7862,High,Second Class,0
52479,0.7862,High,Second Class,1
53878,0.7862,High,Second Class,1
57647,0.7862,High,Second Class,1
52827,0.7862,High,Second Class,1
53878,0.7862,High,Second Class,1
61479,0.7862,High,Second Class,1
10020,0.7862,High,Second Class,1
55726,0.7862,High,Second Class,0
1400,0.7862,High,Second Class,1
154,0.7862,High,Second Class,1
8116,0.7862,High,Second Class,0
55791,0.7862,High,Second Class,0
7361,0.7862,High,Second Class,0
58590,0.7862,High,Second Class,1
55726,0.7862,High,Second Class,0
52827,0.7862,High,Second Class,1
10161,0.7862,High,Second Class,0
58866,0.7862,High,Second Class,0
4880,0.7862,High,Second Class,1
2020,0.7862,High,Second Class,1
154,0.7862,High,Second Class,1
8102,0.7862,High,Second Class,1
8102,0.7862,High,Second Class,1
52272,0.7862,High,Second Class,1
59613,0.7862,High,Second Class,1
52272,0.7862,High,Second Class,1
59613,0.7862,High,Second Class,1
57647,0.7862,High,Second Class,1
4276,0.7862,High,Second Class,0
52407,0.7862,High,Second Class,1
3090,0.7862,High,Second Class,1
3090,0.7862,High,Second Class,1
52502,0.7862,High,Second Class,1
52502,0.7862,High,Second Class,1
52705,0.7862,High,Second Class,1
52705,0.7862,High,Second Class,1
6120,0.7862,High,Second Class,1
52705,0.7862,High,Second Class,1
61479,0.7862,High,Second Class,1
9554,0.7862,High,Second Class,1
52705,0.7862,High,Second Class,1
6120,0.7862,High,Second Class,1
9471,0.7862,High,Second Class,0
55161,0.7862,High,Second Class,0
61482,0.7862,High,Second Class,1
61479,0.7862,High,Second Class,1
7,0.7862,High,Second Class,1
9471,0.7862,High,Second Class,0
6120,0.7862,High,Second Class,1
55791,0.7862,High,Second Class,0
55791,0.7862,High,Second Class,0
56050,0.7862,High,Second Class,1
59897,0.7862,High,Second Class,1
10161,0.7862,High,Second Class,0
7,0.7862,High,Second Class,1
59533,0.7862,High,Second Class,1
7361,0.7862,High,Second Class,0
55161,0.7862,High,Second Class,0
58590,0.7862,High,Second Class,1
58726,0.7862,High,Second Class,0
53878,0.7862,High,Second Class,1
10161,0.7862,High,Second Class,0
2757,0.7862,High,Second Class,1
1400,0.7862,High,Second Class,1
59613,0.7862,High,Second Class,1
56050,0.7862,High,Second Class,1
52479,0.7862,High,Second Class,1
52272,0.7862,High,Second Class,1
59897,0.7862,High,Second Class,1
9554,0.7862,High,Second Class,1
53878,0.7862,High,Second Class,1
2005,0.7862,High,Second Class,1
2757,0.7862,High,Second Class,1
4276,0.7862,High,Second Class,0
7748,0.7862,High,Second Class,1
8116,0.7862,High,Second Class,0
8658,0.7862,High,Second Class,1
55575,0.7862,High,Second Class,1
55575,0.7862,High,Second Class,1
52155,0.7862,High,Second Class,1
52155,0.7862,High,Second Class,1
8102,0.7862,High,Second Class,1
7361,0.7862,High,Second Class,0
7361,0.7862,High,Second Class,0
55652,0.7862,High,Second Class,1
55226,0.7862,High,Second Class,0
55652,0.7862,High,Second Class,1
59613,0.7862,High,Second Class,1
59897,0.7862,High,Second Class,1
7362,0.7862,High,Second Class,1
52503,0.7862,High,Second Class,1
54762,0.7862,High,Second Class,1
52502,0.7862,High,Second Class,1
58468,0.7862,High,Second Class,1
52827,0.7862,High,Second Class,1
61482,0.7862,High,Second Class,1
61482,0.7862,High,Second Class,1
360,0.7862,High,Second Class,1
3090,0.7862,High,Second Class,1
55161,0.7862,High,Second Class,0
55791,0.7862,High,Second Class,0
59003,0.7862,High,Second Class,1
360,0.7862,High,Second Class,1
58866,0.7862,High,Second Class,0
52827,0.7862,High,Second Class,1
10161,0.7862,High,Second Class,0
59613,0.7862,High,Second Class,1
53878,0.7862,High,Second Class,1
52705,0.7862,High,Second Class,1
4883,0.7862,High,Second Class,1
4880,0.7862,High,Second Class,1
18759,0.7861,High,Second Class,1
18759,0.7861,High,Second Class,1
18759,0.7861,High,Second Class,1
30913,0.7861,High,Second Class,1
16562,0.7861,High,Second Class,1
18759,0.7861,High,Second Class,1
58274,0.786,High,Second Class,1
58274,0.786,High,Second Class,1
58274,0.786,High,Second Class,1
40127,0.786,High,Second Class,1
66643,0.786,High,First Class,1
66643,0.786,High,First Class,1
58274,0.786,High,Second Class,1
71448,0.786,High,Second Class,1
60323,0.786,High,Second Class,1
15751,0.786,High,Second Class,0
52365,0.7859,High,Second Class,1
69542,0.7859,High,Second Class,1
2262,0.7859,High,Second Class,1
52365,0.7859,High,Second Class,1
52365,0.7859,High,Second Class,1
52365,0.7859,High,Second Class,1
3082,0.7858,High,Second Class,1
58954,0.7858,High,Second Class,1
25665,0.7858,High,Second Class,1
3082,0.7858,High,Second Class,1
3082,0.7858,High,Second Class,1
25665,0.7858,High,Second Class,1
3082,0.7858,High,Second Class,1
9012,0.7858,High,Second Class,1
26168,0.7858,High,First Class,1
9012,0.7858,High,Second Class,1
25665,0.7858,High,Second Class,1
9012,0.7858,High,Second Class,1
31710,0.7857,High,Second Class,1
50930,0.7856,High,Second Class,1
39585,0.7856,High,First Class,0
21421,0.7856,High,Second Class,0
68494,0.7856,High,Same Day,1
1513,0.7856,High,Second Class,1
68494,0.7856,High,Same Day,1
7434,0.7856,High,Second Class,1
21421,0.7856,High,Second Class,0
21421,0.7856,High,Second Class,0
68494,0.7856,High,Same Day,1
52010,0.7856,High,Second Class,1
50079,0.7855,High,Second Class,1
42570,0.7855,High,Second Class,1
15751,0.7855,High,Second Class,0
50402,0.7855,High,Second Class,1
62403,0.7855,High,Second Class,1
2262,0.7854,High,Second Class,1
56508,0.7853,High,Second Class,1
8640,0.7853,High,Second Class,1
36982,0.7853,High,Same Day,1
31496,0.7853,High,Second Class,0
36982,0.7853,High,Same Day,1
8640,0.7853,High,Second Class,1
6587,0.7852,High,Second Class,1
52409,0.7852,High,Second Class,1
75667,0.7852,High,Second Class,1
52409,0.7852,High,Second Class,1
54878,0.7852,High,Second Class,1
8640,0.7852,High,Second Class,1
8640,0.7852,High,Second Class,1
54878,0.7852,High,Second Class,1
52806,0.7852,High,Second Class,0
54878,0.7852,High,Second Class,1
54878,0.7852,High,Second Class,1
8640,0.7852,High,Second Class,1
69638,0.7851,High,Second Class,1
40814,0.7851,High,Second Class,1
72046,0.785,High,Second Class,0
50079,0.785,High,Second Class,1
26168,0.785,High,First Class,1
2262,0.7849,High,Second Class,1
2262,0.7849,High,Second Class,1
39909,0.7849,High,Second Class,1
39585,0.7848,High,First Class,0
39585,0.7848,High,First Class,0
47008,0.7848,High,Second Class,1
39585,0.7848,High,First Class,0
39585,0.7848,High,First Class,0
14981,0.7847,High,First Class,1
14981,0.7847,High,First Class,1
58113,0.7847,High,Second Class,1
14981,0.7847,High,First Class,1
52010,0.7847,High,Second Class,1
58113,0.7847,High,Second Class,1
58113,0.7847,High,Second Class,1
52010,0.7847,High,Second Class,1
1513,0.7847,High,Second Class,1
14981,0.7847,High,First Class,1
1513,0.7847,High,Second Class,1
6587,0.7847,High,Second Class,1
6587,0.7847,High,Second Class,1
58113,0.7847,High,Second Class,1
57754,0.7847,High,Second Class,1
57754,0.7847,High,Second Class,1
52277,0.7847,High,Second Class,1
6587,0.7847,High,Second Class,1
52010,0.7847,High,Second Class,1
55737,0.7847,High,Second Class,1
58573,0.7846,High,First Class,1
50079,0.7845,High,Second Class,1
50079,0.7845,High,Second Class,1
34893,0.7844,High,Second Class,1
57325,0.7843,High,Second Class,1
69483,0.7843,High,Second Class,1
57325,0.7843,High,Second Class,1
30901,0.7843,High,Second Class,0
57325,0.7843,High,Second Class,1
55453,0.7842,High,Second Class,1
32588,0.7842,High,Second Class,1
41634,0.7842,High,First Class,0
28495,0.7841,High,Second Class,1
28495,0.7841,High,Second Class,1
55737,0.7841,High,Second Class,1
24959,0.784,High,Second Class,1
24959,0.784,High,Second Class,1
57759,0.784,High,Second Class,1
24959,0.784,High,Second Class,1
24959,0.784,High,Second Class,1
33757,0.784,High,Second Class,1
33758,0.784,High,Second Class,1
51081,0.7839,High,Second Class,0
34893,0.7839,High,Second Class,1
34893,0.7839,High,Second Class,1
17945,0.7839,High,Second Class,1
10833,0.7839,High,Second Class,1
10833,0.7839,High,Second Class,1
51081,0.7839,High,Second Class,0
14981,0.7838,High,First Class,1
31496,0.7838,High,Second Class,0
31496,0.7838,High,Second Class,0
17945,0.7838,High,Second Class,1
27281,0.7838,High,Second Class,0
36370,0.7837,High,Second Class,1
8915,0.7837,High,Second Class,1
55453,0.7837,High,Second Class,1
36370,0.7837,High,Second Class,1
32588,0.7837,High,Second Class,1
32588,0.7837,High,Second Class,1
73308,0.7837,High,Second Class,1
36370,0.7837,High,Second Class,1
32588,0.7837,High,Second Class,1
55453,0.7837,High,Second Class,1
31710,0.7837,High,Second Class,1
36370,0.7837,High,Second Class,1
36370,0.7837,High,Second Class,1
31710,0.7837,High,Second Class,1
8915,0.7837,High,Second Class,1
55737,0.7836,High,Second Class,1
62124,0.7836,High,Second Class,1
55737,0.7836,High,Second Class,1
62124,0.7836,High,Second Class,1
62124,0.7836,High,Second Class,1
54139,0.7836,High,Second Class,1
10833,0.7835,High,Second Class,1
19551,0.7835,High,Second Class,0
15164,0.7834,High,Second Class,1
53846,0.7834,High,Second Class,0
47008,0.7834,High,Second Class,1
47008,0.7834,High,Second Class,1
6460,0.7834,High,Second Class,1
47008,0.7834,High,Second Class,1
15164,0.7834,High,Second Class,1
560,0.7834,High,Second Class,1
51081,0.7834,High,Second Class,0
47008,0.7834,High,Second Class,1
171,0.7834,High,Second Class,0
60893,0.7833,High,Second Class,1
30901,0.7833,High,Second Class,0
30901,0.7833,High,Second Class,0
30901,0.7833,High,Second Class,0
60893,0.7833,High,Second Class,1
64112,0.7832,High,Same Day,1
54139,0.7832,High,Second Class,1
48175,0.7831,High,Second Class,1
53758,0.7831,High,Second Class,1
54139,0.7831,High,Second Class,1
54139,0.7831,High,Second Class,1
53758,0.7831,High,Second Class,1
57759,0.783,High,Second Class,1
57759,0.783,High,Second Class,1
57759,0.783,High,Second Class,1
38878,0.783,High,Second Class,1
57759,0.783,High,Second Class,1
16780,0.7829,High,Second Class,1
17945,0.7829,High,Second Class,1
16780,0.7829,High,Second Class,1
17945,0.7829,High,Second Class,1
171,0.7829,High,Second Class,0
17945,0.7829,High,Second Class,1
3054,0.7829,High,Second Class,1
42877,0.7828,High,Second Class,1
22352,0.7828,High,Second Class,1
22352,0.7827,High,Second Class,1
22352,0.7827,High,Second Class,1
19551,0.7827,High,Second Class,0
20984,0.7826,High,Second Class,1
63987,0.7826,High,Second Class,1
63987,0.7826,High,Second Class,1
20984,0.7826,High,Second Class,1
20984,0.7826,High,Second Class,1
20984,0.7826,High,Second Class,1
63987,0.7826,High,Second Class,1
20984,0.7826,High,Second Class,1
57745,0.7825,High,Second Class,1
35954,0.7825,High,Second Class,1
32247,0.7825,High,Second Class,1
64136,0.7825,High,Second Class,0
64136,0.7825,High,Second Class,0
32247,0.7825,High,Second Class,1
53846,0.7824,High,Second Class,0
14730,0.7824,High,Second Class,1
171,0.7824,High,Second Class,0
171,0.7824,High,Second Class,0
560,0.7824,High,Second Class,1
56937,0.7824,High,Second Class,1
14730,0.7824,High,Second Class,1
72117,0.7824,High,Second Class,1
2194,0.7824,High,Second Class,1
14730,0.7824,High,Second Class,1
560,0.7824,High,Second Class,1
14730,0.7824,High,Second Class,1
14730,0.7824,High,Second Class,1
53846,0.7824,High,Second Class,0
33617,0.7824,High,Second Class,1
6460,0.7824,High,Second Class,1
1515,0.7824,High,Second Class,1
6460,0.7824,High,Second Class,1
53846,0.7824,High,Second Class,0
19995,0.7824,High,Second Class,1
56937,0.7824,High,Second Class,1
53846,0.7824,High,Second Class,0
19995,0.7823,High,Second Class,1
36542,0.7821,High,Second Class,1
35859,0.7821,High,Second Class,1
35859,0.7821,High,Second Class,1
36542,0.7821,High,Second Class,1
35859,0.7821,High,Second Class,1
35859,0.7821,High,Second Class,1
41195,0.782,High,Second Class,1
2194,0.7819,High,Second Class,1
2194,0.7819,High,Second Class,1
2194,0.7819,High,Second Class,1
70264,0.7819,High,Second Class,1
65992,0.7818,High,Second Class,1
65993,0.7818,High,Second Class,1
65993,0.7818,High,Second Class,1
68084,0.7818,High,Second Class,1
65993,0.7818,High,Second Class,1
65993,0.7818,High,Second Class,1
13085,0.7818,High,Second Class,1
65992,0.7818,High,Second Class,1
15186,0.7817,High,Second Class,0
67949,0.7816,High,Second Class,1
48175,0.7816,High,Second Class,1
48175,0.7816,High,Second Class,1
48175,0.7816,High,Second Class,1
55012,0.7816,High,Second Class,0
48175,0.7816,High,Second Class,1
56808,0.7814,High,Second Class,1
56808,0.7814,High,Second Class,1
56937,0.7814,High,Second Class,1
56808,0.7814,High,Second Class,1
33617,0.7814,High,Second Class,1
56937,0.7814,High,Second Class,1
56937,0.7814,High,Second Class,1
56808,0.7814,High,Second Class,1
19995,0.7813,High,Second Class,1
19995,0.7813,High,Second Class,1
16470,0.7812,High,Second Class,1
69541,0.7812,High,Second Class,0
15186,0.7811,High,Second Class,0
53541,0.7811,High,Second Class,0
30469,0.7811,High,Second Class,1
33370,0.7811,High,Second Class,1
57745,0.781,High,Second Class,1
10205,0.781,High,Second Class,1
57745,0.781,High,Second Class,1
10205,0.781,High,Second Class,1
14533,0.781,High,First Class,0
73408,0.781,High,First Class,1
33370,0.781,High,Second Class,1
33370,0.781,High,Second Class,1
52806,0.781,High,Second Class,0
52806,0.781,High,Second Class,0
10205,0.781,High,Second Class,1
10205,0.781,High,Second Class,1
6968,0.7809,High,Second Class,1
70751,0.7807,High,Second Class,0
12658,0.7807,High,Second Class,1
13085,0.7807,High,Second Class,1
13085,0.7807,High,Second Class,1
13085,0.7807,High,Second Class,1
12658,0.7807,High,Second Class,1
67949,0.7806,High,Second Class,1
67949,0.7806,High,Second Class,1
67949,0.7806,High,Second Class,1
67949,0.7806,High,Second Class,1
41401,0.7805,High,First Class,1
53541,0.7805,High,Second Class,0
41401,0.7805,High,First Class,1
41401,0.7805,High,First Class,1
53541,0.7805,High,Second Class,0
38230,0.7804,High,Second Class,1
16470,0.7803,High,Second Class,1
43851,0.7802,High,Second Class,0
42877,0.7802,High,Second Class,1
58892,0.7801,High,Second Class,1
8639,0.7801,High,Second Class,1
11113,0.78,High,Second Class,1
11113,0.78,High,Second Class,1
11113,0.78,High,Second Class,1
11113,0.78,High,Second Class,1
23362,0.7799,High,Second Class,1
23362,0.7799,High,Second Class,1
23362,0.7799,High,Second Class,1
23362,0.7799,High,Second Class,1
23362,0.7799,High,Second Class,1
41401,0.7797,High,First Class,1
41401,0.7797,High,First Class,1
36107,0.7795,High,Second Class,1
36107,0.7795,High,Second Class,1
31027,0.7795,High,Second Class,1
39964,0.7795,High,Second Class,1
36887,0.7794,High,Second Class,1
36887,0.7794,High,Second Class,1
36887,0.7794,High,Second Class,1
62706,0.7793,High,Second Class,0
23864,0.7793,High,Second Class,1
23864,0.7793,High,Second Class,1
23864,0.7793,High,Second Class,1
64112,0.7792,High,Same Day,1
27712,0.7792,High,Second Class,1
27712,0.7792,High,Second Class,1
48328,0.7791,High,First Class,1
67947,0.779,High,Second Class,1
62284,0.779,High,Second Class,1
67947,0.779,High,Second Class,1
71223,0.779,High,Second Class,1
67948,0.779,High,Second Class,1
67948,0.7789,High,Second Class,1
62706,0.7788,High,Second Class,0
62706,0.7788,High,Second Class,0
62706,0.7788,High,Second Class,0
62706,0.7788,High,Second Class,0
42877,0.7787,High,Second Class,1
39885,0.7787,High,Second Class,1
71222,0.7787,High,Second Class,1
4898,0.7787,High,Second Class,1
52884,0.7787,High,Second Class,1
56935,0.7786,High,Second Class,1
13287,0.7785,High,Second Class,1
13287,0.7785,High,Second Class,1
39964,0.7785,High,Second Class,1
13287,0.7785,High,Second Class,1
13287,0.7785,High,Second Class,1
31310,0.7785,High,Second Class,1
13287,0.7785,High,Second Class,1
39964,0.7785,High,Second Class,1
39964,0.7785,High,Second Class,1
42591,0.7785,High,Second Class,0
40973,0.7785,High,Second Class,1
39964,0.7785,High,Second Class,1
32248,0.7784,High,Second Class,1
52884,0.7782,High,Second Class,1
52884,0.7782,High,Second Class,1
10163,0.7782,High,Second Class,1
52884,0.7782,High,Second Class,1
52884,0.7782,High,Second Class,1
32231,0.7781,High,Second Class,0
11253,0.7781,High,Second Class,1
39885,0.7781,High,Second Class,1
27712,0.7781,High,Second Class,1
23637,0.7781,High,Second Class,1
32231,0.7781,High,Second Class,0
27712,0.7781,High,Second Class,1
27712,0.7781,High,Second Class,1
70060,0.7781,High,Second Class,1
32231,0.7781,High,Second Class,0
31362,0.7781,High,Second Class,1
70343,0.778,High,Second Class,1
32248,0.778,High,Second Class,1
67948,0.7779,High,Second Class,1
67947,0.7779,High,Second Class,1
67948,0.7779,High,Second Class,1
67948,0.7779,High,Second Class,1
67947,0.7779,High,Second Class,1
56935,0.7777,High,Second Class,1
60451,0.7777,High,Second Class,0
60451,0.7777,High,Second Class,0
56935,0.7776,High,Second Class,1
59023,0.7776,High,Second Class,1
56935,0.7776,High,Second Class,1
17423,0.7776,High,Second Class,0
17423,0.7776,High,Second Class,0
56935,0.7776,High,Second Class,1
32248,0.7775,High,Second Class,1
32248,0.7775,High,Second Class,1
59023,0.7775,High,Second Class,1
32248,0.7775,High,Second Class,1
30542,0.7774,High,Second Class,1
34861,0.7774,High,Second Class,0
69928,0.7774,High,Second Class,1
33072,0.7773,High,Second Class,1
4898,0.7771,High,Second Class,1
31362,0.777,High,Second Class,1
31362,0.777,High,Second Class,1
30542,0.7769,High,Second Class,1
33072,0.7769,High,Second Class,1
30542,0.7769,High,Second Class,1
30542,0.7769,High,Second Class,1
43098,0.7769,High,First Class,1
8484,0.7768,High,Second Class,1
4383,0.7768,High,Second Class,1
8484,0.7768,High,Second Class,1
313,0.7768,High,Second Class,1
313,0.7768,High,Second Class,1
17423,0.7768,High,Second Class,0
17423,0.7768,High,Second Class,0
8484,0.7768,High,Second Class,1
51487,0.7768,High,Second Class,1
10372,0.7767,High,Second Class,1
4898,0.7766,High,Second Class,1
4898,0.7766,High,Second Class,1
61447,0.7765,High,Second Class,1
35802,0.7764,High,Second Class,1
34861,0.7764,High,Second Class,0
51487,0.7763,High,Second Class,1
73231,0.7762,High,First Class,1
43098,0.7761,High,First Class,1
45275,0.7761,High,Second Class,1
33072,0.7759,High,Second Class,1
34719,0.7758,High,Second Class,1
39983,0.7758,High,Second Class,1
35802,0.7758,High,Second Class,1
10372,0.7757,High,Second Class,1
10372,0.7757,High,Second Class,1
10372,0.7757,High,Second Class,1
19551,0.7757,High,Second Class,0
10372,0.7757,High,Second Class,1
35802,0.7753,High,Second Class,1
34861,0.7753,High,Second Class,0
35802,0.7753,High,Second Class,1
46203,0.7751,High,Second Class,1
46203,0.7751,High,Second Class,1
46203,0.7751,High,Second Class,1
46203,0.7751,High,Second Class,1
22140,0.7749,High,Second Class,1
39983,0.7748,High,Second Class,1
34719,0.7748,High,Second Class,1
34719,0.7748,High,Second Class,1
34719,0.7748,High,Second Class,1
39983,0.7748,High,Second Class,1
34719,0.7748,High,Second Class,1
32347,0.7746,High,Second Class,1
32347,0.7746,High,Second Class,1
1510,0.7744,High,Second Class,1
51488,0.774,High,Second Class,1
14533,0.774,High,First Class,0
20180,0.774,High,Same Day,1
51488,0.774,High,Second Class,1
51488,0.774,High,Second Class,1
51488,0.774,High,Second Class,1
20180,0.7739,High,Same Day,1
13029,0.7739,High,Second Class,1
75127,0.7739,High,First Class,1
13029,0.7738,High,Second Class,1
13029,0.7738,High,Second Class,1
20180,0.7738,High,Same Day,1
20180,0.7738,High,Same Day,1
58735,0.7736,High,Second Class,1
73983,0.7734,High,Second Class,1
1510,0.7733,High,Second Class,1
1510,0.7733,High,Second Class,1
75607,0.7732,High,Same Day,1
59107,0.773,High,Second Class,1
59107,0.773,High,Second Class,1
15905,0.7729,High,First Class,1
20180,0.7729,High,Same Day,1
38753,0.7729,High,First Class,1
69554,0.7728,High,Second Class,1
16141,0.7727,High,Second Class,0
38753,0.7727,High,First Class,1
38753,0.7727,High,First Class,1
38753,0.7727,High,First Class,1
38753,0.7727,High,First Class,1
13182,0.7725,High,Second Class,1
66415,0.7722,High,Second Class,1
3972,0.7721,High,Second Class,1
3972,0.7721,High,Second Class,1
61044,0.772,High,Second Class,1
15905,0.772,High,First Class,1
75762,0.7719,High,Second Class,1
15905,0.7719,High,First Class,1
1522,0.7716,High,Second Class,1
2540,0.7716,High,Second Class,1
2540,0.7716,High,Second Class,1
1522,0.7716,High,Second Class,1
53356,0.7716,High,Second Class,0
13182,0.7715,High,Second Class,1
41663,0.7715,High,Second Class,1
61040,0.7714,High,Second Class,1
3800,0.7713,High,Second Class,1
60451,0.7713,High,Second Class,0
60451,0.7713,High,Second Class,0
53356,0.7711,High,Second Class,0
8861,0.7711,High,Second Class,0
53356,0.7711,High,Second Class,0
44560,0.7711,High,Second Class,1
61044,0.7711,High,Second Class,1
2540,0.7711,High,Second Class,1
53356,0.7711,High,Second Class,0
2540,0.7711,High,Second Class,1
2540,0.771,High,Second Class,1
61044,0.771,High,Second Class,1
3972,0.771,High,Second Class,1
41663,0.771,High,Second Class,1
41663,0.771,High,Second Class,1
6674,0.771,High,Second Class,1
61044,0.771,High,Second Class,1
61278,0.771,High,Second Class,1
41663,0.771,High,Second Class,1
61044,0.771,High,Second Class,1
3972,0.771,High,Second Class,1
6674,0.771,High,Second Class,1
13182,0.771,High,Second Class,1
6674,0.771,High,Second Class,1
6674,0.771,High,Second Class,1
41663,0.771,High,Second Class,1
35778,0.7709,High,Second Class,1
35778,0.7709,High,Second Class,1
35778,0.7709,High,Second Class,1
66415,0.7708,High,Second Class,1
66415,0.7708,High,Second Class,1
66415,0.7708,High,Second Class,1
40354,0.7703,High,Second Class,1
40354,0.7703,High,Second Class,1
67138,0.7703,High,Second Class,1
14870,0.7703,High,Second Class,1
40354,0.7703,High,Second Class,1
40354,0.7703,High,Second Class,1
40354,0.7703,High,Second Class,1
8301,0.7702,High,Second Class,0
8301,0.7702,High,Second Class,0
64112,0.7701,High,Same Day,1
12614,0.7698,High,Second Class,1
12614,0.7698,High,Second Class,1
3369,0.7697,High,Second Class,1
44560,0.7696,High,Second Class,1
44560,0.7696,High,Second Class,1
8639,0.7694,High,Second Class,1
8578,0.7693,High,Second Class,1
14870,0.7693,High,Second Class,1
14870,0.7693,High,Second Class,1
14870,0.7693,High,Second Class,1
33102,0.7691,High,Second Class,1
33102,0.7691,High,Second Class,1
33102,0.7691,High,Second Class,1
36569,0.769,High,Second Class,1
12614,0.7688,High,Second Class,1
12614,0.7688,High,Second Class,1
36569,0.7685,High,Second Class,1
36569,0.7685,High,Second Class,1
36569,0.7685,High,Second Class,1
8639,0.7684,High,Second Class,1
68084,0.7684,High,Second Class,1
68084,0.7684,High,Second Class,1
56260,0.7683,High,Second Class,1
8578,0.7683,High,Second Class,1
855,0.7683,High,Second Class,1
855,0.7683,High,Second Class,1
855,0.7683,High,Second Class,1
8578,0.7683,High,Second Class,1
855,0.7683,High,Second Class,1
8578,0.7683,High,Second Class,1
36569,0.768,High,Second Class,1
8639,0.7679,High,Second Class,1
8639,0.7679,High,Second Class,1
27954,0.7671,High,Second Class,1
27954,0.7671,High,Second Class,1
27954,0.7671,High,Second Class,1
27954,0.7671,High,Second Class,1
25532,0.7671,High,Second Class,1
1519,0.767,High,Second Class,1
22141,0.7669,High,Second Class,0
22141,0.7669,High,Second Class,0
22141,0.7669,High,Second Class,0
72368,0.7668,High,Second Class,1
7434,0.7664,High,Second Class,1
38276,0.7663,High,Second Class,0
38276,0.7663,High,Second Class,0
5187,0.7662,High,Second Class,1
56261,0.7659,High,Second Class,0
1519,0.7659,High,Second Class,1
56261,0.7659,High,Second Class,0
1519,0.7659,High,Second Class,1
56261,0.7659,High,Second Class,0
56261,0.7659,High,Second Class,0
56261,0.7659,High,Second Class,0
19680,0.7657,High,Second Class,1
5775,0.7655,High,Second Class,1
62894,0.7654,High,First Class,1
62894,0.7654,High,First Class,1
5187,0.7651,High,Second Class,1
58557,0.765,High,Second Class,1
33913,0.7649,High,Second Class,1
33913,0.7649,High,Second Class,1
62894,0.7648,High,First Class,1
961,0.7648,High,Second Class,0
62894,0.7647,High,First Class,1
58892,0.7646,High,Second Class,1
58892,0.7646,High,Second Class,1
1165,0.7645,High,Second Class,1
68589,0.7644,High,Second Class,1
45275,0.7644,High,Second Class,1
68589,0.7643,High,Second Class,1
17133,0.7642,High,Second Class,1
1165,0.764,High,Second Class,1
1165,0.764,High,Second Class,1
1165,0.764,High,Second Class,1
62894,0.7638,High,First Class,1
48328,0.7636,High,First Class,1
48328,0.7636,High,First Class,1
9616,0.7633,High,Second Class,0
17133,0.7632,High,Second Class,1
66643,0.7632,High,First Class,1
17133,0.7632,High,Second Class,1
22140,0.7629,High,Second Class,1
6559,0.7628,High,Second Class,1
13108,0.7627,High,First Class,0
60115,0.7627,High,Second Class,1
9132,0.7625,High,Second Class,1
9616,0.7624,High,Second Class,0
9616,0.7624,High,Second Class,0
9616,0.7624,High,Second Class,0
9616,0.7624,High,Second Class,0
66643,0.7623,High,First Class,1
60115,0.7617,High,Second Class,1
34718,0.7615,High,Second Class,1
63537,0.7615,High,Second Class,1
63537,0.7615,High,Second Class,1
2319,0.7613,High,First Class,1
13916,0.7612,High,Second Class,0
12492,0.761,High,Second Class,1
12492,0.7609,High,Second Class,1
12492,0.7609,High,Second Class,1
12492,0.7609,High,Second Class,1
12492,0.7609,High,Second Class,1
61679,0.7607,High,Second Class,1
2319,0.7607,High,First Class,1
2319,0.7607,High,First Class,1
61679,0.7606,High,Second Class,1
43346,0.7601,High,Second Class,0
12925,0.76,High,Second Class,1
69980,0.76,High,Second Class,1
34718,0.7599,High,Second Class,1
34718,0.7599,High,Second Class,1
34718,0.7599,High,Second Class,1
13916,0.7597,High,Second Class,0
26226,0.7596,High,Second Class,0
68084,0.7593,High,Second Class,1
56832,0.7588,High,Second Class,1
64387,0.7581,High,Second Class,1
61011,0.7581,High,Second Class,0
61011,0.7581,High,Second Class,0
31386,0.7576,High,Second Class,0
70611,0.7572,High,Second Class,0
65740,0.7562,High,Second Class,1
41292,0.7562,High,Second Class,1
42304,0.7562,High,Second Class,1
41292,0.7561,High,Second Class,1
41292,0.7561,High,Second Class,1
56259,0.7559,High,Second Class,1
41292,0.7556,High,Second Class,1
12925,0.7554,High,Second Class,1
61679,0.7553,High,Second Class,1
41292,0.755,High,Second Class,1
28131,0.7545,High,Second Class,0
40936,0.7539,High,Second Class,0
28131,0.7536,High,Second Class,0
44945,0.7536,High,Second Class,1
28131,0.7536,High,Second Class,0
28131,0.7536,High,Second Class,0
3369,0.7535,High,Second Class,1
8756,0.7535,High,Second Class,0
3369,0.7535,High,Second Class,1
8756,0.7535,High,Second Class,0
17423,0.7534,High,Second Class,0
21976,0.7531,High,First Class,0
9389,0.7531,High,Second Class,1
1001,0.7531,High,Second Class,0
21976,0.7531,High,First Class,0
3369,0.7527,High,Second Class,1
1336,0.7527,High,First Class,0
1001,0.7525,High,Second Class,0
1001,0.7525,High,Second Class,0
1001,0.7525,High,Second Class,0
40936,0.7523,High,Second Class,0
7434,0.7517,High,Second Class,1
39388,0.7503,High,Second Class,1
61011,0.75,High,Second Class,0
70955,0.7499,High,Second Class,1
39365,0.7497,High,Second Class,1
39388,0.7497,High,Second Class,1
9453,0.7494,High,Second Class,1
40282,0.7493,High,Second Class,1
53605,0.749,High,Second Class,1
961,0.7489,High,Second Class,0
961,0.7489,High,Second Class,0
961,0.7489,High,Second Class,0
29565,0.7477,High,Second Class,1
6559,0.7476,High,Second Class,1
6559,0.7476,High,Second Class,1
61011,0.7476,High,Second Class,0
75703,0.7474,High,First Class,1
17126,0.7472,High,First Class,1
17126,0.7472,High,First Class,1
17126,0.7472,High,First Class,1
24543,0.7471,High,Second Class,1
29565,0.7471,High,Second Class,1
24543,0.7471,High,Second Class,1
142,0.7466,High,Second Class,1
34106,0.7466,High,Second Class,0
6559,0.7465,High,Second Class,1
6559,0.7465,High,Second Class,1
29565,0.7465,High,Second Class,1
7434,0.7462,High,Second Class,1
7434,0.7462,High,Second Class,1
4381,0.7462,High,Second Class,0
4381,0.7462,High,Second Class,0
4381,0.7462,High,Second Class,0
4381,0.7462,High,Second Class,0
4381,0.7462,High,Second Class,0
23329,0.7457,High,Second Class,1
32302,0.7454,High,Second Class,0
61011,0.7452,High,Second Class,0
29573,0.7452,High,Same Day,1
9453,0.745,High,Second Class,1
27186,0.7448,High,Second Class,0
76250,0.7442,High,Second Class,1
53499,0.7442,High,Second Class,1
44945,0.7439,High,Second Class,1
56832,0.7435,High,Second Class,1
44945,0.7433,High,Second Class,1
27186,0.7432,High,Second Class,0
27186,0.7432,High,Second Class,0
46707,0.743,High,Second Class,1
40978,0.7428,High,Second Class,1
56600,0.742,High,Second Class,1
10427,0.7419,High,Second Class,1
61679,0.7418,High,Second Class,1
53605,0.7413,High,Second Class,1
61679,0.7413,High,Second Class,1
39417,0.7412,High,Second Class,1
40936,0.7409,High,Second Class,0
53605,0.7408,High,Second Class,1
53605,0.7408,High,Second Class,1
53605,0.7408,High,Second Class,1
72767,0.7405,High,First Class,1
34779,0.7402,High,Second Class,1
39417,0.7401,High,Second Class,1
37729,0.74,High,Second Class,1
39417,0.7396,High,Second Class,1
39417,0.7396,High,Second Class,1
52482,0.7395,High,Second Class,1
28131,0.7392,High,Second Class,0
26955,0.739,High,Second Class,1
26955,0.7385,High,Second Class,1
26955,0.7385,High,Second Class,1
35741,0.7384,High,Second Class,0
35741,0.7384,High,Second Class,0
35741,0.7379,High,Second Class,0
35741,0.7379,High,Second Class,0
35741,0.7379,High,Second Class,0
40282,0.7378,High,Second Class,1
30239,0.7377,High,Second Class,1
30239,0.7377,High,Second Class,1
26955,0.7376,High,Second Class,1
40386,0.7375,High,Second Class,0
59122,0.7374,High,Second Class,1
59122,0.7374,High,Second Class,1
3369,0.7372,High,Second Class,1
53877,0.7371,High,Second Class,1
40386,0.7369,High,Second Class,0
40386,0.7369,High,Second Class,0
40386,0.7369,High,Second Class,0
40386,0.7369,High,Second Class,0
59122,0.7368,High,Second Class,1
59122,0.7368,High,Second Class,1
13965,0.7364,High,Second Class,1
46707,0.7364,High,Second Class,1
53877,0.736,High,Second Class,1
13965,0.7359,High,Second Class,1
13965,0.7359,High,Second Class,1
23836,0.7353,High,Second Class,0
41196,0.7353,High,Second Class,0
57008,0.7352,High,Second Class,1
57008,0.7352,High,Second Class,1
13965,0.7349,High,Second Class,1
57008,0.7343,High,Second Class,1
42485,0.7341,High,Second Class,1
31285,0.7338,High,Second Class,1
31285,0.7332,High,Second Class,1
31285,0.7332,High,Second Class,1
31285,0.7332,High,Second Class,1
10427,0.7331,High,Second Class,1
18286,0.7329,High,Second Class,0
19529,0.732,High,Second Class,1
34106,0.7316,High,Second Class,0
31987,0.7312,High,Second Class,1
31987,0.7312,High,Second Class,1
31987,0.7312,High,Second Class,1
76600,0.7311,High,First Class,1
68445,0.7305,High,Second Class,1
32576,0.7303,High,Second Class,0
43765,0.7299,High,Second Class,1
29678,0.7298,High,Second Class,1
68445,0.7298,High,Second Class,1
34925,0.7295,High,First Class,0
34925,0.7295,High,First Class,0
43765,0.7293,High,Second Class,1
57008,0.7293,High,Second Class,1
43765,0.7293,High,Second Class,1
68445,0.7289,High,Second Class,1
68445,0.7288,High,Second Class,1
13965,0.7288,High,Second Class,1
29678,0.7287,High,Second Class,1
29678,0.7287,High,Second Class,1
29678,0.7287,High,Second Class,1
29678,0.7287,High,Second Class,1
57008,0.7286,High,Second Class,1
2042,0.7285,High,Second Class,1
42485,0.7284,High,Second Class,1
43765,0.7284,High,Second Class,1
43765,0.7284,High,Second Class,1
1790,0.728,High,First Class,1
1790,0.728,High,First Class,1
24543,0.7275,High,Second Class,1
7345,0.7272,High,Second Class,1
69576,0.7271,High,First Class,1
10954,0.7262,High,Second Class,1
7345,0.7261,High,Second Class,1
24543,0.7258,High,Second Class,1
59575,0.7254,High,Second Class,1
9986,0.7254,High,First Class,1
9986,0.7254,High,First Class,1
59575,0.7254,High,Second Class,1
18115,0.7254,High,Second Class,1
19529,0.7247,High,Second Class,1
19529,0.7247,High,Second Class,1
17470,0.7243,High,Second Class,1
53501,0.7243,High,Second Class,0
17470,0.7243,High,Second Class,1
33848,0.7242,High,Second Class,1
33848,0.7242,High,Second Class,1
45018,0.7239,High,Second Class,0
45018,0.7239,High,Second Class,0
33848,0.7238,High,Second Class,1
8435,0.7237,High,First Class,1
52800,0.7235,High,Second Class,1
17470,0.7234,High,Second Class,1
17470,0.7234,High,Second Class,1
17470,0.7234,High,Second Class,1
33848,0.7233,High,Second Class,1
45018,0.723,High,Second Class,0
8435,0.7229,High,First Class,1
55852,0.7221,High,Second Class,1
8963,0.7221,High,Second Class,1
55852,0.7221,High,Second Class,1
60800,0.7221,High,Second Class,1
8435,0.722,High,First Class,1
55852,0.722,High,Second Class,1
48378,0.7218,High,Second Class,1
44999,0.7217,High,Second Class,1
55870,0.7217,High,Second Class,1
2741,0.7213,High,First Class,1
55870,0.721,High,Second Class,1
2741,0.721,High,First Class,1
55852,0.7209,High,Second Class,1
55852,0.7209,High,Second Class,1
8963,0.7206,High,Second Class,1
44999,0.7206,High,Second Class,1
44999,0.7206,High,Second Class,1
8963,0.7206,High,Second Class,1
39736,0.7205,High,Second Class,0
52791,0.7203,High,Second Class,0
2741,0.72,High,First Class,1
55870,0.72,High,Second Class,1
47891,0.7195,High,Second Class,0
47891,0.7194,High,Second Class,0
47891,0.7194,High,Second Class,0
1261,0.7193,High,Second Class,0
71601,0.719,High,Second Class,0
39736,0.719,High,Second Class,0
39736,0.7189,High,Second Class,0
39736,0.7189,High,Second Class,0
66747,0.7188,High,Second Class,1
37815,0.7186,High,Second Class,1
37815,0.7186,High,Second Class,1
37815,0.7186,High,Second Class,1
6801,0.7186,High,Second Class,0
37815,0.7186,High,Second Class,1
2740,0.7184,High,First Class,0
47891,0.7184,High,Second Class,0
71477,0.7183,High,Second Class,1
1261,0.7182,High,Second Class,0
1261,0.7182,High,Second Class,0
45285,0.7179,High,Second Class,1
45285,0.7177,High,Second Class,1
66747,0.7176,High,Second Class,1
66747,0.7176,High,Second Class,1
66747,0.7176,High,Second Class,1
30821,0.7176,High,Second Class,0
66747,0.7176,High,Second Class,1
70426,0.7175,High,Second Class,0
2042,0.7175,High,Second Class,1
2042,0.7175,High,Second Class,1
5769,0.7175,High,Second Class,1
2740,0.7174,High,First Class,0
2740,0.7174,High,First Class,0
67714,0.7172,High,Second Class,1
45285,0.7167,High,Second Class,1
60902,0.7166,High,Second Class,1
60902,0.7166,High,Second Class,1
67006,0.7166,High,Second Class,0
6864,0.7166,High,Second Class,1
60902,0.7166,High,Second Class,1
60902,0.7166,High,Second Class,1
48181,0.7158,High,Second Class,0
75649,0.7157,High,Second Class,1
48181,0.7157,High,Second Class,0
59610,0.7157,High,Second Class,1
59610,0.7156,High,Second Class,1
59610,0.7156,High,Second Class,1
42415,0.7153,High,Second Class,1
9986,0.7152,High,First Class,1
48181,0.7147,High,Second Class,0
33781,0.7141,High,Second Class,0
34106,0.7141,High,Second Class,0
42415,0.714,High,Second Class,1
42415,0.714,High,Second Class,1
9986,0.7139,High,First Class,1
77164,0.7139,High,Second Class,1
9986,0.7135,High,First Class,1
173,0.7129,High,Second Class,1
33781,0.7129,High,Second Class,0
70019,0.7123,High,Second Class,1
34889,0.7122,High,Second Class,1
51971,0.7121,High,Second Class,0
70301,0.7121,High,Second Class,0
6864,0.7121,High,Second Class,1
1261,0.712,High,Second Class,0
34889,0.7117,High,Second Class,1
32796,0.7117,High,Second Class,0
72037,0.7116,High,Second Class,1
44646,0.7116,High,Second Class,0
68256,0.7114,High,Second Class,0
26993,0.7113,High,Second Class,1
33708,0.7113,High,Second Class,1
51971,0.7112,High,Second Class,0
33708,0.7112,High,Second Class,1
44646,0.7111,High,Second Class,0
51971,0.7109,High,Second Class,0
51971,0.7109,High,Second Class,0
15017,0.7108,High,Second Class,0
15017,0.7108,High,Second Class,0
44646,0.7108,High,Second Class,0
33708,0.7108,High,Second Class,1
26993,0.7107,High,Second Class,1
47940,0.7107,High,Second Class,1
6801,0.7107,High,Second Class,0
60374,0.7106,High,Second Class,1
60374,0.7106,High,Second Class,1
68256,0.7106,High,Second Class,0
15017,0.7106,High,Second Class,0
15017,0.7106,High,Second Class,0
68256,0.7106,High,Second Class,0
6452,0.7105,High,Second Class,1
68718,0.7105,High,Second Class,0
6452,0.7105,High,Second Class,1
48719,0.7104,High,Second Class,1
48719,0.7104,High,Second Class,1
6452,0.7104,High,Second Class,1
44646,0.7104,High,Second Class,0
6452,0.7104,High,Second Class,1
52090,0.7103,High,Second Class,1
41057,0.7103,High,Second Class,1
33708,0.7102,High,Second Class,1
33708,0.7102,High,Second Class,1
6864,0.71,High,Second Class,1
6864,0.71,High,Second Class,1
8396,0.7099,High,Second Class,0
8396,0.7099,High,Second Class,0
51971,0.7099,High,Second Class,0
48719,0.7098,High,Second Class,1
44646,0.7098,High,Second Class,0
26993,0.7097,High,Second Class,1
26993,0.7097,High,Second Class,1
20235,0.7097,High,Second Class,1
26993,0.7097,High,Second Class,1
20235,0.7097,High,Second Class,1
41057,0.7097,High,Second Class,1
15017,0.7096,High,Second Class,0
68256,0.7096,High,Second Class,0
68256,0.7096,High,Second Class,0
59610,0.7094,High,Second Class,1
52482,0.7092,High,Second Class,1
52482,0.7092,High,Second Class,1
52482,0.7092,High,Second Class,1
52482,0.7092,High,Second Class,1
8396,0.709,High,Second Class,0
8396,0.709,High,Second Class,0
8396,0.709,High,Second Class,0
48719,0.7087,High,Second Class,1
41057,0.7086,High,Second Class,1
41057,0.7086,High,Second Class,1
41057,0.7086,High,Second Class,1
1790,0.7085,High,First Class,1
1263,0.7084,High,Second Class,1
1263,0.7084,High,Second Class,1
1263,0.7084,High,Second Class,1
49361,0.7081,High,Second Class,0
34904,0.7081,High,Second Class,1
34904,0.7081,High,Second Class,1
1263,0.708,High,Second Class,1
49361,0.7079,High,Second Class,0
20421,0.7076,High,Second Class,0
49496,0.7074,High,Second Class,0
1263,0.7074,High,Second Class,1
1790,0.7073,High,First Class,1
5189,0.7071,High,Second Class,0
49361,0.7069,High,Second Class,0
49361,0.7069,High,Second Class,0
49361,0.7069,High,Second Class,0
4824,0.7068,High,Second Class,1
4824,0.7068,High,Second Class,1
4824,0.7068,High,Second Class,1
14768,0.7068,High,Second Class,1
4824,0.7068,High,Second Class,1
28596,0.7067,High,First Class,0
41130,0.7065,High,Second Class,1
41130,0.7065,High,Second Class,1
25288,0.7065,High,Second Class,1
41130,0.7065,High,Second Class,1
41130,0.7065,High,Second Class,1
49496,0.7063,High,Second Class,0
49496,0.7063,High,Second Class,0
72596,0.7063,High,Second Class,0
49496,0.7063,High,Second Class,0
49496,0.7063,High,Second Class,0
14768,0.7062,High,Second Class,1
39536,0.7061,High,Second Class,0
39536,0.7061,High,Second Class,0
56461,0.7061,High,Second Class,0
39536,0.7061,High,Second Class,0
77037,0.7058,High,Second Class,1
5189,0.7058,High,Second Class,0
36429,0.7057,High,Second Class,1
23133,0.7057,High,Second Class,1
56461,0.7056,High,Second Class,0
13112,0.7056,High,Second Class,1
13112,0.7056,High,Second Class,1
13112,0.7056,High,Second Class,1
6068,0.7055,High,Second Class,0
28596,0.7054,High,First Class,0
61390,0.7053,High,Standard Class,1
60803,0.7053,High,Second Class,1
66936,0.7053,High,Second Class,0
2984,0.7052,High,Second Class,0
22626,0.7051,High,Second Class,0
68816,0.7051,High,Second Class,0
56461,0.705,High,Second Class,0
60803,0.705,High,Second Class,1
60803,0.705,High,Second Class,1
56461,0.705,High,Second Class,0
66936,0.7049,High,Second Class,0
69608,0.7048,High,Second Class,1
53501,0.7047,High,Second Class,0
10126,0.7047,High,Standard Class,0
36429,0.7047,High,Second Class,1
24785,0.7047,High,Second Class,1
66936,0.7047,High,Second Class,0
36429,0.7047,High,Second Class,1
10126,0.7047,High,Standard Class,0
63871,0.7046,High,Second Class,0
63871,0.7046,High,Second Class,0
63871,0.7046,High,Second Class,0
32815,0.7045,High,Second Class,1
66936,0.7043,High,Second Class,0
41878,0.7042,High,Second Class,1
6068,0.7042,High,Second Class,0
6068,0.7042,High,Second Class,0
6068,0.7042,High,Second Class,0
61390,0.7041,High,Standard Class,1
2042,0.7041,High,Second Class,1
61390,0.7041,High,Standard Class,1
61390,0.7041,High,Standard Class,1
76869,0.704,High,Second Class,1
75916,0.704,High,Second Class,0
60803,0.704,High,Second Class,1
53359,0.704,High,Second Class,1
50275,0.7039,High,Second Class,1
22626,0.7039,High,Second Class,0
50275,0.7039,High,Second Class,1
73046,0.7039,High,Second Class,0
22626,0.7039,High,Second Class,0
68816,0.7038,High,Second Class,0
61686,0.7038,High,Second Class,0
68816,0.7038,High,Second Class,0
68816,0.7038,High,Second Class,0
46328,0.7038,High,Second Class,1
18801,0.7037,High,Second Class,0
66936,0.7037,High,Second Class,0
36245,0.7036,High,Second Class,1
52800,0.7036,High,Second Class,1
67438,0.7036,High,Second Class,1
61686,0.7036,High,Second Class,0
72996,0.7036,High,Second Class,0
39120,0.7036,High,Second Class,1
18027,0.7036,High,Second Class,1
10126,0.7035,High,Standard Class,0
33781,0.7034,High,Second Class,0
33781,0.7034,High,Second Class,0
68816,0.7034,High,Second Class,0
53359,0.7034,High,Second Class,1
41878,0.7034,High,Second Class,1
33781,0.7033,High,Second Class,0
14670,0.7033,High,Second Class,1
28587,0.7033,High,Second Class,0
47534,0.7033,High,Second Class,1
67438,0.7033,High,Second Class,1
62148,0.7032,High,Second Class,0
33868,0.7032,High,Second Class,1
53359,0.7032,High,Second Class,1
6068,0.7032,High,Second Class,0
24280,0.7032,High,Second Class,1
67438,0.7032,High,Second Class,1
73660,0.7032,High,Second Class,1
6864,0.7032,High,Second Class,1
20421,0.7032,High,Second Class,0
39120,0.7032,High,Second Class,1
23324,0.7032,High,Second Class,1
10837,0.7032,High,Second Class,1
62151,0.7031,High,Second Class,0
62151,0.7031,High,Second Class,0
42474,0.7031,High,Second Class,1
42629,0.7031,High,Second Class,1
17349,0.7031,High,Second Class,1
64403,0.7031,High,Second Class,1
26749,0.7031,High,Second Class,1
20294,0.7031,High,Second Class,1
26749,0.7031,High,Second Class,1
18801,0.7031,High,Second Class,0
76396,0.7031,High,Second Class,0
69151,0.7031,High,Second Class,0
34953,0.7031,High,Second Class,0
18801,0.7031,High,Second Class,0
18801,0.7031,High,Second Class,0
36245,0.7031,High,Second Class,1
10837,0.7031,High,Second Class,1
69399,0.7031,High,Second Class,1
18801,0.7031,High,Second Class,0
50275,0.7031,High,Second Class,1
49002,0.7031,High,Second Class,0
49071,0.7031,High,Second Class,0
76397,0.7031,High,Second Class,1
70303,0.703,High,Second Class,1
11581,0.703,High,Second Class,0
23778,0.703,High,Second Class,1
14670,0.703,High,Second Class,1
10837,0.703,High,Second Class,1
48244,0.703,High,Second Class,1
28587,0.703,High,Second Class,0
13523,0.703,High,Second Class,1
31061,0.703,High,Second Class,0
16597,0.703,High,Second Class,1
75103,0.703,High,Second Class,1
14670,0.703,High,Second Class,1
36584,0.703,High,Second Class,0
23778,0.703,High,Second Class,1
10379,0.703,High,Second Class,1
17775,0.703,High,Second Class,1
36729,0.703,High,Second Class,0
28587,0.703,High,Second Class,0
75093,0.703,High,Second Class,1
18027,0.703,High,Second Class,1
12265,0.703,High,Second Class,1
10379,0.703,High,Second Class,1
30241,0.703,High,Second Class,0
70452,0.703,High,Second Class,1
10379,0.703,High,Second Class,1
71259,0.703,High,Second Class,1
23778,0.703,High,Second Class,1
33868,0.703,High,Second Class,1
24785,0.7029,High,Second Class,1
2984,0.7027,High,Second Class,0
2984,0.7027,High,Second Class,0
32295,0.7027,High,Second Class,1
2984,0.7027,High,Second Class,0
61686,0.7026,High,Second Class,0
16597,0.7026,High,Second Class,1
67438,0.7026,High,Second Class,1
30367,0.7026,High,Second Class,1
20294,0.7026,High,Second Class,1
71147,0.7026,High,Second Class,1
69059,0.7026,High,Second Class,1
19525,0.7025,High,Second Class,1
42296,0.7025,High,Second Class,0
42296,0.7025,High,Second Class,0
28943,0.7025,High,Second Class,1
41111,0.7025,High,Second Class,0
66136,0.7025,High,Second Class,0
34541,0.7025,High,Second Class,0
36329,0.7025,High,Second Class,1
34953,0.7025,High,Second Class,0
38380,0.7025,High,Second Class,1
76407,0.7025,High,Second Class,1
17349,0.7025,High,Second Class,1
66525,0.7025,High,Second Class,1
76267,0.7025,High,Second Class,1
46584,0.7025,High,Second Class,1
20294,0.7025,High,Second Class,1
40907,0.7025,High,Second Class,1
16398,0.7025,High,Second Class,1
37986,0.7025,High,Second Class,0
35167,0.7025,High,Second Class,0
31061,0.7024,High,Second Class,0
64403,0.7024,High,Second Class,1
41878,0.7024,High,Second Class,1
41878,0.7024,High,Second Class,1
23045,0.7024,High,Second Class,1
34541,0.7024,High,Second Class,0
65096,0.7024,High,Second Class,0
18112,0.7024,High,Second Class,1
26749,0.7024,High,Second Class,1
12016,0.7024,High,Second Class,0
30241,0.7024,High,Second Class,0
36584,0.7024,High,Second Class,0
35629,0.7024,High,Second Class,1
30715,0.7024,High,Second Class,0
63809,0.7024,High,Second Class,1
44625,0.7024,High,Second Class,0
38735,0.7024,High,Second Class,1
33641,0.7024,High,Second Class,0
24802,0.7023,High,Second Class,1
38735,0.7023,High,Second Class,1
38735,0.7023,High,Second Class,1
25987,0.7023,High,Second Class,1
40907,0.7023,High,Second Class,1
66725,0.7023,High,Second Class,1
26943,0.7023,High,Second Class,1
34541,0.7023,High,Second Class,0
30715,0.7023,High,Second Class,0
75234,0.7023,High,Second Class,1
72498,0.7023,High,Second Class,0
75790,0.7023,High,Second Class,1
75791,0.7023,High,Second Class,0
29665,0.7023,High,Second Class,1
28943,0.7023,High,Second Class,1
34953,0.7023,High,Second Class,0
35587,0.7023,High,Second Class,1
46594,0.7023,High,Second Class,0
66525,0.7023,High,Second Class,1
30715,0.7023,High,Second Class,0
49942,0.7023,High,Second Class,1
30367,0.7023,High,Second Class,1
26250,0.7023,High,Second Class,0
32079,0.7023,High,Second Class,1
42296,0.7023,High,Second Class,0
48594,0.7023,High,Second Class,1
48378,0.7023,High,Second Class,1
74834,0.7023,High,Second Class,1
17775,0.7023,High,Second Class,1
22008,0.7023,High,Second Class,1
35587,0.7023,High,Second Class,1
10622,0.7023,High,Second Class,0
16383,0.7023,High,Second Class,1
77012,0.7023,High,Second Class,1
63849,0.7023,High,Second Class,1
23045,0.7023,High,Second Class,1
23045,0.7023,High,Second Class,1
16398,0.7023,High,Second Class,1
34541,0.7023,High,Second Class,0
22008,0.7023,High,Second Class,1
48460,0.7023,High,Second Class,1
66592,0.7023,High,Second Class,0
43119,0.7023,High,Second Class,1
49958,0.7023,High,Second Class,1
38380,0.7023,High,Second Class,1
13783,0.7023,High,Second Class,1
63787,0.7023,High,Second Class,1
63809,0.7023,High,Second Class,1
61738,0.7023,High,Second Class,1
20585,0.7023,High,Second Class,1
61865,0.7023,High,Second Class,1
22008,0.7023,High,Second Class,1
41272,0.7023,High,Second Class,1
63312,0.7023,High,Second Class,1
10577,0.7023,High,Second Class,1
61865,0.7023,High,Second Class,1
36329,0.7023,High,Second Class,1
16952,0.7023,High,Second Class,1
49054,0.7023,High,Second Class,1
43119,0.7023,High,Second Class,1
48460,0.7023,High,Second Class,1
16870,0.7023,High,Second Class,1
16870,0.7023,High,Second Class,1
20235,0.7023,High,Second Class,1
17349,0.7023,High,Second Class,1
61738,0.7023,High,Second Class,1
20235,0.7023,High,Second Class,1
19525,0.7023,High,Second Class,1
12016,0.7023,High,Second Class,0
19525,0.7023,High,Second Class,1
43672,0.7023,High,Second Class,1
10622,0.7023,High,Second Class,0
75929,0.7023,High,Second Class,1
70517,0.7023,High,Second Class,0
34541,0.7023,High,Second Class,0
48378,0.7023,High,Second Class,1
22559,0.7023,High,Second Class,1
16952,0.7023,High,Second Class,1
13783,0.7023,High,Second Class,1
43672,0.7023,High,Second Class,1
41111,0.7023,High,Second Class,0
18844,0.7023,High,Second Class,1
43119,0.7023,High,Second Class,1
62900,0.7023,High,Second Class,1
66725,0.7023,High,Second Class,1
41191,0.7023,High,Second Class,0
41191,0.7023,High,Second Class,0
36584,0.7023,High,Second Class,0
36584,0.7023,High,Second Class,0
52800,0.7023,High,Second Class,1
28390,0.7023,High,Second Class,1
53359,0.7022,High,Second Class,1
18027,0.7021,High,Second Class,1
36245,0.7021,High,Second Class,1
28587,0.7021,High,Second Class,0
31452,0.7021,High,Second Class,1
37232,0.7021,High,Second Class,1
36245,0.702,High,Second Class,1
23324,0.702,High,Second Class,1
11308,0.702,High,Second Class,0
11308,0.702,High,Second Class,0
16597,0.702,High,Second Class,1
65021,0.702,High,Second Class,0
16597,0.702,High,Second Class,1
24280,0.702,High,Second Class,1
24280,0.702,High,Second Class,1
11308,0.702,High,Second Class,0
62148,0.702,High,Second Class,0
42474,0.702,High,Second Class,1
42474,0.702,High,Second Class,1
65021,0.702,High,Second Class,0
36729,0.702,High,Second Class,0
28575,0.702,High,Second Class,1
14670,0.702,High,Second Class,1
62151,0.702,High,Second Class,0
62148,0.702,High,Second Class,0
16597,0.702,High,Second Class,1
31452,0.702,High,Second Class,1
48244,0.702,High,Second Class,1
62148,0.702,High,Second Class,0
33868,0.702,High,Second Class,1
46328,0.702,High,Second Class,1
11308,0.702,High,Second Class,0
33868,0.702,High,Second Class,1
18027,0.702,High,Second Class,1
28587,0.702,High,Second Class,0
18027,0.702,High,Second Class,1
61686,0.702,High,Second Class,0
61686,0.702,High,Second Class,0
65021,0.702,High,Second Class,0
24280,0.702,High,Second Class,1
10837,0.702,High,Second Class,1
23324,0.702,High,Second Class,1
33868,0.702,High,Second Class,1
11308,0.702,High,Second Class,0
10837,0.702,High,Second Class,1
28575,0.702,High,Second Class,1
12265,0.702,High,Second Class,1
42629,0.7019,High,Second Class,1
26943,0.7019,High,Second Class,1
71481,0.7019,High,Second Class,0
16952,0.7019,High,Second Class,1
43672,0.7019,High,Second Class,1
44145,0.7019,High,Second Class,0
19525,0.7019,High,Second Class,1
50313,0.7019,High,Second Class,1
16398,0.7019,High,Second Class,1
61738,0.7019,High,Second Class,1
36584,0.7019,High,Second Class,0
10622,0.7019,High,Second Class,0
13523,0.7019,High,Second Class,1
73040,0.7019,High,Second Class,1
19525,0.7019,High,Second Class,1
10577,0.7019,High,Second Class,1
32295,0.7017,High,Second Class,1
67215,0.7017,High,Second Class,0
53044,0.7016,High,Second Class,1
37232,0.7015,High,Second Class,1
37232,0.7014,High,Second Class,1
28844,0.7014,High,Second Class,0
37232,0.7014,High,Second Class,1
66525,0.7014,High,Second Class,1
25029,0.7014,High,Second Class,1
31103,0.7014,High,Second Class,1
34953,0.7014,High,Second Class,0
37986,0.7014,High,Second Class,0
49958,0.7014,High,Second Class,1
16383,0.7014,High,Second Class,1
12016,0.7014,High,Second Class,0
37232,0.7014,High,Second Class,1
62272,0.7014,High,Second Class,1
42629,0.7014,High,Second Class,1
38380,0.7014,High,Second Class,1
18112,0.7014,High,Second Class,1
44145,0.7014,High,Second Class,0
10577,0.7014,High,Second Class,1
36329,0.7013,High,Second Class,1
18112,0.7013,High,Second Class,1
38380,0.7013,High,Second Class,1
46861,0.7013,High,Second Class,0
44145,0.7013,High,Second Class,0
48378,0.7013,High,Second Class,1
30241,0.7013,High,Second Class,0
28943,0.7013,High,Second Class,1
72490,0.7013,High,Second Class,1
17349,0.7013,High,Second Class,1
20585,0.7013,High,Second Class,1
23045,0.7013,High,Second Class,1
46594,0.7013,High,Second Class,0
48597,0.7013,High,Second Class,1
30715,0.7013,High,Second Class,0
26250,0.7013,High,Second Class,0
75654,0.7013,High,Second Class,1
41272,0.7013,High,Second Class,1
35587,0.7013,High,Second Class,1
48597,0.7013,High,Second Class,1
16398,0.7013,High,Second Class,1
31103,0.7013,High,Second Class,1
49002,0.7013,High,Second Class,0
16398,0.7013,High,Second Class,1
48378,0.7013,High,Second Class,1
30715,0.7013,High,Second Class,0
46861,0.7013,High,Second Class,0
46861,0.7013,High,Second Class,0
46861,0.7013,High,Second Class,0
16870,0.7013,High,Second Class,1
71475,0.7013,High,Second Class,1
16870,0.7013,High,Second Class,1
61738,0.7013,High,Second Class,1
28390,0.7013,High,Second Class,1
41111,0.7013,High,Second Class,0
40907,0.7013,High,Second Class,1
38735,0.7013,High,Second Class,1
63809,0.7013,High,Second Class,1
41111,0.7013,High,Second Class,0
16383,0.7013,High,Second Class,1
66136,0.7013,High,Second Class,0
41111,0.7013,High,Second Class,0
10577,0.7013,High,Second Class,1
10577,0.7013,High,Second Class,1
30367,0.7013,High,Second Class,1
41191,0.7013,High,Second Class,0
18844,0.7013,High,Second Class,1
49002,0.7013,High,Second Class,0
64840,0.7013,High,Second Class,1
16383,0.7013,High,Second Class,1
63312,0.7013,High,Second Class,1
13783,0.7013,High,Second Class,1
26749,0.7013,High,Second Class,1
66725,0.7013,High,Second Class,1
35629,0.7013,High,Second Class,1
38735,0.7013,High,Second Class,1
14065,0.7013,High,Second Class,1
49958,0.7013,High,Second Class,1
13783,0.7013,High,Second Class,1
41191,0.7013,High,Second Class,0
42296,0.7013,High,Second Class,0
66525,0.7013,High,Second Class,1
31061,0.7013,High,Second Class,0
26749,0.7013,High,Second Class,1
34953,0.7013,High,Second Class,0
14414,0.7013,High,Second Class,1
48597,0.7013,High,Second Class,1
26250,0.7013,High,Second Class,0
22008,0.7013,High,Second Class,1
26250,0.7013,High,Second Class,0
29665,0.7013,High,Second Class,1
23045,0.7013,High,Second Class,1
18844,0.7013,High,Second Class,1
61865,0.7013,High,Second Class,1
20585,0.7013,High,Second Class,1
29665,0.7013,High,Second Class,1
49958,0.7013,High,Second Class,1
42629,0.7013,High,Second Class,1
48597,0.7013,High,Second Class,1
63787,0.7013,High,Second Class,1
49958,0.7013,High,Second Class,1
63787,0.7013,High,Second Class,1
48594,0.7013,High,Second Class,1
43672,0.7013,High,Second Class,1
44625,0.7013,High,Second Class,0
44625,0.7013,High,Second Class,0
22008,0.7013,High,Second Class,1
20235,0.7013,High,Second Class,1
20294,0.7013,High,Second Class,1
20294,0.7013,High,Second Class,1
13523,0.7013,High,Second Class,1
11581,0.7013,High,Second Class,0
61865,0.7013,High,Second Class,1
61865,0.7013,High,Second Class,1
63312,0.7013,High,Second Class,1
62272,0.7013,High,Second Class,1
46861,0.7013,High,Second Class,0
4123,0.701,High,Second Class,1
4123,0.701,High,Second Class,1
4123,0.701,High,Second Class,1
56404,0.701,High,Second Class,1
7474,0.701,High,Second Class,1
54959,0.701,High,Second Class,1
5279,0.7009,High,Second Class,1
4820,0.7009,High,Second Class,1
2077,0.7009,High,Second Class,1
53025,0.7008,High,Second Class,1
7474,0.7008,High,Second Class,1
53025,0.7008,High,Second Class,1
7474,0.7008,High,Second Class,1
56404,0.7008,High,Second Class,1
54959,0.7008,High,Second Class,1
56404,0.7008,High,Second Class,1
908,0.7007,High,Second Class,1
51932,0.7007,High,Second Class,1
7883,0.7006,High,Second Class,0
61446,0.7005,High,Second Class,0
60820,0.7005,High,Second Class,1
67162,0.7004,High,Second Class,1
7474,0.7004,High,Second Class,1
53578,0.7003,High,Second Class,0
373,0.7003,High,Second Class,1
2077,0.7003,High,Second Class,1
53099,0.7003,High,Second Class,1
8798,0.7003,High,Second Class,1
2077,0.7003,High,Second Class,1
373,0.7003,High,Second Class,1
55505,0.7003,High,Second Class,0
57016,0.7003,High,Second Class,0
56205,0.7003,High,Second Class,1
8986,0.7002,High,Second Class,0
55085,0.7002,High,Second Class,1
4820,0.7001,High,Second Class,1
60508,0.7001,High,Second Class,0
8986,0.7001,High,Second Class,0
53384,0.7001,High,Second Class,1
908,0.7001,High,Second Class,1
10146,0.7001,High,Second Class,0
2021,0.7001,High,Second Class,0
10153,0.7001,High,Second Class,1
2021,0.7001,High,Second Class,0
1130,0.7001,High,Second Class,1
5768,0.7001,High,Second Class,1
908,0.7001,High,Second Class,1
1130,0.7001,High,Second Class,1
1130,0.7001,High,Second Class,1
53237,0.7001,High,Second Class,1
5768,0.7001,High,Second Class,1
53237,0.7001,High,Second Class,1
55085,0.7001,High,Second Class,1
53777,0.7001,High,Second Class,1
5633,0.7001,High,Second Class,1
59123,0.7001,High,Second Class,0
75987,0.7001,High,Second Class,0
9688,0.7001,High,Second Class,0
10148,0.7001,High,Second Class,1
55724,0.7001,High,Second Class,1
55724,0.7001,High,Second Class,1
60309,0.7001,High,Second Class,1
9688,0.7001,High,Second Class,0
8662,0.7001,High,Second Class,1
4878,0.7001,High,Second Class,1
10148,0.7001,High,Second Class,1
10148,0.7001,High,Second Class,1
53578,0.7001,High,Second Class,0
4820,0.7001,High,Second Class,1
373,0.7001,High,Second Class,1
8662,0.7001,High,Second Class,1
48718,0.7,High,Second Class,1
48718,0.7,High,Second Class,1
