num__temperature_C,num__vibration_level,num__machine_runtime_hours,num__inventory_level_units,num__pending_orders,num__supplier_lead_time_days,num__supplier_quality_score,num__supplier_reliability_index,num__fuel_price_index,num__market_demand_index,num__weather_disruption_score,num__order_month,num__order_weekday,num__order_hour,num__supplier_avg_lead,num__supplier_std_lead,num__supplier_risk_score,num__external_risk_score,cat__supplier_id_SUP_100,cat__supplier_id_SUP_101,cat__supplier_id_SUP_102,cat__supplier_id_SUP_103,cat__supplier_id_SUP_104,cat__supplier_id_SUP_105,cat__supplier_id_SUP_106,cat__supplier_id_SUP_107,cat__supplier_id_SUP_108,cat__supplier_id_SUP_109,cat__supplier_id_SUP_110,cat__supplier_id_SUP_111,cat__supplier_id_SUP_112,cat__supplier_id_SUP_113,cat__supplier_id_SUP_114,cat__supplier_id_SUP_115,cat__supplier_id_SUP_116,cat__supplier_id_SUP_117,cat__supplier_id_SUP_118,cat__supplier_id_SUP_119,cat__supplier_id_SUP_120,cat__supplier_id_SUP_121,cat__supplier_id_SUP_122,cat__supplier_id_SUP_123,cat__supplier_id_SUP_124,cat__supplier_id_SUP_125,cat__supplier_id_SUP_126,cat__supplier_id_SUP_127,cat__supplier_id_SUP_128,cat__supplier_id_SUP_129,cat__supplier_id_SUP_130,cat__supplier_id_SUP_131,cat__supplier_id_SUP_132,cat__supplier_id_SUP_133,cat__supplier_id_SUP_134,cat__supplier_id_SUP_135,cat__supplier_id_SUP_136,cat__supplier_id_SUP_137,cat__supplier_id_SUP_138,cat__supplier_id_SUP_139,cat__supplier_id_SUP_140,cat__supplier_id_SUP_141,cat__supplier_id_SUP_142,cat__supplier_id_SUP_143,cat__supplier_id_SUP_144,cat__supplier_id_SUP_145,cat__supplier_id_SUP_146,cat__supplier_id_SUP_147,cat__supplier_id_SUP_148,cat__supplier_id_SUP_149,cat__supplier_id_SUP_150
77.54024515614749,53.01152959750985,136.9390797825152,1451.0,485.0,6.892377267448607,74.76884632771414,0.8625140313306422,1.05308355959972,0.9726410564548932,2.241922892578898,3.0,2.0,2.0,4.42816945166844,0.9591835124026638,0.26514412203819004,0.19772073670418835,0.0,0.0,0.0,0.0,0.0,0.0,0.0,0.0,0.0,0.0,0.0,0.0,0.0,0.0,0.0,0.0,0.0,0.0,0.0,0.0,0.0,0.0,1.0,0.0,0.0,0.0,0.0,0.0,0.0,0.0,0.0,0.0,0.0,0.0,0.0,0.0,0.0,0.0,0.0,0.0,0.0,0.0,0.0,0.0,0.0,0.0,0.0,0.0,0.0,0.0,0.0
74.06709124393187,58.37479192430927,51.61772019696642,1406.0,199.0,3.008649095044552,92.63255040373672,0.996115547033838,0.904058292422824,0.8785279934973658,8.563201913114055,6.0,3.0,23.0,4.890251966710701,1.5285279204682745,0.38753448942536106,0.47081148343784057,0.0,0.0,0.0,0.0,0.0,0.0,0.0,0.0,0.0,0.0,0.0,0.0,0.0,0.0,0.0,0.0,0.0,0.0,0.0,0.0,0.0,0.0,0.0,0.0,0.0,0.0,0.0,0.0,0.0,0.0,0.0,0.0,0.0,0.0,0.0,0.0,0.0,0.0,0.0,0.0,0.0,0.0,0.0,1.0,0.0,0.0,0.0,0.0,0.0,0.0,0.0
67.81280869646567,37.90937773602461,67.67713580288664,1079.0,546.0,5.435002817517406,77.41899490336456,0.8026946831305122,1.2821850072637544,0.6107264397066424,4.191433603170204,6.0,3.0,23.0,4.638824554885605,1.2839062609525043,0.3921560498388029,0.5307199745506449,0.0,0.0,0.0,0.0,0.0,0.0,0.0,0.0,0.0,0.0,0.0,0.0,0.0,0.0,0.0,0.0,0.0,0.0,0.0,0.0,0.0,1.0,0.0,0.0,0.0,0.0,0.0,0.0,0.0,0.0,0.0,0.0,0.0,0.0,0.0,0.0,0.0,0.0,0.0,0.0,0.0,0.0,0.0,0.0,0.0,0.0,0.0,0.0,0.0,0.0,0.0
68.93670437433455,46.89074751579193,89.28530991681171,1064.0,369.0,4.708980528678664,76.91380615547855,0.833454286786196,1.413037193560391,0.4719413696949098,4.042617644614207,4.0,5.0,15.0,3.912115639995895,1.3984800450692558,0.33804415440837665,0.6350881648033299,0.0,0.0,0.0,0.0,0.0,0.0,0.0,0.0,0.0,0.0,0.0,0.0,0.0,0.0,0.0,0.0,0.0,0.0,0.0,0.0,0.0,0.0,0.0,0.0,0.0,0.0,0.0,0.0,0.0,0.0,1.0,0.0,0.0,0.0,0.0,0.0,0.0,0.0,0.0,0.0,0.0,0.0,0.0,0.0,0.0,0.0,0.0,0.0,0.0,0.0,0.0
67.33942450715207,43.41366317789554,196.2068972822384,540.0,221.0,6.369247209140236,82.11124258449303,0.7547839939803087,1.1150858803945392,0.7920314300004521,5.432558886469183,5.0,1.0,5.0,5.236687793744402,1.5794181132773688,0.47159252267326995,0.44866849919451396,0.0,0.0,0.0,0.0,0.0,0.0,0.0,0.0,0.0,0.0,0.0,0.0,0.0,0.0,0.0,0.0,0.0,0.0,0.0,0.0,0.0,0.0,0.0,0.0,0.0,0.0,0.0,0.0,0.0,0.0,0.0,0.0,0.0,0.0,0.0,1.0,0.0,0.0,0.0,0.0,0.0,0.0,0.0,0.0,0.0,0.0,0.0,0.0,0.0,0.0,0.0
68.44549354963071,56.1788507189248,125.51324262326534,1128.0,437.0,4.95309129262984,94.05981218969934,0.7853370706257679,1.4440291501603366,0.571375827718743,6.141273847827064,6.0,1.0,6.0,4.539780025739498,1.6548940773581635,0.3874467252962822,0.7224104016800945,0.0,0.0,0.0,0.0,0.0,0.0,0.0,0.0,0.0,0.0,0.0,0.0,0.0,0.0,0.0,0.0,0.0,0.0,0.0,0.0,0.0,0.0,0.0,0.0,0.0,0.0,0.0,0.0,0.0,0.0,0.0,0.0,0.0,0.0,0.0,0.0,1.0,0.0,0.0,0.0,0.0,0.0,0.0,0.0,0.0,0.0,0.0,0.0,0.0,0.0,0.0
73.33012068956101,42.24544126162461,135.0445544761278,426.0,403.0,5.976373117538066,92.71777573293636,0.9827445134006768,1.1119296214272727,0.4436642084486026,3.140824849713741,4.0,4.0,5.0,4.778025205018692,1.8473826609583988,0.44030780154560883,0.4487050381059866,0.0,0.0,0.0,0.0,0.0,0.0,0.0,0.0,0.0,0.0,0.0,0.0,0.0,0.0,0.0,0.0,0.0,0.0,0.0,0.0,0.0,0.0,0.0,0.0,0.0,0.0,0.0,0.0,0.0,0.0,0.0,0.0,0.0,0.0,0.0,0.0,0.0,0.0,0.0,0.0,0.0,1.0,0.0,0.0,0.0,0.0,0.0,0.0,0.0,0.0,0.0
79.17848027319175,34.27198407497916,137.5344918433314,902.0,113.0,6.346741048495945,79.92141026381947,0.7068388209283482,1.0707894139477914,0.8939567836437015,5.488717467142388,5.0,0.0,22.0,4.090823208320214,1.5813902580866377,0.37764328409439335,0.395288046078063,0.0,0.0,0.0,0.0,0.0,0.0,0.0,0.0,0.0,0.0,0.0,0.0,0.0,0.0,0.0,0.0,0.0,0.0,0.0,0.0,0.0,0.0,0.0,0.0,0.0,1.0,0.0,0.0,0.0,0.0,0.0,0.0,0.0,0.0,0.0,0.0,0.0,0.0,0.0,0.0,0.0,0.0,0.0,0.0,0.0,0.0,0.0,0.0,0.0,0.0,0.0
71.4020093626332,39.94601173516116,118.27246761094274,1064.0,134.0,2.2415741002530005,75.01129474248866,0.7501046091876685,1.4840905986462665,0.4005595479397575,7.035638039534961,6.0,5.0,23.0,4.236013745482412,1.409686902931143,0.3793271364850206,0.8442215501636545,0.0,0.0,0.0,0.0,0.0,0.0,0.0,0.0,0.0,0.0,0.0,0.0,0.0,0.0,0.0,0.0,0.0,0.0,0.0,0.0,0.0,0.0,0.0,0.0,0.0,0.0,1.0,0.0,0.0,0.0,0.0,0.0,0.0,0.0,0.0,0.0,0.0,0.0,0.0,0.0,0.0,0.0,0.0,0.0,0.0,0.0,0.0,0.0,0.0,0.0,0.0
74.28520055729396,21.171947484650783,162.56399824472226,595.0,558.0,4.5264495542157,91.88450403100488,0.9027476172181996,1.2348600632553866,0.5409395146324881,9.034056533215924,4.0,6.0,3.0,4.479904097961046,1.2266477752137988,0.33397884549806633,0.7726120782862547,0.0,0.0,0.0,0.0,0.0,0.0,0.0,0.0,0.0,0.0,0.0,0.0,0.0,0.0,0.0,0.0,0.0,0.0,1.0,0.0,0.0,0.0,0.0,0.0,0.0,0.0,0.0,0.0,0.0,0.0,0.0,0.0,0.0,0.0,0.0,0.0,0.0,0.0,0.0,0.0,0.0,0.0,0.0,0.0,0.0,0.0,0.0,0.0,0.0,0.0,0.0
66.5000632930042,39.67161909073844,177.29053258757136,869.0,341.0,4.513939126516389,75.5947814926194,0.8938940892141574,1.2803492170320157,0.7051392649534189,6.350444658321175,4.0,6.0,7.0,4.383685205426316,1.6695069596180216,0.4013871903071755,0.6063078179598569,0.0,0.0,0.0,0.0,0.0,0.0,0.0,0.0,0.0,0.0,0.0,0.0,0.0,0.0,1.0,0.0,0.0,0.0,0.0,0.0,0.0,0.0,0.0,0.0,0.0,0.0,0.0,0.0,0.0,0.0,0.0,0.0,0.0,0.0,0.0,0.0,0.0,0.0,0.0,0.0,0.0,0.0,0.0,0.0,0.0,0.0,0.0,0.0,0.0,0.0,0.0
70.52376442322655,58.219623165132106,179.2333256276708,405.0,137.0,4.903901421161477,87.83232286078855,0.8404333086960987,1.0803269683274486,0.9355343695183388,5.319012806230789,4.0,0.0,8.0,4.325392081634821,1.5578350585166245,0.3665436407619181,0.3776934287592372,0.0,0.0,0.0,0.0,0.0,0.0,0.0,0.0,0.0,0.0,0.0,0.0,0.0,0.0,0.0,0.0,0.0,0.0,0.0,0.0,0.0,0.0,0.0,0.0,0.0,0.0,0.0,0.0,0.0,0.0,0.0,0.0,0.0,0.0,0.0,0.0,0.0,0.0,0.0,0.0,0.0,1.0,0.0,0.0,0.0,0.0,0.0,0.0,0.0,0.0,0.0
66.14525393610123,55.51931658836567,190.9483968982629,1256.0,216.0,6.22123787847749,94.4519068032826,0.8020562153542697,1.0403930114834905,0.4258236364568271,2.3082830543793498,7.0,3.0,12.0,4.30387364420508,1.4027216092982056,0.3404672959846187,0.377202451965984,0.0,0.0,0.0,0.0,0.0,0.0,0.0,0.0,0.0,0.0,0.0,0.0,0.0,0.0,0.0,0.0,0.0,0.0,0.0,0.0,0.0,0.0,0.0,0.0,0.0,0.0,0.0,0.0,0.0,0.0,1.0,0.0,0.0,0.0,0.0,0.0,0.0,0.0,0.0,0.0,0.0,0.0,0.0,0.0,0.0,0.0,0.0,0.0,0.0,0.0,0.0
68.89157247659753,44.82221439276292,89.74883101307307,1342.0,314.0,5.218333239730741,87.7815698187615,0.850236907078276,1.0678427368448538,0.4732444761421772,9.434950156137148,6.0,5.0,12.0,4.24949445823014,1.4103109257866882,0.3450013408444907,0.7316728756146588,0.0,0.0,0.0,1.0,0.0,0.0,0.0,0.0,0.0,0.0,0.0,0.0,0.0,0.0,0.0,0.0,0.0,0.0,0.0,0.0,0.0,0.0,0.0,0.0,0.0,0.0,0.0,0.0,0.0,0.0,0.0,0.0,0.0,0.0,0.0,0.0,0.0,0.0,0.0,0.0,0.0,0.0,0.0,0.0,0.0,0.0,0.0,0.0,0.0,0.0,0.0
65.22041821846295,20.290873602758182,74.08876353859517,884.0,120.0,6.546811069746198,74.45255067436759,0.9861665664106112,0.9284714582825898,0.6234308242793853,2.215408173400707,4.0,3.0,11.0,3.875641316062171,1.1694092979643083,0.30266303730048105,0.2505834748651358,0.0,0.0,0.0,0.0,0.0,0.0,0.0,0.0,1.0,0.0,0.0,0.0,0.0,0.0,0.0,0.0,0.0,0.0,0.0,0.0,0.0,0.0,0.0,0.0,0.0,0.0,0.0,0.0,0.0,0.0,0.0,0.0,0.0,0.0,0.0,0.0,0.0,0.0,0.0,0.0,0.0,0.0,0.0,0.0,0.0,0.0,0.0,0.0,0.0,0.0,0.0
59.26317479718011,26.935422805312218,119.67215567786684,1466.0,256.0,2.5711219202325646,81.13878813991909,0.8602257826034717,1.0862801779096272,0.9544744503966416,2.6699669720245813,6.0,2.0,4.0,4.997628083022831,1.5936200739659852,0.4396323556981939,0.24181483180493754,0.0,0.0,0.0,0.0,0.0,0.0,0.0,0.0,0.0,0.0,0.0,0.0,0.0,0.0,0.0,0.0,0.0,0.0,0.0,0.0,0.0,0.0,0.0,0.0,0.0,0.0,0.0,0.0,0.0,0.0,0.0,0.0,0.0,0.0,0.0,1.0,0.0,0.0,0.0,0.0,0.0,0.0,0.0,0.0,0.0,0.0,0.0,0.0,0.0,0.0,0.0
74.13593299234554,21.773393962857803,166.56783337897645,475.0,303.0,6.825315982322614,78.76394679814186,0.8672975629811316,0.9293573423474144,0.6369961719065073,6.416356205127062,6.0,5.0,9.0,4.746507961722361,1.3583355609965149,0.3994453437281779,0.4566799728962838,0.0,0.0,0.0,0.0,0.0,0.0,0.0,0.0,0.0,0.0,0.0,0.0,0.0,0.0,0.0,0.0,0.0,0.0,0.0,0.0,0.0,0.0,0.0,0.0,0.0,0.0,0.0,0.0,0.0,0.0,0.0,0.0,0.0,0.0,0.0,0.0,0.0,0.0,0.0,0.0,0.0,0.0,0.0,0.0,0.0,0.0,0.0,0.0,0.0,1.0,0.0
67.39822258023018,32.17917415608764,114.19094779651252,1428.0,546.0,2.167885151255906,89.21849870681388,0.7328062696885989,1.426742744698242,0.782323946603454,9.945653128423787,6.0,4.0,2.0,4.416427870973832,1.3072219695749265,0.3584963784466185,0.8336895749240738,0.0,0.0,0.0,0.0,0.0,0.0,0.0,0.0,0.0,0.0,0.0,0.0,0.0,0.0,0.0,0.0,0.0,0.0,0.0,0.0,0.0,0.0,0.0,0.0,0.0,0.0,0.0,0.0,0.0,0.0,0.0,0.0,0.0,0.0,0.0,0.0,0.0,1.0,0.0,0.0,0.0,0.0,0.0,0.0,0.0,0.0,0.0,0.0,0.0,0.0,0.0
81.50543614353032,39.15622376203222,51.90971721387557,906.0,523.0,4.352230524841962,71.48837679061819,0.8819302152242479,1.1931425327915235,0.7915546313686779,7.119761786026073,5.0,2.0,3.0,4.616553525612042,1.6663445437843776,0.4306776775751403,0.5723083992271075,0.0,0.0,0.0,0.0,0.0,0.0,0.0,0.0,0.0,0.0,0.0,0.0,0.0,0.0,0.0,0.0,0.0,0.0,0.0,0.0,0.0,0.0,0.0,0.0,0.0,0.0,0.0,0.0,0.0,0.0,0.0,0.0,0.0,0.0,0.0,0.0,0.0,0.0,0.0,0.0,0.0,0.0,1.0,0.0,0.0,0.0,0.0,0.0,0.0,0.0,0.0
69.89723112636474,45.06850129035136,130.07303869136155,351.0,546.0,5.36349857068114,91.97880681821896,0.7182900163470924,0.9596062164782136,0.4133430575558439,5.534700998033473,3.0,4.0,14.0,4.296345089056586,1.8473826609583988,0.4070281874906596,0.5023581103647664,0.0,0.0,0.0,0.0,0.0,0.0,0.0,0.0,0.0,0.0,0.0,0.0,0.0,0.0,0.0,0.0,0.0,0.0,0.0,0.0,0.0,0.0,0.0,0.0,0.0,0.0,0.0,1.0,0.0,0.0,0.0,0.0,0.0,0.0,0.0,0.0,0.0,0.0,0.0,0.0,0.0,0.0,0.0,0.0,0.0,0.0,0.0,0.0,0.0,0.0,0.0
63.83600790972955,59.58384781504251,73.9704682707349,406.0,209.0,5.265846612766206,75.70682353248141,0.9402589262144908,1.4286774912956042,0.4205175441954709,1.2770907111335617,4.0,6.0,7.0,4.303227219408014,1.3205755460007431,0.3562380690209615,0.5217157637654499,0.0,0.0,0.0,0.0,0.0,0.0,0.0,0.0,0.0,0.0,0.0,0.0,0.0,0.0,0.0,0.0,0.0,0.0,0.0,0.0,0.0,0.0,0.0,0.0,0.0,0.0,0.0,0.0,0.0,0.0,0.0,1.0,0.0,0.0,0.0,0.0,0.0,0.0,0.0,0.0,0.0,0.0,0.0,0.0,0.0,0.0,0.0,0.0,0.0,0.0,0.0
72.64605035160804,20.033496780310767,98.33008662655372,1319.0,190.0,2.392752396264389,75.36089220448642,0.8040338016522292,0.962188367962588,0.8848991311198653,8.95434453889525,4.0,1.0,23.0,5.165403240470106,1.5915409520555628,0.47115029298907,0.517348369605983,1.0,0.0,0.0,0.0,0.0,0.0,0.0,0.0,0.0,0.0,0.0,0.0,0.0,0.0,0.0,0.0,0.0,0.0,0.0,0.0,0.0,0.0,0.0,0.0,0.0,0.0,0.0,0.0,0.0,0.0,0.0,0.0,0.0,0.0,0.0,0.0,0.0,0.0,0.0,0.0,0.0,0.0,0.0,0.0,0.0,0.0,0.0,0.0,0.0,0.0,0.0
63.60309229418005,47.28355846654798,174.19172106058386,988.0,201.0,5.296614201293554,77.51397282459618,0.8898416167692927,1.3896323021136474,0.5210350293377061,6.417973894536269,4.0,5.0,19.0,4.059526530394435,1.3437001753531388,0.3387512856552101,0.725831238422429,0.0,0.0,0.0,0.0,0.0,0.0,0.0,0.0,0.0,0.0,0.0,0.0,0.0,0.0,0.0,0.0,0.0,0.0,0.0,0.0,1.0,0.0,0.0,0.0,0.0,0.0,0.0,0.0,0.0,0.0,0.0,0.0,0.0,0.0,0.0,0.0,0.0,0.0,0.0,0.0,0.0,0.0,0.0,0.0,0.0,0.0,0.0,0.0,0.0,0.0,0.0
76.33858316378222,33.450123265770095,144.09375344961913,1342.0,206.0,5.86010311603997,76.70619324564275,0.7543018396365977,1.12087168424507,0.4737472194376115,5.920863143587999,4.0,1.0,21.0,4.030994424089366,1.3989943251153152,0.35672722314060507,0.5822298287782026,0.0,0.0,0.0,0.0,0.0,0.0,1.0,0.0,0.0,0.0,0.0,0.0,0.0,0.0,0.0,0.0,0.0,0.0,0.0,0.0,0.0,0.0,0.0,0.0,0.0,0.0,0.0,0.0,0.0,0.0,0.0,0.0,0.0,0.0,0.0,0.0,0.0,0.0,0.0,0.0,0.0,0.0,0.0,0.0,0.0,0.0,0.0,0.0,0.0,0.0,0.0
70.90434770597713,45.06560693558855,187.71660745813983,1382.0,534.0,2.5335408514312934,83.9410303050086,0.8092826863295955,1.3307959052170986,0.4189789481282076,4.49767602717885,7.0,6.0,1.0,4.268544459107305,1.3972120614933006,0.3571783031389177,0.6343715945826457,0.0,0.0,0.0,0.0,0.0,0.0,0.0,0.0,0.0,0.0,0.0,0.0,1.0,0.0,0.0,0.0,0.0,0.0,0.0,0.0,0.0,0.0,0.0,0.0,0.0,0.0,0.0,0.0,0.0,0.0,0.0,0.0,0.0,0.0,0.0,0.0,0.0,0.0,0.0,0.0,0.0,0.0,0.0,0.0,0.0,0.0,0.0,0.0,0.0,0.0,0.0
74.24695162516565,21.332759099618286,83.25806923415833,850.0,271.0,4.846173963794161,85.61287222855066,0.9394184037637502,1.036023175643528,0.9467304630459148,6.608957503965975,7.0,4.0,8.0,4.490083661488269,1.5393067391481448,0.3735891919651557,0.4163208358538205,0.0,0.0,0.0,0.0,0.0,0.0,0.0,0.0,0.0,0.0,1.0,0.0,0.0,0.0,0.0,0.0,0.0,0.0,0.0,0.0,0.0,0.0,0.0,0.0,0.0,0.0,0.0,0.0,0.0,0.0,0.0,0.0,0.0,0.0,0.0,0.0,0.0,0.0,0.0,0.0,0.0,0.0,0.0,0.0,0.0,0.0,0.0,0.0,0.0,0.0,0.0
64.84712758156562,57.1532361918185,83.04718757832606,800.0,557.0,5.042234399512765,86.16248695642199,0.7534501142259445,1.1911353379465988,0.8889818984504455,9.858239367890098,6.0,4.0,20.0,4.746555829778824,1.3602620607536455,0.3962210943736901,0.6757960512464449,0.0,1.0,0.0,0.0,0.0,0.0,0.0,0.0,0.0,0.0,0.0,0.0,0.0,0.0,0.0,0.0,0.0,0.0,0.0,0.0,0.0,0.0,0.0,0.0,0.0,0.0,0.0,0.0,0.0,0.0,0.0,0.0,0.0,0.0,0.0,0.0,0.0,0.0,0.0,0.0,0.0,0.0,0.0,0.0,0.0,0.0,0.0,0.0,0.0,0.0,0.0
64.50817061413146,40.81462100814204,97.54232759465532,596.0,555.0,2.852943959832281,82.01241962478575,0.959708475153679,1.1384815531238723,0.671475824870827,3.181554057891282,6.0,2.0,7.0,4.164116142320646,1.3933398192052666,0.3365721928478774,0.38799443686128066,0.0,0.0,0.0,0.0,0.0,0.0,0.0,0.0,0.0,0.0,0.0,0.0,0.0,0.0,0.0,0.0,0.0,0.0,0.0,0.0,0.0,0.0,0.0,0.0,0.0,0.0,1.0,0.0,0.0,0.0,0.0,0.0,0.0,0.0,0.0,0.0,0.0,0.0,0.0,0.0,0.0,0.0,0.0,0.0,0.0,0.0,0.0,0.0,0.0,0.0,0.0
73.444486033026,34.54525692445263,105.02670509043512,1118.0,188.0,4.675752589139293,90.61073766749396,0.7240013752358981,1.457163081541415,0.5904498519899135,5.369343796326947,6.0,3.0,4.0,4.415243791714154,1.3915478199911522,0.3645409788972278,0.6839964445902733,0.0,0.0,0.0,0.0,0.0,0.0,1.0,0.0,0.0,0.0,0.0,0.0,0.0,0.0,0.0,0.0,0.0,0.0,0.0,0.0,0.0,0.0,0.0,0.0,0.0,0.0,0.0,0.0,0.0,0.0,0.0,0.0,0.0,0.0,0.0,0.0,0.0,0.0,0.0,0.0,0.0,0.0,0.0,0.0,0.0,0.0,0.0,0.0,0.0,0.0,0.0
66.63119478533663,50.850069248598686,68.04773024067558,623.0,559.0,4.922028358738983,76.73275724650394,0.8077808052536314,0.9792267426908,0.7157381633691671,2.473445303175521,4.0,2.0,1.0,4.364091308100468,1.039717316579731,0.3458936204842447,0.25808658072591173,0.0,0.0,0.0,0.0,0.0,0.0,0.0,0.0,0.0,0.0,0.0,0.0,0.0,0.0,0.0,0.0,0.0,0.0,0.0,0.0,0.0,0.0,0.0,0.0,0.0,0.0,0.0,1.0,0.0,0.0,0.0,0.0,0.0,0.0,0.0,0.0,0.0,0.0,0.0,0.0,0.0,0.0,0.0,0.0,0.0,0.0,0.0,0.0,0.0,0.0,0.0
67.91099849570014,50.07491283056005,194.6635179897449,1139.0,511.0,3.1058885454682947,86.35010481005735,0.9609374654807143,0.9262564670135236,0.7042165960234061,5.720756005723463,6.0,6.0,20.0,4.486206856964807,1.3524787550267623,0.3517889526689157,0.397889492634523,0.0,0.0,0.0,0.0,0.0,0.0,0.0,0.0,0.0,0.0,0.0,0.0,0.0,0.0,0.0,0.0,0.0,0.0,0.0,0.0,0.0,0.0,0.0,0.0,0.0,0.0,0.0,0.0,0.0,0.0,0.0,0.0,0.0,0.0,0.0,0.0,0.0,1.0,0.0,0.0,0.0,0.0,0.0,0.0,0.0,0.0,0.0,0.0,0.0,0.0,0.0
78.87287401312648,54.71812863421399,61.20993301582271,1463.0,283.0,6.375930208270465,74.41518054689685,0.8674529290434149,1.026137048235868,0.4436987837177075,7.692575042591314,7.0,1.0,2.0,4.5270667075705155,1.524273371311398,0.40495118059453483,0.6334868197668295,0.0,0.0,0.0,0.0,0.0,0.0,0.0,0.0,0.0,0.0,0.0,0.0,0.0,0.0,0.0,0.0,0.0,0.0,0.0,0.0,0.0,0.0,1.0,0.0,0.0,0.0,0.0,0.0,0.0,0.0,0.0,0.0,0.0,0.0,0.0,0.0,0.0,0.0,0.0,0.0,0.0,0.0,0.0,0.0,0.0,0.0,0.0,0.0,0.0,0.0,0.0
70.53764039210458,22.22479011267396,93.6456054181698,575.0,473.0,3.61575941276092,70.74780307425081,0.7566549135596412,0.954777412652158,0.5703683493379327,0.4060317197049679,3.0,4.0,11.0,4.42816945166844,0.9591835124026638,0.2692603761739876,0.19093402734833195,0.0,0.0,0.0,0.0,1.0,0.0,0.0,0.0,0.0,0.0,0.0,0.0,0.0,0.0,0.0,0.0,0.0,0.0,0.0,0.0,0.0,0.0,0.0,0.0,0.0,0.0,0.0,0.0,0.0,0.0,0.0,0.0,0.0,0.0,0.0,0.0,0.0,0.0,0.0,0.0,0.0,0.0,0.0,0.0,0.0,0.0,0.0,0.0,0.0,0.0,0.0
68.92496688022153,27.57778673745536,161.64159413121365,621.0,289.0,3.238698601947571,94.20236094132876,0.7357125956635664,1.457801949139045,0.5751791030866733,5.833847563574716,5.0,3.0,15.0,4.547046704102826,1.2749422392370189,0.3564770685248065,0.7126531124067331,0.0,0.0,0.0,0.0,1.0,0.0,0.0,0.0,0.0,0.0,0.0,0.0,0.0,0.0,0.0,0.0,0.0,0.0,0.0,0.0,0.0,0.0,0.0,0.0,0.0,0.0,0.0,0.0,0.0,0.0,0.0,0.0,0.0,0.0,0.0,0.0,0.0,0.0,0.0,0.0,0.0,0.0,0.0,0.0,0.0,0.0,0.0,0.0,0.0,0.0,0.0
66.65135462144653,58.9546554094904,181.2326556593176,763.0,255.0,2.923530786821933,86.06588408509207,0.9839395307997476,0.9221939060532142,0.6686182714630158,8.270473180868807,5.0,3.0,4.0,4.104359914881202,1.338808665266845,0.3156564548561133,0.5353048423190271,0.0,0.0,0.0,0.0,0.0,0.0,0.0,1.0,0.0,0.0,0.0,0.0,0.0,0.0,0.0,0.0,0.0,0.0,0.0,0.0,0.0,0.0,0.0,0.0,0.0,0.0,0.0,0.0,0.0,0.0,0.0,0.0,0.0,0.0,0.0,0.0,0.0,0.0,0.0,0.0,0.0,0.0,0.0,0.0,0.0,0.0,0.0,0.0,0.0,0.0,0.0
65.38764171018902,29.543760339920222,108.13227585084374,897.0,165.0,6.589801925614438,83.84891100960587,0.9440006054277136,0.9714204510161436,0.7825414467274343,2.371081471738093,6.0,1.0,7.0,4.54404978200008,1.5414444215095597,0.3815403617319755,0.22676095720022388,0.0,0.0,0.0,0.0,0.0,0.0,0.0,0.0,0.0,0.0,1.0,0.0,0.0,0.0,0.0,0.0,0.0,0.0,0.0,0.0,0.0,0.0,0.0,0.0,0.0,0.0,0.0,0.0,0.0,0.0,0.0,0.0,0.0,0.0,0.0,0.0,0.0,0.0,0.0,0.0,0.0,0.0,0.0,0.0,0.0,0.0,0.0,0.0,0.0,0.0,0.0
80.60460002819606,40.65601146094365,73.56918448447024,770.0,329.0,5.408809758912847,84.71260794545759,0.9567342027154884,1.3745162126780912,0.4880870454471381,5.642881854931865,5.0,6.0,8.0,4.491476935080697,1.527980924940104,0.3726975391704349,0.690483639000486,0.0,0.0,0.0,0.0,0.0,0.0,0.0,0.0,0.0,0.0,0.0,0.0,0.0,0.0,0.0,0.0,0.0,0.0,0.0,0.0,1.0,0.0,0.0,0.0,0.0,0.0,0.0,0.0,0.0,0.0,0.0,0.0,0.0,0.0,0.0,0.0,0.0,0.0,0.0,0.0,0.0,0.0,0.0,0.0,0.0,0.0,0.0,0.0,0.0,0.0,0.0
66.43682767282709,23.11328113525576,141.48644253499205,1474.0,438.0,3.2561449819184487,78.56633006713051,0.9049047954410888,1.3086499958166522,0.8071021724865626,1.4850074336794872,7.0,1.0,23.0,4.573698065960738,1.5239221417573168,0.3969118068819318,0.3430132742864797,0.0,0.0,0.0,0.0,0.0,0.0,0.0,0.0,0.0,0.0,1.0,0.0,0.0,0.0,0.0,0.0,0.0,0.0,0.0,0.0,0.0,0.0,0.0,0.0,0.0,0.0,0.0,0.0,0.0,0.0,0.0,0.0,0.0,0.0,0.0,0.0,0.0,0.0,0.0,0.0,0.0,0.0,0.0,0.0,0.0,0.0,0.0,0.0,0.0,0.0,0.0
74.47875144947066,57.44366063432169,144.74256872236214,1014.0,519.0,2.901633178466618,77.76085913614678,0.7787688301766551,1.2528193170024866,0.8320415676795077,9.537675027944312,6.0,3.0,0.0,4.952593331399797,1.542651935487483,0.4457643369866112,0.7096353804458249,0.0,0.0,0.0,0.0,0.0,0.0,0.0,0.0,0.0,0.0,0.0,0.0,0.0,0.0,0.0,0.0,0.0,0.0,0.0,0.0,0.0,0.0,0.0,0.0,0.0,0.0,0.0,0.0,0.0,0.0,0.0,0.0,0.0,0.0,0.0,0.0,0.0,0.0,0.0,0.0,0.0,0.0,0.0,1.0,0.0,0.0,0.0,0.0,0.0,0.0,0.0
78.21043844881851,43.93593066402173,166.26907118848322,303.0,396.0,6.938527427836375,89.97742060272583,0.9518339920785076,1.0397512676221063,0.5937772377448005,2.3515296402148387,6.0,4.0,14.0,4.32534503041561,1.3864715521040145,0.33474795109826605,0.3229865046690221,0.0,0.0,0.0,0.0,0.0,0.0,0.0,0.0,0.0,0.0,0.0,0.0,0.0,0.0,0.0,0.0,0.0,0.0,0.0,0.0,0.0,0.0,0.0,1.0,0.0,0.0,0.0,0.0,0.0,0.0,0.0,0.0,0.0,0.0,0.0,0.0,0.0,0.0,0.0,0.0,0.0,0.0,0.0,0.0,0.0,0.0,0.0,0.0,0.0,0.0,0.0
62.00174005856416,39.30091001272597,133.21078301000952,453.0,529.0,5.433523574881017,94.15476176586208,0.8534902616310768,1.3462046774129104,0.7400512883575325,6.452632416397504,4.0,5.0,5.0,4.115156530666958,0.9591835124026638,0.26514412203819004,0.6327281099100245,0.0,0.0,0.0,0.0,0.0,0.0,0.0,0.0,0.0,0.0,0.0,0.0,0.0,0.0,0.0,0.0,0.0,0.0,0.0,0.0,0.0,0.0,0.0,0.0,0.0,0.0,0.0,0.0,0.0,0.0,0.0,0.0,0.0,0.0,0.0,0.0,0.0,0.0,0.0,0.0,0.0,0.0,0.0,0.0,0.0,0.0,0.0,0.0,0.0,0.0,1.0
70.58777459041715,23.188975990622403,117.35546792921926,1127.0,341.0,3.3326023232081443,84.14430346980025,0.9689994539522832,1.0620321648920077,0.8841421220671075,9.15933086744198,6.0,0.0,23.0,4.309929563001905,1.3806725006754648,0.34280786681758957,0.5778282452946356,0.0,0.0,0.0,0.0,0.0,0.0,0.0,0.0,0.0,0.0,0.0,0.0,0.0,0.0,0.0,0.0,0.0,0.0,0.0,0.0,0.0,0.0,0.0,0.0,0.0,0.0,0.0,0.0,0.0,0.0,0.0,0.0,0.0,0.0,0.0,0.0,0.0,0.0,0.0,0.0,0.0,0.0,0.0,0.0,1.0,0.0,0.0,0.0,0.0,0.0,0.0
71.50758866077773,42.35395966511602,158.43389271307836,365.0,166.0,5.863581281722732,82.70771343971228,0.8252657527119649,1.0509036600288737,0.7927410749750183,0.9589513841727816,5.0,2.0,14.0,4.370623082109407,1.471671834768099,0.3740032459696711,0.19248621546892464,0.0,0.0,0.0,0.0,0.0,0.0,0.0,0.0,0.0,0.0,0.0,1.0,0.0,0.0,0.0,0.0,0.0,0.0,0.0,0.0,0.0,0.0,0.0,0.0,0.0,0.0,0.0,0.0,0.0,0.0,0.0,0.0,0.0,0.0,0.0,0.0,0.0,0.0,0.0,0.0,0.0,0.0,0.0,0.0,0.0,0.0,0.0,0.0,0.0,0.0,0.0
79.15309405969401,57.121192689211554,178.31928747879428,876.0,464.0,2.144713612913677,83.69417843464436,0.9977664130194116,0.9753701430804405,0.663916094266471,8.76102686294811,6.0,1.0,13.0,4.15497457421557,1.183276956204619,0.3085542977760803,0.5880320445210604,0.0,0.0,0.0,0.0,0.0,0.0,0.0,0.0,0.0,0.0,0.0,0.0,0.0,0.0,0.0,0.0,0.0,0.0,1.0,0.0,0.0,0.0,0.0,0.0,0.0,0.0,0.0,0.0,0.0,0.0,0.0,0.0,0.0,0.0,0.0,0.0,0.0,0.0,0.0,0.0,0.0,0.0,0.0,0.0,0.0,0.0,0.0,0.0,0.0,0.0,0.0
79.18578617434522,56.772284654288,83.312148015471,732.0,362.0,4.904609218581747,85.02163911624848,0.9920665126799366,0.9971258618821576,0.9307190651762308,7.881798514757969,3.0,0.0,22.0,4.42816945166844,0.9591835124026638,0.26514412203819004,0.4658795734082244,0.0,0.0,0.0,0.0,0.0,0.0,0.0,0.0,0.0,0.0,0.0,0.0,0.0,0.0,0.0,0.0,0.0,0.0,0.0,0.0,0.0,0.0,0.0,0.0,0.0,0.0,0.0,0.0,0.0,0.0,0.0,0.0,0.0,0.0,0.0,0.0,0.0,0.0,0.0,0.0,0.0,0.0,0.0,0.0,0.0,0.0,0.0,0.0,0.0,1.0,0.0
76.51482238332017,55.88966518691635,76.00315717953856,517.0,468.0,4.024053384606898,91.95918664829972,0.7926939364131651,1.1087409413905993,0.4691257385763033,3.867592657561496,6.0,0.0,7.0,4.245169035370971,1.2995223414019923,0.331447700252635,0.4749722146203219,0.0,0.0,0.0,0.0,0.0,0.0,0.0,0.0,0.0,0.0,0.0,0.0,0.0,0.0,0.0,0.0,0.0,0.0,0.0,0.0,0.0,0.0,0.0,0.0,0.0,0.0,0.0,0.0,0.0,0.0,0.0,0.0,0.0,0.0,0.0,0.0,0.0,0.0,0.0,0.0,1.0,0.0,0.0,0.0,0.0,0.0,0.0,0.0,0.0,0.0,0.0
68.34753766022978,25.487542739540928,85.93818184716257,807.0,586.0,5.4440242446132014,71.10296299050668,0.8776561111486607,1.2878747972558786,0.8490126375567091,3.4109375677796017,3.0,2.0,17.0,5.236687793744402,0.9591835124026638,0.4700284629041206,0.41498447291185103,0.0,0.0,0.0,0.0,0.0,0.0,0.0,0.0,0.0,0.0,0.0,0.0,0.0,0.0,0.0,0.0,0.0,0.0,0.0,0.0,0.0,0.0,1.0,0.0,0.0,0.0,0.0,0.0,0.0,0.0,0.0,0.0,0.0,0.0,0.0,0.0,0.0,0.0,0.0,0.0,0.0,0.0,0.0,0.0,0.0,0.0,0.0,0.0,0.0,0.0,0.0
68.89453990516125,35.7116600894247,92.99314910314088,572.0,523.0,5.617722125877366,90.88779535235628,0.946593319995042,1.489460847843188,0.7865449484165893,8.13297823883599,5.0,5.0,3.0,4.652538768612628,1.475513840437123,0.37031142746579104,0.772979513322749,0.0,0.0,0.0,0.0,0.0,0.0,0.0,0.0,0.0,0.0,0.0,0.0,0.0,0.0,0.0,0.0,1.0,0.0,0.0,0.0,0.0,0.0,0.0,0.0,0.0,0.0,0.0,0.0,0.0,0.0,0.0,0.0,0.0,0.0,0.0,0.0,0.0,0.0,0.0,0.0,0.0,0.0,0.0,0.0,0.0,0.0,0.0,0.0,0.0,0.0,0.0
72.89461201800765,46.44855606562488,56.39478157268697,646.0,429.0,5.78684728617033,84.97014017486961,0.7432266794913527,1.067691298807996,0.909729845877826,8.96281572375137,6.0,3.0,1.0,4.357441398440633,1.396671748506978,0.3693789973992575,0.5622881119734299,0.0,0.0,0.0,0.0,0.0,0.0,1.0,0.0,0.0,0.0,0.0,0.0,0.0,0.0,0.0,0.0,0.0,0.0,0.0,0.0,0.0,0.0,0.0,0.0,0.0,0.0,0.0,0.0,0.0,0.0,0.0,0.0,0.0,0.0,0.0,0.0,0.0,0.0,0.0,0.0,0.0,0.0,0.0,0.0,0.0,0.0,0.0,0.0,0.0,0.0,0.0
65.56941865466206,46.08343312681941,193.66835363398755,652.0,175.0,6.629105701775467,86.15180846343658,0.9244733443911488,1.3452830412538992,0.786645243821237,5.525824540365,6.0,2.0,16.0,4.49110694680838,1.4887270139837843,0.36926529356046645,0.5703451681645424,0.0,0.0,0.0,0.0,0.0,0.0,0.0,0.0,0.0,0.0,0.0,0.0,0.0,0.0,0.0,0.0,0.0,0.0,0.0,0.0,0.0,0.0,1.0,0.0,0.0,0.0,0.0,0.0,0.0,0.0,0.0,0.0,0.0,0.0,0.0,0.0,0.0,0.0,0.0,0.0,0.0,0.0,0.0,0.0,0.0,0.0,0.0,0.0,0.0,0.0,0.0
66.08970210816639,24.5364794373214,191.98914058083864,970.0,245.0,4.675364047129566,86.28205178087003,0.8683643211945106,1.3403882554728574,0.4272442423083608,8.308280565859501,4.0,2.0,3.0,4.195134861771772,1.3649071612409673,0.337141130064436,0.8270650813426559,0.0,0.0,0.0,0.0,0.0,1.0,0.0,0.0,0.0,0.0,0.0,0.0,0.0,0.0,0.0,0.0,0.0,0.0,0.0,0.0,0.0,0.0,0.0,0.0,0.0,0.0,0.0,0.0,0.0,0.0,0.0,0.0,0.0,0.0,0.0,0.0,0.0,0.0,0.0,0.0,0.0,0.0,0.0,0.0,0.0,0.0,0.0,0.0,0.0,0.0,0.0
63.89107480225016,44.67174936517023,100.23567380630914,1294.0,179.0,2.9299326630843736,93.09213040297584,0.7057115062481042,1.0847778516015667,0.9763519675180694,5.538191723166651,5.0,1.0,18.0,4.328814602037998,1.225747073238376,0.3380859350286189,0.3772631531132366,0.0,0.0,0.0,0.0,0.0,0.0,0.0,0.0,0.0,0.0,0.0,0.0,1.0,0.0,0.0,0.0,0.0,0.0,0.0,0.0,0.0,0.0,0.0,0.0,0.0,0.0,0.0,0.0,0.0,0.0,0.0,0.0,0.0,0.0,0.0,0.0,0.0,0.0,0.0,0.0,0.0,0.0,0.0,0.0,0.0,0.0,0.0,0.0,0.0,0.0,0.0
77.95614487147442,25.33082342016678,59.96869321236768,536.0,296.0,3.2660037718998463,90.10320950262434,0.9996952463298808,0.9471750790756158,0.9859214791147412,0.5024408987173179,5.0,0.0,10.0,4.498409337353413,1.495781954009247,0.3551468037430278,0.05325199432479886,0.0,0.0,0.0,0.0,0.0,0.0,0.0,0.0,0.0,0.0,0.0,0.0,1.0,0.0,0.0,0.0,0.0,0.0,0.0,0.0,0.0,0.0,0.0,0.0,0.0,0.0,0.0,0.0,0.0,0.0,0.0,0.0,0.0,0.0,0.0,0.0,0.0,0.0,0.0,0.0,0.0,0.0,0.0,0.0,0.0,0.0,0.0,0.0,0.0,0.0,0.0
70.87136846632089,49.46872948651931,54.68989634459736,991.0,264.0,5.688739482696974,74.50148151239338,0.7668949247330907,1.149936395990737,0.4165456046102789,7.457588627109813,5.0,0.0,11.0,4.448566418234543,1.1747354218644945,0.3746575931518605,0.6927540685979696,0.0,0.0,0.0,0.0,0.0,0.0,0.0,0.0,0.0,0.0,0.0,0.0,0.0,0.0,0.0,0.0,0.0,0.0,0.0,0.0,0.0,0.0,0.0,0.0,0.0,0.0,0.0,1.0,0.0,0.0,0.0,0.0,0.0,0.0,0.0,0.0,0.0,0.0,0.0,0.0,0.0,0.0,0.0,0.0,0.0,0.0,0.0,0.0,0.0,0.0,0.0
67.67334399748391,34.3295618265304,59.31793892234358,584.0,407.0,2.5576180827988315,85.87545912387506,0.8917942450726676,1.15821197157251,0.5144517949982143,2.0608449872233816,4.0,3.0,9.0,4.5597808563014555,1.4736845265087926,0.3776018088454414,0.394208823324787,0.0,0.0,0.0,0.0,0.0,0.0,0.0,0.0,0.0,0.0,0.0,0.0,0.0,0.0,0.0,0.0,0.0,0.0,0.0,0.0,0.0,0.0,0.0,0.0,0.0,0.0,0.0,0.0,0.0,0.0,0.0,1.0,0.0,0.0,0.0,0.0,0.0,0.0,0.0,0.0,0.0,0.0,0.0,0.0,0.0,0.0,0.0,0.0,0.0,0.0,0.0
71.88835425928741,24.85473995875304,117.78229751993682,374.0,371.0,5.026224316081255,81.16603366896628,0.8157804982045922,1.2577894432264034,0.5693140383153038,2.966794055914433,3.0,4.0,12.0,4.42816945166844,0.9591835124026638,0.26514412203819004,0.4710615794916805,0.0,0.0,0.0,0.0,0.0,0.0,0.0,0.0,0.0,0.0,0.0,0.0,0.0,0.0,0.0,0.0,0.0,0.0,0.0,0.0,0.0,0.0,0.0,0.0,0.0,0.0,0.0,0.0,0.0,0.0,0.0,0.0,0.0,0.0,0.0,0.0,0.0,0.0,0.0,0.0,0.0,1.0,0.0,0.0,0.0,0.0,0.0,0.0,0.0,0.0,0.0
73.84127414640568,25.954224070069827,72.35164905084818,1399.0,290.0,6.131918337132681,86.80041013839788,0.8469897130772291,1.140633302246952,0.8505178733082869,1.5673585215201458,6.0,6.0,2.0,4.609874869776564,1.5120937744337573,0.38824133913263054,0.24855082569827613,0.0,0.0,0.0,0.0,0.0,0.0,0.0,0.0,0.0,0.0,0.0,0.0,0.0,0.0,0.0,0.0,0.0,0.0,0.0,0.0,0.0,0.0,0.0,0.0,0.0,0.0,0.0,0.0,0.0,0.0,0.0,0.0,0.0,0.0,0.0,0.0,0.0,0.0,0.0,0.0,0.0,0.0,0.0,0.0,0.0,0.0,1.0,0.0,0.0,0.0,0.0
58.45855479210198,29.05321264060101,132.00957495040774,978.0,525.0,2.8746736077924515,83.32732961813697,0.932797706942434,0.9454210781183888,0.8059573725653344,8.282902144949336,5.0,5.0,11.0,4.348646797920333,1.527556699301625,0.36544182682840604,0.5017116300142412,0.0,0.0,1.0,0.0,0.0,0.0,0.0,0.0,0.0,0.0,0.0,0.0,0.0,0.0,0.0,0.0,0.0,0.0,0.0,0.0,0.0,0.0,0.0,0.0,0.0,0.0,0.0,0.0,0.0,0.0,0.0,0.0,0.0,0.0,0.0,0.0,0.0,0.0,0.0,0.0,0.0,0.0,0.0,0.0,0.0,0.0,0.0,0.0,0.0,0.0,0.0
69.93318032348614,41.268435946527205,164.29483030244603,698.0,382.0,5.661057446825371,86.48309175344761,0.9601998139053562,0.9797650548097488,0.4178197439575387,2.9987646887381936,6.0,6.0,6.0,4.496588193713054,1.5259318361961114,0.3690573731746064,0.3840759351252767,0.0,0.0,0.0,0.0,0.0,0.0,0.0,0.0,0.0,0.0,0.0,0.0,0.0,0.0,0.0,0.0,0.0,0.0,0.0,0.0,0.0,0.0,0.0,0.0,0.0,0.0,0.0,0.0,0.0,0.0,0.0,0.0,0.0,0.0,0.0,0.0,0.0,0.0,0.0,0.0,0.0,1.0,0.0,0.0,0.0,0.0,0.0,0.0,0.0,0.0,0.0
67.81453130760957,49.36763087078276,109.80964785160243,552.0,493.0,3.303825916594924,73.934006649625,0.8036150677073154,1.34115394172156,0.9745386590296318,2.7516783830511047,5.0,3.0,10.0,4.474169485404695,1.2534531537301368,0.38185537197564706,0.36676928450796464,0.0,0.0,0.0,0.0,0.0,0.0,0.0,0.0,0.0,0.0,0.0,0.0,0.0,0.0,0.0,0.0,0.0,0.0,0.0,0.0,0.0,1.0,0.0,0.0,0.0,0.0,0.0,0.0,0.0,0.0,0.0,0.0,0.0,0.0,0.0,0.0,0.0,0.0,0.0,0.0,0.0,0.0,0.0,0.0,0.0,0.0,0.0,0.0,0.0,0.0,0.0
61.38825267011941,21.77615581918854,51.11466492985075,630.0,199.0,3.653074629735156,85.7650727384533,0.7523615309416359,1.494682471317275,0.6122912009484118,0.4234122359219061,6.0,4.0,16.0,4.199136132102668,1.2813591066743562,0.342145212591683,0.44803095329413856,0.0,0.0,0.0,0.0,0.0,0.0,0.0,0.0,0.0,0.0,0.0,0.0,0.0,0.0,0.0,0.0,0.0,0.0,0.0,0.0,0.0,0.0,0.0,0.0,0.0,0.0,0.0,0.0,0.0,0.0,0.0,0.0,0.0,0.0,0.0,0.0,0.0,0.0,0.0,0.0,1.0,0.0,0.0,0.0,0.0,0.0,0.0,0.0,0.0,0.0,0.0
65.87552873977991,43.895708432855926,51.978174541190455,1364.0,483.0,2.920479569878254,74.41832733011908,0.7622194473600733,1.2642836526373185,0.7345438221548763,8.786223938824184,5.0,0.0,15.0,4.471394827352837,1.3092045518440107,0.3901088071026513,0.7103189639696375,0.0,0.0,0.0,0.0,0.0,0.0,0.0,0.0,0.0,0.0,0.0,0.0,0.0,0.0,0.0,0.0,0.0,0.0,0.0,0.0,0.0,0.0,0.0,0.0,0.0,0.0,0.0,0.0,0.0,0.0,0.0,0.0,0.0,0.0,0.0,0.0,0.0,0.0,0.0,0.0,1.0,0.0,0.0,0.0,0.0,0.0,0.0,0.0,0.0,0.0,0.0
74.69147265310495,43.74804935801481,57.36734100233179,928.0,525.0,3.22742824937128,83.24316163751104,0.8558633991721099,1.14237034379417,0.6136020362014457,4.841880071317344,6.0,0.0,12.0,4.705108274106669,1.4971732587778492,0.40129799190655685,0.49232654720232005,0.0,0.0,0.0,0.0,0.0,0.0,0.0,0.0,0.0,1.0,0.0,0.0,0.0,0.0,0.0,0.0,0.0,0.0,0.0,0.0,0.0,0.0,0.0,0.0,0.0,0.0,0.0,0.0,0.0,0.0,0.0,0.0,0.0,0.0,0.0,0.0,0.0,0.0,0.0,0.0,0.0,0.0,0.0,0.0,0.0,0.0,0.0,0.0,0.0,0.0,0.0
65.8544057621034,20.2577536717499,187.721248216915,1403.0,351.0,4.028628308172142,85.5896426213203,0.943438472084746,1.3275690681308316,0.746044527813742,4.547060990642561,5.0,2.0,22.0,4.305476778826547,1.4074165573661297,0.34464080761144694,0.526061572260812,0.0,0.0,0.0,0.0,0.0,0.0,0.0,0.0,0.0,0.0,0.0,0.0,0.0,0.0,0.0,0.0,0.0,0.0,0.0,0.0,0.0,0.0,0.0,0.0,0.0,0.0,0.0,0.0,0.0,0.0,0.0,0.0,0.0,0.0,0.0,0.0,0.0,0.0,0.0,0.0,0.0,1.0,0.0,0.0,0.0,0.0,0.0,0.0,0.0,0.0,0.0
70.79503936627553,22.29930171982015,101.18854351420823,752.0,282.0,4.081390107894828,72.78372990404563,0.7659219430200208,1.181399029403012,0.6258947975800988,8.7225245263219,6.0,6.0,5.0,4.235950360990109,1.3702623507952756,0.3784308840410651,0.7019127483666845,0.0,0.0,0.0,0.0,0.0,0.0,0.0,0.0,0.0,0.0,0.0,0.0,0.0,0.0,0.0,0.0,0.0,0.0,0.0,0.0,0.0,0.0,0.0,0.0,0.0,0.0,0.0,0.0,0.0,0.0,1.0,0.0,0.0,0.0,0.0,0.0,0.0,0.0,0.0,0.0,0.0,0.0,0.0,0.0,0.0,0.0,0.0,0.0,0.0,0.0,0.0
65.30084914396315,42.662119912840254,178.93601175065743,1402.0,384.0,3.920192055309896,71.3875005105852,0.9280525639245116,1.2776366961370866,0.8092541774870659,4.118701277208073,6.0,5.0,3.0,4.281239169636173,1.2976203943529268,0.36199989777253416,0.4585413408935063,0.0,0.0,0.0,0.0,0.0,0.0,0.0,0.0,0.0,0.0,0.0,0.0,0.0,0.0,0.0,0.0,0.0,0.0,0.0,0.0,0.0,0.0,0.0,0.0,0.0,0.0,0.0,0.0,0.0,0.0,0.0,0.0,0.0,0.0,0.0,0.0,0.0,0.0,0.0,0.0,0.0,0.0,0.0,0.0,0.0,0.0,0.0,0.0,0.0,0.0,1.0
71.62080818871267,34.43628255156433,98.21065935487934,1184.0,245.0,6.519925796055188,80.0941541615674,0.7262626646917307,1.064212344205898,0.7343712676621457,5.483669910547735,4.0,0.0,17.0,5.224572890635336,1.0773156697498132,0.4254923414083964,0.44500912922137414,0.0,0.0,0.0,0.0,0.0,0.0,0.0,0.0,0.0,0.0,0.0,0.0,0.0,0.0,0.0,0.0,0.0,0.0,0.0,0.0,0.0,0.0,0.0,0.0,0.0,0.0,0.0,0.0,0.0,0.0,0.0,0.0,0.0,0.0,0.0,1.0,0.0,0.0,0.0,0.0,0.0,0.0,0.0,0.0,0.0,0.0,0.0,0.0,0.0,0.0,0.0
71.20345636877063,36.60941670778857,51.53425295961503,1126.0,161.0,6.905628749656236,82.8666230884596,0.8800898637893626,1.0887306745547929,0.9860387998021212,1.658901263627276,4.0,5.0,18.0,3.678582896934127,0.9591835124026638,0.26514412203819004,0.1819205431241523,0.0,0.0,0.0,0.0,0.0,0.0,0.0,0.0,0.0,0.0,1.0,0.0,0.0,0.0,0.0,0.0,0.0,0.0,0.0,0.0,0.0,0.0,0.0,0.0,0.0,0.0,0.0,0.0,0.0,0.0,0.0,0.0,0.0,0.0,0.0,0.0,0.0,0.0,0.0,0.0,0.0,0.0,0.0,0.0,0.0,0.0,0.0,0.0,0.0,0.0,0.0
70.16762710033821,32.73204932010985,126.96964823164288,577.0,174.0,4.056256025955758,82.22168945515762,0.9729884745726036,1.4395807797663784,0.6799046211304998,5.624048660006892,3.0,2.0,3.0,4.42816945166844,0.9591835124026638,0.26514412203819004,0.6580822850560539,0.0,0.0,0.0,0.0,0.0,0.0,0.0,0.0,0.0,0.0,0.0,0.0,0.0,0.0,0.0,0.0,0.0,0.0,0.0,0.0,0.0,0.0,0.0,0.0,0.0,0.0,0.0,0.0,0.0,0.0,0.0,0.0,0.0,0.0,0.0,0.0,0.0,0.0,0.0,0.0,0.0,0.0,0.0,0.0,0.0,1.0,0.0,0.0,0.0,0.0,0.0
65.94037267544014,58.69198256715962,128.49886414907064,1385.0,422.0,2.4055587789877384,89.82065793773673,0.8467789092694753,1.0614828290541514,0.6143251188311769,2.0221242202634224,6.0,1.0,23.0,4.202279185884092,1.4697840575566672,0.34285505075505124,0.3105239799934354,0.0,0.0,0.0,0.0,0.0,0.0,0.0,0.0,0.0,0.0,0.0,0.0,0.0,0.0,0.0,0.0,0.0,0.0,0.0,0.0,0.0,0.0,0.0,0.0,1.0,0.0,0.0,0.0,0.0,0.0,0.0,0.0,0.0,0.0,0.0,0.0,0.0,0.0,0.0,0.0,0.0,0.0,0.0,0.0,0.0,0.0,0.0,0.0,0.0,0.0,0.0
77.69489802411779,27.26223047017528,89.25206009120231,1448.0,395.0,6.792728299106447,89.94735816060219,0.8889249224611293,0.9545792654326302,0.6908718758492574,6.964241392999893,5.0,1.0,15.0,4.458822910011564,1.4658859500472063,0.3602500989004059,0.47873281770249115,0.0,0.0,0.0,0.0,0.0,0.0,0.0,0.0,0.0,1.0,0.0,0.0,0.0,0.0,0.0,0.0,0.0,0.0,0.0,0.0,0.0,0.0,0.0,0.0,0.0,0.0,0.0,0.0,0.0,0.0,0.0,0.0,0.0,0.0,0.0,0.0,0.0,0.0,0.0,0.0,0.0,0.0,0.0,0.0,0.0,0.0,0.0,0.0,0.0,0.0,0.0
67.11466341533993,48.47010926647706,171.5390076482011,1002.0,332.0,5.394876637064651,70.7044569579886,0.768138762088389,1.1144211831447133,0.6864890385533677,5.329078311239641,6.0,0.0,6.0,4.309439584432484,1.4941431629507917,0.40056504908736124,0.4783857576600937,0.0,0.0,0.0,0.0,0.0,0.0,0.0,1.0,0.0,0.0,0.0,0.0,0.0,0.0,0.0,0.0,0.0,0.0,0.0,0.0,0.0,0.0,0.0,0.0,0.0,0.0,0.0,0.0,0.0,0.0,0.0,0.0,0.0,0.0,0.0,0.0,0.0,0.0,0.0,0.0,0.0,0.0,0.0,0.0,0.0,0.0,0.0,0.0,0.0,0.0,0.0
77.93248004125287,21.30088342962198,99.68114798395092,865.0,194.0,5.89711201422119,74.97444600691202,0.9516228204577624,1.0546451023545431,0.7970105144974915,1.323031094429583,5.0,2.0,18.0,4.52736567023292,1.3675315066317544,0.38047626133355145,0.2111493177262527,0.0,0.0,0.0,0.0,0.0,0.0,0.0,0.0,0.0,0.0,0.0,0.0,0.0,0.0,0.0,0.0,0.0,0.0,0.0,0.0,0.0,0.0,0.0,0.0,0.0,0.0,0.0,0.0,0.0,1.0,0.0,0.0,0.0,0.0,0.0,0.0,0.0,0.0,0.0,0.0,0.0,0.0,0.0,0.0,0.0,0.0,0.0,0.0,0.0,0.0,0.0
80.11636618508923,30.79617023532798,189.03018302327428,583.0,351.0,5.633376111435572,70.92869079144837,0.9315638353983748,1.0571019468185865,0.6941263978764514,0.252366071837099,5.0,3.0,21.0,4.430632513415594,1.7037333553170788,0.41428927605207505,0.19315168135914068,0.0,0.0,0.0,0.0,0.0,0.0,0.0,0.0,0.0,0.0,0.0,0.0,0.0,0.0,0.0,0.0,0.0,0.0,0.0,0.0,0.0,0.0,0.0,0.0,0.0,0.0,0.0,0.0,0.0,0.0,0.0,0.0,0.0,0.0,1.0,0.0,0.0,0.0,0.0,0.0,0.0,0.0,0.0,0.0,0.0,0.0,0.0,0.0,0.0,0.0,0.0
69.86206704023725,22.27519841664644,76.40195953972994,905.0,392.0,6.010769326085103,87.69979157285482,0.9437464534926728,1.2350869186153624,0.8967127349998048,7.999975094100766,6.0,0.0,12.0,4.698854055334991,1.543171898181665,0.38744619120060403,0.6022410210233874,0.0,0.0,0.0,0.0,0.0,0.0,0.0,0.0,0.0,0.0,0.0,0.0,0.0,0.0,0.0,0.0,0.0,0.0,0.0,0.0,0.0,0.0,0.0,0.0,0.0,0.0,0.0,0.0,0.0,0.0,0.0,0.0,0.0,0.0,0.0,0.0,0.0,0.0,0.0,0.0,0.0,0.0,1.0,0.0,0.0,0.0,0.0,0.0,0.0,0.0,0.0
74.3557741106592,35.445744981018365,170.5619078941616,1473.0,278.0,5.41557574059336,94.40592916827131,0.8547911210647757,1.499455141814645,0.5503653668402932,3.76907707008552,7.0,4.0,16.0,4.619582266762359,1.4806154698024598,0.37008605482864765,0.6384783931055711,0.0,0.0,0.0,0.0,0.0,0.0,0.0,0.0,0.0,0.0,0.0,0.0,0.0,0.0,0.0,0.0,0.0,0.0,0.0,0.0,0.0,0.0,0.0,0.0,0.0,0.0,0.0,0.0,0.0,0.0,0.0,0.0,0.0,0.0,0.0,0.0,0.0,0.0,0.0,0.0,0.0,0.0,0.0,0.0,0.0,0.0,1.0,0.0,0.0,0.0,0.0
57.64508835951222,26.70737662309832,199.55191412765407,432.0,448.0,4.725453085120964,92.90932664932872,0.7562300684648099,1.4366585600823891,0.5238071807035798,5.448424714625641,4.0,1.0,18.0,4.579137852822885,1.7407183461424727,0.4042639103903842,0.6999341384089163,0.0,0.0,0.0,0.0,0.0,0.0,0.0,0.0,0.0,0.0,0.0,0.0,0.0,0.0,0.0,0.0,0.0,0.0,0.0,0.0,0.0,0.0,0.0,0.0,0.0,0.0,0.0,0.0,0.0,0.0,0.0,0.0,0.0,0.0,0.0,0.0,1.0,0.0,0.0,0.0,0.0,0.0,0.0,0.0,0.0,0.0,0.0,0.0,0.0,0.0,0.0
62.44013829260248,43.17206444456276,182.7002777496957,755.0,169.0,6.197935334058345,84.73797169477284,0.9611797240937276,1.1379244355368436,0.5196582339051343,0.7359893868304246,5.0,6.0,17.0,4.369097813064006,1.2873030565887216,0.3386160759890397,0.31603235811093267,0.0,0.0,0.0,0.0,0.0,0.0,0.0,0.0,0.0,0.0,0.0,0.0,0.0,0.0,0.0,0.0,0.0,0.0,0.0,0.0,0.0,0.0,0.0,0.0,0.0,0.0,0.0,0.0,0.0,0.0,0.0,0.0,0.0,0.0,0.0,0.0,0.0,0.0,0.0,0.0,0.0,0.0,0.0,0.0,0.0,1.0,0.0,0.0,0.0,0.0,0.0
72.56869558422164,57.611335851005535,81.20141503756125,795.0,547.0,2.5589501043662954,73.23151619535561,0.8948870133765073,1.1838465241679743,0.4491512036792446,9.920865398582952,4.0,2.0,3.0,4.500564779037715,0.9591835124026638,0.3416673945136881,0.8220851520876435,0.0,0.0,0.0,0.0,0.0,0.0,0.0,0.0,0.0,0.0,0.0,0.0,0.0,0.0,0.0,0.0,0.0,0.0,0.0,0.0,0.0,0.0,0.0,0.0,0.0,0.0,0.0,0.0,0.0,0.0,0.0,0.0,0.0,0.0,0.0,0.0,0.0,0.0,0.0,0.0,0.0,0.0,0.0,0.0,0.0,1.0,0.0,0.0,0.0,0.0,0.0
64.69602496376952,44.80008409317065,114.8111350551297,1203.0,114.0,6.179231278237461,70.28583748516544,0.9898086521815386,1.029284265040225,0.902180861994168,1.615307588522773,4.0,2.0,23.0,5.117759908955643,1.8473826609583988,0.4787144763200408,0.17797636737971442,0.0,0.0,0.0,0.0,0.0,0.0,0.0,0.0,0.0,0.0,0.0,0.0,0.0,0.0,0.0,0.0,0.0,0.0,0.0,0.0,0.0,0.0,0.0,0.0,0.0,0.0,0.0,0.0,0.0,1.0,0.0,0.0,0.0,0.0,0.0,0.0,0.0,0.0,0.0,0.0,0.0,0.0,0.0,0.0,0.0,0.0,0.0,0.0,0.0,0.0,0.0
63.82851905021346,38.79818593340377,51.121093196345306,1063.0,496.0,6.8488379425008645,89.41874734408698,0.7360281261673451,1.3195078896911452,0.872735151166276,2.68180394366751,7.0,2.0,16.0,4.202383087738239,1.3505089686823215,0.34335487628585937,0.38641890231705545,0.0,0.0,0.0,0.0,0.0,0.0,0.0,0.0,0.0,0.0,0.0,0.0,1.0,0.0,0.0,0.0,0.0,0.0,0.0,0.0,0.0,0.0,0.0,0.0,0.0,0.0,0.0,0.0,0.0,0.0,0.0,0.0,0.0,0.0,0.0,0.0,0.0,0.0,0.0,0.0,0.0,0.0,0.0,0.0,0.0,0.0,0.0,0.0,0.0,0.0,0.0
79.3193359160666,24.782692876642752,157.02231808093734,1292.0,101.0,3.324336122522732,92.93077077371682,0.775765775508585,1.4084561375114402,0.9920046285079748,5.111075451965318,6.0,3.0,14.0,4.399255941138479,1.4010997734591446,0.3542507650915264,0.5126688711649174,0.0,0.0,0.0,0.0,0.0,0.0,0.0,0.0,0.0,0.0,0.0,0.0,0.0,0.0,0.0,0.0,0.0,0.0,0.0,0.0,0.0,0.0,0.0,1.0,0.0,0.0,0.0,0.0,0.0,0.0,0.0,0.0,0.0,0.0,0.0,0.0,0.0,0.0,0.0,0.0,0.0,0.0,0.0,0.0,0.0,0.0,0.0,0.0,0.0,0.0,0.0
64.7918697467587,23.13658736880129,170.94221039472154,868.0,463.0,2.12047098906027,77.67679741853713,0.8553602801092731,1.4905089837731436,0.7935558987918236,3.765783651960072,5.0,1.0,8.0,4.642039327062878,1.2098569669198138,0.37958248021238916,0.5526655511978407,0.0,0.0,0.0,0.0,0.0,0.0,0.0,0.0,0.0,0.0,0.0,0.0,0.0,0.0,0.0,0.0,0.0,0.0,0.0,0.0,0.0,0.0,0.0,0.0,0.0,0.0,0.0,1.0,0.0,0.0,0.0,0.0,0.0,0.0,0.0,0.0,0.0,0.0,0.0,0.0,0.0,0.0,0.0,0.0,0.0,0.0,0.0,0.0,0.0,0.0,0.0
77.85941531036504,23.878023472561686,188.9574952637805,550.0,593.0,5.783780770353842,88.04770517762938,0.9191023314564056,1.2563220475118475,0.6269582167326887,0.5487208111551167,5.0,6.0,13.0,4.415070943042966,1.3433897632438838,0.345543959399983,0.33010656833237084,0.0,0.0,0.0,0.0,0.0,0.0,0.0,0.0,0.0,0.0,0.0,0.0,0.0,0.0,0.0,0.0,0.0,0.0,0.0,0.0,0.0,0.0,0.0,0.0,0.0,0.0,0.0,0.0,0.0,0.0,0.0,0.0,0.0,0.0,0.0,0.0,0.0,0.0,0.0,0.0,0.0,0.0,0.0,0.0,0.0,1.0,0.0,0.0,0.0,0.0,0.0
69.06262563167088,46.62004830568039,96.10219874492152,946.0,440.0,2.258494175370741,85.49958477674487,0.994349507127207,1.17020517053142,0.8470523436914553,5.602311525487016,6.0,6.0,23.0,4.291789968376545,1.234599385486695,0.3220434125840291,0.46638396165960366,0.0,0.0,0.0,0.0,0.0,0.0,0.0,0.0,0.0,0.0,0.0,0.0,0.0,0.0,0.0,0.0,0.0,0.0,0.0,0.0,0.0,0.0,0.0,0.0,0.0,0.0,0.0,0.0,0.0,0.0,0.0,0.0,0.0,0.0,0.0,0.0,0.0,0.0,0.0,0.0,1.0,0.0,0.0,0.0,0.0,0.0,0.0,0.0,0.0,0.0,0.0
72.21972589200496,21.128436998463307,81.87070162973428,1422.0,359.0,6.673450454787618,73.90828328419965,0.8036506566598028,1.4927902525980392,0.8580619589282911,6.883852997702727,4.0,1.0,14.0,4.389182920795228,1.3100856623096337,0.379944406494381,0.6882794348265928,0.0,0.0,0.0,0.0,0.0,0.0,0.0,0.0,0.0,0.0,0.0,0.0,0.0,0.0,0.0,0.0,1.0,0.0,0.0,0.0,0.0,0.0,0.0,0.0,0.0,0.0,0.0,0.0,0.0,0.0,0.0,0.0,0.0,0.0,0.0,0.0,0.0,0.0,0.0,0.0,0.0,0.0,0.0,0.0,0.0,0.0,0.0,0.0,0.0,0.0,0.0
63.40896552354705,38.02059998463116,80.25072720933615,1103.0,422.0,3.277834010379181,72.74420301886303,0.7673173380649618,1.2838048871229797,0.5294662812274059,2.857159525247387,3.0,6.0,5.0,5.236687793744402,0.9591835124026638,0.4561767284079834,0.49189710908725504,0.0,0.0,0.0,0.0,0.0,0.0,0.0,0.0,0.0,1.0,0.0,0.0,0.0,0.0,0.0,0.0,0.0,0.0,0.0,0.0,0.0,0.0,0.0,0.0,0.0,0.0,0.0,0.0,0.0,0.0,0.0,0.0,0.0,0.0,0.0,0.0,0.0,0.0,0.0,0.0,0.0,0.0,0.0,0.0,0.0,0.0,0.0,0.0,0.0,0.0,0.0
63.51680635670097,36.856920875353794,154.91743400573904,1144.0,521.0,2.805001664181188,78.60788348269502,0.9597834396864507,1.1084451510031277,0.5471539264843207,6.594740760072404,4.0,1.0,11.0,4.207645238347937,0.9591835124026638,0.29810780727342107,0.5852244815243299,0.0,0.0,0.0,0.0,0.0,0.0,0.0,0.0,0.0,0.0,0.0,0.0,0.0,0.0,0.0,0.0,1.0,0.0,0.0,0.0,0.0,0.0,0.0,0.0,0.0,0.0,0.0,0.0,0.0,0.0,0.0,0.0,0.0,0.0,0.0,0.0,0.0,0.0,0.0,0.0,0.0,0.0,0.0,0.0,0.0,0.0,0.0,0.0,0.0,0.0,0.0
78.85109094580605,35.35994859833289,142.82981583117697,621.0,130.0,3.171269984850032,72.63394429503352,0.7227087279327299,1.2972741369537693,0.98171299187288,9.652347287070851,4.0,3.0,8.0,5.236687793744402,1.0474535194541892,0.44613500962032054,0.6876657222059451,0.0,0.0,0.0,0.0,0.0,0.0,0.0,0.0,0.0,0.0,0.0,0.0,0.0,0.0,0.0,0.0,0.0,0.0,0.0,0.0,0.0,0.0,0.0,0.0,0.0,0.0,0.0,0.0,0.0,0.0,1.0,0.0,0.0,0.0,0.0,0.0,0.0,0.0,0.0,0.0,0.0,0.0,0.0,0.0,0.0,0.0,0.0,0.0,0.0,0.0,0.0
65.71398372819144,21.50602143566472,129.0439030915449,512.0,487.0,2.683608654200836,90.02334697881265,0.7432980077809876,1.301408999507884,0.6019263784723743,9.297530742250515,4.0,1.0,10.0,4.829603651662125,1.5903864050186693,0.4186842114013302,0.7987458079893792,0.0,0.0,0.0,0.0,0.0,0.0,0.0,0.0,0.0,0.0,0.0,0.0,0.0,0.0,1.0,0.0,0.0,0.0,0.0,0.0,0.0,0.0,0.0,0.0,0.0,0.0,0.0,0.0,0.0,0.0,0.0,0.0,0.0,0.0,0.0,0.0,0.0,0.0,0.0,0.0,0.0,0.0,0.0,0.0,0.0,0.0,0.0,0.0,0.0,0.0,0.0
64.33556956125034,20.267354733337967,132.12631022575616,358.0,200.0,6.9128329057506495,74.0722497255501,0.8731547612420002,1.3402604309216686,0.5473547745499074,2.877737170365428,5.0,0.0,1.0,4.772162158016302,1.3630270180492186,0.41091445418300104,0.5152116891754017,0.0,0.0,0.0,0.0,0.0,0.0,0.0,0.0,0.0,0.0,0.0,0.0,0.0,0.0,0.0,0.0,0.0,0.0,0.0,0.0,0.0,0.0,0.0,0.0,0.0,0.0,0.0,0.0,0.0,0.0,0.0,0.0,0.0,0.0,0.0,0.0,0.0,0.0,0.0,0.0,0.0,0.0,0.0,0.0,0.0,0.0,0.0,0.0,0.0,1.0,0.0
69.22663597254659,39.3305331917321,165.5906631176922,1264.0,338.0,6.224984086165063,76.1541374019087,0.9127996080561696,1.1810705904303052,0.4734536392710916,1.8841046332849964,4.0,3.0,5.0,3.9115453019508917,1.2600879221316226,0.31836620255757997,0.41049092538818477,0.0,0.0,0.0,0.0,0.0,0.0,0.0,0.0,0.0,0.0,0.0,0.0,0.0,0.0,0.0,0.0,0.0,0.0,0.0,0.0,0.0,0.0,0.0,0.0,0.0,0.0,1.0,0.0,0.0,0.0,0.0,0.0,0.0,0.0,0.0,0.0,0.0,0.0,0.0,0.0,0.0,0.0,0.0,0.0,0.0,0.0,0.0,0.0,0.0,0.0,0.0
73.25561815618109,29.307358378787992,91.53687853853488,1377.0,185.0,4.179152743084799,72.93909750714684,0.749120697684949,1.2650549256301489,0.5284458214045608,2.169196601874007,3.0,3.0,20.0,5.236687793744402,0.9591835124026638,0.44191354095154867,0.4484334355186026,0.0,0.0,0.0,0.0,0.0,0.0,0.0,0.0,0.0,0.0,0.0,0.0,1.0,0.0,0.0,0.0,0.0,0.0,0.0,0.0,0.0,0.0,0.0,0.0,0.0,0.0,0.0,0.0,0.0,0.0,0.0,0.0,0.0,0.0,0.0,0.0,0.0,0.0,0.0,0.0,0.0,0.0,0.0,0.0,0.0,0.0,0.0,0.0,0.0,0.0,0.0
80.34679546109922,45.43194773687806,100.62128613090562,768.0,330.0,5.406345307803643,81.45272166396816,0.9554695127350876,1.1520191932727717,0.9629535174094008,4.094796809607145,5.0,2.0,1.0,4.064962207445594,1.3705923391983326,0.32734971572758464,0.3431735896192283,0.0,0.0,0.0,1.0,0.0,0.0,0.0,0.0,0.0,0.0,0.0,0.0,0.0,0.0,0.0,0.0,0.0,0.0,0.0,0.0,0.0,0.0,0.0,0.0,0.0,0.0,0.0,0.0,0.0,0.0,0.0,0.0,0.0,0.0,0.0,0.0,0.0,0.0,0.0,0.0,0.0,0.0,0.0,0.0,0.0,0.0,0.0,0.0,0.0,0.0,0.0
69.16979833405982,26.88445450711656,91.7366507321771,676.0,103.0,3.2739340678467985,73.8155851933668,0.999892495762362,1.1669649060150318,0.9740497187535618,0.2940739770184097,5.0,5.0,17.0,4.406301007713499,1.3329994708077317,0.3641770341324662,0.15679333965335118,0.0,0.0,0.0,0.0,0.0,0.0,0.0,0.0,0.0,0.0,0.0,0.0,0.0,0.0,0.0,0.0,0.0,0.0,0.0,1.0,0.0,0.0,0.0,0.0,0.0,0.0,0.0,0.0,0.0,0.0,0.0,0.0,0.0,0.0,0.0,0.0,0.0,0.0,0.0,0.0,0.0,0.0,0.0,0.0,0.0,0.0,0.0,0.0,0.0,0.0,0.0
72.60403739811576,25.00796995243597,155.7863602854929,1185.0,195.0,5.403622343816494,90.70230777237136,0.7315403928755317,1.1080478583589568,0.5451530244394711,9.995528541691993,3.0,0.0,18.0,4.42816945166844,0.9591835124026638,0.26514412203819004,0.7558409223713562,0.0,0.0,1.0,0.0,0.0,0.0,0.0,0.0,0.0,0.0,0.0,0.0,0.0,0.0,0.0,0.0,0.0,0.0,0.0,0.0,0.0,0.0,0.0,0.0,0.0,0.0,0.0,0.0,0.0,0.0,0.0,0.0,0.0,0.0,0.0,0.0,0.0,0.0,0.0,0.0,0.0,0.0,0.0,0.0,0.0,0.0,0.0,0.0,0.0,0.0,0.0
62.57136564348645,53.75521556836772,105.49447325120109,817.0,469.0,3.2871846651101686,75.84199962551446,0.8916444478353771,1.4828515074893072,0.8900571527571025,6.797079737193034,4.0,0.0,2.0,4.315240202685046,1.8333326493511306,0.41082708969110476,0.668284569425131,0.0,0.0,0.0,0.0,0.0,0.0,0.0,0.0,0.0,0.0,0.0,0.0,0.0,0.0,0.0,0.0,0.0,0.0,0.0,0.0,0.0,0.0,0.0,0.0,0.0,0.0,0.0,0.0,0.0,0.0,0.0,0.0,0.0,0.0,0.0,0.0,0.0,0.0,1.0,0.0,0.0,0.0,0.0,0.0,0.0,0.0,0.0,0.0,0.0,0.0,0.0
68.30799677040967,28.240184300282948,106.44998763677133,434.0,107.0,3.449750698467,77.93774124083043,0.7669158891133189,1.2200495005520486,0.9738093626446273,6.704598077818968,6.0,0.0,20.0,4.515245509567319,1.5141236164624359,0.40596612039245594,0.5041720427113044,0.0,0.0,0.0,0.0,0.0,0.0,0.0,0.0,0.0,0.0,0.0,0.0,0.0,0.0,0.0,0.0,1.0,0.0,0.0,0.0,0.0,0.0,0.0,0.0,0.0,0.0,0.0,0.0,0.0,0.0,0.0,0.0,0.0,0.0,0.0,0.0,0.0,0.0,0.0,0.0,0.0,0.0,0.0,0.0,0.0,0.0,0.0,0.0,0.0,0.0,0.0
71.06667376889459,42.64052360852988,64.36830107892749,1198.0,398.0,4.414622824772988,72.18316106362062,0.94710054664162,1.2756692631362931,0.524441647830824,9.552484752125803,4.0,6.0,5.0,4.128315484078784,1.6542211393972504,0.3792968568316885,0.8244813343082917,0.0,0.0,0.0,0.0,0.0,0.0,1.0,0.0,0.0,0.0,0.0,0.0,0.0,0.0,0.0,0.0,0.0,0.0,0.0,0.0,0.0,0.0,0.0,0.0,0.0,0.0,0.0,0.0,0.0,0.0,0.0,0.0,0.0,0.0,0.0,0.0,0.0,0.0,0.0,0.0,0.0,0.0,0.0,0.0,0.0,0.0,0.0,0.0,0.0,0.0,0.0
72.63007952253652,56.93247993917881,143.85474641960008,687.0,352.0,2.594199820843543,79.7888161461627,0.8592822783122492,0.9695516586051052,0.668564861235299,0.2439992381305689,3.0,4.0,2.0,3.678582896934127,1.0419749173531794,0.26514412203819004,0.15744630676639007,0.0,0.0,0.0,0.0,0.0,0.0,0.0,0.0,0.0,0.0,0.0,0.0,0.0,0.0,0.0,0.0,0.0,0.0,0.0,0.0,0.0,0.0,0.0,0.0,1.0,0.0,0.0,0.0,0.0,0.0,0.0,0.0,0.0,0.0,0.0,0.0,0.0,0.0,0.0,0.0,0.0,0.0,0.0,0.0,0.0,0.0,0.0,0.0,0.0,0.0,0.0
67.46017995197109,27.26443459428105,140.2521882961194,318.0,343.0,3.521254009854631,73.78068858280623,0.9931704064665532,1.1239636245903508,0.5576324041528719,1.975943735319322,5.0,0.0,22.0,4.476641997873559,1.4779197661863719,0.3848522686289032,0.3584073748520768,0.0,0.0,0.0,0.0,0.0,0.0,0.0,0.0,0.0,0.0,0.0,1.0,0.0,0.0,0.0,0.0,0.0,0.0,0.0,0.0,0.0,0.0,0.0,0.0,0.0,0.0,0.0,0.0,0.0,0.0,0.0,0.0,0.0,0.0,0.0,0.0,0.0,0.0,0.0,0.0,0.0,0.0,0.0,0.0,0.0,0.0,0.0,0.0,0.0,0.0,0.0
65.11789904025521,21.340671410733577,150.75874500172552,1218.0,213.0,5.221255426142433,78.07310224266207,0.8820042937760905,1.2835089883282005,0.7716082169368135,0.9918342783799372,5.0,4.0,13.0,4.51544161858225,1.6799679081655605,0.4100379424881165,0.3176029268499609,0.0,0.0,0.0,0.0,0.0,0.0,0.0,0.0,0.0,0.0,0.0,0.0,0.0,0.0,0.0,0.0,0.0,0.0,0.0,0.0,0.0,0.0,0.0,0.0,0.0,0.0,0.0,0.0,0.0,0.0,0.0,0.0,0.0,0.0,0.0,0.0,1.0,0.0,0.0,0.0,0.0,0.0,0.0,0.0,0.0,0.0,0.0,0.0,0.0,0.0,0.0
66.62913636569986,56.4452786370618,97.2770910645161,687.0,351.0,3.826487736289885,82.47154306640635,0.8920526293127684,1.3145138195670274,0.7002401769642528,4.698675733668876,4.0,3.0,6.0,4.503076516396613,1.4133029730315991,0.3737040319677389,0.5424013107490095,0.0,0.0,0.0,0.0,0.0,0.0,0.0,0.0,0.0,0.0,0.0,0.0,0.0,0.0,0.0,0.0,0.0,0.0,0.0,1.0,0.0,0.0,0.0,0.0,0.0,0.0,0.0,0.0,0.0,0.0,0.0,0.0,0.0,0.0,0.0,0.0,0.0,0.0,0.0,0.0,0.0,0.0,0.0,0.0,0.0,0.0,0.0,0.0,0.0,0.0,0.0
65.47572473279992,34.4125157765323,91.43059583334367,538.0,491.0,3.663244402848128,84.28386903980055,0.7253677110920755,1.4764081158944868,0.5360978066384273,7.522547262207882,6.0,6.0,1.0,4.6630199263173155,1.464153375661108,0.4054655988655252,0.8194983540346901,0.0,0.0,0.0,0.0,0.0,0.0,0.0,0.0,0.0,0.0,0.0,1.0,0.0,0.0,0.0,0.0,0.0,0.0,0.0,0.0,0.0,0.0,0.0,0.0,0.0,0.0,0.0,0.0,0.0,0.0,0.0,0.0,0.0,0.0,0.0,0.0,0.0,0.0,0.0,0.0,0.0,0.0,0.0,0.0,0.0,0.0,0.0,0.0,0.0,0.0,0.0
69.17604696862658,24.423963225091928,69.53071181216859,742.0,340.0,2.5213570649362573,77.94758971711966,0.8966083971490416,0.9742501849382053,0.9181332182554954,2.60834081469409,4.0,5.0,7.0,3.8668111870957316,1.4980838327951738,0.33524444974661627,0.19479079203109526,0.0,0.0,0.0,0.0,0.0,0.0,0.0,0.0,0.0,0.0,0.0,0.0,0.0,0.0,0.0,0.0,0.0,0.0,0.0,0.0,1.0,0.0,0.0,0.0,0.0,0.0,0.0,0.0,0.0,0.0,0.0,0.0,0.0,0.0,0.0,0.0,0.0,0.0,0.0,0.0,0.0,0.0,0.0,0.0,0.0,0.0,0.0,0.0,0.0,0.0,0.0
78.09427803252008,59.21578447664156,69.93304449031459,1220.0,430.0,5.917792024513764,84.66139931915431,0.7165501898101909,1.4180460300218858,0.5338630039322672,8.09192320393642,5.0,2.0,16.0,4.591608883517847,1.672229062381537,0.4192694646216368,0.8195211939045087,0.0,0.0,0.0,0.0,0.0,0.0,0.0,0.0,0.0,0.0,0.0,0.0,0.0,0.0,0.0,0.0,0.0,0.0,0.0,0.0,0.0,0.0,0.0,0.0,0.0,0.0,0.0,0.0,0.0,0.0,0.0,0.0,0.0,0.0,0.0,0.0,0.0,0.0,0.0,0.0,0.0,0.0,1.0,0.0,0.0,0.0,0.0,0.0,0.0,0.0,0.0
66.96072210213892,28.00099000735534,102.26200272811914,1115.0,163.0,2.2958317576868734,91.26641958738824,0.7932428639903781,1.4914402649985372,0.8634540226918492,6.6246476702687325,7.0,3.0,21.0,4.542327754435921,1.5188904956121736,0.3794784756911206,0.672835542435144,0.0,0.0,0.0,0.0,0.0,0.0,0.0,0.0,0.0,0.0,1.0,0.0,0.0,0.0,0.0,0.0,0.0,0.0,0.0,0.0,0.0,0.0,0.0,0.0,0.0,0.0,0.0,0.0,0.0,0.0,0.0,0.0,0.0,0.0,0.0,0.0,0.0,0.0,0.0,0.0,0.0,0.0,0.0,0.0,0.0,0.0,0.0,0.0,0.0,0.0,0.0
72.9288071437641,39.6370930028772,132.0379049769772,834.0,280.0,3.031934890640837,71.61838395021125,0.8637554996032533,0.9481841670642894,0.6749733843089492,5.997912545168926,6.0,1.0,3.0,4.747428333678786,1.4973491243640598,0.4274431047696774,0.43249145070298,0.0,0.0,0.0,0.0,0.0,0.0,0.0,0.0,0.0,0.0,0.0,0.0,0.0,1.0,0.0,0.0,0.0,0.0,0.0,0.0,0.0,0.0,0.0,0.0,0.0,0.0,0.0,0.0,0.0,0.0,0.0,0.0,0.0,0.0,0.0,0.0,0.0,0.0,0.0,0.0,0.0,0.0,0.0,0.0,0.0,0.0,0.0,0.0,0.0,0.0,0.0
69.1559179635539,45.4070005607983,161.0569991098954,1335.0,422.0,4.627378615186728,85.01218273799934,0.8404935477494881,1.4506867385179965,0.6913785542525002,8.688117811253539,5.0,4.0,8.0,4.777353079935448,1.1387901111121361,0.37134105418772195,0.8131118798604742,0.0,0.0,0.0,0.0,0.0,0.0,0.0,0.0,0.0,0.0,0.0,0.0,0.0,0.0,0.0,1.0,0.0,0.0,0.0,0.0,0.0,0.0,0.0,0.0,0.0,0.0,0.0,0.0,0.0,0.0,0.0,0.0,0.0,0.0,0.0,0.0,0.0,0.0,0.0,0.0,0.0,0.0,0.0,0.0,0.0,0.0,0.0,0.0,0.0,0.0,0.0
70.68851634707467,33.162235803515394,103.10604490715744,1404.0,268.0,3.2888269099198406,90.40083968277142,0.860273979283893,1.3688913444382305,0.4566251331369323,5.30966726484372,4.0,3.0,18.0,4.365872374097682,1.1698255252474414,0.3258849051251789,0.6814982537649504,0.0,0.0,0.0,1.0,0.0,0.0,0.0,0.0,0.0,0.0,0.0,0.0,0.0,0.0,0.0,0.0,0.0,0.0,0.0,0.0,0.0,0.0,0.0,0.0,0.0,0.0,0.0,0.0,0.0,0.0,0.0,0.0,0.0,0.0,0.0,0.0,0.0,0.0,0.0,0.0,0.0,0.0,0.0,0.0,0.0,0.0,0.0,0.0,0.0,0.0,0.0
72.16217997548853,45.546420752664346,120.04860470330308,1120.0,173.0,6.534977152503398,76.25463983657936,0.9618455756733,1.451490799462571,0.6053033455822914,2.425098679118688,4.0,2.0,23.0,4.3995930027879195,1.161357246220387,0.34613425962799144,0.5288939922338083,0.0,0.0,0.0,0.0,0.0,0.0,0.0,0.0,0.0,0.0,0.0,1.0,0.0,0.0,0.0,0.0,0.0,0.0,0.0,0.0,0.0,0.0,0.0,0.0,0.0,0.0,0.0,0.0,0.0,0.0,0.0,0.0,0.0,0.0,0.0,0.0,0.0,0.0,0.0,0.0,0.0,0.0,0.0,0.0,0.0,0.0,0.0,0.0,0.0,0.0,0.0
69.28024311733112,57.52879513042118,60.645998139846434,901.0,433.0,5.501740943671294,72.27132269071646,0.9333834682694568,1.013247649304253,0.9556798930120238,7.253774059501358,5.0,5.0,16.0,4.4522755707124935,1.29313825332182,0.37409533564697867,0.43419601785294826,0.0,0.0,0.0,0.0,0.0,0.0,0.0,0.0,0.0,0.0,0.0,0.0,0.0,0.0,0.0,0.0,0.0,0.0,0.0,0.0,0.0,0.0,0.0,0.0,0.0,0.0,0.0,0.0,0.0,0.0,0.0,0.0,0.0,0.0,0.0,0.0,0.0,0.0,0.0,0.0,0.0,0.0,0.0,0.0,1.0,0.0,0.0,0.0,0.0,0.0,0.0
71.3425254067049,28.38025295553696,168.16692799478875,1053.0,596.0,5.21260132987044,84.29092596624412,0.880747028804566,1.4008379413775085,0.8415709595441573,4.857634856618485,6.0,0.0,22.0,4.254261564193374,1.1719327476873496,0.32658505568082413,0.5463866875324996,0.0,0.0,0.0,0.0,0.0,0.0,0.0,0.0,0.0,0.0,0.0,0.0,0.0,0.0,0.0,0.0,0.0,0.0,1.0,0.0,0.0,0.0,0.0,0.0,0.0,0.0,0.0,0.0,0.0,0.0,0.0,0.0,0.0,0.0,0.0,0.0,0.0,0.0,0.0,0.0,0.0,0.0,0.0,0.0,0.0,0.0,0.0,0.0,0.0,0.0,0.0
63.74789815205042,27.617006356732688,80.38800009784751,897.0,151.0,2.6293496881949445,86.06155545072002,0.9918051753864718,1.322911697505704,0.675351358581668,1.0656948435510682,4.0,4.0,14.0,4.661982637321282,1.538231132034614,0.38224932947028445,0.3731471708420278,0.0,0.0,0.0,0.0,0.0,0.0,0.0,0.0,0.0,0.0,0.0,0.0,0.0,0.0,0.0,0.0,0.0,0.0,0.0,0.0,0.0,0.0,0.0,1.0,0.0,0.0,0.0,0.0,0.0,0.0,0.0,0.0,0.0,0.0,0.0,0.0,0.0,0.0,0.0,0.0,0.0,0.0,0.0,0.0,0.0,0.0,0.0,0.0,0.0,0.0,0.0
76.20363249324436,51.31431499646815,149.27485816067417,941.0,318.0,5.4948764229113225,75.3629553399891,0.8218875897026707,1.3470929838179817,0.4270929330710549,6.303875350797254,6.0,0.0,2.0,4.4335231404868605,1.4152727488086476,0.3890974303790644,0.7301873281341252,0.0,0.0,0.0,0.0,0.0,0.0,0.0,0.0,0.0,0.0,0.0,0.0,0.0,0.0,0.0,0.0,0.0,0.0,0.0,0.0,1.0,0.0,0.0,0.0,0.0,0.0,0.0,0.0,0.0,0.0,0.0,0.0,0.0,0.0,0.0,0.0,0.0,0.0,0.0,0.0,0.0,0.0,0.0,0.0,0.0,0.0,0.0,0.0,0.0,0.0,0.0
70.14306355218886,24.658310101092024,119.63462101673004,447.0,393.0,2.9779909773713475,71.76021771864951,0.8585043707141427,0.9209154991082756,0.8131868448387496,6.792106232986845,5.0,3.0,2.0,4.502718725676713,1.5034298981953833,0.40705558549605125,0.41244653040996526,0.0,0.0,1.0,0.0,0.0,0.0,0.0,0.0,0.0,0.0,0.0,0.0,0.0,0.0,0.0,0.0,0.0,0.0,0.0,0.0,0.0,0.0,0.0,0.0,0.0,0.0,0.0,0.0,0.0,0.0,0.0,0.0,0.0,0.0,0.0,0.0,0.0,0.0,0.0,0.0,0.0,0.0,0.0,0.0,0.0,0.0,0.0,0.0,0.0,0.0,0.0
68.52408631358526,57.91783374475629,66.37823679448084,344.0,142.0,5.587386063037301,82.53131927303258,0.823250253174784,1.269798378647963,0.7329853892699435,0.5311669488111725,6.0,4.0,21.0,4.549497384407429,1.3615593612650438,0.37954777269322526,0.3005841013831989,0.0,0.0,0.0,0.0,0.0,0.0,0.0,0.0,0.0,0.0,0.0,0.0,0.0,0.0,0.0,0.0,0.0,0.0,0.0,0.0,0.0,0.0,0.0,0.0,0.0,0.0,0.0,0.0,0.0,0.0,0.0,0.0,0.0,0.0,0.0,0.0,0.0,0.0,0.0,0.0,0.0,0.0,0.0,0.0,0.0,1.0,0.0,0.0,0.0,0.0,0.0
60.38351493316039,41.81721397767306,196.47123340976745,1049.0,594.0,4.947483940441561,75.5202132807108,0.7059888389188292,1.3672586102349578,0.9933066420541908,3.891120478490617,5.0,3.0,16.0,4.769459687053937,1.1072397643725405,0.4000789794385761,0.4305786060357737,0.0,0.0,0.0,0.0,0.0,0.0,0.0,0.0,0.0,0.0,0.0,0.0,0.0,0.0,0.0,1.0,0.0,0.0,0.0,0.0,0.0,0.0,0.0,0.0,0.0,0.0,0.0,0.0,0.0,0.0,0.0,0.0,0.0,0.0,0.0,0.0,0.0,0.0,0.0,0.0,0.0,0.0,0.0,0.0,0.0,0.0,0.0,0.0,0.0,0.0,0.0
79.14609538009174,47.87002439826843,118.75824009761938,1245.0,227.0,3.780860369114632,73.64694953568262,0.7161074592187519,0.9552696167353294,0.4112136264875755,1.0697397495211305,6.0,1.0,21.0,4.338755723996117,1.3524768128305644,0.3888981515356227,0.27750848977102005,0.0,0.0,0.0,0.0,0.0,0.0,0.0,0.0,0.0,0.0,0.0,0.0,0.0,0.0,0.0,0.0,0.0,0.0,0.0,0.0,0.0,0.0,0.0,0.0,0.0,0.0,0.0,0.0,0.0,0.0,0.0,0.0,0.0,0.0,0.0,0.0,0.0,1.0,0.0,0.0,0.0,0.0,0.0,0.0,0.0,0.0,0.0,0.0,0.0,0.0,0.0
75.89352352680984,51.18399338972971,131.72516688439848,389.0,569.0,2.972725142428406,79.00894623389914,0.9812498192665764,0.9558969304343152,0.7493353459352778,8.807994798295468,4.0,4.0,13.0,4.558470076082253,1.1639372623702577,0.35270179504281957,0.5521249948099487,0.0,0.0,0.0,0.0,0.0,0.0,0.0,0.0,0.0,0.0,0.0,0.0,0.0,0.0,0.0,0.0,0.0,0.0,0.0,0.0,0.0,0.0,0.0,0.0,0.0,0.0,0.0,0.0,0.0,0.0,0.0,0.0,0.0,0.0,0.0,0.0,0.0,0.0,0.0,0.0,0.0,0.0,0.0,0.0,1.0,0.0,0.0,0.0,0.0,0.0,0.0
71.36362078313252,27.6904967850037,137.67151942783775,748.0,251.0,5.550467661790121,82.21549577995978,0.8540454985908554,1.0501668409974396,0.7346934350882869,7.917607407220588,5.0,5.0,0.0,4.314539033274352,1.3770272181111007,0.3582123488384585,0.5596460900792717,0.0,0.0,0.0,0.0,0.0,0.0,1.0,0.0,0.0,0.0,0.0,0.0,0.0,0.0,0.0,0.0,0.0,0.0,0.0,0.0,0.0,0.0,0.0,0.0,0.0,0.0,0.0,0.0,0.0,0.0,0.0,0.0,0.0,0.0,0.0,0.0,0.0,0.0,0.0,0.0,0.0,0.0,0.0,0.0,0.0,0.0,0.0,0.0,0.0,0.0,0.0
75.45731365465582,39.72443275237097,174.43002127829948,649.0,234.0,5.334607336091404,85.7263353896055,0.7468261500878421,1.3738918089035133,0.9177562920162994,8.20663337061102,3.0,3.0,15.0,5.236687793744402,0.9591835124026638,0.467729719926292,0.6750279503211233,0.0,0.0,0.0,0.0,0.0,0.0,0.0,0.0,0.0,1.0,0.0,0.0,0.0,0.0,0.0,0.0,0.0,0.0,0.0,0.0,0.0,0.0,0.0,0.0,0.0,0.0,0.0,0.0,0.0,0.0,0.0,0.0,0.0,0.0,0.0,0.0,0.0,0.0,0.0,0.0,0.0,0.0,0.0,0.0,0.0,0.0,0.0,0.0,0.0,0.0,0.0
62.22966604299305,44.718752701344144,192.8691455890673,1205.0,423.0,3.2161862896885225,88.94023478157415,0.7045333527878688,0.963342504332002,0.6451630405343906,4.165240140582533,4.0,6.0,10.0,3.8447404272655517,1.1900117929407976,0.3011398131010658,0.3583361875353241,0.0,0.0,0.0,0.0,0.0,0.0,0.0,1.0,0.0,0.0,0.0,0.0,0.0,0.0,0.0,0.0,0.0,0.0,0.0,0.0,0.0,0.0,0.0,0.0,0.0,0.0,0.0,0.0,0.0,0.0,0.0,0.0,0.0,0.0,0.0,0.0,0.0,0.0,0.0,0.0,0.0,0.0,0.0,0.0,0.0,0.0,0.0,0.0,0.0,0.0,0.0
64.05498796376615,48.99133648644974,108.92341079774258,437.0,295.0,4.81990986268828,85.49878257693119,0.986501153693264,1.0132774511314362,0.7897244029081238,9.257430281937182,6.0,3.0,17.0,4.7039813076468855,1.4409055441098602,0.37825300082451496,0.5898489471705609,0.0,0.0,0.0,0.0,0.0,0.0,0.0,0.0,0.0,0.0,0.0,0.0,0.0,0.0,0.0,0.0,0.0,0.0,0.0,0.0,0.0,0.0,0.0,0.0,0.0,0.0,0.0,0.0,0.0,0.0,0.0,0.0,0.0,0.0,0.0,0.0,0.0,0.0,0.0,0.0,0.0,0.0,0.0,0.0,0.0,0.0,0.0,0.0,0.0,1.0,0.0
65.71358817472321,38.38167602591499,117.14711627913992,366.0,472.0,6.850480298208052,75.69770434466747,0.9578697032912522,1.4181113656668314,0.5425215140466606,6.923267495352063,4.0,1.0,8.0,4.351665975137751,1.1065275066989888,0.33825676995398524,0.7581939979638701,0.0,0.0,0.0,0.0,1.0,0.0,0.0,0.0,0.0,0.0,0.0,0.0,0.0,0.0,0.0,0.0,0.0,0.0,0.0,0.0,0.0,0.0,0.0,0.0,0.0,0.0,0.0,0.0,0.0,0.0,0.0,0.0,0.0,0.0,0.0,0.0,0.0,0.0,0.0,0.0,0.0,0.0,0.0,0.0,0.0,0.0,0.0,0.0,0.0,0.0,0.0
70.77596082538997,36.905723439354446,162.13513263005996,540.0,533.0,4.831937534591538,72.59002102324142,0.9250345932384284,1.2702444728802786,0.4947320863716669,5.936426423299274,6.0,4.0,0.0,4.69381916358385,1.5038936945565573,0.4153503506653501,0.6507647123253117,0.0,0.0,0.0,0.0,0.0,0.0,0.0,0.0,0.0,0.0,0.0,0.0,0.0,1.0,0.0,0.0,0.0,0.0,0.0,0.0,0.0,0.0,0.0,0.0,0.0,0.0,0.0,0.0,0.0,0.0,0.0,0.0,0.0,0.0,0.0,0.0,0.0,0.0,0.0,0.0,0.0,0.0,0.0,0.0,0.0,0.0,0.0,0.0,0.0,0.0,0.0
64.19361523601584,35.78533027416454,115.78333668815507,511.0,552.0,2.9109902851706817,86.63840993111701,0.9877676217880004,0.9314018375873888,0.5694634816316303,6.130896219553267,6.0,1.0,20.0,4.352098127593198,1.518838223560288,0.35278939166414885,0.46596178713048003,0.0,0.0,0.0,0.0,0.0,0.0,0.0,1.0,0.0,0.0,0.0,0.0,0.0,0.0,0.0,0.0,0.0,0.0,0.0,0.0,0.0,0.0,0.0,0.0,0.0,0.0,0.0,0.0,0.0,0.0,0.0,0.0,0.0,0.0,0.0,0.0,0.0,0.0,0.0,0.0,0.0,0.0,0.0,0.0,0.0,0.0,0.0,0.0,0.0,0.0,0.0
70.55994508025891,48.30084354211208,118.34915849572074,540.0,504.0,3.982474254192869,93.22176958813796,0.8819724098785617,1.2023871479858428,0.6257617800550879,9.17873221679662,5.0,6.0,14.0,4.476337741730367,1.6731900605827303,0.3757074422684181,0.7352864850155157,0.0,0.0,0.0,0.0,0.0,0.0,0.0,0.0,0.0,0.0,0.0,0.0,0.0,0.0,0.0,0.0,0.0,1.0,0.0,0.0,0.0,0.0,0.0,0.0,0.0,0.0,0.0,0.0,0.0,0.0,0.0,0.0,0.0,0.0,0.0,0.0,0.0,0.0,0.0,0.0,0.0,0.0,0.0,0.0,0.0,0.0,0.0,0.0,0.0,0.0,0.0
69.38722215267994,53.01992662697976,127.16129631696282,1449.0,529.0,2.974829852473208,92.34413897909938,0.7328256730760461,1.2039893580283227,0.9770114360453642,4.42584304789686,5.0,3.0,14.0,4.603746401030225,1.6376213918407005,0.40002417180686434,0.38105509531471615,0.0,0.0,0.0,0.0,0.0,0.0,0.0,0.0,0.0,0.0,0.0,0.0,0.0,0.0,0.0,0.0,0.0,0.0,0.0,0.0,0.0,0.0,0.0,0.0,0.0,0.0,0.0,0.0,0.0,0.0,0.0,0.0,0.0,1.0,0.0,0.0,0.0,0.0,0.0,0.0,0.0,0.0,0.0,0.0,0.0,0.0,0.0,0.0,0.0,0.0,0.0
67.6867257724159,49.28136810912505,56.145395242372416,660.0,348.0,6.291263577479334,85.901433869572,0.8483843603764465,1.488014006573362,0.4202159011565545,7.055627474470876,7.0,2.0,11.0,4.699212691558551,1.5068933624449101,0.39714641825351593,0.840624535517823,0.0,0.0,0.0,0.0,0.0,0.0,0.0,0.0,0.0,0.0,0.0,0.0,0.0,1.0,0.0,0.0,0.0,0.0,0.0,0.0,0.0,0.0,0.0,0.0,0.0,0.0,0.0,0.0,0.0,0.0,0.0,0.0,0.0,0.0,0.0,0.0,0.0,0.0,0.0,0.0,0.0,0.0,0.0,0.0,0.0,0.0,0.0,0.0,0.0,0.0,0.0
65.52769645674178,26.628169129530825,131.76328014788862,1418.0,514.0,5.380934705015292,91.14865238010104,0.8812543535757429,1.4026265652608156,0.4071641337658038,0.1401525562671057,5.0,5.0,18.0,4.308889011693446,1.5756269493140316,0.3560972424979872,0.456251375868175,0.0,0.0,0.0,0.0,0.0,0.0,0.0,0.0,0.0,0.0,0.0,0.0,0.0,0.0,0.0,0.0,0.0,0.0,0.0,0.0,0.0,0.0,0.0,1.0,0.0,0.0,0.0,0.0,0.0,0.0,0.0,0.0,0.0,0.0,0.0,0.0,0.0,0.0,0.0,0.0,0.0,0.0,0.0,0.0,0.0,0.0,0.0,0.0,0.0,0.0,0.0
69.20324763191726,49.47550062352624,161.43317522803858,575.0,250.0,2.5170119236078925,70.22002966552164,0.8771547726725052,0.9853272822242716,0.9702736141646012,7.924412870341325,6.0,5.0,7.0,4.232180598719492,1.3532409588345586,0.37048310881582924,0.4489042482718085,0.0,0.0,0.0,0.0,0.0,0.0,0.0,0.0,0.0,0.0,0.0,0.0,0.0,0.0,0.0,0.0,0.0,0.0,0.0,0.0,0.0,0.0,0.0,0.0,0.0,0.0,0.0,0.0,0.0,0.0,1.0,0.0,0.0,0.0,0.0,0.0,0.0,0.0,0.0,0.0,0.0,0.0,0.0,0.0,0.0,0.0,0.0,0.0,0.0,0.0,0.0
69.15948592121502,43.580860556799024,77.56335154427674,795.0,432.0,5.1844143568897945,79.19154379110708,0.8199881850621085,0.9739524684163908,0.9346001418170524,2.0438898586596865,5.0,5.0,18.0,4.268399068212297,1.4666621745137443,0.372225043486474,0.1609050825407783,0.0,0.0,0.0,0.0,0.0,0.0,0.0,0.0,0.0,0.0,0.0,0.0,0.0,0.0,0.0,0.0,0.0,0.0,0.0,0.0,1.0,0.0,0.0,0.0,0.0,0.0,0.0,0.0,0.0,0.0,0.0,0.0,0.0,0.0,0.0,0.0,0.0,0.0,0.0,0.0,0.0,0.0,0.0,0.0,0.0,0.0,0.0,0.0,0.0,0.0,0.0
75.60865902004926,30.929339388476265,135.42140054316894,492.0,569.0,6.145918856343429,82.99450785494179,0.7409798410364739,1.415391715152004,0.6567611579533879,0.8920771780014303,3.0,6.0,20.0,5.0464827701542445,0.9591835124026638,0.2999251030811411,0.41695152600287433,0.0,0.0,0.0,0.0,0.0,0.0,0.0,0.0,0.0,0.0,0.0,0.0,0.0,0.0,0.0,0.0,0.0,0.0,0.0,0.0,0.0,0.0,0.0,0.0,0.0,0.0,0.0,0.0,0.0,0.0,1.0,0.0,0.0,0.0,0.0,0.0,0.0,0.0,0.0,0.0,0.0,0.0,0.0,0.0,0.0,0.0,0.0,0.0,0.0,0.0,0.0
66.46908419650367,56.725450922822986,72.43685308734544,634.0,294.0,4.150891617256256,87.5623406203292,0.722254069652874,1.2472773430565716,0.5994284163031341,2.7392031135319552,5.0,6.0,12.0,4.553897419917977,1.4016455784996578,0.38379403863437267,0.4443621608742484,0.0,0.0,0.0,0.0,0.0,0.0,0.0,0.0,0.0,0.0,0.0,0.0,0.0,0.0,0.0,0.0,0.0,0.0,0.0,0.0,0.0,0.0,0.0,0.0,0.0,0.0,0.0,0.0,0.0,0.0,0.0,0.0,0.0,0.0,0.0,0.0,0.0,0.0,0.0,0.0,1.0,0.0,0.0,0.0,0.0,0.0,0.0,0.0,0.0,0.0,0.0
69.01773339070718,21.69899791884629,53.824813961640125,468.0,410.0,6.481068771462031,75.22142147051576,0.7511789810977986,1.135769178120709,0.4676682191066826,7.496077615075181,4.0,0.0,12.0,4.9206828480997675,1.4199937492632775,0.43912535383755785,0.6705257374407678,0.0,0.0,0.0,0.0,0.0,0.0,0.0,0.0,0.0,0.0,0.0,0.0,0.0,0.0,0.0,0.0,0.0,0.0,0.0,0.0,0.0,0.0,0.0,0.0,0.0,0.0,0.0,0.0,0.0,0.0,0.0,0.0,0.0,0.0,0.0,0.0,0.0,0.0,0.0,0.0,0.0,0.0,0.0,0.0,0.0,0.0,1.0,0.0,0.0,0.0,0.0
68.21130679325182,22.469388662391133,147.7810753109177,1420.0,440.0,2.135426004366887,76.10460012604753,0.9743813173363765,1.407000009943504,0.4324448924933635,5.838034633955504,5.0,4.0,21.0,4.666149720622776,1.3928842483423642,0.3903894491267635,0.7350773503836447,0.0,0.0,0.0,0.0,0.0,0.0,0.0,0.0,0.0,0.0,0.0,0.0,0.0,0.0,0.0,0.0,1.0,0.0,0.0,0.0,0.0,0.0,0.0,0.0,0.0,0.0,0.0,0.0,0.0,0.0,0.0,0.0,0.0,0.0,0.0,0.0,0.0,0.0,0.0,0.0,0.0,0.0,0.0,0.0,0.0,0.0,0.0,0.0,0.0,0.0,0.0
70.3934596345537,49.61060329007287,95.05923685851153,370.0,590.0,4.11166122543436,86.97363036454355,0.8182994941182795,1.027169867544135,0.904371667542581,7.974779762756533,4.0,3.0,4.0,4.163474459751716,1.285315628903581,0.3304211809197128,0.4943625443785869,0.0,0.0,0.0,0.0,1.0,0.0,0.0,0.0,0.0,0.0,0.0,0.0,0.0,0.0,0.0,0.0,0.0,0.0,0.0,0.0,0.0,0.0,0.0,0.0,0.0,0.0,0.0,0.0,0.0,0.0,0.0,0.0,0.0,0.0,0.0,0.0,0.0,0.0,0.0,0.0,0.0,0.0,0.0,0.0,0.0,0.0,0.0,0.0,0.0,0.0,0.0
66.06793452594867,56.64848695036752,124.03553269993527,1426.0,191.0,5.181927146255465,84.63234695423931,0.9056376013610083,1.2687682403035794,0.6040872952506309,3.987141146221486,4.0,1.0,10.0,5.16486713656284,1.4067125853107687,0.42475360005407076,0.5159997992604113,0.0,0.0,0.0,0.0,0.0,0.0,0.0,0.0,0.0,1.0,0.0,0.0,0.0,0.0,0.0,0.0,0.0,0.0,0.0,0.0,0.0,0.0,0.0,0.0,0.0,0.0,0.0,0.0,0.0,0.0,0.0,0.0,0.0,0.0,0.0,0.0,0.0,0.0,0.0,0.0,0.0,0.0,0.0,0.0,0.0,0.0,0.0,0.0,0.0,0.0,0.0
74.64382193516674,29.436087343993925,84.1901139267259,1110.0,470.0,6.218814757536366,80.48182441140159,0.8010890699127878,1.1896522651734995,0.5787270506506267,5.7289783613228895,6.0,1.0,16.0,4.408947566083626,1.4179197609893675,0.37906225291421536,0.5720143833850787,0.0,0.0,0.0,0.0,0.0,0.0,0.0,0.0,0.0,0.0,0.0,0.0,0.0,0.0,0.0,0.0,0.0,0.0,0.0,0.0,1.0,0.0,0.0,0.0,0.0,0.0,0.0,0.0,0.0,0.0,0.0,0.0,0.0,0.0,0.0,0.0,0.0,0.0,0.0,0.0,0.0,0.0,0.0,0.0,0.0,0.0,0.0,0.0,0.0,0.0,0.0
69.57597222049493,26.955208042105006,126.53622784545632,663.0,546.0,4.679197492569985,87.7082627685418,0.7092108018682046,1.209821146687867,0.5871267483966932,5.707136407315042,6.0,4.0,22.0,4.948107549088336,1.6145829083711785,0.43930432422925336,0.5782124309084694,0.0,0.0,0.0,0.0,0.0,0.0,0.0,0.0,0.0,0.0,0.0,0.0,0.0,0.0,0.0,0.0,0.0,0.0,0.0,0.0,0.0,0.0,0.0,0.0,0.0,0.0,0.0,0.0,0.0,0.0,0.0,0.0,0.0,0.0,0.0,1.0,0.0,0.0,0.0,0.0,0.0,0.0,0.0,0.0,0.0,0.0,0.0,0.0,0.0,0.0,0.0
61.74922863152414,33.414373809530744,169.0839977431238,663.0,500.0,6.009877473633226,87.43168782030159,0.7819202869142539,0.9740828173102604,0.6276200735336901,1.8411323607171903,6.0,3.0,18.0,4.166043377246049,1.5058010459162734,0.3544170224445445,0.25328781537179856,0.0,0.0,0.0,0.0,0.0,0.0,0.0,0.0,0.0,0.0,0.0,0.0,0.0,0.0,0.0,0.0,0.0,0.0,0.0,0.0,0.0,0.0,0.0,0.0,0.0,1.0,0.0,0.0,0.0,0.0,0.0,0.0,0.0,0.0,0.0,0.0,0.0,0.0,0.0,0.0,0.0,0.0,0.0,0.0,0.0,0.0,0.0,0.0,0.0,0.0,0.0
66.5266383139022,52.42938562120381,88.26319956910356,1200.0,310.0,2.027300930150822,93.74571170898577,0.9568949113342162,0.9049565505150464,0.51337551330589,2.940083306470286,4.0,6.0,13.0,4.88461227545406,1.166562455226883,0.3541818917746157,0.31180469421334095,0.0,0.0,0.0,0.0,0.0,0.0,0.0,0.0,0.0,0.0,0.0,0.0,0.0,0.0,0.0,0.0,0.0,0.0,0.0,0.0,0.0,0.0,0.0,0.0,0.0,0.0,0.0,0.0,0.0,0.0,0.0,0.0,0.0,0.0,0.0,0.0,0.0,0.0,0.0,0.0,0.0,0.0,0.0,0.0,0.0,0.0,0.0,0.0,0.0,1.0,0.0
67.29352901173799,31.514956082860984,181.4711811477821,637.0,139.0,3.063436245510098,74.59955830484522,0.8318943513340811,1.334860611791581,0.849697408977315,7.211379679397161,4.0,6.0,15.0,3.678582896934127,1.4301191336839363,0.3186001050200957,0.6284149558722849,0.0,0.0,0.0,0.0,0.0,0.0,0.0,0.0,0.0,0.0,0.0,0.0,0.0,0.0,0.0,0.0,0.0,0.0,0.0,0.0,1.0,0.0,0.0,0.0,0.0,0.0,0.0,0.0,0.0,0.0,0.0,0.0,0.0,0.0,0.0,0.0,0.0,0.0,0.0,0.0,0.0,0.0,0.0,0.0,0.0,0.0,0.0,0.0,0.0,0.0,0.0
70.56081238485406,56.048228775475735,176.75658711055584,649.0,391.0,3.5834443708168884,92.4425458796618,0.9542882554664456,1.094640458627773,0.9798118704803072,0.4282631021676841,4.0,3.0,7.0,4.325546079149886,0.9591835124026638,0.26514412203819004,0.12538574093205737,0.0,0.0,0.0,0.0,0.0,0.0,0.0,0.0,0.0,0.0,0.0,0.0,0.0,0.0,0.0,0.0,0.0,0.0,0.0,0.0,0.0,0.0,0.0,0.0,0.0,0.0,0.0,0.0,0.0,0.0,0.0,0.0,0.0,0.0,0.0,0.0,0.0,0.0,0.0,0.0,0.0,0.0,0.0,0.0,0.0,0.0,0.0,0.0,0.0,0.0,1.0
64.04492587560077,51.69158870182231,103.39913640194553,914.0,288.0,6.680333525597499,71.42668091656901,0.7695618823357997,1.279250758905134,0.532215091802343,9.827256404573331,6.0,6.0,3.0,4.270620136861871,1.2793075667165812,0.3751017674815876,0.8374265999007937,0.0,0.0,0.0,0.0,0.0,0.0,0.0,0.0,0.0,0.0,0.0,0.0,0.0,0.0,0.0,0.0,0.0,0.0,0.0,0.0,0.0,0.0,0.0,0.0,0.0,0.0,0.0,0.0,0.0,0.0,0.0,0.0,0.0,0.0,0.0,0.0,0.0,0.0,0.0,0.0,0.0,0.0,0.0,0.0,0.0,0.0,0.0,0.0,0.0,0.0,1.0
67.07179764208703,39.7111038941898,72.53080257281465,327.0,431.0,6.143236753873119,84.96587600045459,0.8542634501447239,1.054104088203887,0.8130666513343346,7.939288222732265,5.0,5.0,13.0,3.885640810583367,1.5416106968201995,0.3312302116756492,0.5365424920633675,0.0,0.0,0.0,0.0,0.0,0.0,0.0,0.0,0.0,0.0,0.0,0.0,0.0,0.0,0.0,0.0,0.0,0.0,0.0,0.0,0.0,0.0,0.0,0.0,0.0,1.0,0.0,0.0,0.0,0.0,0.0,0.0,0.0,0.0,0.0,0.0,0.0,0.0,0.0,0.0,0.0,0.0,0.0,0.0,0.0,0.0,0.0,0.0,0.0,0.0,0.0
69.67616369627147,38.27701695145433,147.27601679720237,550.0,364.0,3.289460762054905,85.90141695271404,0.7563640394771193,1.1812921965617789,0.6289430488274814,1.724312002827607,6.0,5.0,14.0,4.942729347957969,1.5984750949547213,0.43619861842377144,0.35070888617378554,0.0,0.0,0.0,0.0,0.0,0.0,0.0,0.0,0.0,0.0,0.0,0.0,0.0,0.0,0.0,0.0,0.0,0.0,0.0,0.0,0.0,0.0,0.0,0.0,0.0,0.0,0.0,0.0,0.0,0.0,0.0,0.0,0.0,0.0,0.0,1.0,0.0,0.0,0.0,0.0,0.0,0.0,0.0,0.0,0.0,0.0,0.0,0.0,0.0,0.0,0.0
70.17012808518446,37.93361052582952,160.58587299298694,654.0,156.0,4.527718077478526,79.66589878984783,0.7840752786866758,1.0062129428636892,0.6843627709786587,8.381201064356414,5.0,2.0,20.0,4.203619100329,1.6197631358225741,0.3838706830443935,0.5776408126790427,0.0,0.0,0.0,0.0,0.0,0.0,0.0,0.0,0.0,0.0,0.0,0.0,0.0,0.0,0.0,0.0,0.0,0.0,0.0,0.0,0.0,0.0,0.0,0.0,0.0,1.0,0.0,0.0,0.0,0.0,0.0,0.0,0.0,0.0,0.0,0.0,0.0,0.0,0.0,0.0,0.0,0.0,0.0,0.0,0.0,0.0,0.0,0.0,0.0,0.0,0.0
69.70110034354771,46.159038372310334,94.03159146756144,463.0,580.0,2.24652162136872,94.6994207408802,0.8347110138621562,1.3919976626845048,0.6514489368555573,4.902514772075502,7.0,1.0,3.0,4.558943664479136,1.5302234757642634,0.37098784117611494,0.6076652810918632,0.0,0.0,0.0,0.0,0.0,0.0,0.0,0.0,0.0,0.0,0.0,0.0,0.0,0.0,0.0,0.0,0.0,0.0,0.0,0.0,0.0,0.0,1.0,0.0,0.0,0.0,0.0,0.0,0.0,0.0,0.0,0.0,0.0,0.0,0.0,0.0,0.0,0.0,0.0,0.0,0.0,0.0,0.0,0.0,0.0,0.0,0.0,0.0,0.0,0.0,0.0
75.2943333432826,22.095391161353056,164.47256686027356,1127.0,273.0,6.108887623990469,74.5716902426619,0.9885800230300728,1.315283798913334,0.5643520640359,2.57198011291036,4.0,1.0,5.0,4.445399514777411,1.4546643592860986,0.3788010796322731,0.48174018389910667,0.0,0.0,0.0,0.0,0.0,0.0,0.0,0.0,0.0,0.0,0.0,0.0,0.0,0.0,0.0,0.0,0.0,0.0,0.0,0.0,0.0,0.0,0.0,0.0,0.0,0.0,0.0,0.0,0.0,0.0,0.0,0.0,0.0,0.0,0.0,0.0,0.0,0.0,0.0,0.0,0.0,0.0,0.0,0.0,0.0,0.0,1.0,0.0,0.0,0.0,0.0
65.97682188661977,29.593432921631152,106.12524265594328,1364.0,507.0,3.8184153810390176,93.91434164338295,0.910565493758764,1.1503352670625622,0.9626241193131476,0.5424796385963615,6.0,3.0,21.0,4.341186581958628,1.4056189022795493,0.33420212220116735,0.16471201666972451,0.0,0.0,0.0,0.0,0.0,0.0,0.0,0.0,0.0,0.0,0.0,0.0,0.0,0.0,0.0,0.0,0.0,0.0,0.0,0.0,0.0,0.0,0.0,1.0,0.0,0.0,0.0,0.0,0.0,0.0,0.0,0.0,0.0,0.0,0.0,0.0,0.0,0.0,0.0,0.0,0.0,0.0,0.0,0.0,0.0,0.0,0.0,0.0,0.0,0.0,0.0
71.95488202390881,26.155494854362228,156.83502814341972,348.0,381.0,6.040795475567832,76.81593232415798,0.7130599501435477,1.052071160491129,0.902855306433088,4.609229817763114,4.0,3.0,13.0,5.127538367091852,1.4635125203545978,0.4618319366524361,0.33894722748085254,0.0,0.0,0.0,0.0,0.0,0.0,0.0,0.0,0.0,0.0,0.0,0.0,0.0,0.0,0.0,0.0,0.0,0.0,0.0,0.0,0.0,0.0,0.0,0.0,0.0,0.0,0.0,0.0,0.0,0.0,0.0,0.0,0.0,0.0,0.0,1.0,0.0,0.0,0.0,0.0,0.0,0.0,0.0,0.0,0.0,0.0,0.0,0.0,0.0,0.0,0.0
58.06061081952361,52.63961596485619,158.9901791889759,1015.0,496.0,6.065390988102448,72.3999881088916,0.7969862468056452,1.4744389293603906,0.7997640003142679,1.6910954907604936,5.0,3.0,11.0,4.118617531459916,1.3682923293172122,0.36573434001645105,0.43875013730315826,0.0,0.0,0.0,1.0,0.0,0.0,0.0,0.0,0.0,0.0,0.0,0.0,0.0,0.0,0.0,0.0,0.0,0.0,0.0,0.0,0.0,0.0,0.0,0.0,0.0,0.0,0.0,0.0,0.0,0.0,0.0,0.0,0.0,0.0,0.0,0.0,0.0,0.0,0.0,0.0,0.0,0.0,0.0,0.0,0.0,0.0,0.0,0.0,0.0,0.0,0.0
70.07298008380798,37.17979322249437,174.39427446312703,801.0,264.0,3.5402967397237086,85.13489985660688,0.7900614590399521,1.0293518650749611,0.9449428173868024,5.978618831332509,5.0,6.0,18.0,4.188550590771058,1.3794980865663236,0.34808815040836744,0.38204158306680147,0.0,0.0,0.0,0.0,0.0,0.0,1.0,0.0,0.0,0.0,0.0,0.0,0.0,0.0,0.0,0.0,0.0,0.0,0.0,0.0,0.0,0.0,0.0,0.0,0.0,0.0,0.0,0.0,0.0,0.0,0.0,0.0,0.0,0.0,0.0,0.0,0.0,0.0,0.0,0.0,0.0,0.0,0.0,0.0,0.0,0.0,0.0,0.0,0.0,0.0,0.0
78.81692361472737,28.94678800328684,170.31202768216647,401.0,328.0,2.71902970624247,77.00080411442772,0.8571143577941488,0.9446664084748464,0.4083094851115,1.3872094390972267,6.0,2.0,23.0,4.066268652685742,1.3332820254465094,0.34264000591339233,0.2890545273867817,0.0,0.0,0.0,0.0,0.0,0.0,0.0,1.0,0.0,0.0,0.0,0.0,0.0,0.0,0.0,0.0,0.0,0.0,0.0,0.0,0.0,0.0,0.0,0.0,0.0,0.0,0.0,0.0,0.0,0.0,0.0,0.0,0.0,0.0,0.0,0.0,0.0,0.0,0.0,0.0,0.0,0.0,0.0,0.0,0.0,0.0,0.0,0.0,0.0,0.0,0.0
69.25232932166101,55.18736889624076,139.5708651899563,540.0,217.0,5.802255983342071,92.32690164279047,0.8192688350592567,1.3290837465589584,0.4959246175551203,1.137692526911902,5.0,0.0,1.0,4.5352489988857725,1.6477117253932174,0.3864409029553791,0.4397263161922933,0.0,0.0,0.0,0.0,0.0,0.0,0.0,0.0,0.0,0.0,0.0,0.0,0.0,0.0,0.0,0.0,0.0,0.0,0.0,0.0,0.0,0.0,0.0,0.0,0.0,0.0,0.0,0.0,0.0,0.0,0.0,0.0,0.0,0.0,0.0,0.0,1.0,0.0,0.0,0.0,0.0,0.0,0.0,0.0,0.0,0.0,0.0,0.0,0.0,0.0,0.0
73.45128457882895,33.132001972984746,138.09350181937776,1274.0,240.0,2.477167148359057,86.8278321957919,0.7754594390341802,1.3687789929195706,0.6213503905935491,8.956037579734874,6.0,5.0,18.0,4.549046095751783,1.3557136995639039,0.3751365852651041,0.808895462387639,0.0,0.0,0.0,0.0,1.0,0.0,0.0,0.0,0.0,0.0,0.0,0.0,0.0,0.0,0.0,0.0,0.0,0.0,0.0,0.0,0.0,0.0,0.0,0.0,0.0,0.0,0.0,0.0,0.0,0.0,0.0,0.0,0.0,0.0,0.0,0.0,0.0,0.0,0.0,0.0,0.0,0.0,0.0,0.0,0.0,0.0,0.0,0.0,0.0,0.0,0.0
74.28100838155268,43.69326122888252,173.29180608057197,1296.0,126.0,2.216138380677831,70.02003397633597,0.8563699364840222,0.9335132746677184,0.4677645198201934,1.9583096454192228,6.0,2.0,18.0,4.320647230848041,1.4744732468465083,0.3922041368458316,0.29220107348070967,0.0,0.0,0.0,0.0,0.0,0.0,0.0,1.0,0.0,0.0,0.0,0.0,0.0,0.0,0.0,0.0,0.0,0.0,0.0,0.0,0.0,0.0,0.0,0.0,0.0,0.0,0.0,0.0,0.0,0.0,0.0,0.0,0.0,0.0,0.0,0.0,0.0,0.0,0.0,0.0,0.0,0.0,0.0,0.0,0.0,0.0,0.0,0.0,0.0,0.0,0.0
57.93608052295367,45.7836441171243,187.0974904276296,577.0,437.0,2.275240014928842,93.6860316405748,0.7210515117765303,1.2461491600028154,0.7997527952118197,5.25301515239056,6.0,5.0,8.0,4.419895734525317,1.3792787381876173,0.35791715137487345,0.5027050106429126,0.0,0.0,0.0,0.0,0.0,0.0,1.0,0.0,0.0,0.0,0.0,0.0,0.0,0.0,0.0,0.0,0.0,0.0,0.0,0.0,0.0,0.0,0.0,0.0,0.0,0.0,0.0,0.0,0.0,0.0,0.0,0.0,0.0,0.0,0.0,0.0,0.0,0.0,0.0,0.0,0.0,0.0,0.0,0.0,0.0,0.0,0.0,0.0,0.0,0.0,0.0
68.45010475351475,26.36981833992385,183.9373428760146,590.0,376.0,3.157292924075779,79.20494460018311,0.7119248738112839,1.4183666510488668,0.7762004143128626,7.072231071841429,6.0,0.0,15.0,4.505007229113561,1.365908677016838,0.3938922579857779,0.6877788553019002,0.0,0.0,0.0,0.0,0.0,0.0,0.0,0.0,0.0,0.0,0.0,0.0,0.0,0.0,0.0,0.0,0.0,0.0,0.0,0.0,0.0,0.0,0.0,0.0,0.0,0.0,0.0,1.0,0.0,0.0,0.0,0.0,0.0,0.0,0.0,0.0,0.0,0.0,0.0,0.0,0.0,0.0,0.0,0.0,0.0,0.0,0.0,0.0,0.0,0.0,0.0
73.79396673517088,29.007954570634222,69.15871219095692,871.0,179.0,6.21485131586081,80.23803121168834,0.9595840908650322,1.3407463509264623,0.7967202732894885,4.542445281353988,4.0,5.0,17.0,5.212811711961749,1.2843397516971427,0.42061920447827117,0.5155115909637117,0.0,0.0,0.0,0.0,0.0,0.0,0.0,0.0,0.0,0.0,0.0,0.0,0.0,1.0,0.0,0.0,0.0,0.0,0.0,0.0,0.0,0.0,0.0,0.0,0.0,0.0,0.0,0.0,0.0,0.0,0.0,0.0,0.0,0.0,0.0,0.0,0.0,0.0,0.0,0.0,0.0,0.0,0.0,0.0,0.0,0.0,0.0,0.0,0.0,0.0,0.0
75.25321104305692,52.0267414206408,132.7951899568658,466.0,195.0,2.496848110131398,93.5569663117596,0.8536079712749092,1.4887909998146411,0.9960559675124532,4.396904706405232,4.0,0.0,13.0,3.711625077370132,1.3439319915163865,0.28015738195941664,0.5157926561811201,0.0,0.0,0.0,0.0,0.0,1.0,0.0,0.0,0.0,0.0,0.0,0.0,0.0,0.0,0.0,0.0,0.0,0.0,0.0,0.0,0.0,0.0,0.0,0.0,0.0,0.0,0.0,0.0,0.0,0.0,0.0,0.0,0.0,0.0,0.0,0.0,0.0,0.0,0.0,0.0,0.0,0.0,0.0,0.0,0.0,0.0,0.0,0.0,0.0,0.0,0.0
70.64601174302996,35.79633684282325,188.03479230542536,475.0,249.0,3.728114364647571,89.352367979158,0.8344147611353447,1.462470609522078,0.6772780136531477,0.2458757832618008,4.0,5.0,14.0,3.7278678670487877,1.2191203324551336,0.27997700247218743,0.401335720663505,0.0,0.0,0.0,0.0,0.0,0.0,0.0,0.0,0.0,0.0,0.0,0.0,0.0,0.0,0.0,0.0,0.0,0.0,0.0,0.0,0.0,0.0,0.0,0.0,0.0,0.0,1.0,0.0,0.0,0.0,0.0,0.0,0.0,0.0,0.0,0.0,0.0,0.0,0.0,0.0,0.0,0.0,0.0,0.0,0.0,0.0,0.0,0.0,0.0,0.0,0.0
72.64019796217882,49.06248582535182,69.160741046267,756.0,482.0,3.2822467551144863,78.93055919429875,0.8426291075225956,1.4731561433561406,0.781008613746984,4.248534130757061,6.0,6.0,2.0,4.571960444336312,1.6587078276367884,0.4151293051534514,0.5723213442802295,0.0,0.0,0.0,0.0,0.0,0.0,0.0,0.0,0.0,0.0,0.0,0.0,0.0,0.0,0.0,0.0,0.0,0.0,0.0,0.0,0.0,0.0,0.0,0.0,0.0,0.0,0.0,0.0,0.0,0.0,0.0,0.0,0.0,0.0,0.0,0.0,1.0,0.0,0.0,0.0,0.0,0.0,0.0,0.0,0.0,0.0,0.0,0.0,0.0,0.0,0.0
73.6169443253284,31.649649506764987,124.2674955244602,348.0,563.0,5.382927396280163,90.6852775946942,0.7149598367161085,1.3172787255723004,0.6092452566784956,2.247446579348692,4.0,6.0,9.0,3.8223980709271075,1.0748567994015168,0.28367591271844406,0.4515174905118954,0.0,0.0,0.0,0.0,0.0,0.0,0.0,1.0,0.0,0.0,0.0,0.0,0.0,0.0,0.0,0.0,0.0,0.0,0.0,0.0,0.0,0.0,0.0,0.0,0.0,0.0,0.0,0.0,0.0,0.0,0.0,0.0,0.0,0.0,0.0,0.0,0.0,0.0,0.0,0.0,0.0,0.0,0.0,0.0,0.0,0.0,0.0,0.0,0.0,0.0,0.0
69.15084325799789,35.26312604996458,144.57684138376158,710.0,254.0,3.6861500633286126,73.88666578996076,0.9821138077571157,1.2077903951451237,0.9891132172388188,6.749620550090682,4.0,5.0,14.0,4.947151396294116,1.492382382110416,0.4279069530165996,0.49518094786801853,0.0,0.0,0.0,0.0,0.0,0.0,0.0,0.0,0.0,0.0,0.0,0.0,0.0,0.0,0.0,0.0,0.0,0.0,0.0,0.0,0.0,0.0,0.0,0.0,0.0,0.0,0.0,0.0,0.0,0.0,0.0,0.0,0.0,0.0,0.0,0.0,0.0,0.0,0.0,0.0,0.0,0.0,0.0,0.0,0.0,0.0,1.0,0.0,0.0,0.0,0.0
70.43894383865405,58.353303874306015,106.78381461433602,679.0,184.0,5.428541582699372,78.51529789003011,0.8425395778572448,1.467130584431013,0.94910576046759,0.3680777729827633,5.0,0.0,13.0,4.462746079082391,1.5962110925821105,0.400535894079092,0.31905310209638715,0.0,0.0,0.0,0.0,0.0,0.0,0.0,0.0,0.0,0.0,0.0,0.0,0.0,0.0,1.0,0.0,0.0,0.0,0.0,0.0,0.0,0.0,0.0,0.0,0.0,0.0,0.0,0.0,0.0,0.0,0.0,0.0,0.0,0.0,0.0,0.0,0.0,0.0,0.0,0.0,0.0,0.0,0.0,0.0,0.0,0.0,0.0,0.0,0.0,0.0,0.0
75.70255628582059,50.09041471458603,96.53777688645276,865.0,128.0,3.4757898425050846,84.1996810560079,0.7396453645409548,1.1140232688431837,0.4264961767861835,4.751666909495888,6.0,6.0,6.0,4.540504012891877,1.650181401020785,0.4113489535521167,0.5360764145608284,0.0,0.0,0.0,0.0,0.0,0.0,0.0,0.0,0.0,0.0,0.0,0.0,0.0,0.0,0.0,0.0,0.0,0.0,0.0,0.0,0.0,0.0,0.0,0.0,0.0,0.0,0.0,0.0,0.0,0.0,0.0,0.0,0.0,0.0,0.0,0.0,1.0,0.0,0.0,0.0,0.0,0.0,0.0,0.0,0.0,0.0,0.0,0.0,0.0,0.0,0.0
68.2616120925821,44.78591080999631,75.73727569164626,847.0,136.0,3.641674447005895,86.42001454932614,0.8624341436860308,1.1151945647634771,0.8768473008354878,6.336284961706133,5.0,1.0,14.0,4.361754150957633,1.156509212787681,0.33200219579646867,0.46562862170169306,0.0,0.0,0.0,0.0,0.0,0.0,0.0,0.0,0.0,0.0,0.0,0.0,0.0,0.0,0.0,0.0,0.0,0.0,0.0,0.0,0.0,1.0,0.0,0.0,0.0,0.0,0.0,0.0,0.0,0.0,0.0,0.0,0.0,0.0,0.0,0.0,0.0,0.0,0.0,0.0,0.0,0.0,0.0,0.0,0.0,0.0,0.0,0.0,0.0,0.0,0.0
76.99775057711503,35.26838826341291,184.90389255507665,1322.0,258.0,6.667181512601808,89.46285915155276,0.9333091433131664,1.1883722545129436,0.7747193641250016,6.643651950189672,5.0,2.0,4.0,5.092221129464664,1.6110758934815366,0.4255411100946157,0.5517194437854933,0.0,0.0,0.0,0.0,0.0,0.0,0.0,0.0,0.0,0.0,0.0,0.0,0.0,0.0,0.0,0.0,0.0,0.0,0.0,0.0,0.0,0.0,0.0,0.0,0.0,0.0,0.0,0.0,0.0,0.0,0.0,0.0,0.0,0.0,0.0,1.0,0.0,0.0,0.0,0.0,0.0,0.0,0.0,0.0,0.0,0.0,0.0,0.0,0.0,0.0,0.0
75.41073289937331,51.77679318189637,197.9667604275796,849.0,391.0,3.2662744447180434,81.39512014272105,0.9851158101462744,1.388261431596569,0.7901901254282494,6.359595163191183,4.0,3.0,21.0,4.648968997985555,0.9591835124026638,0.3329455594949201,0.6323874951633336,0.0,0.0,0.0,0.0,0.0,0.0,0.0,0.0,0.0,0.0,0.0,0.0,0.0,0.0,0.0,0.0,0.0,0.0,0.0,0.0,0.0,1.0,0.0,0.0,0.0,0.0,0.0,0.0,0.0,0.0,0.0,0.0,0.0,0.0,0.0,0.0,0.0,0.0,0.0,0.0,0.0,0.0,0.0,0.0,0.0,0.0,0.0,0.0,0.0,0.0,0.0
64.5673669645198,38.67133662438529,190.8677992097068,1015.0,384.0,2.4557463022433805,72.61344810576942,0.9077714097379308,1.0769528084648856,0.6286564022549612,5.944714541136444,5.0,6.0,20.0,4.313155449242512,1.4926258675081485,0.3829609970521598,0.509737374638996,0.0,0.0,0.0,0.0,0.0,0.0,0.0,0.0,0.0,0.0,0.0,0.0,0.0,0.0,0.0,0.0,0.0,0.0,0.0,0.0,0.0,0.0,0.0,0.0,0.0,0.0,0.0,0.0,0.0,0.0,0.0,0.0,0.0,0.0,0.0,0.0,0.0,0.0,1.0,0.0,0.0,0.0,0.0,0.0,0.0,0.0,0.0,0.0,0.0,0.0,0.0
69.21359702099979,28.112807136344543,62.76679436996213,1107.0,190.0,4.636568892838493,89.46733997498504,0.8417476714686893,1.4497418350275435,0.546028113705593,2.804733012288292,5.0,0.0,2.0,4.357618361389894,1.554548587780577,0.36562151182330876,0.5667969227290083,0.0,0.0,0.0,0.0,0.0,0.0,0.0,0.0,0.0,0.0,0.0,0.0,0.0,0.0,0.0,0.0,0.0,0.0,0.0,0.0,0.0,0.0,0.0,1.0,0.0,0.0,0.0,0.0,0.0,0.0,0.0,0.0,0.0,0.0,0.0,0.0,0.0,0.0,0.0,0.0,0.0,0.0,0.0,0.0,0.0,0.0,0.0,0.0,0.0,0.0,0.0
69.28603608822348,57.69672638775796,86.96112865564884,315.0,266.0,4.482575757679767,88.57529669002032,0.7245021260705671,1.1875038069934325,0.8033729453114757,1.0760230879147747,4.0,4.0,0.0,4.207265032094185,1.3892528005820453,0.3503166685221604,0.2631626506765128,0.0,0.0,0.0,0.0,0.0,0.0,0.0,0.0,0.0,0.0,0.0,0.0,0.0,0.0,0.0,0.0,0.0,0.0,0.0,0.0,0.0,0.0,0.0,0.0,0.0,0.0,0.0,0.0,0.0,0.0,0.0,0.0,0.0,0.0,0.0,0.0,0.0,0.0,0.0,0.0,0.0,0.0,0.0,0.0,0.0,0.0,0.0,0.0,1.0,0.0,0.0
68.66513142283952,30.717137337519752,58.60189049567657,343.0,163.0,4.219322424361764,90.8410941429038,0.7245277104317659,1.278512412408545,0.9207771943476905,3.5082368773098738,7.0,2.0,6.0,4.201937315721831,1.3686345092677301,0.3433521682794569,0.39121359065895756,0.0,0.0,0.0,0.0,0.0,0.0,0.0,0.0,0.0,0.0,0.0,0.0,1.0,0.0,0.0,0.0,0.0,0.0,0.0,0.0,0.0,0.0,0.0,0.0,0.0,0.0,0.0,0.0,0.0,0.0,0.0,0.0,0.0,0.0,0.0,0.0,0.0,0.0,0.0,0.0,0.0,0.0,0.0,0.0,0.0,0.0,0.0,0.0,0.0,0.0,0.0
63.141936404260925,26.12291768512084,165.59348614773612,546.0,434.0,6.733367672893954,78.93409154814097,0.857720100936794,1.131043839586805,0.4453071493580754,3.140388539224264,3.0,6.0,4.0,3.678582896934127,0.9591835124026638,0.26514412203819004,0.45770141991000535,0.0,0.0,0.0,0.0,0.0,0.0,0.0,0.0,0.0,0.0,0.0,0.0,0.0,0.0,0.0,0.0,0.0,0.0,0.0,0.0,0.0,0.0,0.0,0.0,0.0,0.0,0.0,0.0,0.0,0.0,0.0,0.0,0.0,0.0,0.0,0.0,0.0,0.0,1.0,0.0,0.0,0.0,0.0,0.0,0.0,0.0,0.0,0.0,0.0,0.0,0.0
67.86448775498272,27.800366809689628,121.21506726289547,1034.0,580.0,4.892422697256842,92.62043556030694,0.8552825726443715,0.9765818330680632,0.7749197835375534,2.98078052583139,5.0,2.0,3.0,4.2210744318194395,1.36870972321839,0.32838383807157834,0.26239243870487866,0.0,0.0,0.0,1.0,0.0,0.0,0.0,0.0,0.0,0.0,0.0,0.0,0.0,0.0,0.0,0.0,0.0,0.0,0.0,0.0,0.0,0.0,0.0,0.0,0.0,0.0,0.0,0.0,0.0,0.0,0.0,0.0,0.0,0.0,0.0,0.0,0.0,0.0,0.0,0.0,0.0,0.0,0.0,0.0,0.0,0.0,0.0,0.0,0.0,0.0,0.0
65.0520348538834,58.269183262296494,115.42203308928876,681.0,593.0,6.582200809820686,73.38489233161121,0.8664544261647465,1.266806667557524,0.5676698552070174,5.711609051248096,4.0,0.0,17.0,4.256859874525061,1.3935417636643257,0.37121024481994763,0.6134514006410341,0.0,0.0,0.0,0.0,0.0,0.0,0.0,0.0,0.0,0.0,0.0,0.0,0.0,0.0,0.0,0.0,0.0,0.0,0.0,1.0,0.0,0.0,0.0,0.0,0.0,0.0,0.0,0.0,0.0,0.0,0.0,0.0,0.0,0.0,0.0,0.0,0.0,0.0,0.0,0.0,0.0,0.0,0.0,0.0,0.0,0.0,0.0,0.0,0.0,0.0,0.0
75.53702034397357,54.3097200852834,122.70461973147955,1478.0,196.0,6.057342836936105,93.19586676271314,0.7132254782663374,1.2804736887415475,0.7210382660736321,0.0069614439743637,5.0,0.0,3.0,4.6053241725275935,1.688769746684728,0.4053009984375007,0.2836877499123803,0.0,0.0,0.0,0.0,0.0,0.0,0.0,0.0,0.0,0.0,0.0,0.0,0.0,0.0,0.0,0.0,0.0,0.0,0.0,0.0,0.0,0.0,0.0,0.0,0.0,0.0,0.0,0.0,0.0,0.0,0.0,0.0,0.0,0.0,0.0,0.0,0.0,0.0,0.0,1.0,0.0,0.0,0.0,0.0,0.0,0.0,0.0,0.0,0.0,0.0,0.0
70.55189994560239,32.13716063498309,90.90084027761613,1267.0,422.0,4.127429783258672,83.20304004186082,0.7868465308562709,1.2522065984379211,0.6501737784172705,9.994364750811023,4.0,6.0,13.0,4.91069992048632,0.9591835124026638,0.35700809893636715,0.7928803610102978,0.0,0.0,0.0,0.0,0.0,0.0,0.0,0.0,0.0,0.0,0.0,0.0,0.0,0.0,0.0,0.0,0.0,0.0,0.0,0.0,0.0,0.0,0.0,0.0,0.0,0.0,0.0,0.0,0.0,0.0,0.0,0.0,0.0,0.0,0.0,0.0,0.0,0.0,0.0,0.0,0.0,0.0,0.0,0.0,0.0,1.0,0.0,0.0,0.0,0.0,0.0
64.14769123645992,51.70356464384456,157.4366137446288,810.0,407.0,5.021687005223017,74.41631212436461,0.988281258165829,1.0398265611258402,0.893010678293152,2.409827687509022,4.0,2.0,10.0,3.678582896934127,0.9591835124026638,0.26514412203819004,0.22606475179081748,0.0,0.0,0.0,0.0,0.0,0.0,0.0,0.0,0.0,0.0,0.0,0.0,0.0,0.0,0.0,0.0,0.0,0.0,0.0,0.0,0.0,0.0,0.0,0.0,0.0,0.0,1.0,0.0,0.0,0.0,0.0,0.0,0.0,0.0,0.0,0.0,0.0,0.0,0.0,0.0,0.0,0.0,0.0,0.0,0.0,0.0,0.0,0.0,0.0,0.0,0.0
70.72408653934185,34.53141666108888,191.59252677256293,393.0,158.0,4.792121162580145,76.49653332427965,0.8397872545568084,1.414432508549012,0.7415546644644058,0.9582525179672507,6.0,2.0,4.0,4.746940810050783,1.2310094059038095,0.39461194295449753,0.39148049173454424,0.0,0.0,0.0,0.0,0.0,0.0,0.0,0.0,0.0,0.0,0.0,0.0,0.0,0.0,0.0,1.0,0.0,0.0,0.0,0.0,0.0,0.0,0.0,0.0,0.0,0.0,0.0,0.0,0.0,0.0,0.0,0.0,0.0,0.0,0.0,0.0,0.0,0.0,0.0,0.0,0.0,0.0,0.0,0.0,0.0,0.0,0.0,0.0,0.0,0.0,0.0
72.11504011299583,30.12285532946546,106.2640880650251,930.0,502.0,3.897710397734429,77.86452389580784,0.7227616295918103,0.9769071150827656,0.97213917043318,0.5862761218416934,5.0,6.0,10.0,4.238442199566204,1.6022159218592154,0.3949476324271355,0.07692734038056136,0.0,0.0,0.0,0.0,0.0,0.0,0.0,0.0,0.0,0.0,0.0,0.0,0.0,0.0,1.0,0.0,0.0,0.0,0.0,0.0,0.0,0.0,0.0,0.0,0.0,0.0,0.0,0.0,0.0,0.0,0.0,0.0,0.0,0.0,0.0,0.0,0.0,0.0,0.0,0.0,0.0,0.0,0.0,0.0,0.0,0.0,0.0,0.0,0.0,0.0,0.0
72.57064821902108,35.143125653457275,116.02267912697896,501.0,331.0,2.5785223683280543,89.03979404773465,0.942842292193864,1.151369157343912,0.7068153334231044,3.54783690752835,4.0,3.0,19.0,3.86315102863605,1.3237778288154933,0.2914771273566337,0.4009750139489904,0.0,0.0,0.0,0.0,0.0,0.0,0.0,0.0,1.0,0.0,0.0,0.0,0.0,0.0,0.0,0.0,0.0,0.0,0.0,0.0,0.0,0.0,0.0,0.0,0.0,0.0,0.0,0.0,0.0,0.0,0.0,0.0,0.0,0.0,0.0,0.0,0.0,0.0,0.0,0.0,0.0,0.0,0.0,0.0,0.0,0.0,0.0,0.0,0.0,0.0,0.0
68.80078661820231,42.243130476730656,196.2393857144589,1314.0,498.0,2.050349475106821,86.6360214838828,0.8138840126946627,1.4867499143344567,0.7839376005284497,9.859477248691103,6.0,2.0,22.0,4.506227584481259,1.677656912690045,0.39870488279140304,0.858872770089792,0.0,0.0,0.0,0.0,0.0,0.0,0.0,0.0,0.0,0.0,0.0,0.0,0.0,0.0,0.0,0.0,0.0,0.0,0.0,0.0,0.0,0.0,0.0,0.0,0.0,0.0,0.0,0.0,0.0,0.0,0.0,0.0,0.0,0.0,0.0,0.0,0.0,0.0,0.0,1.0,0.0,0.0,0.0,0.0,0.0,0.0,0.0,0.0,0.0,0.0,0.0
72.11270506170828,43.86979190120925,73.29701432032627,815.0,232.0,3.326976397108837,72.90008949746907,0.9486034565675524,1.3090457177275427,0.9390682486686552,5.374913947248045,4.0,0.0,9.0,4.192240583146612,1.5677098792253679,0.374993370387137,0.4937834652135173,1.0,0.0,0.0,0.0,0.0,0.0,0.0,0.0,0.0,0.0,0.0,0.0,0.0,0.0,0.0,0.0,0.0,0.0,0.0,0.0,0.0,0.0,0.0,0.0,0.0,0.0,0.0,0.0,0.0,0.0,0.0,0.0,0.0,0.0,0.0,0.0,0.0,0.0,0.0,0.0,0.0,0.0,0.0,0.0,0.0,0.0,0.0,0.0,0.0,0.0,0.0
68.62726313509667,23.665018004026624,102.55199950100156,1146.0,111.0,2.6719492014741184,85.41961417387533,0.7874371259617584,1.160805788941249,0.7218986587081428,2.2335353007814884,3.0,5.0,4.0,4.42816945166844,0.9591835124026638,0.26514412203819004,0.3349067547604236,0.0,0.0,0.0,0.0,0.0,0.0,0.0,0.0,1.0,0.0,0.0,0.0,0.0,0.0,0.0,0.0,0.0,0.0,0.0,0.0,0.0,0.0,0.0,0.0,0.0,0.0,0.0,0.0,0.0,0.0,0.0,0.0,0.0,0.0,0.0,0.0,0.0,0.0,0.0,0.0,0.0,0.0,0.0,0.0,0.0,0.0,0.0,0.0,0.0,0.0,0.0
68.92417276069922,22.300695834673704,144.89619368824634,304.0,343.0,2.9442822020248425,81.19967808829047,0.9857362954922172,1.3821295443141932,0.9956246036677286,1.6215463509981365,5.0,0.0,16.0,4.208494572864288,1.4026799639569496,0.34033304699315103,0.3236969550353313,0.0,0.0,0.0,0.0,0.0,0.0,0.0,0.0,0.0,0.0,0.0,0.0,0.0,0.0,0.0,0.0,0.0,0.0,0.0,0.0,0.0,0.0,0.0,0.0,0.0,0.0,1.0,0.0,0.0,0.0,0.0,0.0,0.0,0.0,0.0,0.0,0.0,0.0,0.0,0.0,0.0,0.0,0.0,0.0,0.0,0.0,0.0,0.0,0.0,0.0,0.0
70.99790992221544,39.08018536714425,128.78706282414674,422.0,495.0,2.237989848562993,73.92523949638576,0.8850907740967702,1.3498907324732865,0.9597668323581836,1.2183177754258867,4.0,1.0,18.0,4.376968739669214,1.8042445700553138,0.41788887561939975,0.29935570672087114,0.0,0.0,0.0,0.0,0.0,0.0,0.0,0.0,0.0,0.0,0.0,0.0,0.0,0.0,0.0,0.0,0.0,0.0,0.0,0.0,0.0,0.0,0.0,0.0,0.0,0.0,0.0,0.0,0.0,0.0,0.0,0.0,0.0,0.0,0.0,0.0,0.0,0.0,1.0,0.0,0.0,0.0,0.0,0.0,0.0,0.0,0.0,0.0,0.0,0.0,0.0
64.70369859162685,43.416645552100746,107.55917439512068,597.0,246.0,5.746832503482494,78.87966745809048,0.7215725540845638,1.329414665765261,0.8960892940144085,6.447886981956085,4.0,1.0,3.0,4.3311610703578065,1.2951553697730618,0.37175505593331265,0.5720060105176987,0.0,0.0,0.0,0.0,0.0,0.0,0.0,0.0,0.0,0.0,0.0,0.0,0.0,0.0,0.0,0.0,0.0,0.0,0.0,0.0,0.0,0.0,0.0,0.0,0.0,0.0,0.0,1.0,0.0,0.0,0.0,0.0,0.0,0.0,0.0,0.0,0.0,0.0,0.0,0.0,0.0,0.0,0.0,0.0,0.0,0.0,0.0,0.0,0.0,0.0,0.0
69.07486955860693,54.805355990038336,198.2118798374089,669.0,366.0,5.594685515581423,74.21270125165923,0.7300476036406423,1.4635979412268645,0.414987222314971,2.0273454344754773,5.0,1.0,18.0,4.435959083134376,1.3696819192053622,0.396440170475317,0.5785757413891712,0.0,0.0,0.0,0.0,1.0,0.0,0.0,0.0,0.0,0.0,0.0,0.0,0.0,0.0,0.0,0.0,0.0,0.0,0.0,0.0,0.0,0.0,0.0,0.0,0.0,0.0,0.0,0.0,0.0,0.0,0.0,0.0,0.0,0.0,0.0,0.0,0.0,0.0,0.0,0.0,0.0,0.0,0.0,0.0,0.0,0.0,0.0,0.0,0.0,0.0,0.0
69.85771175145881,35.81934543588041,138.3676605873453,531.0,309.0,3.1911900422241435,91.1981683118535,0.8360286447945477,1.2388551304201962,0.5279293125147348,9.66261837971564,5.0,1.0,3.0,4.243549580077381,1.3983246206437914,0.33792929224959295,0.81040211475613,0.0,0.0,0.0,0.0,0.0,0.0,0.0,0.0,0.0,0.0,0.0,0.0,0.0,0.0,0.0,0.0,0.0,0.0,0.0,0.0,0.0,0.0,0.0,0.0,0.0,0.0,0.0,0.0,0.0,0.0,0.0,0.0,0.0,0.0,0.0,0.0,0.0,0.0,0.0,0.0,0.0,0.0,0.0,0.0,0.0,0.0,0.0,0.0,1.0,0.0,0.0
71.82981454577173,22.39676396376821,118.45352402543382,877.0,321.0,2.7946878544190907,84.49148100106586,0.8351453271704339,1.3440833516275044,0.7078019386773281,6.673278657588355,5.0,1.0,14.0,4.188162235979842,1.3802067650446341,0.34490060451094773,0.6534696961940514,0.0,0.0,0.0,0.0,0.0,0.0,0.0,0.0,0.0,0.0,0.0,0.0,0.0,0.0,0.0,0.0,0.0,0.0,0.0,0.0,0.0,0.0,0.0,0.0,0.0,0.0,0.0,0.0,0.0,0.0,0.0,0.0,0.0,0.0,0.0,0.0,0.0,0.0,0.0,0.0,0.0,0.0,0.0,0.0,0.0,0.0,0.0,0.0,1.0,0.0,0.0
72.88322957489919,42.64063190988132,54.84666933121797,341.0,290.0,3.4903015831811217,90.21833655590852,0.9854226182523832,1.3117633905339414,0.5563238444105849,4.6953369819767685,3.0,6.0,21.0,5.072067842814306,1.613152474134835,0.4172703429447182,0.5888931469839496,0.0,0.0,0.0,0.0,0.0,0.0,0.0,1.0,0.0,0.0,0.0,0.0,0.0,0.0,0.0,0.0,0.0,0.0,0.0,0.0,0.0,0.0,0.0,0.0,0.0,0.0,0.0,0.0,0.0,0.0,0.0,0.0,0.0,0.0,0.0,0.0,0.0,0.0,0.0,0.0,0.0,0.0,0.0,0.0,0.0,0.0,0.0,0.0,0.0,0.0,0.0
72.2450484880723,53.53320588027892,130.17621800069224,365.0,423.0,5.0652770971888845,76.82901707479226,0.9689899122522996,1.065219446855178,0.8984572673192214,8.029631865410513,4.0,4.0,8.0,4.759946794259105,1.28040004987755,0.3868696600065755,0.5181246077671227,0.0,0.0,0.0,0.0,0.0,0.0,0.0,0.0,0.0,0.0,0.0,0.0,0.0,0.0,0.0,0.0,0.0,0.0,0.0,0.0,0.0,0.0,0.0,0.0,0.0,0.0,0.0,0.0,0.0,0.0,0.0,0.0,0.0,0.0,0.0,0.0,0.0,0.0,0.0,0.0,0.0,0.0,0.0,1.0,0.0,0.0,0.0,0.0,0.0,0.0,0.0
69.60697076346315,59.35640464718531,99.59282850434904,680.0,282.0,4.703942522386815,72.26085376596241,0.9173459391532311,1.4443752760314617,0.5265278733551827,1.604246982220272,3.0,4.0,17.0,4.056256025955758,0.9591835124026638,0.26514412203819004,0.5105572048576358,0.0,0.0,0.0,0.0,0.0,0.0,0.0,0.0,0.0,0.0,0.0,0.0,0.0,0.0,0.0,0.0,0.0,0.0,0.0,0.0,0.0,0.0,0.0,0.0,0.0,0.0,0.0,0.0,0.0,0.0,0.0,0.0,0.0,0.0,0.0,0.0,0.0,0.0,0.0,0.0,0.0,0.0,0.0,0.0,0.0,1.0,0.0,0.0,0.0,0.0,0.0
68.90589303545926,52.043094097478495,142.61038192920185,1019.0,441.0,5.305445302462991,75.62092254244668,0.7431260320981355,1.2920591353083737,0.6788890081233154,6.746439110307375,6.0,0.0,23.0,4.555404385048181,1.5387699666220784,0.41881257532117877,0.6407425238458243,0.0,0.0,0.0,0.0,0.0,0.0,0.0,0.0,0.0,0.0,1.0,0.0,0.0,0.0,0.0,0.0,0.0,0.0,0.0,0.0,0.0,0.0,0.0,0.0,0.0,0.0,0.0,0.0,0.0,0.0,0.0,0.0,0.0,0.0,0.0,0.0,0.0,0.0,0.0,0.0,0.0,0.0,0.0,0.0,0.0,0.0,0.0,0.0,0.0,0.0,0.0
71.2162586373463,32.732161175770216,153.3809467725377,716.0,470.0,4.208452549129249,71.30032082451926,0.9974323430318696,1.2677072494219734,0.4730078387579779,8.790084968232188,5.0,3.0,18.0,4.644946061748527,1.520185575140121,0.40800953953540503,0.7995194125467687,0.0,0.0,0.0,0.0,0.0,0.0,0.0,0.0,0.0,0.0,0.0,0.0,0.0,0.0,0.0,0.0,0.0,0.0,0.0,0.0,0.0,0.0,0.0,0.0,0.0,0.0,0.0,0.0,0.0,0.0,0.0,0.0,0.0,0.0,0.0,0.0,0.0,0.0,0.0,0.0,0.0,0.0,0.0,0.0,0.0,0.0,1.0,0.0,0.0,0.0,0.0
56.6379018176842,57.53582702149674,188.4841419147584,791.0,591.0,5.311890450694024,91.49841762187644,0.9745146579944044,1.359098936997594,0.4546837197837065,3.208302802274714,4.0,1.0,9.0,4.380974395837358,1.3223509368739657,0.3281373429947427,0.5721102037708383,0.0,0.0,0.0,0.0,0.0,0.0,0.0,0.0,0.0,0.0,0.0,0.0,0.0,0.0,0.0,0.0,0.0,0.0,0.0,0.0,0.0,0.0,0.0,0.0,1.0,0.0,0.0,0.0,0.0,0.0,0.0,0.0,0.0,0.0,0.0,0.0,0.0,0.0,0.0,0.0,0.0,0.0,0.0,0.0,0.0,0.0,0.0,0.0,0.0,0.0,0.0
64.81447614858162,21.588912946565017,176.71681098162244,837.0,337.0,3.383368016204365,86.95764073406745,0.783659070405246,0.961718328023104,0.9629023814678312,0.5964225882282836,5.0,3.0,10.0,4.404056084917058,1.5032824618734277,0.3755798759670099,0.07291606092252939,0.0,0.0,0.0,0.0,0.0,0.0,0.0,0.0,0.0,0.0,0.0,0.0,0.0,0.0,0.0,0.0,0.0,0.0,0.0,0.0,0.0,0.0,0.0,1.0,0.0,0.0,0.0,0.0,0.0,0.0,0.0,0.0,0.0,0.0,0.0,0.0,0.0,0.0,0.0,0.0,0.0,0.0,0.0,0.0,0.0,0.0,0.0,0.0,0.0,0.0,0.0
65.91578053966445,54.36599526835647,140.6892561869231,857.0,235.0,2.3115798559742307,90.71741809100052,0.8186140207112642,1.4154993099974624,0.6561849622485902,5.532207249911794,7.0,4.0,22.0,4.431635481345076,1.3548646473047614,0.3527846435416657,0.6493516214115139,0.0,0.0,0.0,0.0,0.0,0.0,0.0,0.0,0.0,0.0,0.0,0.0,0.0,0.0,0.0,0.0,0.0,0.0,0.0,0.0,0.0,0.0,0.0,0.0,0.0,0.0,0.0,0.0,0.0,0.0,0.0,0.0,0.0,0.0,0.0,0.0,0.0,0.0,0.0,0.0,0.0,0.0,0.0,0.0,0.0,0.0,0.0,0.0,0.0,0.0,1.0
69.30070692245306,44.43106428057726,86.27797656552221,814.0,480.0,2.7461330000755813,79.84560276729528,0.7370638823766783,1.0807970681315346,0.9997386765211812,6.820961279577466,5.0,3.0,3.0,3.9568600487401038,1.5630181001396222,0.36140737307649234,0.4316441579128002,0.0,0.0,0.0,0.0,0.0,0.0,0.0,0.0,0.0,0.0,0.0,0.0,0.0,0.0,0.0,0.0,0.0,0.0,0.0,0.0,0.0,0.0,0.0,0.0,0.0,1.0,0.0,0.0,0.0,0.0,0.0,0.0,0.0,0.0,0.0,0.0,0.0,0.0,0.0,0.0,0.0,0.0,0.0,0.0,0.0,0.0,0.0,0.0,0.0,0.0,0.0
68.79991397787194,30.533221676728186,79.60272199911101,1335.0,465.0,6.965539902227151,77.7790411634161,0.7981666214961523,1.4712301972575172,0.7757302372638462,0.81204885807583,6.0,0.0,21.0,4.738383221762474,1.2835013163120887,0.40047907772710545,0.40118575429560466,0.0,0.0,0.0,0.0,0.0,0.0,0.0,0.0,0.0,0.0,0.0,0.0,0.0,0.0,0.0,1.0,0.0,0.0,0.0,0.0,0.0,0.0,0.0,0.0,0.0,0.0,0.0,0.0,0.0,0.0,0.0,0.0,0.0,0.0,0.0,0.0,0.0,0.0,0.0,0.0,0.0,0.0,0.0,0.0,0.0,0.0,0.0,0.0,0.0,0.0,0.0
58.11335536591218,51.21854277181148,166.01141996768612,1455.0,435.0,5.334884932744963,84.28370498748824,0.760390009635986,1.4952860394108891,0.4632261852569108,7.978271682114608,4.0,1.0,9.0,4.0222872072813045,1.6930116892792721,0.36828073162921504,0.8760699866261186,0.0,0.0,0.0,0.0,0.0,0.0,0.0,0.0,0.0,0.0,0.0,0.0,0.0,0.0,0.0,0.0,0.0,0.0,0.0,0.0,0.0,0.0,0.0,0.0,0.0,1.0,0.0,0.0,0.0,0.0,0.0,0.0,0.0,0.0,0.0,0.0,0.0,0.0,0.0,0.0,0.0,0.0,0.0,0.0,0.0,0.0,0.0,0.0,0.0,0.0,0.0
71.22316022681797,43.60933812678496,162.85662299683702,1284.0,590.0,6.448930738523821,83.5893130977893,0.7340450487693554,1.0208762349651996,0.7380277695043082,1.071255455696415,5.0,3.0,13.0,4.433026930328645,1.289715707533316,0.36939809721646166,0.20133824538343387,0.0,0.0,0.0,0.0,0.0,0.0,0.0,0.0,0.0,0.0,0.0,0.0,0.0,0.0,0.0,0.0,0.0,0.0,0.0,0.0,0.0,0.0,0.0,0.0,0.0,0.0,0.0,1.0,0.0,0.0,0.0,0.0,0.0,0.0,0.0,0.0,0.0,0.0,0.0,0.0,0.0,0.0,0.0,0.0,0.0,0.0,0.0,0.0,0.0,0.0,0.0
70.65314551459316,48.484072688975374,121.44888959794488,1092.0,487.0,2.8787880052355828,82.57714551263186,0.9175975742281391,1.0447158456760173,0.5094434637003649,2.7054612539659484,5.0,1.0,2.0,4.165683762446026,1.3645642476158117,0.3370422826599971,0.37132745801424244,0.0,0.0,0.0,0.0,0.0,0.0,1.0,0.0,0.0,0.0,0.0,0.0,0.0,0.0,0.0,0.0,0.0,0.0,0.0,0.0,0.0,0.0,0.0,0.0,0.0,0.0,0.0,0.0,0.0,0.0,0.0,0.0,0.0,0.0,0.0,0.0,0.0,0.0,0.0,0.0,0.0,0.0,0.0,0.0,0.0,0.0,0.0,0.0,0.0,0.0,0.0
66.69315126168301,45.80820489597603,161.00874033022575,1373.0,250.0,2.301709518172701,93.56727346423148,0.9184938680921814,1.0335433758468993,0.6310178533021906,9.565898320163814,4.0,1.0,6.0,5.236687793744402,1.6943184619452174,0.4481951268096933,0.6683971946649088,0.0,0.0,0.0,0.0,0.0,0.0,0.0,0.0,0.0,0.0,0.0,0.0,0.0,0.0,0.0,0.0,0.0,0.0,0.0,0.0,0.0,0.0,0.0,0.0,0.0,0.0,0.0,0.0,0.0,0.0,0.0,0.0,0.0,0.0,0.0,0.0,0.0,0.0,0.0,0.0,0.0,0.0,1.0,0.0,0.0,0.0,0.0,0.0,0.0,0.0,0.0
74.62640172015601,26.48191867090152,87.45732667863862,1151.0,555.0,3.4910160062289424,88.96354216853982,0.7240057427280681,1.076036724875164,0.5113347713240566,0.2881726314033728,4.0,5.0,15.0,4.877095766684921,1.4780166939747887,0.41612052611215944,0.2654309194906338,0.0,0.0,0.0,0.0,0.0,0.0,0.0,0.0,0.0,0.0,0.0,0.0,0.0,0.0,0.0,0.0,0.0,0.0,0.0,0.0,0.0,0.0,0.0,0.0,0.0,0.0,0.0,0.0,0.0,0.0,0.0,0.0,0.0,0.0,0.0,0.0,0.0,0.0,0.0,0.0,0.0,0.0,0.0,0.0,0.0,0.0,1.0,0.0,0.0,0.0,0.0
62.4944492435181,54.11193246461774,135.93974854441083,607.0,268.0,3.4079300313180503,92.3100481555756,0.8597109183836128,1.0279407552915405,0.8421922272171699,1.398110713751357,7.0,3.0,10.0,4.514058115827537,1.3311565239998473,0.3503698610839141,0.18645981872099174,0.0,0.0,0.0,0.0,0.0,0.0,0.0,0.0,0.0,0.0,0.0,0.0,0.0,0.0,0.0,0.0,0.0,0.0,0.0,0.0,0.0,1.0,0.0,0.0,0.0,0.0,0.0,0.0,0.0,0.0,0.0,0.0,0.0,0.0,0.0,0.0,0.0,0.0,0.0,0.0,0.0,0.0,0.0,0.0,0.0,0.0,0.0,0.0,0.0,0.0,0.0
67.01899121737978,47.4999546259,178.21419108647038,1170.0,275.0,4.912284404009096,72.10618468961762,0.957043741550912,0.9958407418378472,0.8906627239226533,6.420579746058487,4.0,2.0,14.0,3.678582896934127,0.9591835124026638,0.26514412203819004,0.40549875856076983,0.0,0.0,0.0,0.0,0.0,0.0,0.0,0.0,0.0,0.0,0.0,0.0,0.0,0.0,0.0,0.0,0.0,0.0,0.0,0.0,0.0,0.0,0.0,0.0,0.0,0.0,1.0,0.0,0.0,0.0,0.0,0.0,0.0,0.0,0.0,0.0,0.0,0.0,0.0,0.0,0.0,0.0,0.0,0.0,0.0,0.0,0.0,0.0,0.0,0.0,0.0
75.87849900984678,43.016424052717866,89.39944795385081,1241.0,522.0,4.554456475900479,87.00195047693163,0.9474310595709468,1.075987695817617,0.5570967385180531,8.671053853681126,4.0,6.0,2.0,4.2108853994485065,0.9591835124026638,0.26514412203819004,0.6695426436972768,0.0,0.0,0.0,0.0,0.0,0.0,0.0,0.0,0.0,0.0,0.0,0.0,0.0,0.0,0.0,1.0,0.0,0.0,0.0,0.0,0.0,0.0,0.0,0.0,0.0,0.0,0.0,0.0,0.0,0.0,0.0,0.0,0.0,0.0,0.0,0.0,0.0,0.0,0.0,0.0,0.0,0.0,0.0,0.0,0.0,0.0,0.0,0.0,0.0,0.0,0.0
73.56479189597101,30.549644417603467,89.87053108050135,325.0,328.0,2.060651708651036,74.45926433862077,0.9259985380713516,1.2423078509466552,0.66987637304909,7.490500576161717,4.0,2.0,15.0,4.638782330555228,1.4292028476425116,0.39961401100277194,0.6560771186072036,0.0,0.0,0.0,0.0,0.0,0.0,0.0,0.0,0.0,1.0,0.0,0.0,0.0,0.0,0.0,0.0,0.0,0.0,0.0,0.0,0.0,0.0,0.0,0.0,0.0,0.0,0.0,0.0,0.0,0.0,0.0,0.0,0.0,0.0,0.0,0.0,0.0,0.0,0.0,0.0,0.0,0.0,0.0,0.0,0.0,0.0,0.0,0.0,0.0,0.0,0.0
78.96952149585917,46.5775281533594,135.7208862172832,1284.0,449.0,4.677121680323282,86.27967894298871,0.9793977865435464,0.9074156907328984,0.5866196921235987,9.725199860080028,5.0,3.0,5.0,3.835724138051269,1.6054659928252282,0.31785951978165794,0.6280599159246191,0.0,0.0,0.0,0.0,0.0,0.0,0.0,0.0,0.0,0.0,0.0,0.0,0.0,0.0,0.0,0.0,0.0,0.0,0.0,0.0,0.0,0.0,0.0,0.0,0.0,0.0,0.0,0.0,1.0,0.0,0.0,0.0,0.0,0.0,0.0,0.0,0.0,0.0,0.0,0.0,0.0,0.0,0.0,0.0,0.0,0.0,0.0,0.0,0.0,0.0,0.0
72.86252316432086,23.189392374947325,171.9402428081524,694.0,543.0,3.014748904971402,73.55651305615696,0.8866726631055606,0.9587067572657786,0.6096116075003859,8.559163562070674,4.0,3.0,7.0,4.414812858158514,1.0006049773009236,0.3450187300323486,0.5877179138196604,0.0,0.0,0.0,0.0,0.0,0.0,0.0,0.0,0.0,0.0,0.0,0.0,0.0,0.0,0.0,0.0,0.0,0.0,0.0,0.0,0.0,0.0,0.0,0.0,0.0,0.0,0.0,1.0,0.0,0.0,0.0,0.0,0.0,0.0,0.0,0.0,0.0,0.0,0.0,0.0,0.0,0.0,0.0,0.0,0.0,0.0,0.0,0.0,0.0,0.0,0.0
66.59700607761987,41.537412256777685,194.3107006458759,602.0,290.0,3.131885942463435,82.81908790215607,0.7400413697797281,1.2824414758693674,0.6932966480536162,8.894677968498373,5.0,1.0,17.0,4.430509881548447,1.2019337195773316,0.3617395582069091,0.7386002345581824,0.0,0.0,0.0,0.0,0.0,0.0,0.0,0.0,0.0,0.0,0.0,0.0,0.0,0.0,0.0,0.0,0.0,0.0,0.0,0.0,0.0,1.0,0.0,0.0,0.0,0.0,0.0,0.0,0.0,0.0,0.0,0.0,0.0,0.0,0.0,0.0,0.0,0.0,0.0,0.0,0.0,0.0,0.0,0.0,0.0,0.0,0.0,0.0,0.0,0.0,0.0
60.09746014120364,52.0123159952683,80.85722853756424,1132.0,321.0,4.157162658321887,85.22686366617341,0.7948299965019041,1.3503614775270107,0.7248196401434281,7.99309302824129,5.0,1.0,8.0,4.39261423263158,1.1029070239092578,0.33870582669852306,0.7169644631615104,0.0,0.0,0.0,0.0,0.0,0.0,0.0,0.0,0.0,0.0,0.0,0.0,0.0,0.0,0.0,0.0,0.0,0.0,0.0,0.0,0.0,0.0,0.0,0.0,0.0,0.0,0.0,0.0,0.0,0.0,0.0,0.0,0.0,0.0,0.0,0.0,0.0,0.0,0.0,0.0,0.0,0.0,0.0,0.0,0.0,0.0,0.0,0.0,0.0,0.0,1.0
67.49237551263984,53.63913128058553,85.23658970387481,1008.0,322.0,6.24021339938057,87.0313511243028,0.7832899886141009,1.3761812316372175,0.8092904341572009,5.854936438083207,4.0,6.0,22.0,5.236687793744402,0.9591835124026638,0.4392311435962,0.5947172620675896,0.0,0.0,0.0,0.0,0.0,0.0,0.0,0.0,0.0,0.0,0.0,0.0,0.0,0.0,0.0,0.0,0.0,0.0,0.0,0.0,0.0,0.0,0.0,0.0,0.0,0.0,0.0,0.0,0.0,0.0,0.0,0.0,0.0,0.0,0.0,0.0,1.0,0.0,0.0,0.0,0.0,0.0,0.0,0.0,0.0,0.0,0.0,0.0,0.0,0.0,0.0
68.78470349814118,36.96487341955361,133.70141588610642,1384.0,395.0,5.097866591728101,74.33716678867137,0.7715800662419345,1.1964652032499885,0.4802000064121461,0.8721151424000106,5.0,2.0,4.0,4.339003799082508,1.4963886179748127,0.39573228738208993,0.36531247560487135,0.0,0.0,0.0,0.0,0.0,0.0,0.0,0.0,0.0,0.0,0.0,1.0,0.0,0.0,0.0,0.0,0.0,0.0,0.0,0.0,0.0,0.0,0.0,0.0,0.0,0.0,0.0,0.0,0.0,0.0,0.0,0.0,0.0,0.0,0.0,0.0,0.0,0.0,0.0,0.0,0.0,0.0,0.0,0.0,0.0,0.0,0.0,0.0,0.0,0.0,0.0
72.9141906945585,26.748446125593528,99.81134539892923,1430.0,434.0,6.993548285076181,79.78637125823909,0.7570682983948827,1.0590890330724472,0.7281630736492652,6.354013501496074,5.0,5.0,19.0,4.449575089234093,1.234399103816189,0.37085443534786416,0.48806189671914324,0.0,0.0,0.0,0.0,0.0,0.0,0.0,0.0,0.0,0.0,0.0,0.0,0.0,0.0,0.0,0.0,0.0,0.0,0.0,0.0,0.0,1.0,0.0,0.0,0.0,0.0,0.0,0.0,0.0,0.0,0.0,0.0,0.0,0.0,0.0,0.0,0.0,0.0,0.0,0.0,0.0,0.0,0.0,0.0,0.0,0.0,0.0,0.0,0.0,0.0,0.0
68.03607461358693,44.539570696137616,88.75288326939958,927.0,158.0,2.0021292308784187,82.81054371461553,0.9880582277824528,1.417427139392207,0.928613087621167,7.690669015855597,4.0,4.0,20.0,4.760819845931274,1.394578937766557,0.38397695174556884,0.6673788687981033,0.0,0.0,0.0,0.0,0.0,0.0,0.0,0.0,0.0,0.0,0.0,0.0,0.0,0.0,0.0,0.0,1.0,0.0,0.0,0.0,0.0,0.0,0.0,0.0,0.0,0.0,0.0,0.0,0.0,0.0,0.0,0.0,0.0,0.0,0.0,0.0,0.0,0.0,0.0,0.0,0.0,0.0,0.0,0.0,0.0,0.0,0.0,0.0,0.0,0.0,0.0
71.55190355635335,54.212641020514496,121.6004823267078,888.0,280.0,6.502135152579737,74.7510581889045,0.8955357211767434,1.1852768929168007,0.9170916299958258,5.917724188815713,6.0,6.0,10.0,4.279138322096816,1.2587518901873704,0.35463131640485457,0.4663306885496714,0.0,0.0,0.0,0.0,0.0,0.0,0.0,0.0,0.0,0.0,0.0,0.0,0.0,0.0,0.0,0.0,0.0,0.0,0.0,0.0,0.0,0.0,0.0,0.0,0.0,0.0,0.0,0.0,0.0,0.0,0.0,0.0,0.0,0.0,0.0,0.0,0.0,0.0,0.0,0.0,0.0,0.0,0.0,0.0,0.0,0.0,0.0,0.0,0.0,0.0,1.0
69.68901296303522,54.60341604341273,143.85632331654267,1181.0,304.0,5.953255346192691,71.86010902407928,0.9061534134723656,1.4509134616905368,0.8783306654561999,7.363820617614647,7.0,3.0,1.0,4.496397958635723,1.6130927881216972,0.4120133945673647,0.6845687599922164,0.0,0.0,0.0,0.0,0.0,0.0,0.0,0.0,0.0,0.0,0.0,0.0,0.0,0.0,0.0,0.0,0.0,0.0,0.0,0.0,0.0,0.0,0.0,0.0,0.0,0.0,0.0,0.0,0.0,0.0,0.0,0.0,0.0,1.0,0.0,0.0,0.0,0.0,0.0,0.0,0.0,0.0,0.0,0.0,0.0,0.0,0.0,0.0,0.0,0.0,0.0
70.08818081430081,38.85948007573555,53.360121374118606,454.0,233.0,2.707276335925264,77.50022572044124,0.7901898835018671,1.4812674192376836,0.7438203125509764,2.4198230626309702,4.0,3.0,4.0,3.999553639483142,1.5556139501697952,0.3637789489581281,0.49729981749728486,0.0,0.0,0.0,0.0,0.0,0.0,0.0,0.0,0.0,0.0,0.0,0.0,0.0,0.0,0.0,0.0,0.0,0.0,0.0,0.0,0.0,0.0,0.0,0.0,0.0,0.0,0.0,0.0,1.0,0.0,0.0,0.0,0.0,0.0,0.0,0.0,0.0,0.0,0.0,0.0,0.0,0.0,0.0,0.0,0.0,0.0,0.0,0.0,0.0,0.0,0.0
75.18583149705202,58.68119192669127,129.33257797895982,1025.0,551.0,6.955413868496462,87.17037872490852,0.8671470929611259,1.0935401331636272,0.6687536295485967,9.598921434263746,6.0,1.0,8.0,4.70406474766342,1.3427088601545363,0.3774768791668391,0.6874823082485663,0.0,1.0,0.0,0.0,0.0,0.0,0.0,0.0,0.0,0.0,0.0,0.0,0.0,0.0,0.0,0.0,0.0,0.0,0.0,0.0,0.0,0.0,0.0,0.0,0.0,0.0,0.0,0.0,0.0,0.0,0.0,0.0,0.0,0.0,0.0,0.0,0.0,0.0,0.0,0.0,0.0,0.0,0.0,0.0,0.0,0.0,0.0,0.0,0.0,0.0,0.0
64.13510872126585,38.61938061012027,96.59303367383148,1402.0,496.0,2.319507127267598,88.37242022089465,0.7901654162029034,1.4232433106629792,0.4295665354007126,1.6285288331966352,4.0,2.0,8.0,4.052113622479683,1.3935754524262591,0.33112148069408504,0.533558738751432,0.0,0.0,0.0,0.0,0.0,0.0,0.0,0.0,0.0,0.0,0.0,0.0,0.0,0.0,0.0,0.0,0.0,0.0,0.0,0.0,0.0,0.0,0.0,0.0,0.0,1.0,0.0,0.0,0.0,0.0,0.0,0.0,0.0,0.0,0.0,0.0,0.0,0.0,0.0,0.0,0.0,0.0,0.0,0.0,0.0,0.0,0.0,0.0,0.0,0.0,0.0
80.74083772308235,30.463707720591668,195.98609762161664,458.0,222.0,5.841175889465164,83.79059528469989,0.9439446459904262,1.2833244595551654,0.985193273399185,1.0238887443433864,6.0,0.0,13.0,4.2734713171337315,1.3762996820366218,0.34244333894392753,0.24782528178412774,0.0,0.0,0.0,0.0,0.0,0.0,0.0,0.0,0.0,0.0,0.0,0.0,0.0,0.0,0.0,0.0,0.0,0.0,0.0,0.0,0.0,0.0,0.0,0.0,0.0,0.0,0.0,0.0,0.0,0.0,0.0,0.0,0.0,0.0,0.0,0.0,0.0,0.0,0.0,0.0,0.0,0.0,0.0,0.0,1.0,0.0,0.0,0.0,0.0,0.0,0.0
66.52739734996591,31.23439887078273,121.267282489689,1135.0,198.0,3.676158629378168,91.98005087826756,0.8988880092913976,1.3507290056706371,0.6170835928503442,7.981081046603999,5.0,3.0,1.0,4.85660551326235,1.407799802378779,0.38411921631210055,0.752506865774625,0.0,1.0,0.0,0.0,0.0,0.0,0.0,0.0,0.0,0.0,0.0,0.0,0.0,0.0,0.0,0.0,0.0,0.0,0.0,0.0,0.0,0.0,0.0,0.0,0.0,0.0,0.0,0.0,0.0,0.0,0.0,0.0,0.0,0.0,0.0,0.0,0.0,0.0,0.0,0.0,0.0,0.0,0.0,0.0,0.0,0.0,0.0,0.0,0.0,0.0,0.0
81.3604241941878,37.72356054116009,117.82548541879636,1089.0,566.0,3.458536820017691,79.48882776019248,0.9651668009756056,1.34747820461964,0.8568382518309345,6.982120014691238,4.0,5.0,11.0,4.7251210325323285,1.7883307285974304,0.4274098390084715,0.6208763139024367,0.0,0.0,0.0,0.0,0.0,0.0,0.0,0.0,0.0,0.0,0.0,0.0,0.0,0.0,0.0,0.0,0.0,0.0,0.0,0.0,0.0,0.0,1.0,0.0,0.0,0.0,0.0,0.0,0.0,0.0,0.0,0.0,0.0,0.0,0.0,0.0,0.0,0.0,0.0,0.0,0.0,0.0,0.0,0.0,0.0,0.0,0.0,0.0,0.0,0.0,0.0
70.89382986757666,58.20898193090524,153.3038429391435,1114.0,121.0,2.1411788049457936,70.71377774736334,0.8905922688992854,1.2492876515226226,0.8211344230465668,2.7653672432467613,5.0,6.0,0.0,4.69062562593879,1.4637277433524538,0.4184353365016055,0.37267776018205745,0.0,0.0,0.0,0.0,0.0,0.0,0.0,0.0,0.0,0.0,0.0,0.0,0.0,0.0,0.0,0.0,0.0,0.0,0.0,0.0,0.0,0.0,0.0,0.0,0.0,0.0,0.0,0.0,0.0,0.0,0.0,0.0,0.0,0.0,0.0,0.0,0.0,0.0,0.0,0.0,0.0,0.0,0.0,0.0,0.0,0.0,1.0,0.0,0.0,0.0,0.0
74.56454007865504,54.95305956052026,169.90358179820635,1364.0,359.0,6.036394458948108,70.01214452717764,0.9014261709179796,1.0694732116308885,0.5435838519270053,7.699659209210128,5.0,0.0,13.0,4.327464641245646,1.1381252397261474,0.3561915283334134,0.6221918221441726,0.0,0.0,0.0,0.0,0.0,0.0,0.0,0.0,0.0,0.0,0.0,0.0,0.0,0.0,0.0,0.0,0.0,0.0,0.0,0.0,0.0,1.0,0.0,0.0,0.0,0.0,0.0,0.0,0.0,0.0,0.0,0.0,0.0,0.0,0.0,0.0,0.0,0.0,0.0,0.0,0.0,0.0,0.0,0.0,0.0,0.0,0.0,0.0,0.0,0.0,0.0
68.90577974524615,22.766643186496708,66.56652323739786,1341.0,308.0,2.305456634516483,74.39973965281071,0.8646457659328859,1.081963755946613,0.8485172573723856,9.851601701078778,5.0,6.0,15.0,5.236687793744402,1.5224248933528997,0.4766504435537236,0.6343300896606675,0.0,0.0,0.0,0.0,0.0,0.0,0.0,0.0,0.0,0.0,0.0,0.0,0.0,0.0,0.0,0.0,0.0,0.0,0.0,0.0,0.0,0.0,0.0,0.0,0.0,0.0,0.0,0.0,0.0,0.0,0.0,0.0,0.0,0.0,0.0,1.0,0.0,0.0,0.0,0.0,0.0,0.0,0.0,0.0,0.0,0.0,0.0,0.0,0.0,0.0,0.0
64.78572680786984,27.85698740559897,99.4728415460226,871.0,408.0,5.151456349549482,76.70007891032219,0.794086854745276,1.221132165066224,0.9195390361898048,1.1681310756426444,5.0,1.0,23.0,4.8694653738224085,1.4062958799476395,0.4261302785700546,0.2458286581011045,0.0,0.0,0.0,0.0,0.0,0.0,0.0,0.0,0.0,0.0,0.0,0.0,0.0,0.0,0.0,0.0,0.0,0.0,0.0,0.0,0.0,0.0,0.0,0.0,0.0,0.0,0.0,0.0,0.0,0.0,0.0,0.0,0.0,0.0,0.0,0.0,0.0,0.0,0.0,0.0,0.0,0.0,0.0,0.0,0.0,0.0,0.0,0.0,0.0,1.0,0.0
72.62426828984566,32.94487719454892,164.7239731449286,737.0,202.0,6.885538381839635,89.7444936473268,0.9465303140011868,0.974382318763822,0.7667461575800296,1.3681802995091883,6.0,5.0,7.0,4.081361802220923,1.2920881863901637,0.305586106977572,0.1833384858088928,0.0,0.0,0.0,0.0,0.0,0.0,0.0,0.0,0.0,0.0,0.0,0.0,0.0,0.0,0.0,0.0,0.0,0.0,0.0,0.0,0.0,0.0,0.0,0.0,0.0,0.0,0.0,0.0,0.0,0.0,0.0,1.0,0.0,0.0,0.0,0.0,0.0,0.0,0.0,0.0,0.0,0.0,0.0,0.0,0.0,0.0,0.0,0.0,0.0,0.0,0.0
59.30556222653678,35.18372954936584,174.16661090096727,444.0,515.0,5.118340811673858,87.25744022171192,0.9691703382920172,1.233532170513227,0.6767574822217679,0.4871719287287968,6.0,6.0,9.0,4.825083145805876,1.6286721892581328,0.4048924177072861,0.2989992615537744,0.0,0.0,0.0,0.0,0.0,0.0,0.0,0.0,0.0,0.0,0.0,0.0,0.0,0.0,0.0,0.0,0.0,0.0,0.0,0.0,0.0,0.0,0.0,0.0,0.0,0.0,0.0,0.0,0.0,0.0,0.0,0.0,0.0,0.0,0.0,1.0,0.0,0.0,0.0,0.0,0.0,0.0,0.0,0.0,0.0,0.0,0.0,0.0,0.0,0.0,0.0
62.54904750563061,45.59115064846439,138.95320914124505,311.0,463.0,6.468524941665402,78.45479461402144,0.9710181740996684,1.196699556329033,0.885536220040654,9.518697590473792,5.0,1.0,0.0,4.317292358751841,1.4996120705724185,0.3659792077457435,0.6627431174700056,0.0,0.0,0.0,0.0,0.0,0.0,0.0,0.0,0.0,0.0,0.0,0.0,0.0,0.0,0.0,0.0,0.0,0.0,0.0,0.0,0.0,0.0,0.0,0.0,1.0,0.0,0.0,0.0,0.0,0.0,0.0,0.0,0.0,0.0,0.0,0.0,0.0,0.0,0.0,0.0,0.0,0.0,0.0,0.0,0.0,0.0,0.0,0.0,0.0,0.0,0.0
65.95306999693786,35.87035197949571,188.29706524292467,1480.0,280.0,4.052885981130344,78.29537843803993,0.9047842819026308,1.190213766316078,0.7571975378008928,0.7041052094616163,6.0,6.0,19.0,4.6558553840441865,1.4499444413961704,0.3975233231481597,0.26132339029138735,0.0,0.0,0.0,0.0,0.0,0.0,0.0,0.0,0.0,0.0,0.0,0.0,0.0,0.0,0.0,0.0,0.0,0.0,0.0,0.0,0.0,0.0,0.0,0.0,0.0,0.0,0.0,0.0,0.0,0.0,0.0,0.0,0.0,0.0,0.0,0.0,0.0,0.0,0.0,0.0,0.0,0.0,0.0,0.0,0.0,0.0,0.0,1.0,0.0,0.0,0.0
68.55046779078648,35.225196599150784,160.34194029915778,560.0,404.0,2.250879515673108,77.58822224900335,0.9598134408818468,1.198689869563121,0.6980176874422828,5.432881152417553,4.0,1.0,5.0,4.2114221311774696,1.4172288871235865,0.3517910761518189,0.5219073436097845,0.0,0.0,0.0,0.0,0.0,0.0,0.0,0.0,0.0,0.0,0.0,0.0,0.0,0.0,0.0,0.0,0.0,0.0,0.0,0.0,1.0,0.0,0.0,0.0,0.0,0.0,0.0,0.0,0.0,0.0,0.0,0.0,0.0,0.0,0.0,0.0,0.0,0.0,0.0,0.0,0.0,0.0,0.0,0.0,0.0,0.0,0.0,0.0,0.0,0.0,0.0
63.96602109286755,47.38733369005934,198.8095735101376,1332.0,404.0,5.211098270966662,72.07088087882343,0.8319655680007934,1.4994463343943036,0.9905628109099278,8.15905876877864,4.0,4.0,7.0,5.236687793744402,1.431128626718164,0.47172802646137435,0.7111863049474937,0.0,0.0,0.0,0.0,0.0,0.0,0.0,0.0,0.0,0.0,0.0,0.0,0.0,0.0,0.0,0.0,0.0,0.0,0.0,0.0,0.0,0.0,0.0,0.0,0.0,0.0,0.0,0.0,0.0,0.0,0.0,0.0,0.0,0.0,0.0,0.0,0.0,0.0,0.0,0.0,0.0,0.0,0.0,0.0,0.0,0.0,1.0,0.0,0.0,0.0,0.0
64.91408371145596,53.39756069074588,184.0922091440877,1338.0,489.0,4.501275342754536,72.48619708777139,0.9398255629694664,0.900049224978828,0.5228340588135115,5.900197397934129,4.0,5.0,21.0,4.97968270344749,1.8473826609583988,0.4755951748440779,0.45429133854067394,0.0,0.0,0.0,0.0,0.0,0.0,0.0,0.0,0.0,0.0,0.0,0.0,0.0,0.0,0.0,0.0,0.0,0.0,0.0,0.0,0.0,0.0,0.0,0.0,0.0,0.0,0.0,0.0,0.0,0.0,0.0,0.0,0.0,0.0,0.0,0.0,0.0,0.0,0.0,0.0,0.0,0.0,1.0,0.0,0.0,0.0,0.0,0.0,0.0,0.0,0.0
64.3879323506094,49.64308535356291,68.23539695329686,1103.0,500.0,4.655419645074536,83.85885537052056,0.9249733375707015,1.2472484192558413,0.7521703424480906,9.565054499642846,5.0,6.0,2.0,4.362748433103241,1.3248130363343649,0.34702598860991735,0.7348759123772454,0.0,0.0,0.0,0.0,0.0,0.0,0.0,0.0,0.0,0.0,0.0,0.0,0.0,0.0,0.0,0.0,0.0,0.0,0.0,1.0,0.0,0.0,0.0,0.0,0.0,0.0,0.0,0.0,0.0,0.0,0.0,0.0,0.0,0.0,0.0,0.0,0.0,0.0,0.0,0.0,0.0,0.0,0.0,0.0,0.0,0.0,0.0,0.0,0.0,0.0,0.0
71.0374297136917,35.64673013302853,137.79699124825697,304.0,502.0,2.7394631293882603,78.92982441827071,0.8701150380426885,1.0119282459145549,0.9529456647249251,8.278456110011627,6.0,2.0,21.0,4.321883691392544,1.375991669382232,0.363714444395859,0.4857149330892534,0.0,0.0,0.0,0.0,0.0,0.0,0.0,0.0,0.0,0.0,0.0,0.0,0.0,0.0,0.0,0.0,0.0,0.0,0.0,0.0,0.0,0.0,0.0,0.0,0.0,0.0,0.0,0.0,0.0,0.0,0.0,0.0,0.0,0.0,0.0,0.0,0.0,0.0,0.0,0.0,0.0,0.0,0.0,0.0,1.0,0.0,0.0,0.0,0.0,0.0,0.0
71.38844450389485,28.196020269354925,143.47180924510775,1141.0,531.0,2.5376142895589417,82.93864930958489,0.8575999950833844,1.488917060077645,0.6282663639116803,7.951664825779479,5.0,3.0,0.0,4.219052384955168,1.5803331601667694,0.36754567555275874,0.816465115229555,0.0,0.0,0.0,0.0,0.0,0.0,0.0,0.0,0.0,0.0,0.0,0.0,0.0,0.0,0.0,0.0,0.0,0.0,0.0,0.0,0.0,0.0,0.0,0.0,0.0,1.0,0.0,0.0,0.0,0.0,0.0,0.0,0.0,0.0,0.0,0.0,0.0,0.0,0.0,0.0,0.0,0.0,0.0,0.0,0.0,0.0,0.0,0.0,0.0,0.0,0.0
71.42491803400652,38.63746026965852,107.60857098668922,321.0,355.0,6.609763562675745,81.90653787850862,0.7959159918276542,1.152938619629218,0.6084576593156323,1.9810126335121223,6.0,6.0,13.0,4.205622948039911,1.289529480223986,0.3468491496917789,0.3561987140846938,0.0,0.0,0.0,0.0,0.0,0.0,0.0,0.0,0.0,0.0,0.0,0.0,0.0,0.0,0.0,0.0,0.0,0.0,0.0,0.0,0.0,0.0,0.0,0.0,0.0,0.0,0.0,0.0,0.0,0.0,0.0,0.0,0.0,0.0,0.0,0.0,0.0,0.0,0.0,0.0,1.0,0.0,0.0,0.0,0.0,0.0,0.0,0.0,0.0,0.0,0.0
73.47081385142899,49.37332773663165,71.06005252395127,305.0,460.0,4.355928327878889,72.56333640962349,0.845988537987157,1.1077185305897548,0.9943182437272292,3.622471362344637,4.0,6.0,15.0,4.509616130844797,1.2301044128174818,0.3812023293840423,0.2869013116150272,0.0,0.0,0.0,0.0,0.0,0.0,0.0,0.0,0.0,0.0,0.0,0.0,0.0,0.0,0.0,0.0,0.0,0.0,1.0,0.0,0.0,0.0,0.0,0.0,0.0,0.0,0.0,0.0,0.0,0.0,0.0,0.0,0.0,0.0,0.0,0.0,0.0,0.0,0.0,0.0,0.0,0.0,0.0,0.0,0.0,0.0,0.0,0.0,0.0,0.0,0.0
71.70120282761138,59.24443772789293,106.86336865636844,773.0,401.0,6.697689435416965,71.02005931402832,0.7376883429234381,1.355253244148975,0.6323997043272964,1.367452419519174,5.0,1.0,17.0,5.236687793744402,1.5655599798607693,0.4787144763200408,0.4187675611094711,0.0,0.0,0.0,0.0,0.0,0.0,0.0,0.0,0.0,0.0,0.0,0.0,0.0,0.0,0.0,0.0,0.0,0.0,0.0,0.0,0.0,0.0,0.0,0.0,0.0,0.0,0.0,0.0,0.0,0.0,0.0,0.0,0.0,0.0,0.0,1.0,0.0,0.0,0.0,0.0,0.0,0.0,0.0,0.0,0.0,0.0,0.0,0.0,0.0,0.0,0.0
68.82449572374603,42.83600141251715,181.19632454389048,795.0,445.0,3.114480421395584,83.55955637277746,0.8182624599311417,1.3122305677351258,0.5884382040141096,4.330825269326336,4.0,1.0,11.0,4.652465916534585,1.1320174133861867,0.364998519869947,0.5601708784449402,0.0,0.0,0.0,0.0,0.0,0.0,0.0,0.0,0.0,0.0,0.0,0.0,0.0,0.0,0.0,0.0,0.0,0.0,0.0,0.0,0.0,0.0,0.0,0.0,0.0,0.0,0.0,0.0,0.0,0.0,0.0,0.0,0.0,0.0,0.0,0.0,0.0,0.0,0.0,0.0,0.0,0.0,0.0,1.0,0.0,0.0,0.0,0.0,0.0,0.0,0.0
78.06352794365861,46.046260466246565,198.9612301990092,702.0,282.0,5.558775495293749,90.41807866458744,0.7101922372085406,1.19322503535559,0.950399678887456,9.873243400073202,6.0,4.0,21.0,4.786204839628402,1.4585975247116982,0.4048609867390038,0.6570929865468965,0.0,0.0,0.0,0.0,0.0,0.0,0.0,0.0,0.0,0.0,0.0,0.0,0.0,0.0,0.0,0.0,0.0,0.0,0.0,0.0,0.0,0.0,0.0,0.0,0.0,0.0,0.0,0.0,0.0,0.0,0.0,0.0,0.0,0.0,0.0,0.0,0.0,0.0,0.0,0.0,0.0,0.0,0.0,1.0,0.0,0.0,0.0,0.0,0.0,0.0,0.0
74.55100330924914,27.482617788440905,152.17170836570307,1084.0,313.0,4.259780080800612,74.96199161916513,0.9820903297902412,1.2376175372530511,0.5542203372014876,5.9349238930556805,4.0,3.0,19.0,4.617071279562201,1.2793948627478116,0.37681434890299764,0.6145043002223616,0.0,0.0,0.0,0.0,0.0,0.0,0.0,0.0,0.0,0.0,0.0,0.0,0.0,0.0,0.0,0.0,0.0,0.0,0.0,0.0,0.0,0.0,0.0,0.0,0.0,0.0,0.0,0.0,0.0,0.0,0.0,0.0,1.0,0.0,0.0,0.0,0.0,0.0,0.0,0.0,0.0,0.0,0.0,0.0,0.0,0.0,0.0,0.0,0.0,0.0,0.0
67.00290704411533,55.76780350082554,133.7126368973158,1027.0,599.0,6.3272414866746125,78.98960430999051,0.9364479875045624,0.9458416596621734,0.4070237222378266,9.393334125905408,5.0,5.0,15.0,4.373601193262042,1.4946962090255205,0.3727776686178472,0.6906324869951772,0.0,0.0,0.0,0.0,0.0,0.0,0.0,0.0,0.0,0.0,0.0,0.0,0.0,0.0,0.0,0.0,0.0,0.0,0.0,0.0,0.0,0.0,0.0,0.0,0.0,0.0,0.0,0.0,0.0,0.0,0.0,0.0,0.0,0.0,0.0,0.0,0.0,0.0,0.0,0.0,0.0,1.0,0.0,0.0,0.0,0.0,0.0,0.0,0.0,0.0,0.0
67.00388837032581,46.33140456383258,95.23456280358484,980.0,264.0,4.3899633221712575,71.12370914032496,0.7651686248123567,0.9831092085939312,0.4223589272319922,0.2856464999236607,4.0,0.0,4.0,4.381471396399679,1.217416980412693,0.3798456145909876,0.24849250188170488,0.0,0.0,0.0,0.0,0.0,0.0,0.0,0.0,0.0,0.0,0.0,0.0,0.0,0.0,0.0,0.0,0.0,0.0,0.0,0.0,0.0,0.0,0.0,0.0,0.0,0.0,0.0,0.0,0.0,0.0,0.0,1.0,0.0,0.0,0.0,0.0,0.0,0.0,0.0,0.0,0.0,0.0,0.0,0.0,0.0,0.0,0.0,0.0,0.0,0.0,0.0
69.08224989558217,49.04753942925053,50.55306064507347,1354.0,424.0,4.585582574196972,70.36361394511212,0.7775120571668388,1.4220303642451442,0.5146246056748908,7.25419485128405,6.0,2.0,12.0,4.5487456096201475,1.375957520799249,0.4097665442308289,0.7860235697157625,0.0,0.0,0.0,0.0,0.0,0.0,0.0,0.0,0.0,0.0,0.0,0.0,0.0,0.0,0.0,0.0,0.0,0.0,0.0,0.0,0.0,0.0,0.0,0.0,0.0,0.0,0.0,0.0,0.0,0.0,0.0,0.0,0.0,0.0,0.0,0.0,0.0,0.0,0.0,0.0,0.0,0.0,0.0,0.0,0.0,1.0,0.0,0.0,0.0,0.0,0.0
66.60742639158981,50.83703580270948,102.0761894646298,358.0,275.0,3.7022503472576855,90.65646781907807,0.947755957317844,0.9656774818120568,0.4775147104188534,6.338922206584261,4.0,0.0,19.0,4.810835178080734,1.151988366186487,0.3534883486013009,0.5242145662535774,0.0,0.0,0.0,0.0,0.0,0.0,0.0,0.0,0.0,0.0,0.0,0.0,0.0,0.0,0.0,0.0,0.0,0.0,0.0,0.0,0.0,0.0,0.0,0.0,0.0,0.0,0.0,0.0,0.0,0.0,0.0,0.0,0.0,0.0,0.0,0.0,0.0,0.0,0.0,0.0,0.0,0.0,0.0,1.0,0.0,0.0,0.0,0.0,0.0,0.0,0.0
68.5303459998909,30.382461431960376,198.30089450926505,1382.0,496.0,6.658623597419623,91.38093603404536,0.7777485215080271,1.3843513986474505,0.6004416008819488,2.711331002454264,5.0,6.0,15.0,4.280985030530422,1.403098886300984,0.34709221986090133,0.5112344518441416,0.0,0.0,0.0,0.0,0.0,0.0,0.0,0.0,0.0,0.0,1.0,0.0,0.0,0.0,0.0,0.0,0.0,0.0,0.0,0.0,0.0,0.0,0.0,0.0,0.0,0.0,0.0,0.0,0.0,0.0,0.0,0.0,0.0,0.0,0.0,0.0,0.0,0.0,0.0,0.0,0.0,0.0,0.0,0.0,0.0,0.0,0.0,0.0,0.0,0.0,0.0
59.10862027391526,56.6502014929186,101.54577526020697,669.0,418.0,2.207455816767792,86.58221007213592,0.9886108662520044,1.2169182057829298,0.6172248227439564,3.4983716597506174,6.0,6.0,23.0,4.3199655997555135,1.3649894173054398,0.3353433780867971,0.4612101256343113,0.0,0.0,0.0,0.0,0.0,0.0,0.0,0.0,0.0,0.0,0.0,0.0,0.0,0.0,0.0,0.0,0.0,0.0,0.0,0.0,0.0,0.0,0.0,0.0,0.0,0.0,0.0,0.0,0.0,0.0,0.0,0.0,0.0,0.0,0.0,0.0,0.0,0.0,0.0,0.0,0.0,0.0,0.0,0.0,1.0,0.0,0.0,0.0,0.0,0.0,0.0
67.95846330347186,47.94769511765614,105.55974933192,364.0,406.0,5.215383472975559,89.14668235566104,0.879165688247858,1.2834818380930917,0.8782590302232243,2.5008320744354573,4.0,0.0,5.0,4.989925286623584,1.6521030976268545,0.4266387667325298,0.35748995588174604,0.0,0.0,0.0,0.0,0.0,0.0,0.0,0.0,0.0,0.0,0.0,0.0,0.0,0.0,0.0,0.0,0.0,0.0,0.0,0.0,0.0,0.0,0.0,0.0,0.0,0.0,0.0,0.0,0.0,1.0,0.0,0.0,0.0,0.0,0.0,0.0,0.0,0.0,0.0,0.0,0.0,0.0,0.0,0.0,0.0,0.0,0.0,0.0,0.0,0.0,0.0
63.49262687451019,21.489268335113607,156.33944660161083,498.0,141.0,6.121338401708788,83.87424632098809,0.8093897874973893,1.1262849002271358,0.9401376449739672,4.800222872467837,4.0,0.0,9.0,5.236687793744402,1.1710612700771201,0.42183860479085583,0.37320273904484197,0.0,0.0,0.0,0.0,0.0,0.0,0.0,0.0,0.0,0.0,0.0,0.0,0.0,1.0,0.0,0.0,0.0,0.0,0.0,0.0,0.0,0.0,0.0,0.0,0.0,0.0,0.0,0.0,0.0,0.0,0.0,0.0,0.0,0.0,0.0,0.0,0.0,0.0,0.0,0.0,0.0,0.0,0.0,0.0,0.0,0.0,0.0,0.0,0.0,0.0,0.0
71.18911097491753,32.63099846661053,59.4854707030545,926.0,413.0,3.785955829430761,77.0332128867387,0.95004393484687,1.0952267326538516,0.5875449515883773,1.3777117547356166,5.0,3.0,21.0,4.152949083489253,1.2934321414145082,0.3369902571576322,0.3041100669650424,0.0,0.0,0.0,0.0,0.0,0.0,0.0,0.0,0.0,0.0,0.0,0.0,0.0,0.0,0.0,0.0,0.0,0.0,0.0,0.0,0.0,0.0,0.0,0.0,0.0,0.0,0.0,0.0,0.0,0.0,0.0,1.0,0.0,0.0,0.0,0.0,0.0,0.0,0.0,0.0,0.0,0.0,0.0,0.0,0.0,0.0,0.0,0.0,0.0,0.0,0.0
72.9024541961404,25.61598045821548,180.2358403447527,1457.0,348.0,2.017252055891245,82.13287622206118,0.8833235416984424,1.3567138444318845,0.432132418240289,1.3354245307523405,6.0,6.0,22.0,4.101847667021094,1.474246813871985,0.3462976140656862,0.48474008523040374,0.0,0.0,0.0,0.0,0.0,0.0,0.0,0.0,1.0,0.0,0.0,0.0,0.0,0.0,0.0,0.0,0.0,0.0,0.0,0.0,0.0,0.0,0.0,0.0,0.0,0.0,0.0,0.0,0.0,0.0,0.0,0.0,0.0,0.0,0.0,0.0,0.0,0.0,0.0,0.0,0.0,0.0,0.0,0.0,0.0,0.0,0.0,0.0,0.0,0.0,0.0
69.50393586609384,57.33867992102178,116.07364545764788,1175.0,453.0,4.17694746348217,89.96484349037324,0.7985172055602339,1.0489399399570891,0.761748690847534,4.512043846587618,6.0,3.0,17.0,4.38166861687673,1.3970289479921072,0.3559944710739566,0.37961532759852634,0.0,0.0,0.0,0.0,0.0,0.0,1.0,0.0,0.0,0.0,0.0,0.0,0.0,0.0,0.0,0.0,0.0,0.0,0.0,0.0,0.0,0.0,0.0,0.0,0.0,0.0,0.0,0.0,0.0,0.0,0.0,0.0,0.0,0.0,0.0,0.0,0.0,0.0,0.0,0.0,0.0,0.0,0.0,0.0,0.0,0.0,0.0,0.0,0.0,0.0,0.0
76.13949915925066,58.37380800796617,111.19441520255234,301.0,265.0,2.1316802308082066,70.37298978414634,0.778214646529269,1.44441427408338,0.7525598453843367,2.910699470101996,5.0,6.0,2.0,4.664439808994441,1.2764534973607327,0.4102046256446649,0.5004973736271857,0.0,0.0,0.0,0.0,1.0,0.0,0.0,0.0,0.0,0.0,0.0,0.0,0.0,0.0,0.0,0.0,0.0,0.0,0.0,0.0,0.0,0.0,0.0,0.0,0.0,0.0,0.0,0.0,0.0,0.0,0.0,0.0,0.0,0.0,0.0,0.0,0.0,0.0,0.0,0.0,0.0,0.0,0.0,0.0,0.0,0.0,0.0,0.0,0.0,0.0,0.0
72.85416634541407,54.59384959647779,105.09946448442236,692.0,286.0,6.663292684806538,94.79618687746972,0.7658381348244295,1.329000691013312,0.6111763718225214,6.775787710620093,4.0,0.0,16.0,4.2489814836368796,1.3875556643203715,0.33719490930576235,0.6833006542346568,0.0,0.0,1.0,0.0,0.0,0.0,0.0,0.0,0.0,0.0,0.0,0.0,0.0,0.0,0.0,0.0,0.0,0.0,0.0,0.0,0.0,0.0,0.0,0.0,0.0,0.0,0.0,0.0,0.0,0.0,0.0,0.0,0.0,0.0,0.0,0.0,0.0,0.0,0.0,0.0,0.0,0.0,0.0,0.0,0.0,0.0,0.0,0.0,0.0,0.0,0.0
67.26320380095933,22.99315546207832,120.45904356037416,381.0,551.0,5.052095257781401,79.73306301904077,0.7666165734172095,1.4538841622123653,0.7982264609050372,3.2032587885372834,7.0,3.0,17.0,4.4255637186549635,1.4406355230217311,0.38761602794926187,0.5046319655514157,0.0,0.0,0.0,0.0,0.0,0.0,0.0,0.0,0.0,0.0,0.0,0.0,0.0,0.0,0.0,0.0,0.0,0.0,0.0,0.0,0.0,0.0,0.0,0.0,0.0,0.0,1.0,0.0,0.0,0.0,0.0,0.0,0.0,0.0,0.0,0.0,0.0,0.0,0.0,0.0,0.0,0.0,0.0,0.0,0.0,0.0,0.0,0.0,0.0,0.0,0.0
73.51777414314243,25.40698950539416,197.82126435592943,653.0,314.0,6.1004822034381085,70.0985310074487,0.8648036108653494,1.3016841735273064,0.4815264479609386,5.888381534924182,4.0,2.0,9.0,4.262753091295353,1.6359366655557424,0.4016020707218056,0.6685040641427743,0.0,0.0,0.0,0.0,0.0,0.0,0.0,0.0,0.0,0.0,0.0,0.0,0.0,0.0,1.0,0.0,0.0,0.0,0.0,0.0,0.0,0.0,0.0,0.0,0.0,0.0,0.0,0.0,0.0,0.0,0.0,0.0,0.0,0.0,0.0,0.0,0.0,0.0,0.0,0.0,0.0,0.0,0.0,0.0,0.0,0.0,0.0,0.0,0.0,0.0,0.0
56.6379018176842,35.25086335531584,86.44876672184745,947.0,585.0,4.497951679912166,77.77272978996024,0.7133944388670527,1.1743355801355644,0.4164407396536006,6.461225273484473,5.0,5.0,2.0,4.794744360496239,1.5423932553774526,0.4385722054339337,0.6551509297931191,0.0,0.0,0.0,0.0,0.0,0.0,0.0,0.0,0.0,0.0,0.0,0.0,0.0,0.0,0.0,0.0,0.0,0.0,0.0,0.0,0.0,0.0,0.0,0.0,0.0,0.0,0.0,0.0,0.0,1.0,0.0,0.0,0.0,0.0,0.0,0.0,0.0,0.0,0.0,0.0,0.0,0.0,0.0,0.0,0.0,0.0,0.0,0.0,0.0,0.0,0.0
73.16640628547357,37.69765353971795,80.80403349041995,552.0,100.0,3.869044361353808,78.73393940052968,0.9993790840500004,1.2829274437452325,0.7652248122008616,7.982077632036209,5.0,1.0,2.0,4.347652769286438,1.3207017334861384,0.34813433355487006,0.6691767333557611,0.0,0.0,0.0,0.0,0.0,0.0,0.0,0.0,0.0,0.0,0.0,0.0,0.0,0.0,0.0,0.0,0.0,0.0,0.0,0.0,0.0,0.0,0.0,0.0,0.0,0.0,0.0,0.0,0.0,0.0,0.0,0.0,0.0,0.0,0.0,0.0,0.0,1.0,0.0,0.0,0.0,0.0,0.0,0.0,0.0,0.0,0.0,0.0,0.0,0.0,0.0
78.70638304520206,24.38181550709527,180.5194788482004,538.0,320.0,6.044269527967006,79.73848436117808,0.8207594708265892,1.4465076523957088,0.7633138819994386,6.997760090246579,7.0,2.0,13.0,4.834879745635473,1.6008295115922166,0.43296216247604596,0.7024385693602432,0.0,0.0,0.0,0.0,0.0,0.0,0.0,0.0,0.0,0.0,0.0,0.0,0.0,0.0,0.0,0.0,0.0,0.0,0.0,0.0,0.0,0.0,0.0,0.0,0.0,0.0,0.0,0.0,0.0,0.0,0.0,0.0,0.0,0.0,0.0,1.0,0.0,0.0,0.0,0.0,0.0,0.0,0.0,0.0,0.0,0.0,0.0,0.0,0.0,0.0,0.0
79.4901926522262,23.54488667813172,95.35932294340918,851.0,384.0,2.990347743485959,88.13393681343344,0.9482341219069056,1.382191353039289,0.8165241740799127,2.054320139687503,4.0,2.0,17.0,5.018835321966765,1.2111675058678186,0.38216371463959103,0.40515930565545427,0.0,0.0,0.0,0.0,0.0,0.0,0.0,0.0,0.0,0.0,0.0,0.0,0.0,0.0,0.0,0.0,0.0,0.0,0.0,0.0,0.0,0.0,0.0,0.0,0.0,0.0,0.0,0.0,0.0,0.0,0.0,0.0,0.0,0.0,0.0,0.0,0.0,1.0,0.0,0.0,0.0,0.0,0.0,0.0,0.0,0.0,0.0,0.0,0.0,0.0,0.0
74.6185104407914,22.21221659182055,58.40261440610856,798.0,538.0,4.399046970688803,93.02981987191905,0.705254614838006,1.180419079351361,0.4965640638320732,2.72616987303366,4.0,6.0,5.0,4.528450828569041,1.1775563917535758,0.35095805090373255,0.44458121515044274,0.0,0.0,0.0,0.0,0.0,0.0,0.0,0.0,0.0,0.0,0.0,0.0,0.0,0.0,0.0,0.0,0.0,0.0,1.0,0.0,0.0,0.0,0.0,0.0,0.0,0.0,0.0,0.0,0.0,0.0,0.0,0.0,0.0,0.0,0.0,0.0,0.0,0.0,0.0,0.0,0.0,0.0,0.0,0.0,0.0,0.0,0.0,0.0,0.0,0.0,0.0
70.2547545423386,42.327299773903945,70.80275397113684,512.0,347.0,2.632253720044815,79.53206802021245,0.9821729884218664,1.3920535863100552,0.7104798188445716,9.580917523606246,6.0,6.0,2.0,4.515609046302162,1.3059008751869945,0.3614026925090536,0.8220591025376003,0.0,0.0,0.0,0.0,0.0,0.0,0.0,0.0,0.0,0.0,0.0,0.0,0.0,0.0,0.0,0.0,0.0,0.0,0.0,0.0,0.0,0.0,0.0,0.0,0.0,0.0,0.0,0.0,0.0,0.0,0.0,0.0,0.0,0.0,0.0,0.0,0.0,0.0,0.0,0.0,0.0,0.0,0.0,0.0,0.0,1.0,0.0,0.0,0.0,0.0,0.0
67.46094343195983,26.46690390114515,57.08003205007921,1333.0,490.0,5.873511017304022,81.23997695204004,0.8309050710190922,1.037485235076872,0.8871265904683214,5.860083029125849,6.0,1.0,0.0,4.324350455993294,1.2792222644918736,0.3539896417295825,0.3994792666833694,0.0,0.0,0.0,0.0,0.0,0.0,0.0,0.0,0.0,0.0,0.0,0.0,0.0,0.0,0.0,0.0,0.0,0.0,0.0,1.0,0.0,0.0,0.0,0.0,0.0,0.0,0.0,0.0,0.0,0.0,0.0,0.0,0.0,0.0,0.0,0.0,0.0,0.0,0.0,0.0,0.0,0.0,0.0,0.0,0.0,0.0,0.0,0.0,0.0,0.0,0.0
75.16021069952104,37.36720806292028,98.54363413333758,792.0,102.0,4.005334577019081,91.13357475827846,0.875625579165161,1.380028446890912,0.4554171910949046,5.745400851919987,5.0,2.0,0.0,4.278114248590914,1.3447839466517562,0.3319826586331999,0.709276026237615,0.0,0.0,0.0,0.0,0.0,0.0,1.0,0.0,0.0,0.0,0.0,0.0,0.0,0.0,0.0,0.0,0.0,0.0,0.0,0.0,0.0,0.0,0.0,0.0,0.0,0.0,0.0,0.0,0.0,0.0,0.0,0.0,0.0,0.0,0.0,0.0,0.0,0.0,0.0,0.0,0.0,0.0,0.0,0.0,0.0,0.0,0.0,0.0,0.0,0.0,0.0
66.57392960307321,36.41516238415331,52.71312207272293,1477.0,134.0,4.332064731985554,71.9270405851492,0.7632270992885465,1.268204271745339,0.6582408412032407,2.341592842834591,4.0,4.0,2.0,4.5735637656887,1.20316762248613,0.3937216970342214,0.415312821047485,0.0,0.0,0.0,0.0,0.0,0.0,0.0,0.0,0.0,0.0,0.0,0.0,0.0,0.0,0.0,0.0,0.0,0.0,0.0,0.0,0.0,0.0,0.0,0.0,0.0,0.0,0.0,0.0,0.0,0.0,0.0,0.0,0.0,0.0,0.0,0.0,0.0,0.0,0.0,0.0,0.0,0.0,0.0,0.0,1.0,0.0,0.0,0.0,0.0,0.0,0.0
72.04708436663005,24.807395021644144,54.94691918917962,766.0,273.0,3.157323888632769,90.09313867456704,0.8921132291213414,1.3107043048830898,0.9367101842711296,5.904921522536501,6.0,1.0,8.0,4.534068279851789,1.638514896285312,0.3826435642265105,0.5219178578265157,0.0,0.0,0.0,0.0,0.0,0.0,0.0,0.0,0.0,0.0,0.0,0.0,0.0,0.0,0.0,0.0,0.0,0.0,0.0,0.0,0.0,0.0,0.0,0.0,0.0,0.0,0.0,0.0,0.0,0.0,0.0,0.0,0.0,0.0,1.0,0.0,0.0,0.0,0.0,0.0,0.0,0.0,0.0,0.0,0.0,0.0,0.0,0.0,0.0,0.0,0.0
66.13561581254747,39.90793825200859,161.38347701944042,1347.0,592.0,6.884611243625787,81.36078411248488,0.8326024122558557,1.053511931474112,0.4978195120309461,7.583300785548589,4.0,1.0,1.0,5.236687793744402,0.9591835124026638,0.4301570140530679,0.6236565779801037,0.0,0.0,0.0,0.0,0.0,0.0,0.0,0.0,0.0,0.0,0.0,0.0,0.0,0.0,0.0,0.0,0.0,0.0,0.0,0.0,0.0,0.0,0.0,1.0,0.0,0.0,0.0,0.0,0.0,0.0,0.0,0.0,0.0,0.0,0.0,0.0,0.0,0.0,0.0,0.0,0.0,0.0,0.0,0.0,0.0,0.0,0.0,0.0,0.0,0.0,0.0
69.7846410388081,32.68107489183965,111.81489846688036,1026.0,523.0,6.451857654581183,71.93214094039068,0.7950991401473024,1.4088736105504145,0.8023973875623839,9.941310514526926,6.0,5.0,1.0,4.354140331418847,1.3706364503214643,0.38749585532152675,0.8178289013968704,0.0,0.0,0.0,0.0,0.0,0.0,0.0,0.0,0.0,0.0,0.0,0.0,1.0,0.0,0.0,0.0,0.0,0.0,0.0,0.0,0.0,0.0,0.0,0.0,0.0,0.0,0.0,0.0,0.0,0.0,0.0,0.0,0.0,0.0,0.0,0.0,0.0,0.0,0.0,0.0,0.0,0.0,0.0,0.0,0.0,0.0,0.0,0.0,0.0,0.0,0.0
75.53016887816344,23.826246415170136,111.42433960045008,924.0,392.0,4.185826789346409,85.34265472062545,0.9228754792540788,1.1251934323721853,0.5216771655210684,4.0410869029733,5.0,3.0,0.0,5.0949394940549135,1.6067909114491752,0.43465137315005975,0.47434656420852084,0.0,0.0,0.0,0.0,0.0,0.0,0.0,0.0,0.0,0.0,0.0,0.0,0.0,0.0,0.0,0.0,0.0,0.0,0.0,0.0,0.0,0.0,0.0,0.0,0.0,0.0,0.0,0.0,0.0,0.0,0.0,0.0,0.0,0.0,0.0,1.0,0.0,0.0,0.0,0.0,0.0,0.0,0.0,0.0,0.0,0.0,0.0,0.0,0.0,0.0,0.0
63.321902515981336,41.35020366870121,94.82725635456694,797.0,461.0,2.801478373590691,78.29752381948252,0.7296970063303845,0.9041508561064484,0.8048750914809863,8.414785684238712,6.0,0.0,21.0,4.242380676486799,1.149329133132424,0.35048898340833384,0.48801567093363174,0.0,0.0,0.0,0.0,0.0,0.0,0.0,0.0,0.0,0.0,0.0,0.0,0.0,0.0,0.0,0.0,0.0,0.0,1.0,0.0,0.0,0.0,0.0,0.0,0.0,0.0,0.0,0.0,0.0,0.0,0.0,0.0,0.0,0.0,0.0,0.0,0.0,0.0,0.0,0.0,0.0,0.0,0.0,0.0,0.0,0.0,0.0,0.0,0.0,0.0,0.0
69.62862932559047,47.759361813800325,144.9974770820791,791.0,184.0,6.2475770919429605,74.4316240580956,0.877727505402883,1.0338749093890407,0.4255516200037797,2.7853697008832814,6.0,0.0,0.0,4.363649211852794,1.3790352547083264,0.3758601052599743,0.3979004526018881,1.0,0.0,0.0,0.0,0.0,0.0,0.0,0.0,0.0,0.0,0.0,0.0,0.0,0.0,0.0,0.0,0.0,0.0,0.0,0.0,0.0,0.0,0.0,0.0,0.0,0.0,0.0,0.0,0.0,0.0,0.0,0.0,0.0,0.0,0.0,0.0,0.0,0.0,0.0,0.0,0.0,0.0,0.0,0.0,0.0,0.0,0.0,0.0,0.0,0.0,0.0
74.09594143961783,28.81433440085438,100.04014458856416,1244.0,402.0,5.430840098336372,77.71815282352206,0.9583468211676952,0.9159379490988896,0.8715057021609333,5.383567424915011,5.0,1.0,20.0,4.381787272485051,1.2562980021640084,0.3510785454642121,0.32001830856765956,0.0,0.0,0.0,0.0,0.0,0.0,0.0,0.0,0.0,0.0,0.0,0.0,0.0,0.0,0.0,0.0,0.0,0.0,0.0,0.0,0.0,0.0,0.0,0.0,0.0,0.0,0.0,0.0,0.0,0.0,0.0,0.0,0.0,0.0,0.0,0.0,0.0,0.0,0.0,0.0,0.0,0.0,0.0,0.0,0.0,1.0,0.0,0.0,0.0,0.0,0.0
67.05419643232086,33.59853178361173,123.36769994918416,1065.0,247.0,5.391856198307018,85.12424174530942,0.7059307574745206,1.1120066529814054,0.7720092109647412,4.713726476885213,6.0,4.0,12.0,4.261533194891907,1.3257865005773066,0.35771986159193225,0.41784578698329006,0.0,0.0,0.0,0.0,0.0,0.0,0.0,0.0,0.0,0.0,0.0,0.0,0.0,0.0,0.0,0.0,0.0,0.0,0.0,0.0,0.0,0.0,0.0,0.0,0.0,0.0,0.0,0.0,0.0,0.0,0.0,0.0,0.0,0.0,0.0,0.0,0.0,0.0,0.0,0.0,1.0,0.0,0.0,0.0,0.0,0.0,0.0,0.0,0.0,0.0,0.0
70.52622173824886,58.53714059197424,138.2844140325586,663.0,127.0,2.36550426326455,82.0568128039998,0.8120322081166526,0.9958449543140876,0.9002249404013672,3.5071228956634624,4.0,5.0,15.0,5.219254550521251,1.5232034963082999,0.45510134243462275,0.2565438461036183,0.0,0.0,0.0,0.0,0.0,0.0,0.0,0.0,0.0,0.0,0.0,0.0,0.0,0.0,0.0,0.0,0.0,0.0,0.0,0.0,0.0,0.0,0.0,0.0,0.0,0.0,0.0,0.0,0.0,0.0,0.0,0.0,0.0,1.0,0.0,0.0,0.0,0.0,0.0,0.0,0.0,0.0,0.0,0.0,0.0,0.0,0.0,0.0,0.0,0.0,0.0
78.02967553941893,32.3890784198807,53.03787566987874,884.0,491.0,5.537706918342146,89.46961878420137,0.9065940218458362,1.352377382268242,0.7480276724599236,8.15922444085857,5.0,4.0,17.0,4.932677785034301,1.3345405788996547,0.3879682343492338,0.7185390372726688,0.0,0.0,0.0,0.0,0.0,0.0,0.0,0.0,0.0,0.0,0.0,0.0,0.0,0.0,0.0,0.0,0.0,0.0,0.0,0.0,0.0,0.0,0.0,0.0,0.0,0.0,0.0,0.0,0.0,0.0,0.0,0.0,0.0,0.0,0.0,0.0,0.0,0.0,0.0,0.0,0.0,0.0,0.0,1.0,0.0,0.0,0.0,0.0,0.0,0.0,0.0
60.86421681513302,20.417240144774457,189.9645666605608,554.0,154.0,5.709765576121589,72.18430195360372,0.8822088437394368,0.9403473607067212,0.6279994597134426,3.3073086491153783,7.0,4.0,12.0,4.536804404828076,1.5351170314314846,0.4098166596392023,0.3096321365865961,0.0,0.0,0.0,0.0,0.0,0.0,0.0,0.0,0.0,1.0,0.0,0.0,0.0,0.0,0.0,0.0,0.0,0.0,0.0,0.0,0.0,0.0,0.0,0.0,0.0,0.0,0.0,0.0,0.0,0.0,0.0,0.0,0.0,0.0,0.0,0.0,0.0,0.0,0.0,0.0,0.0,0.0,0.0,0.0,0.0,0.0,0.0,0.0,0.0,0.0,0.0
78.46439029818804,35.185617871997216,164.70528212449716,493.0,379.0,2.615290891096264,73.84954006280798,0.7936197746845017,1.2019127949102748,0.6719177340928689,3.116174195011311,6.0,1.0,0.0,4.752305853729949,1.277351420429809,0.409412294683385,0.4163229238166314,0.0,0.0,0.0,0.0,0.0,0.0,0.0,0.0,0.0,0.0,0.0,0.0,0.0,0.0,0.0,0.0,0.0,0.0,0.0,0.0,0.0,0.0,0.0,0.0,0.0,0.0,0.0,0.0,0.0,0.0,0.0,0.0,1.0,0.0,0.0,0.0,0.0,0.0,0.0,0.0,0.0,0.0,0.0,0.0,0.0,0.0,0.0,0.0,0.0,0.0,0.0
74.2931710678864,38.86583259529529,195.66803250956087,634.0,410.0,4.650605782997619,90.96848721256713,0.8321365158043925,1.2928738914823346,0.7562952803739249,6.871030239187409,4.0,2.0,7.0,4.598913116094889,1.2243169035967238,0.3529642273770105,0.6215476584559199,0.0,0.0,0.0,0.0,0.0,0.0,0.0,0.0,0.0,0.0,0.0,1.0,0.0,0.0,0.0,0.0,0.0,0.0,0.0,0.0,0.0,0.0,0.0,0.0,0.0,0.0,0.0,0.0,0.0,0.0,0.0,0.0,0.0,0.0,0.0,0.0,0.0,0.0,0.0,0.0,0.0,0.0,0.0,0.0,0.0,0.0,0.0,0.0,0.0,0.0,0.0
67.84743308270625,56.99509541560022,128.71062181679793,435.0,295.0,5.829265714611232,71.86053385482323,0.8860027114952864,1.111090874325474,0.907457541282387,2.345836133222472,5.0,4.0,4.0,4.455891699607113,1.6431535988381238,0.41338697406662517,0.2537086333703374,0.0,0.0,0.0,0.0,0.0,0.0,0.0,0.0,0.0,0.0,0.0,0.0,0.0,0.0,1.0,0.0,0.0,0.0,0.0,0.0,0.0,0.0,0.0,0.0,0.0,0.0,0.0,0.0,0.0,0.0,0.0,0.0,0.0,0.0,0.0,0.0,0.0,0.0,0.0,0.0,0.0,0.0,0.0,0.0,0.0,0.0,0.0,0.0,0.0,0.0,0.0
75.31796804967044,59.94685538259822,170.32912374355328,523.0,404.0,5.182620719686039,80.37683830749059,0.9728665896645836,1.0156933365982037,0.5037005101993463,2.103632801116428,5.0,6.0,11.0,4.641711846686004,1.4644072788955906,0.38670719451506735,0.3286081233297676,0.0,0.0,0.0,0.0,0.0,0.0,0.0,0.0,0.0,0.0,0.0,0.0,0.0,0.0,0.0,0.0,0.0,0.0,0.0,0.0,0.0,0.0,0.0,0.0,0.0,0.0,0.0,0.0,0.0,0.0,0.0,0.0,0.0,0.0,0.0,0.0,0.0,0.0,0.0,0.0,0.0,0.0,0.0,0.0,0.0,0.0,1.0,0.0,0.0,0.0,0.0
58.24729917506127,49.67229803996965,165.12654613417655,891.0,289.0,2.5241097914830246,84.04961329292551,0.8825004754579278,1.3174457264883304,0.6878362426141913,4.403642152832584,4.0,2.0,1.0,4.437996866634821,1.5922401599807117,0.3829469682223627,0.5332477690800559,0.0,0.0,0.0,0.0,0.0,0.0,0.0,0.0,0.0,0.0,0.0,0.0,0.0,0.0,0.0,0.0,0.0,0.0,0.0,0.0,0.0,0.0,0.0,0.0,0.0,0.0,0.0,0.0,0.0,0.0,0.0,0.0,0.0,0.0,0.0,0.0,0.0,0.0,0.0,0.0,0.0,1.0,0.0,0.0,0.0,0.0,0.0,0.0,0.0,0.0,0.0
70.26024909315161,40.80618930785601,127.11299896097388,864.0,560.0,4.976275205113944,86.59247465450261,0.8572189632777567,1.2007709808518834,0.4409878202197969,7.2852643543651165,5.0,3.0,2.0,4.2924949308029445,1.3680522103039623,0.346373521139068,0.7014167002903114,0.0,0.0,0.0,0.0,0.0,1.0,0.0,0.0,0.0,0.0,0.0,0.0,0.0,0.0,0.0,0.0,0.0,0.0,0.0,0.0,0.0,0.0,0.0,0.0,0.0,0.0,0.0,0.0,0.0,0.0,0.0,0.0,0.0,0.0,0.0,0.0,0.0,0.0,0.0,0.0,0.0,0.0,0.0,0.0,0.0,0.0,0.0,0.0,0.0,0.0,0.0
62.41346104255224,49.50599453620797,82.34986285584773,302.0,581.0,5.090228241075069,72.02016630491654,0.7413324288960648,1.0697517882039638,0.489024479285235,0.7349240734994067,6.0,6.0,5.0,4.339469090825745,1.3245368938548299,0.3870234184050474,0.2920836866642001,0.0,0.0,0.0,0.0,0.0,0.0,0.0,0.0,0.0,0.0,0.0,0.0,0.0,0.0,0.0,0.0,0.0,0.0,0.0,0.0,0.0,0.0,0.0,0.0,0.0,0.0,0.0,0.0,0.0,0.0,0.0,0.0,0.0,0.0,0.0,0.0,0.0,0.0,0.0,0.0,0.0,0.0,0.0,0.0,0.0,0.0,0.0,0.0,0.0,0.0,1.0
68.93054350259246,20.68956357285544,107.182928466762,322.0,324.0,3.1067063279346785,90.67758631523,0.9009927844583636,1.2451624917518926,0.9796617958868582,4.532862136316842,4.0,6.0,2.0,5.038704063529153,1.8473826609583988,0.44614055753339665,0.40613180060364434,0.0,0.0,0.0,0.0,0.0,0.0,0.0,0.0,0.0,0.0,0.0,0.0,0.0,0.0,0.0,0.0,0.0,0.0,0.0,0.0,0.0,0.0,0.0,0.0,0.0,0.0,0.0,0.0,0.0,0.0,0.0,0.0,0.0,0.0,1.0,0.0,0.0,0.0,0.0,0.0,0.0,0.0,0.0,0.0,0.0,0.0,0.0,0.0,0.0,0.0,0.0
56.6379018176842,58.75732267550976,103.388903650558,1100.0,230.0,2.942199961210119,85.88286256577983,0.7632276824333912,1.2555742666891143,0.8132003761500985,2.54236426635722,6.0,2.0,13.0,4.382270195585028,1.3961131976542824,0.36765209194603904,0.3673151238254068,0.0,0.0,0.0,0.0,0.0,0.0,1.0,0.0,0.0,0.0,0.0,0.0,0.0,0.0,0.0,0.0,0.0,0.0,0.0,0.0,0.0,0.0,0.0,0.0,0.0,0.0,0.0,0.0,0.0,0.0,0.0,0.0,0.0,0.0,0.0,0.0,0.0,0.0,0.0,0.0,0.0,0.0,0.0,0.0,0.0,0.0,0.0,0.0,0.0,0.0,0.0
72.8316985596733,24.6458738595236,86.5006093581458,793.0,480.0,6.053297080278568,74.06927333902053,0.8591272426146837,1.467727656559315,0.6320298578496321,5.855600030554663,5.0,5.0,12.0,4.592071112069779,1.4626317708238064,0.4062242622198326,0.6997339241955528,0.0,0.0,0.0,0.0,0.0,0.0,0.0,0.0,0.0,0.0,0.0,0.0,0.0,0.0,0.0,0.0,0.0,0.0,0.0,0.0,0.0,0.0,0.0,0.0,0.0,0.0,0.0,0.0,0.0,0.0,0.0,0.0,0.0,0.0,0.0,0.0,0.0,0.0,0.0,0.0,0.0,0.0,0.0,0.0,0.0,0.0,1.0,0.0,0.0,0.0,0.0
72.68807347662566,30.50040730134533,159.4063709697196,1156.0,303.0,3.64751900873924,82.35787244453813,0.961137045598883,0.9970066648628216,0.5065404541599502,3.420729867262855,5.0,2.0,16.0,4.376691909487577,1.5522093575999372,0.3693313138062322,0.38420432805283156,0.0,0.0,1.0,0.0,0.0,0.0,0.0,0.0,0.0,0.0,0.0,0.0,0.0,0.0,0.0,0.0,0.0,0.0,0.0,0.0,0.0,0.0,0.0,0.0,0.0,0.0,0.0,0.0,0.0,0.0,0.0,0.0,0.0,0.0,0.0,0.0,0.0,0.0,0.0,0.0,0.0,0.0,0.0,0.0,0.0,0.0,0.0,0.0,0.0,0.0,0.0
71.4933999829705,41.08051107711146,143.97933942038776,962.0,583.0,3.2345589697964905,87.84050481986758,0.7245266238099453,1.0950179033629208,0.5239110946974023,7.587726443027013,6.0,2.0,3.0,4.540597006499766,1.6871809405115648,0.4091198611410622,0.6359428773483544,0.0,0.0,0.0,0.0,0.0,0.0,0.0,0.0,0.0,0.0,0.0,0.0,0.0,0.0,0.0,0.0,0.0,0.0,0.0,0.0,0.0,0.0,0.0,0.0,0.0,0.0,0.0,0.0,0.0,0.0,0.0,0.0,0.0,0.0,0.0,0.0,0.0,0.0,0.0,1.0,0.0,0.0,0.0,0.0,0.0,0.0,0.0,0.0,0.0,0.0,0.0
74.30292466868909,20.56253155704543,184.13720542222427,739.0,158.0,6.404577243866367,94.52374950313492,0.8143938608310047,1.2784293348108955,0.6423218842499364,5.719430722513192,6.0,0.0,18.0,4.464182489721399,1.501471987688804,0.3624126129535787,0.5947429573632432,0.0,0.0,0.0,0.0,0.0,0.0,0.0,0.0,0.0,0.0,0.0,0.0,0.0,0.0,0.0,0.0,1.0,0.0,0.0,0.0,0.0,0.0,0.0,0.0,0.0,0.0,0.0,0.0,0.0,0.0,0.0,0.0,0.0,0.0,0.0,0.0,0.0,0.0,0.0,0.0,0.0,0.0,0.0,0.0,0.0,0.0,0.0,0.0,0.0,0.0,0.0
78.87920770218284,58.77935392940136,85.45624361245719,520.0,229.0,6.261877791189582,81.5241527136935,0.7710428370685083,1.054533663944426,0.6142102273434958,3.400276841375718,4.0,0.0,16.0,4.794309112541722,0.9793198124799845,0.3715059885753022,0.37603571797762786,0.0,0.0,0.0,0.0,0.0,0.0,0.0,0.0,0.0,0.0,0.0,0.0,0.0,0.0,0.0,1.0,0.0,0.0,0.0,0.0,0.0,0.0,0.0,0.0,0.0,0.0,0.0,0.0,0.0,0.0,0.0,0.0,0.0,0.0,0.0,0.0,0.0,0.0,0.0,0.0,0.0,0.0,0.0,0.0,0.0,0.0,0.0,0.0,0.0,0.0,0.0
78.6270424440654,57.590377166200106,63.3931546024272,845.0,322.0,6.412122005413746,79.98090645846338,0.7502765365629043,1.36256094217546,0.5907080720233735,0.9084047546411756,4.0,6.0,17.0,4.786754326796418,1.673047117136902,0.4422496232462618,0.4133736256728133,0.0,0.0,0.0,0.0,0.0,0.0,0.0,0.0,0.0,0.0,0.0,0.0,0.0,0.0,0.0,0.0,0.0,0.0,0.0,0.0,0.0,0.0,0.0,0.0,0.0,0.0,0.0,0.0,0.0,1.0,0.0,0.0,0.0,0.0,0.0,0.0,0.0,0.0,0.0,0.0,0.0,0.0,0.0,0.0,0.0,0.0,0.0,0.0,0.0,0.0,0.0
71.37630156761752,52.091695170380326,109.3003938553228,315.0,182.0,2.7069777565927104,76.59796723345036,0.837516358350961,1.0483678946196524,0.6184665104703994,1.872094468915648,4.0,2.0,20.0,4.420267414356352,1.342269910236787,0.37694550195931237,0.2950714725913901,0.0,0.0,0.0,0.0,0.0,0.0,0.0,0.0,0.0,0.0,0.0,0.0,0.0,0.0,0.0,0.0,0.0,0.0,0.0,0.0,0.0,0.0,0.0,0.0,0.0,0.0,0.0,0.0,0.0,0.0,0.0,0.0,0.0,0.0,0.0,0.0,0.0,0.0,0.0,0.0,0.0,0.0,0.0,0.0,0.0,0.0,0.0,0.0,1.0,0.0,0.0
75.56572466593884,23.31742158219086,64.15970855249101,1053.0,425.0,2.7612756216782386,78.42739278499333,0.9520790244077818,1.368484961845713,0.5704925949979613,4.822896799021974,4.0,0.0,19.0,4.865630968673965,1.5602230403331254,0.42124066742683863,0.618934931739067,0.0,0.0,0.0,0.0,0.0,0.0,0.0,0.0,0.0,0.0,0.0,0.0,0.0,0.0,0.0,0.0,0.0,0.0,0.0,0.0,0.0,0.0,1.0,0.0,0.0,0.0,0.0,0.0,0.0,0.0,0.0,0.0,0.0,0.0,0.0,0.0,0.0,0.0,0.0,0.0,0.0,0.0,0.0,0.0,0.0,0.0,0.0,0.0,0.0,0.0,0.0
63.14710433191447,39.2739773226677,73.06904511864877,1421.0,209.0,6.958754516215168,70.44350511416027,0.752298003765451,1.1273504184432142,0.8923063644397168,7.001978933433871,6.0,0.0,14.0,4.65128087287526,1.5450324889164542,0.4371579770092088,0.49985859523752724,0.0,0.0,0.0,0.0,0.0,0.0,0.0,0.0,0.0,0.0,0.0,0.0,0.0,0.0,0.0,0.0,0.0,0.0,0.0,0.0,0.0,0.0,0.0,0.0,0.0,0.0,0.0,0.0,0.0,0.0,0.0,0.0,0.0,0.0,0.0,0.0,0.0,0.0,0.0,0.0,0.0,0.0,1.0,0.0,0.0,0.0,0.0,0.0,0.0,0.0,0.0
73.35275646057494,55.06315997171258,185.58003537031223,466.0,328.0,2.955675410567292,91.02362960536624,0.942453999868829,0.9100569762839216,0.7653250659964382,3.1514629753533727,4.0,5.0,16.0,4.658706894491045,1.5866966376861593,0.3816037446886667,0.24083905092282137,0.0,0.0,0.0,0.0,0.0,0.0,0.0,0.0,0.0,0.0,0.0,0.0,0.0,0.0,0.0,0.0,0.0,0.0,0.0,0.0,0.0,0.0,0.0,0.0,0.0,0.0,0.0,0.0,0.0,0.0,0.0,0.0,0.0,0.0,0.0,0.0,0.0,0.0,0.0,0.0,0.0,0.0,0.0,0.0,0.0,0.0,1.0,0.0,0.0,0.0,0.0
67.34827105651051,35.023019617217834,151.7063768925408,847.0,422.0,3.953578342833425,74.7980132849076,0.9490383269694496,1.1873968214252786,0.7510006489000538,3.538896078167284,6.0,0.0,4.0,4.392362918617033,1.3515293271993978,0.3678587319075534,0.4038114871212952,0.0,0.0,0.0,0.0,0.0,0.0,1.0,0.0,0.0,0.0,0.0,0.0,0.0,0.0,0.0,0.0,0.0,0.0,0.0,0.0,0.0,0.0,0.0,0.0,0.0,0.0,0.0,0.0,0.0,0.0,0.0,0.0,0.0,0.0,0.0,0.0,0.0,0.0,0.0,0.0,0.0,0.0,0.0,0.0,0.0,0.0,0.0,0.0,0.0,0.0,0.0
68.76254492201289,52.21757029160051,192.73512291374416,1106.0,590.0,4.201293772958132,72.36125210780497,0.8245224988402149,1.4164563598918385,0.6993325436118565,3.364180817659159,4.0,6.0,16.0,4.399489158743833,1.2817232613592118,0.3791365805860612,0.526958899287669,0.0,0.0,0.0,0.0,0.0,0.0,0.0,0.0,0.0,0.0,0.0,0.0,0.0,0.0,0.0,0.0,0.0,0.0,0.0,0.0,0.0,0.0,0.0,0.0,0.0,0.0,0.0,0.0,0.0,0.0,0.0,1.0,0.0,0.0,0.0,0.0,0.0,0.0,0.0,0.0,0.0,0.0,0.0,0.0,0.0,0.0,0.0,0.0,0.0,0.0,0.0
68.12136205945447,23.02648877792592,178.60216619726015,688.0,298.0,3.045920153058278,90.29265806496738,0.9541556300736144,1.4557252106680063,0.869892583071154,1.7151805882209925,3.0,3.0,0.0,4.42816945166844,0.9591835124026638,0.26514412203819004,0.40718196205093005,0.0,0.0,0.0,1.0,0.0,0.0,0.0,0.0,0.0,0.0,0.0,0.0,0.0,0.0,0.0,0.0,0.0,0.0,0.0,0.0,0.0,0.0,0.0,0.0,0.0,0.0,0.0,0.0,0.0,0.0,0.0,0.0,0.0,0.0,0.0,0.0,0.0,0.0,0.0,0.0,0.0,0.0,0.0,0.0,0.0,0.0,0.0,0.0,0.0,0.0,0.0
71.30156761681559,31.284415364012045,142.76920095409332,677.0,273.0,2.628940795928954,83.47244192423851,0.8515372992092711,1.494144412191048,0.7173392954491227,6.282014381416335,7.0,5.0,16.0,4.660415334075682,1.3330235643899704,0.381725810470932,0.7058156291011829,0.0,0.0,0.0,0.0,0.0,0.0,0.0,0.0,0.0,0.0,0.0,0.0,0.0,0.0,0.0,0.0,0.0,0.0,0.0,0.0,0.0,0.0,0.0,0.0,0.0,0.0,0.0,0.0,0.0,0.0,0.0,0.0,1.0,0.0,0.0,0.0,0.0,0.0,0.0,0.0,0.0,0.0,0.0,0.0,0.0,0.0,0.0,0.0,0.0,0.0,0.0
66.64773568143254,52.31735412597007,83.05015490630446,623.0,493.0,3.462145690137641,74.25938263831074,0.8182525703017347,1.1145222011466769,0.4108794563457401,0.303486996935518,3.0,2.0,12.0,4.42816945166844,0.9591835124026638,0.26514412203819004,0.31898825596835717,0.0,0.0,0.0,0.0,0.0,0.0,0.0,0.0,0.0,0.0,1.0,0.0,0.0,0.0,0.0,0.0,0.0,0.0,0.0,0.0,0.0,0.0,0.0,0.0,0.0,0.0,0.0,0.0,0.0,0.0,0.0,0.0,0.0,0.0,0.0,0.0,0.0,0.0,0.0,0.0,0.0,0.0,0.0,0.0,0.0,0.0,0.0,0.0,0.0,0.0,0.0
63.7632886619802,50.01779351515564,81.49774388737451,510.0,525.0,4.71739308767846,89.06638348693922,0.9595458965218344,1.1180882345244705,0.9241213725578268,4.551610376537782,5.0,0.0,19.0,4.5582293003949905,1.4765805978346331,0.3645868275337357,0.362007627988966,0.0,0.0,0.0,0.0,0.0,0.0,0.0,0.0,0.0,0.0,0.0,0.0,0.0,0.0,0.0,0.0,0.0,0.0,0.0,0.0,0.0,0.0,0.0,0.0,0.0,0.0,0.0,0.0,0.0,0.0,0.0,0.0,0.0,0.0,0.0,0.0,0.0,0.0,0.0,0.0,0.0,0.0,0.0,0.0,0.0,0.0,0.0,1.0,0.0,0.0,0.0
65.48680299565699,32.426200260470765,151.227093643937,993.0,556.0,6.634361401704382,94.4880532172372,0.8376310464192722,0.9264919558751626,0.4195128555337164,1.0022341397692136,5.0,5.0,16.0,4.402887251766976,1.523021013618114,0.35690513422090875,0.2569579103753984,0.0,0.0,0.0,0.0,0.0,0.0,0.0,0.0,0.0,0.0,1.0,0.0,0.0,0.0,0.0,0.0,0.0,0.0,0.0,0.0,0.0,0.0,0.0,0.0,0.0,0.0,0.0,0.0,0.0,0.0,0.0,0.0,0.0,0.0,0.0,0.0,0.0,0.0,0.0,0.0,0.0,0.0,0.0,0.0,0.0,0.0,0.0,0.0,0.0,0.0,0.0
72.81966214751955,21.578607453129127,173.28264520868197,997.0,331.0,2.83055307329717,76.4908809022749,0.8344867946588502,1.3190408570919925,0.4217247381755036,7.438202402015412,6.0,6.0,3.0,5.078148629535703,1.4473610867572735,0.4445165361218746,0.7746915158590937,0.0,0.0,0.0,0.0,0.0,0.0,0.0,0.0,0.0,0.0,0.0,0.0,0.0,1.0,0.0,0.0,0.0,0.0,0.0,0.0,0.0,0.0,0.0,0.0,0.0,0.0,0.0,0.0,0.0,0.0,0.0,0.0,0.0,0.0,0.0,0.0,0.0,0.0,0.0,0.0,0.0,0.0,0.0,0.0,0.0,0.0,0.0,0.0,0.0,0.0,0.0
59.75937609648254,35.06823735955369,68.26063054982572,653.0,166.0,2.50959394894225,87.75805797607906,0.8026895010847515,1.4895648846499223,0.8106331802905159,3.7984316367037687,6.0,4.0,15.0,4.325117215711098,1.545332585334356,0.3692490239812429,0.5481265263352904,0.0,0.0,0.0,0.0,0.0,0.0,0.0,0.0,0.0,0.0,0.0,0.0,0.0,0.0,1.0,0.0,0.0,0.0,0.0,0.0,0.0,0.0,0.0,0.0,0.0,0.0,0.0,0.0,0.0,0.0,0.0,0.0,0.0,0.0,0.0,0.0,0.0,0.0,0.0,0.0,0.0,0.0,0.0,0.0,0.0,0.0,0.0,0.0,0.0,0.0,0.0
63.37123572873908,32.86962684970126,102.4283803491012,760.0,101.0,4.91308180850141,70.38885689886746,0.9783143350055146,1.4504983959853486,0.9432665627963278,2.6474734936140454,6.0,6.0,18.0,4.641584108679816,1.5119666091659094,0.41066815425101433,0.42671994007499214,0.0,0.0,0.0,0.0,0.0,0.0,0.0,0.0,0.0,0.0,0.0,0.0,0.0,0.0,0.0,0.0,0.0,0.0,0.0,0.0,0.0,0.0,0.0,0.0,0.0,0.0,0.0,0.0,0.0,0.0,0.0,0.0,0.0,0.0,0.0,0.0,0.0,0.0,0.0,0.0,0.0,0.0,0.0,0.0,0.0,0.0,1.0,0.0,0.0,0.0,0.0
70.81292071686258,40.52616191255916,139.56493288736328,747.0,198.0,2.123116142386346,89.03469496742039,0.8545587069563276,1.044835345802131,0.4562973350143682,3.293793292724975,6.0,0.0,14.0,4.200941397396962,1.2949548812749674,0.32684080667010845,0.41856133037160226,0.0,0.0,0.0,0.0,0.0,0.0,0.0,0.0,0.0,0.0,0.0,0.0,0.0,0.0,0.0,0.0,0.0,0.0,0.0,0.0,0.0,0.0,0.0,0.0,0.0,0.0,0.0,0.0,0.0,0.0,0.0,0.0,0.0,0.0,0.0,0.0,0.0,0.0,0.0,0.0,0.0,0.0,0.0,0.0,0.0,0.0,0.0,0.0,1.0,0.0,0.0
72.45382511571304,25.609340461929666,103.94897320623916,456.0,533.0,3.347285367453145,87.51372304827693,0.9877485568570502,1.4068453224598865,0.8738626439160794,8.428629698357227,4.0,2.0,5.0,3.678582896934127,0.9591835124026638,0.26514412203819004,0.7172784433735734,0.0,0.0,0.0,0.0,0.0,0.0,0.0,0.0,0.0,0.0,0.0,0.0,0.0,0.0,0.0,0.0,0.0,0.0,0.0,0.0,0.0,0.0,0.0,0.0,0.0,0.0,0.0,0.0,1.0,0.0,0.0,0.0,0.0,0.0,0.0,0.0,0.0,0.0,0.0,0.0,0.0,0.0,0.0,0.0,0.0,0.0,0.0,0.0,0.0,0.0,0.0
66.15237561903793,28.547818332007022,145.86542320193774,1073.0,266.0,2.212041749255439,74.41081918634727,0.909219725172657,0.945200386885,0.4578369603782949,3.9817443787819338,4.0,0.0,3.0,5.236687793744402,1.100444744916108,0.4396398426851895,0.4026000009674562,0.0,0.0,0.0,0.0,0.0,0.0,0.0,0.0,0.0,0.0,0.0,0.0,0.0,1.0,0.0,0.0,0.0,0.0,0.0,0.0,0.0,0.0,0.0,0.0,0.0,0.0,0.0,0.0,0.0,0.0,0.0,0.0,0.0,0.0,0.0,0.0,0.0,0.0,0.0,0.0,0.0,0.0,0.0,0.0,0.0,0.0,0.0,0.0,0.0,0.0,0.0
73.27727241393319,51.81356898887931,113.65246675482987,494.0,563.0,5.636370254992271,75.92504733375345,0.7375602830114566,1.0006879696585915,0.6660550940556067,0.8542217534486873,6.0,3.0,1.0,4.287483244392451,1.3804761990429901,0.3804260800455903,0.20439809919791113,0.0,0.0,0.0,0.0,0.0,0.0,0.0,0.0,0.0,0.0,0.0,0.0,0.0,0.0,0.0,0.0,0.0,0.0,0.0,0.0,0.0,0.0,0.0,0.0,0.0,0.0,0.0,0.0,0.0,0.0,0.0,0.0,0.0,0.0,0.0,0.0,0.0,0.0,0.0,0.0,0.0,0.0,0.0,0.0,1.0,0.0,0.0,0.0,0.0,0.0,0.0
73.40603563151186,26.959671264600388,135.64261660068934,490.0,202.0,2.635740090789405,93.11666704812008,0.7337678138773877,1.4753002643799489,0.4427183032434952,6.649134764901393,4.0,0.0,18.0,4.044934712603483,1.576244827360851,0.34409133785299273,0.8064131083768665,0.0,0.0,0.0,0.0,0.0,0.0,0.0,0.0,0.0,0.0,0.0,0.0,0.0,0.0,0.0,0.0,0.0,0.0,0.0,0.0,0.0,0.0,0.0,0.0,0.0,1.0,0.0,0.0,0.0,0.0,0.0,0.0,0.0,0.0,0.0,0.0,0.0,0.0,0.0,0.0,0.0,0.0,0.0,0.0,0.0,0.0,0.0,0.0,0.0,0.0,0.0
71.27919118017068,24.81995572683693,52.2406943781059,330.0,508.0,5.150438683535794,71.42096377655128,0.8274354758417564,0.9047675036615452,0.6229626634660677,1.1255942671772212,6.0,0.0,7.0,4.3184473071109135,1.3285407640552922,0.378171791953131,0.18435069055472447,0.0,0.0,0.0,0.0,0.0,0.0,0.0,0.0,0.0,0.0,0.0,0.0,0.0,0.0,0.0,0.0,0.0,0.0,0.0,0.0,0.0,0.0,0.0,0.0,0.0,0.0,0.0,0.0,0.0,0.0,0.0,0.0,0.0,0.0,0.0,0.0,0.0,0.0,0.0,0.0,0.0,0.0,0.0,0.0,0.0,0.0,0.0,0.0,1.0,0.0,0.0
67.44720496270071,55.043544640914426,69.78596533733148,358.0,153.0,5.122538188626127,81.71421287328944,0.9277486583616236,1.4377210751259433,0.9289523893286252,7.450992418039605,7.0,2.0,1.0,3.9966848698496644,1.36172624320021,0.3228345536744584,0.6654311989210396,0.0,0.0,0.0,0.0,0.0,0.0,0.0,0.0,0.0,0.0,0.0,0.0,0.0,0.0,0.0,0.0,0.0,0.0,0.0,0.0,0.0,0.0,0.0,0.0,0.0,0.0,0.0,0.0,0.0,0.0,0.0,1.0,0.0,0.0,0.0,0.0,0.0,0.0,0.0,0.0,0.0,0.0,0.0,0.0,0.0,0.0,0.0,0.0,0.0,0.0,0.0
73.1649740821764,48.30794560687257,160.01299859776665,1275.0,533.0,2.206350215769276,87.50794711223801,0.8532920037812752,1.274330619278364,0.9606761477241188,2.3215808726929064,5.0,1.0,22.0,4.557987049129458,1.2748424104336333,0.3590466486941217,0.3164329069752692,0.0,0.0,0.0,0.0,0.0,0.0,0.0,0.0,0.0,0.0,0.0,0.0,0.0,0.0,0.0,0.0,0.0,0.0,0.0,0.0,0.0,0.0,0.0,0.0,0.0,0.0,0.0,1.0,0.0,0.0,0.0,0.0,0.0,0.0,0.0,0.0,0.0,0.0,0.0,0.0,0.0,0.0,0.0,0.0,0.0,0.0,0.0,0.0,0.0,0.0,0.0
72.62934507269571,24.89348341891888,89.97777884374594,1138.0,188.0,3.945254720764573,82.81559775946812,0.8300196051994019,1.066666755931674,0.5807199480624979,5.8556697937171,7.0,5.0,9.0,4.432613920516797,1.420703928368005,0.3738186949022477,0.5161341024830024,0.0,0.0,0.0,0.0,0.0,0.0,0.0,0.0,0.0,0.0,0.0,0.0,0.0,0.0,0.0,0.0,0.0,0.0,0.0,0.0,1.0,0.0,0.0,0.0,0.0,0.0,0.0,0.0,0.0,0.0,0.0,0.0,0.0,0.0,0.0,0.0,0.0,0.0,0.0,0.0,0.0,0.0,0.0,0.0,0.0,0.0,0.0,0.0,0.0,0.0,0.0
69.21032227188535,48.30500247163381,198.9837043367744,1014.0,196.0,5.405335309354515,78.37861864557527,0.7513581316985597,1.3704969572856545,0.4219548827817232,0.522167570078409,6.0,1.0,2.0,4.6903163726857855,1.4743974699598181,0.4180209828523163,0.45434677747129676,0.0,0.0,0.0,0.0,0.0,0.0,0.0,0.0,0.0,0.0,0.0,0.0,0.0,0.0,0.0,0.0,0.0,0.0,0.0,0.0,0.0,0.0,0.0,0.0,0.0,0.0,0.0,0.0,0.0,0.0,0.0,0.0,0.0,0.0,0.0,0.0,0.0,0.0,0.0,0.0,0.0,0.0,0.0,0.0,0.0,0.0,0.0,1.0,0.0,0.0,0.0
75.0708275550772,35.26248995521334,50.46009979412487,500.0,546.0,2.994477767369499,74.83803484517559,0.9317754586891706,1.19587185664833,0.8006563761237946,9.755498803234683,5.0,5.0,1.0,4.363411680540895,1.4258441686228454,0.3740910959453257,0.7025070837614277,0.0,0.0,0.0,0.0,0.0,0.0,0.0,0.0,0.0,0.0,0.0,0.0,0.0,0.0,0.0,0.0,0.0,0.0,0.0,0.0,0.0,0.0,0.0,1.0,0.0,0.0,0.0,0.0,0.0,0.0,0.0,0.0,0.0,0.0,0.0,0.0,0.0,0.0,0.0,0.0,0.0,0.0,0.0,0.0,0.0,0.0,0.0,0.0,0.0,0.0,0.0
73.7117786565164,46.18221770777881,65.38188293052313,1341.0,169.0,5.3131719755630655,82.01388349677661,0.7097091951853763,1.479892718543308,0.5425490480846497,1.2564142979702977,5.0,3.0,11.0,4.366252823112884,1.4871199941204933,0.3880427318762516,0.5055833983878186,0.0,0.0,0.0,0.0,0.0,0.0,0.0,0.0,0.0,0.0,0.0,0.0,0.0,0.0,0.0,0.0,0.0,0.0,0.0,0.0,0.0,0.0,0.0,1.0,0.0,0.0,0.0,0.0,0.0,0.0,0.0,0.0,0.0,0.0,0.0,0.0,0.0,0.0,0.0,0.0,0.0,0.0,0.0,0.0,0.0,0.0,0.0,0.0,0.0,0.0,0.0
72.90277385086748,25.812091910590546,185.79016377523595,434.0,390.0,3.122288054960936,70.1237765377079,0.7554814195710311,1.370797876484202,0.7158737857631563,6.458833870835928,6.0,4.0,6.0,4.502013616846179,1.4921902544642234,0.4194965172395076,0.6534169761598856,0.0,0.0,0.0,0.0,0.0,0.0,0.0,0.0,0.0,0.0,0.0,0.0,0.0,0.0,0.0,0.0,0.0,0.0,0.0,0.0,0.0,0.0,0.0,0.0,0.0,0.0,0.0,0.0,0.0,0.0,0.0,0.0,0.0,0.0,0.0,0.0,0.0,0.0,0.0,0.0,0.0,0.0,0.0,0.0,0.0,0.0,0.0,1.0,0.0,0.0,0.0
72.88608401111846,51.370273909237696,143.1001807316591,706.0,529.0,4.263507863286874,94.8257762777978,0.8791233146468067,1.0603407531294606,0.6679829789892064,7.012856108432382,5.0,1.0,12.0,5.0613602620701705,1.4517892035376632,0.4023507923995406,0.5417379601470176,0.0,0.0,0.0,0.0,0.0,0.0,0.0,0.0,0.0,0.0,0.0,0.0,0.0,1.0,0.0,0.0,0.0,0.0,0.0,0.0,0.0,0.0,0.0,0.0,0.0,0.0,0.0,0.0,0.0,0.0,0.0,0.0,0.0,0.0,0.0,0.0,0.0,0.0,0.0,0.0,0.0,0.0,0.0,0.0,0.0,0.0,0.0,0.0,0.0,0.0,0.0
76.22233110289608,26.980518172578183,143.26375680264067,1212.0,505.0,3.703615172390796,72.31643259799736,0.900979384633873,1.494370443714682,0.6898554518465794,2.898085853516724,6.0,6.0,22.0,4.668657303946288,1.5394541790084777,0.4195174362566391,0.5457981977739854,0.0,0.0,0.0,0.0,0.0,0.0,0.0,0.0,0.0,0.0,1.0,0.0,0.0,0.0,0.0,0.0,0.0,0.0,0.0,0.0,0.0,0.0,0.0,0.0,0.0,0.0,0.0,0.0,0.0,0.0,0.0,0.0,0.0,0.0,0.0,0.0,0.0,0.0,0.0,0.0,0.0,0.0,0.0,0.0,0.0,0.0,0.0,0.0,0.0,0.0,0.0
64.4374583372875,21.014084231646866,161.39720849552833,1232.0,538.0,6.807963609060902,84.36682243875285,0.8500872111479976,1.1468815839846784,0.8950631584922779,0.7710996642040446,6.0,0.0,8.0,4.25164237849509,1.5312070609142174,0.3635748230725647,0.19697178649324373,0.0,0.0,0.0,0.0,0.0,0.0,0.0,0.0,0.0,0.0,0.0,0.0,0.0,0.0,0.0,0.0,0.0,0.0,0.0,0.0,0.0,0.0,0.0,0.0,0.0,1.0,0.0,0.0,0.0,0.0,0.0,0.0,0.0,0.0,0.0,0.0,0.0,0.0,0.0,0.0,0.0,0.0,0.0,0.0,0.0,0.0,0.0,0.0,0.0,0.0,0.0
75.60550282161603,35.11766425002577,74.3414443228635,666.0,578.0,5.283049267105663,73.76883212772847,0.8216038050849312,1.4799595887685424,0.7742546446251113,9.203045853838288,7.0,4.0,15.0,4.121711429580629,1.2661557115300144,0.35105130923303,0.825863731018956,0.0,0.0,0.0,0.0,0.0,0.0,0.0,0.0,0.0,0.0,0.0,0.0,0.0,0.0,0.0,0.0,0.0,0.0,1.0,0.0,0.0,0.0,0.0,0.0,0.0,0.0,0.0,0.0,0.0,0.0,0.0,0.0,0.0,0.0,0.0,0.0,0.0,0.0,0.0,0.0,0.0,0.0,0.0,0.0,0.0,0.0,0.0,0.0,0.0,0.0,0.0
72.96396345221086,43.29186624080805,64.63680557778356,635.0,510.0,2.661221669815441,90.52339368590587,0.8534759911508633,1.4406321161541058,0.6565264415297871,6.646479616884684,5.0,2.0,6.0,4.661030020721719,1.4406639245910222,0.37776053939431165,0.7175655226198021,0.0,0.0,0.0,0.0,0.0,0.0,0.0,0.0,0.0,0.0,0.0,0.0,0.0,0.0,0.0,0.0,0.0,0.0,0.0,0.0,0.0,0.0,0.0,0.0,0.0,0.0,0.0,0.0,0.0,0.0,0.0,0.0,0.0,0.0,0.0,0.0,0.0,0.0,0.0,0.0,0.0,0.0,0.0,0.0,0.0,0.0,1.0,0.0,0.0,0.0,0.0
65.77676112803724,48.221924873915455,109.21650510971108,559.0,132.0,3.5641216572332715,80.24941552882831,0.8861532785724253,1.4237900258351532,0.9026637095248669,5.070633003572355,6.0,4.0,8.0,4.403872257727615,1.5899676271963348,0.3870074499540246,0.5481396377099639,0.0,0.0,0.0,0.0,0.0,0.0,0.0,0.0,0.0,0.0,0.0,0.0,0.0,0.0,0.0,0.0,0.0,0.0,0.0,0.0,0.0,0.0,0.0,0.0,0.0,0.0,0.0,0.0,0.0,0.0,0.0,0.0,0.0,0.0,1.0,0.0,0.0,0.0,0.0,0.0,0.0,0.0,0.0,0.0,0.0,0.0,0.0,0.0,0.0,0.0,0.0
66.07038427710721,59.41091947579381,103.95755719199876,631.0,424.0,5.035321470914994,81.2352389410276,0.7860408619972062,1.181655322210311,0.5406232390128751,8.028180793726884,6.0,1.0,12.0,4.221595373326227,1.3183504282136347,0.3533153773215877,0.6957631612506001,0.0,0.0,0.0,0.0,0.0,0.0,0.0,0.0,0.0,0.0,0.0,0.0,0.0,0.0,0.0,0.0,0.0,0.0,0.0,0.0,0.0,0.0,0.0,0.0,0.0,0.0,0.0,0.0,0.0,0.0,0.0,0.0,0.0,0.0,0.0,0.0,0.0,0.0,0.0,0.0,0.0,0.0,0.0,0.0,0.0,0.0,0.0,0.0,1.0,0.0,0.0
73.93718298574817,34.51317203064067,64.54816238548501,1078.0,402.0,5.830636551027635,76.33902337159493,0.8361522863356717,1.2188251324113195,0.7964704855041714,9.536978749486234,5.0,5.0,13.0,4.853498895710724,1.383106868376093,0.4190479680072845,0.7044592903943795,0.0,0.0,0.0,0.0,0.0,0.0,0.0,0.0,0.0,0.0,0.0,0.0,0.0,0.0,0.0,0.0,0.0,0.0,0.0,0.0,0.0,0.0,0.0,0.0,0.0,0.0,0.0,0.0,0.0,0.0,0.0,0.0,0.0,0.0,0.0,0.0,0.0,0.0,0.0,0.0,0.0,0.0,0.0,1.0,0.0,0.0,0.0,0.0,0.0,0.0,0.0
68.41150343748627,42.266961811682506,180.7110666390928,697.0,345.0,5.8325555366260575,76.14418725293878,0.9384655679461816,1.3635225146706302,0.6525427451593108,1.2829179988930783,6.0,1.0,7.0,4.732500572901708,1.5492316750853703,0.4145802809593576,0.4119536743497946,0.0,0.0,0.0,0.0,0.0,0.0,0.0,0.0,0.0,0.0,0.0,0.0,0.0,0.0,0.0,0.0,0.0,0.0,0.0,0.0,0.0,0.0,0.0,0.0,0.0,0.0,0.0,0.0,0.0,0.0,0.0,0.0,0.0,0.0,0.0,0.0,0.0,0.0,0.0,0.0,0.0,0.0,1.0,0.0,0.0,0.0,0.0,0.0,0.0,0.0,0.0
72.63825136036701,46.0264418948038,98.16064950120622,418.0,587.0,4.501161152383768,70.04510996713465,0.779837006949143,1.107072346315607,0.8803216705904451,8.05480268658296,4.0,0.0,23.0,3.7875991420312762,1.1447408666876655,0.3221247796017407,0.5463843204014912,0.0,0.0,0.0,0.0,0.0,0.0,0.0,1.0,0.0,0.0,0.0,0.0,0.0,0.0,0.0,0.0,0.0,0.0,0.0,0.0,0.0,0.0,0.0,0.0,0.0,0.0,0.0,0.0,0.0,0.0,0.0,0.0,0.0,0.0,0.0,0.0,0.0,0.0,0.0,0.0,0.0,0.0,0.0,0.0,0.0,0.0,0.0,0.0,0.0,0.0,0.0
64.83099739483673,36.793410889132566,171.37605870107254,338.0,148.0,3.369047635445068,89.90278726074592,0.918111091784926,1.1356716426474207,0.8166016673508208,5.331133450947708,5.0,2.0,18.0,4.472921957166109,1.483680193494992,0.36034156912227855,0.4456961936108742,0.0,0.0,0.0,0.0,0.0,0.0,0.0,0.0,0.0,0.0,0.0,0.0,0.0,0.0,0.0,0.0,0.0,0.0,0.0,0.0,1.0,0.0,0.0,0.0,0.0,0.0,0.0,0.0,0.0,0.0,0.0,0.0,0.0,0.0,0.0,0.0,0.0,0.0,0.0,0.0,0.0,0.0,0.0,0.0,0.0,0.0,0.0,0.0,0.0,0.0,0.0
62.44473232741193,45.50725438109301,51.35821493638648,1254.0,591.0,2.983140309588012,89.21517029512488,0.8481112424118024,0.9062735140875016,0.9548230332530202,2.7581347955937865,4.0,6.0,18.0,3.9544533332975056,1.5347431138374334,0.32865528335927574,0.15601714044784465,0.0,0.0,0.0,0.0,0.0,1.0,0.0,0.0,0.0,0.0,0.0,0.0,0.0,0.0,0.0,0.0,0.0,0.0,0.0,0.0,0.0,0.0,0.0,0.0,0.0,0.0,0.0,0.0,0.0,0.0,0.0,0.0,0.0,0.0,0.0,0.0,0.0,0.0,0.0,0.0,0.0,0.0,0.0,0.0,0.0,0.0,0.0,0.0,0.0,0.0,0.0
76.29313376911865,41.96378537786399,153.68524453575947,1224.0,286.0,2.7422101051360936,82.72178271839027,0.8824944659579623,1.105044602817289,0.9422818354661872,7.092340453281572,6.0,3.0,21.0,4.347875315104277,1.474426862331011,0.3665436780650425,0.4765350927686924,0.0,0.0,1.0,0.0,0.0,0.0,0.0,0.0,0.0,0.0,0.0,0.0,0.0,0.0,0.0,0.0,0.0,0.0,0.0,0.0,0.0,0.0,0.0,0.0,0.0,0.0,0.0,0.0,0.0,0.0,0.0,0.0,0.0,0.0,0.0,0.0,0.0,0.0,0.0,0.0,0.0,0.0,0.0,0.0,0.0,0.0,0.0,0.0,0.0,0.0,0.0
63.71076323590775,50.89293011662714,143.71565177804067,1048.0,227.0,6.668809109575304,94.35410679765852,0.7766337040824823,1.0545540377925002,0.4928958057649882,3.888468987629942,5.0,0.0,20.0,4.076073353506544,1.5125687308226632,0.333949096266448,0.4409625713085835,0.0,0.0,0.0,0.0,0.0,0.0,0.0,0.0,0.0,0.0,0.0,0.0,0.0,0.0,0.0,0.0,0.0,0.0,0.0,0.0,0.0,0.0,0.0,0.0,0.0,0.0,0.0,0.0,0.0,0.0,0.0,0.0,0.0,0.0,0.0,0.0,0.0,0.0,0.0,1.0,0.0,0.0,0.0,0.0,0.0,0.0,0.0,0.0,0.0,0.0,0.0
61.39237586467178,59.13690525318477,62.629903287182486,605.0,344.0,3.7577326138285,76.00837577270615,0.7665897031379549,1.3744446377924724,0.5821261185361412,0.3416732507405839,7.0,6.0,8.0,4.769192746282044,1.3305498299032217,0.414340503619216,0.39383121028095436,0.0,1.0,0.0,0.0,0.0,0.0,0.0,0.0,0.0,0.0,0.0,0.0,0.0,0.0,0.0,0.0,0.0,0.0,0.0,0.0,0.0,0.0,0.0,0.0,0.0,0.0,0.0,0.0,0.0,0.0,0.0,0.0,0.0,0.0,0.0,0.0,0.0,0.0,0.0,0.0,0.0,0.0,0.0,0.0,0.0,0.0,0.0,0.0,0.0,0.0,0.0
79.47619275044448,56.47511656391426,165.93859887388876,956.0,200.0,6.358284123782143,81.64027682894022,0.7674761963987868,1.404353721597908,0.8261527666618849,9.038961121300131,6.0,4.0,10.0,4.245406389309872,1.3956177673001124,0.36380281054677643,0.762491662790155,0.0,0.0,0.0,0.0,0.0,0.0,0.0,0.0,0.0,0.0,0.0,0.0,0.0,0.0,0.0,0.0,0.0,0.0,0.0,0.0,0.0,0.0,0.0,0.0,0.0,0.0,0.0,0.0,0.0,0.0,1.0,0.0,0.0,0.0,0.0,0.0,0.0,0.0,0.0,0.0,0.0,0.0,0.0,0.0,0.0,0.0,0.0,0.0,0.0,0.0,0.0
65.95093940826446,38.00968872177129,139.59725755788173,532.0,122.0,2.0044268486324945,73.42406326387996,0.9392128144570208,0.9822075312695,0.4110726171902744,9.598724270753303,5.0,5.0,5.0,4.454934285023495,1.5180050264257208,0.39290705912855156,0.7177580631682171,0.0,0.0,0.0,0.0,0.0,0.0,0.0,0.0,0.0,0.0,1.0,0.0,0.0,0.0,0.0,0.0,0.0,0.0,0.0,0.0,0.0,0.0,0.0,0.0,0.0,0.0,0.0,0.0,0.0,0.0,0.0,0.0,0.0,0.0,0.0,0.0,0.0,0.0,0.0,0.0,0.0,0.0,0.0,0.0,0.0,0.0,0.0,0.0,0.0,0.0,0.0
69.22332067280661,30.60079581205347,76.56231541618095,1375.0,304.0,2.108649362565332,78.98319957837354,0.8893423016431294,1.2500054779347909,0.9080104053687662,5.233088532035013,7.0,2.0,8.0,4.648110474005776,1.4458511876931888,0.39662979647142316,0.4675045955509313,0.0,0.0,0.0,0.0,0.0,0.0,0.0,0.0,0.0,0.0,0.0,0.0,0.0,0.0,0.0,0.0,0.0,0.0,0.0,0.0,0.0,0.0,0.0,0.0,0.0,0.0,0.0,0.0,0.0,0.0,0.0,0.0,0.0,0.0,0.0,0.0,0.0,0.0,0.0,0.0,0.0,1.0,0.0,0.0,0.0,0.0,0.0,0.0,0.0,0.0,0.0
60.92181212605677,46.63338817876826,142.2779896361574,1383.0,385.0,4.809749430851641,78.31904901562842,0.7316633976021999,1.1189616985920514,0.9501975566837356,6.969938835082411,4.0,6.0,2.0,4.055568786205026,1.2869167414425993,0.3471943919100389,0.47473450972067593,0.0,0.0,0.0,0.0,0.0,0.0,0.0,0.0,0.0,0.0,0.0,0.0,1.0,0.0,0.0,0.0,0.0,0.0,0.0,0.0,0.0,0.0,0.0,0.0,0.0,0.0,0.0,0.0,0.0,0.0,0.0,0.0,0.0,0.0,0.0,0.0,0.0,0.0,0.0,0.0,0.0,0.0,0.0,0.0,0.0,0.0,0.0,0.0,0.0,0.0,0.0
70.86295375162764,32.038248051388706,95.26861051497812,1494.0,332.0,6.658450544131484,87.39218766583015,0.9102584315961127,0.9541857237069664,0.9849743419711852,6.6752348221738975,6.0,5.0,22.0,4.57942379049602,1.253446923742004,0.3533967100393828,0.36591273297541815,0.0,0.0,0.0,0.0,0.0,0.0,0.0,0.0,0.0,0.0,0.0,0.0,0.0,0.0,0.0,0.0,0.0,0.0,0.0,0.0,0.0,1.0,0.0,0.0,0.0,0.0,0.0,0.0,0.0,0.0,0.0,0.0,0.0,0.0,0.0,0.0,0.0,0.0,0.0,0.0,0.0,0.0,0.0,0.0,0.0,0.0,0.0,0.0,0.0,0.0,0.0
69.13067140712363,43.94993491004288,119.97860732084936,746.0,535.0,2.3988130980954345,80.57951532741679,0.9043405881077716,1.4325689512792683,0.5389156465926104,3.769697864451649,5.0,5.0,13.0,4.9258791086946365,1.3418381130695713,0.40608127764579516,0.6088548243131571,0.0,0.0,0.0,0.0,0.0,0.0,0.0,0.0,0.0,0.0,0.0,0.0,0.0,0.0,0.0,0.0,0.0,0.0,0.0,0.0,0.0,0.0,0.0,0.0,0.0,0.0,0.0,0.0,0.0,0.0,0.0,0.0,0.0,0.0,0.0,0.0,0.0,0.0,0.0,0.0,0.0,0.0,0.0,1.0,0.0,0.0,0.0,0.0,0.0,0.0,0.0
72.31870714068846,34.99873794769692,199.4639215990173,1224.0,556.0,3.729429817951165,78.19883843011554,0.9468228965848036,1.1163080207157554,0.8002951728010337,2.946388231692767,5.0,4.0,5.0,4.4000713642718186,1.4702519972551191,0.37328206911440226,0.3221344354647698,0.0,0.0,0.0,0.0,0.0,0.0,0.0,0.0,0.0,0.0,0.0,0.0,0.0,0.0,0.0,0.0,0.0,0.0,0.0,0.0,0.0,0.0,0.0,1.0,0.0,0.0,0.0,0.0,0.0,0.0,0.0,0.0,0.0,0.0,0.0,0.0,0.0,0.0,0.0,0.0,0.0,0.0,0.0,0.0,0.0,0.0,0.0,0.0,0.0,0.0,0.0
74.50069428234922,23.05747155394264,143.99451834546636,723.0,302.0,5.341949481103101,91.52830092816232,0.8382581520444052,1.4039265833710142,0.7828128851676031,7.5236581671805,7.0,3.0,9.0,4.498137128033776,1.3390386878910892,0.35345129253344043,0.7009302951503301,0.0,0.0,0.0,0.0,0.0,0.0,0.0,0.0,0.0,0.0,0.0,0.0,0.0,0.0,0.0,0.0,0.0,0.0,0.0,0.0,0.0,1.0,0.0,0.0,0.0,0.0,0.0,0.0,0.0,0.0,0.0,0.0,0.0,0.0,0.0,0.0,0.0,0.0,0.0,0.0,0.0,0.0,0.0,0.0,0.0,0.0,0.0,0.0,0.0,0.0,0.0
66.12416969189844,43.85174890363638,153.07625305055774,645.0,261.0,3.6367487675086094,88.39176495482532,0.8011929454724641,1.1817309686323942,0.8539305357831561,7.491478114891656,3.0,3.0,17.0,4.42816945166844,0.9591835124026638,0.26514412203819004,0.5643751646592684,0.0,0.0,0.0,0.0,0.0,0.0,0.0,0.0,0.0,0.0,0.0,0.0,0.0,0.0,0.0,0.0,0.0,0.0,0.0,0.0,0.0,0.0,0.0,0.0,0.0,0.0,0.0,0.0,1.0,0.0,0.0,0.0,0.0,0.0,0.0,0.0,0.0,0.0,0.0,0.0,0.0,0.0,0.0,0.0,0.0,0.0,0.0,0.0,0.0,0.0,0.0
69.96540712380992,26.84730453870147,58.37103270368792,1346.0,482.0,3.842818516930302,80.40895537800527,0.8059603154079804,1.0135654992605738,0.8708876727698034,7.696495344033228,6.0,5.0,7.0,4.458513504134127,1.3448861302553925,0.3760437959963507,0.48480662609494546,0.0,0.0,0.0,0.0,0.0,0.0,0.0,0.0,0.0,0.0,0.0,0.0,0.0,0.0,0.0,0.0,0.0,0.0,0.0,0.0,0.0,0.0,0.0,0.0,0.0,0.0,0.0,0.0,0.0,0.0,0.0,0.0,0.0,0.0,0.0,0.0,0.0,0.0,0.0,0.0,0.0,0.0,0.0,0.0,0.0,0.0,0.0,0.0,0.0,0.0,1.0
79.92517660714991,56.69288625791427,152.91337930648712,1029.0,219.0,5.621623505513835,92.51298351573276,0.8602432315037212,0.92952624329802,0.6792211440875432,4.78851428568457,4.0,4.0,21.0,4.502684319037452,1.193261077389105,0.3357590627278608,0.36122711613504455,0.0,0.0,0.0,0.0,0.0,0.0,0.0,0.0,0.0,0.0,0.0,0.0,0.0,0.0,0.0,0.0,0.0,0.0,0.0,0.0,0.0,0.0,0.0,0.0,0.0,0.0,0.0,0.0,0.0,0.0,0.0,1.0,0.0,0.0,0.0,0.0,0.0,0.0,0.0,0.0,0.0,0.0,0.0,0.0,0.0,0.0,0.0,0.0,0.0,0.0,0.0
67.90388264929159,22.69172395405556,142.08702725961135,1183.0,169.0,2.534751241208537,93.71463389070742,0.8339354131829885,0.9900285969871392,0.7032087447325758,4.282924404916929,6.0,3.0,7.0,4.621849554593311,1.477254584346562,0.373429838474943,0.35820629299759077,0.0,0.0,0.0,0.0,0.0,0.0,0.0,0.0,0.0,0.0,0.0,0.0,0.0,0.0,0.0,0.0,0.0,0.0,0.0,0.0,0.0,0.0,0.0,0.0,0.0,0.0,0.0,0.0,0.0,0.0,0.0,0.0,0.0,0.0,0.0,0.0,0.0,0.0,0.0,0.0,0.0,0.0,0.0,0.0,0.0,0.0,1.0,0.0,0.0,0.0,0.0
69.4464407985222,45.79002442151945,163.7994098756214,831.0,136.0,3.8821642474618456,87.31156159677352,0.8158855835425927,1.3534875957178212,0.5022279937550337,2.1852968610703405,5.0,3.0,22.0,4.246705187743151,1.3740975735398744,0.345677179256139,0.5022499347237694,0.0,0.0,0.0,0.0,0.0,0.0,0.0,0.0,0.0,0.0,0.0,0.0,0.0,0.0,0.0,0.0,0.0,0.0,0.0,0.0,0.0,0.0,0.0,0.0,0.0,0.0,0.0,0.0,0.0,0.0,1.0,0.0,0.0,0.0,0.0,0.0,0.0,0.0,0.0,0.0,0.0,0.0,0.0,0.0,0.0,0.0,0.0,0.0,0.0,0.0,0.0
71.66638432374499,42.07347582684507,170.9563022965474,982.0,173.0,2.5404112632769555,78.54116207124586,0.8971061052997469,1.2497789638061672,0.6653425268544346,6.655730964075232,4.0,4.0,8.0,4.577541681930875,1.2673301647535702,0.3735764034268296,0.6195646529296943,0.0,0.0,0.0,0.0,0.0,0.0,0.0,0.0,0.0,0.0,0.0,1.0,0.0,0.0,0.0,0.0,0.0,0.0,0.0,0.0,0.0,0.0,0.0,0.0,0.0,0.0,0.0,0.0,0.0,0.0,0.0,0.0,0.0,0.0,0.0,0.0,0.0,0.0,0.0,0.0,0.0,0.0,0.0,0.0,0.0,0.0,0.0,0.0,0.0,0.0,0.0
69.80058232377455,26.36879039422253,104.1658790661619,1489.0,128.0,3.390779584084944,76.0848746338787,0.8505065975737942,1.338856182643834,0.5193753528067427,9.914871473800698,5.0,2.0,11.0,4.249082867526313,1.1378213571862992,0.34231548396479383,0.875927951493731,0.0,0.0,0.0,0.0,0.0,0.0,0.0,0.0,0.0,0.0,0.0,0.0,0.0,0.0,0.0,0.0,0.0,0.0,0.0,0.0,0.0,0.0,0.0,0.0,0.0,0.0,0.0,0.0,0.0,0.0,0.0,0.0,0.0,0.0,0.0,0.0,0.0,0.0,0.0,0.0,0.0,0.0,0.0,0.0,0.0,0.0,0.0,0.0,0.0,0.0,1.0
68.75163314340797,54.82513520434616,105.74151766759675,655.0,551.0,5.69987024263487,81.83219189615087,0.7304573184679688,1.3854894021541804,0.9539100144834546,1.8566918057783743,6.0,0.0,20.0,4.358491863645497,1.5456906488437394,0.39125081844232384,0.3510665168008355,0.0,0.0,0.0,0.0,0.0,0.0,0.0,0.0,0.0,0.0,0.0,0.0,0.0,0.0,0.0,0.0,0.0,0.0,0.0,0.0,0.0,0.0,0.0,0.0,0.0,1.0,0.0,0.0,0.0,0.0,0.0,0.0,0.0,0.0,0.0,0.0,0.0,0.0,0.0,0.0,0.0,0.0,0.0,0.0,0.0,0.0,0.0,0.0,0.0,0.0,0.0
65.84225680616963,33.19372639667211,51.45909873117457,787.0,165.0,6.1674798459174935,90.91914036596928,0.7169377574101202,1.4016034499544745,0.4374827568053038,8.410269940733187,4.0,3.0,0.0,4.642952079315866,1.1787695080617417,0.36405100612352764,0.8593883786709462,0.0,0.0,0.0,0.0,0.0,0.0,0.0,0.0,0.0,0.0,0.0,0.0,0.0,0.0,0.0,0.0,0.0,1.0,0.0,0.0,0.0,0.0,0.0,0.0,0.0,0.0,0.0,0.0,0.0,0.0,0.0,0.0,0.0,0.0,0.0,0.0,0.0,0.0,0.0,0.0,0.0,0.0,0.0,0.0,0.0,0.0,0.0,0.0,0.0,0.0,0.0
67.2869003235411,28.97055107770232,176.83245125886498,717.0,464.0,6.602131930861644,91.95080532192117,0.7061214595488063,1.4671357937622769,0.5516215049813544,8.90525133842519,6.0,1.0,0.0,4.557565706639317,1.4563700053828958,0.38217325687402,0.8788553328075153,0.0,0.0,0.0,0.0,0.0,0.0,0.0,0.0,0.0,0.0,0.0,0.0,0.0,0.0,0.0,0.0,0.0,0.0,0.0,0.0,0.0,0.0,0.0,0.0,0.0,0.0,0.0,0.0,0.0,0.0,0.0,0.0,0.0,0.0,0.0,0.0,0.0,0.0,0.0,0.0,0.0,1.0,0.0,0.0,0.0,0.0,0.0,0.0,0.0,0.0,0.0
75.74611887556993,42.18258003191164,121.62601765911316,1057.0,403.0,2.81574725911575,79.1239994396911,0.8049825336808873,1.1915652535506382,0.8006651766214643,1.7787249147083428,5.0,3.0,14.0,4.4365362132838495,1.2741903625125774,0.37005681352162695,0.30125658504374864,0.0,0.0,0.0,0.0,0.0,0.0,0.0,0.0,0.0,0.0,0.0,0.0,0.0,0.0,0.0,0.0,0.0,0.0,0.0,0.0,0.0,0.0,0.0,0.0,0.0,0.0,0.0,0.0,0.0,0.0,0.0,1.0,0.0,0.0,0.0,0.0,0.0,0.0,0.0,0.0,0.0,0.0,0.0,0.0,0.0,0.0,0.0,0.0,0.0,0.0,0.0
70.34855935723188,21.83155409984005,151.0099390430651,1400.0,175.0,2.4241545393648587,89.43038267995681,0.7601810553257174,0.9449451406943664,0.9873244004440554,8.63600146694853,4.0,2.0,11.0,5.209387755092895,1.369269979931793,0.42998696315105545,0.45860410300200977,0.0,0.0,0.0,0.0,0.0,0.0,0.0,0.0,0.0,0.0,0.0,0.0,0.0,0.0,0.0,0.0,0.0,0.0,0.0,0.0,0.0,0.0,0.0,0.0,0.0,0.0,0.0,0.0,0.0,0.0,0.0,0.0,0.0,0.0,0.0,0.0,0.0,0.0,0.0,0.0,0.0,0.0,0.0,0.0,0.0,0.0,1.0,0.0,0.0,0.0,0.0
63.60778128605067,37.99897085989481,163.15930409737223,680.0,123.0,5.03069184924636,77.28474318600107,0.7537998872258128,1.4046496476459347,0.5494372951069623,4.713738562629817,6.0,4.0,3.0,4.417918796337017,1.3881070262527677,0.3881164472731608,0.6386015175580162,0.0,0.0,0.0,0.0,0.0,0.0,1.0,0.0,0.0,0.0,0.0,0.0,0.0,0.0,0.0,0.0,0.0,0.0,0.0,0.0,0.0,0.0,0.0,0.0,0.0,0.0,0.0,0.0,0.0,0.0,0.0,0.0,0.0,0.0,0.0,0.0,0.0,0.0,0.0,0.0,0.0,0.0,0.0,0.0,0.0,0.0,0.0,0.0,0.0,0.0,0.0
71.37033560184588,23.569442223906428,140.3824700294004,366.0,506.0,6.713931163296939,88.156000051693,0.7152338855456526,1.216484978104554,0.6742407300054432,2.3743489993833924,6.0,4.0,12.0,4.236797735130821,1.328156572461921,0.34880844169273084,0.3857260539255675,0.0,0.0,0.0,0.0,0.0,0.0,0.0,0.0,0.0,0.0,0.0,0.0,0.0,0.0,0.0,0.0,0.0,0.0,0.0,0.0,0.0,0.0,0.0,0.0,0.0,0.0,0.0,0.0,0.0,0.0,1.0,0.0,0.0,0.0,0.0,0.0,0.0,0.0,0.0,0.0,0.0,0.0,0.0,0.0,0.0,0.0,0.0,0.0,0.0,0.0,0.0
73.1596313150203,54.715232142582686,154.570608202541,719.0,348.0,6.434645799632609,76.74453918666815,0.711995473871383,1.410941718497624,0.7120922429113179,3.035265393316693,6.0,6.0,16.0,4.487925129795515,1.5037783250075993,0.41048890435843494,0.5034837750801818,0.0,0.0,0.0,0.0,0.0,0.0,0.0,0.0,0.0,0.0,0.0,0.0,0.0,0.0,0.0,0.0,1.0,0.0,0.0,0.0,0.0,0.0,0.0,0.0,0.0,0.0,0.0,0.0,0.0,0.0,0.0,0.0,0.0,0.0,0.0,0.0,0.0,0.0,0.0,0.0,0.0,0.0,0.0,0.0,0.0,0.0,0.0,0.0,0.0,0.0,0.0
73.05023405732031,55.68827731259165,143.09720786816226,305.0,509.0,5.884002142516387,70.04017110219432,0.7911791617209576,1.1123641658392436,0.4277923332080351,0.3859658295346668,5.0,4.0,19.0,4.7927064987290615,1.3992050479828573,0.4324109818210605,0.3163896609212755,0.0,0.0,0.0,0.0,0.0,0.0,0.0,0.0,0.0,0.0,0.0,0.0,0.0,0.0,0.0,0.0,0.0,0.0,0.0,0.0,0.0,0.0,0.0,0.0,0.0,0.0,0.0,0.0,0.0,0.0,0.0,0.0,0.0,0.0,0.0,0.0,0.0,0.0,0.0,0.0,0.0,0.0,0.0,0.0,0.0,0.0,0.0,0.0,0.0,1.0,0.0
61.01467542458242,42.28874816088463,73.39768797416191,714.0,459.0,3.410990781780825,82.11035984196846,0.7095523409609966,1.4896725707234064,0.7184011899163787,8.67227996104565,4.0,1.0,19.0,4.44677420061736,1.66446663781212,0.4117770389226778,0.8228122805139393,0.0,0.0,0.0,0.0,0.0,0.0,0.0,0.0,0.0,0.0,0.0,0.0,0.0,0.0,0.0,0.0,0.0,0.0,0.0,0.0,0.0,0.0,0.0,1.0,0.0,0.0,0.0,0.0,0.0,0.0,0.0,0.0,0.0,0.0,0.0,0.0,0.0,0.0,0.0,0.0,0.0,0.0,0.0,0.0,0.0,0.0,0.0,0.0,0.0,0.0,0.0
77.60605885297653,53.98538564334724,69.25997097927892,1287.0,570.0,2.867449828446811,89.94349851164631,0.8565288743282704,1.4328690627246965,0.7338357934410135,8.585918759702194,7.0,4.0,23.0,4.742241093880735,1.508693224280562,0.3921490537858135,0.7849099115344005,0.0,0.0,0.0,0.0,0.0,0.0,0.0,0.0,0.0,0.0,0.0,0.0,0.0,1.0,0.0,0.0,0.0,0.0,0.0,0.0,0.0,0.0,0.0,0.0,0.0,0.0,0.0,0.0,0.0,0.0,0.0,0.0,0.0,0.0,0.0,0.0,0.0,0.0,0.0,0.0,0.0,0.0,0.0,0.0,0.0,0.0,0.0,0.0,0.0,0.0,0.0
64.1760114847843,39.32413280655239,90.44772662379424,344.0,598.0,4.914080721338786,87.97167843752956,0.9307121646160786,1.1208292386193013,0.8967130862560635,1.066675492629473,6.0,5.0,9.0,4.570255157980027,1.3555643118534884,0.3591475949905272,0.19817018335532294,0.0,0.0,0.0,0.0,0.0,0.0,0.0,0.0,0.0,0.0,0.0,0.0,0.0,0.0,0.0,0.0,0.0,0.0,0.0,0.0,0.0,0.0,0.0,0.0,0.0,0.0,0.0,0.0,0.0,0.0,0.0,0.0,0.0,0.0,0.0,0.0,0.0,0.0,0.0,0.0,0.0,0.0,0.0,0.0,0.0,1.0,0.0,0.0,0.0,0.0,0.0
72.5045782685781,31.87951554029475,153.63547716679776,1438.0,598.0,4.405376981212983,89.77735210055523,0.9834492579557595,0.9975535051551162,0.5113997413584138,1.832336253802909,3.0,3.0,23.0,3.678582896934127,1.3439786093587662,0.26514412203819004,0.30338597216918284,0.0,1.0,0.0,0.0,0.0,0.0,0.0,0.0,0.0,0.0,0.0,0.0,0.0,0.0,0.0,0.0,0.0,0.0,0.0,0.0,0.0,0.0,0.0,0.0,0.0,0.0,0.0,0.0,0.0,0.0,0.0,0.0,0.0,0.0,0.0,0.0,0.0,0.0,0.0,0.0,0.0,0.0,0.0,0.0,0.0,0.0,0.0,0.0,0.0,0.0,0.0
60.44891554462418,32.88745166601093,102.5035628692278,1397.0,509.0,2.250622598696141,71.4448087680276,0.7576134202588405,1.2587672363512956,0.4991383361236248,5.132917206876306,6.0,1.0,10.0,4.21726874075466,1.3745345806465725,0.3807283013859171,0.6033487277949139,0.0,0.0,0.0,0.0,0.0,0.0,0.0,0.0,0.0,0.0,0.0,0.0,0.0,0.0,0.0,0.0,0.0,0.0,0.0,0.0,0.0,0.0,0.0,0.0,0.0,0.0,1.0,0.0,0.0,0.0,0.0,0.0,0.0,0.0,0.0,0.0,0.0,0.0,0.0,0.0,0.0,0.0,0.0,0.0,0.0,0.0,0.0,0.0,0.0,0.0,0.0
76.97398518685256,59.65841691932844,69.57826640023718,345.0,127.0,5.1514575215752645,88.79720946156849,0.7699069185333908,1.0296961450976512,0.4826088634124429,1.0373387663283706,4.0,3.0,23.0,3.992559264127495,1.4297583174301867,0.33059068664860486,0.2893077203754493,0.0,0.0,0.0,0.0,0.0,1.0,0.0,0.0,0.0,0.0,0.0,0.0,0.0,0.0,0.0,0.0,0.0,0.0,0.0,0.0,0.0,0.0,0.0,0.0,0.0,0.0,0.0,0.0,0.0,0.0,0.0,0.0,0.0,0.0,0.0,0.0,0.0,0.0,0.0,0.0,0.0,0.0,0.0,0.0,0.0,0.0,0.0,0.0,0.0,0.0,0.0
65.25773401529042,22.39551653153188,123.20338718892518,309.0,346.0,4.545675659082456,90.30978388899332,0.9819315435079154,1.4668500274421477,0.4390764832965413,0.9347145548822068,5.0,4.0,9.0,4.464258088117784,1.23490200601834,0.32864191047567026,0.5174967811454134,0.0,0.0,0.0,0.0,0.0,0.0,0.0,0.0,0.0,0.0,0.0,0.0,0.0,0.0,0.0,0.0,0.0,0.0,0.0,0.0,0.0,1.0,0.0,0.0,0.0,0.0,0.0,0.0,0.0,0.0,0.0,0.0,0.0,0.0,0.0,0.0,0.0,0.0,0.0,0.0,0.0,0.0,0.0,0.0,0.0,0.0,0.0,0.0,0.0,0.0,0.0
73.2322456196701,35.82171666826309,107.44728112460348,625.0,493.0,5.701695028867146,72.86165988641626,0.8627939645368943,1.3404623034302774,0.9117578788265286,8.34316973161824,5.0,4.0,22.0,4.674135981911775,1.3935990013979735,0.4087944952015592,0.6671298985649917,0.0,0.0,0.0,0.0,0.0,0.0,0.0,0.0,0.0,0.0,0.0,0.0,0.0,0.0,0.0,0.0,1.0,0.0,0.0,0.0,0.0,0.0,0.0,0.0,0.0,0.0,0.0,0.0,0.0,0.0,0.0,0.0,0.0,0.0,0.0,0.0,0.0,0.0,0.0,0.0,0.0,0.0,0.0,0.0,0.0,0.0,0.0,0.0,0.0,0.0,0.0
75.43885757727739,55.78375564572891,180.69473725238365,673.0,584.0,4.107479396511901,73.80540217159744,0.7344046182680746,1.3806531538327236,0.8767770961168768,7.284985323443204,4.0,1.0,9.0,4.3530291031326005,1.8473826609583988,0.43786563401857204,0.6459780587404627,0.0,0.0,0.0,0.0,0.0,0.0,0.0,0.0,0.0,0.0,0.0,0.0,0.0,0.0,0.0,0.0,0.0,0.0,0.0,0.0,0.0,0.0,0.0,0.0,0.0,0.0,0.0,0.0,0.0,0.0,0.0,0.0,0.0,0.0,0.0,0.0,0.0,0.0,0.0,0.0,0.0,0.0,1.0,0.0,0.0,0.0,0.0,0.0,0.0,0.0,0.0
72.9636768233543,24.26999031251292,138.34423105936068,421.0,427.0,4.1689462111078655,85.49694785257844,0.7220089768159996,1.3512820323893742,0.5937774294895839,0.4777609855508524,4.0,3.0,12.0,4.731777179296466,1.7603632390245312,0.4376160205717604,0.38515824073481186,0.0,0.0,0.0,0.0,0.0,0.0,0.0,0.0,0.0,0.0,0.0,0.0,0.0,0.0,0.0,0.0,0.0,0.0,0.0,0.0,0.0,0.0,0.0,0.0,0.0,0.0,0.0,0.0,0.0,0.0,0.0,0.0,0.0,1.0,0.0,0.0,0.0,0.0,0.0,0.0,0.0,0.0,0.0,0.0,0.0,0.0,0.0,0.0,0.0,0.0,0.0
74.98564005324677,29.043228063434547,171.7261653651616,1099.0,249.0,2.418689121404986,71.8907022387024,0.8087193811387585,1.4418289911950275,0.611819585109954,4.724242903522919,4.0,0.0,3.0,4.860282071401548,1.717251526759648,0.4631790885742626,0.6369136096983814,0.0,0.0,0.0,0.0,0.0,0.0,0.0,0.0,0.0,0.0,0.0,0.0,0.0,0.0,0.0,0.0,0.0,0.0,0.0,0.0,0.0,0.0,0.0,0.0,0.0,0.0,0.0,0.0,0.0,0.0,0.0,0.0,0.0,1.0,0.0,0.0,0.0,0.0,0.0,0.0,0.0,0.0,0.0,0.0,0.0,0.0,0.0,0.0,0.0,0.0,0.0
69.78001394308008,59.00253455002294,80.9976765106811,685.0,281.0,3.155595475157205,79.19765896584613,0.7780622729681397,1.169090078134314,0.6020812825079376,8.15511126762758,5.0,2.0,22.0,5.236687793744402,1.5841402308066483,0.47426881575788754,0.6753118027808451,0.0,0.0,0.0,0.0,0.0,0.0,0.0,0.0,0.0,0.0,0.0,0.0,0.0,0.0,0.0,0.0,0.0,0.0,0.0,0.0,0.0,0.0,0.0,0.0,0.0,0.0,0.0,0.0,0.0,0.0,0.0,0.0,0.0,0.0,0.0,1.0,0.0,0.0,0.0,0.0,0.0,0.0,0.0,0.0,0.0,0.0,0.0,0.0,0.0,0.0,0.0
65.61383349113946,53.3463906291024,140.13028478314772,1497.0,260.0,3.4353848794963624,71.37709411558241,0.9498201800587376,0.9177154170305232,0.7591293845832439,2.0123731148677804,3.0,5.0,11.0,5.236687793744402,0.9591835124026638,0.396735628506441,0.1897493375505691,0.0,0.0,0.0,0.0,0.0,0.0,0.0,0.0,0.0,0.0,0.0,0.0,0.0,0.0,0.0,0.0,0.0,0.0,0.0,0.0,0.0,0.0,0.0,0.0,0.0,0.0,0.0,0.0,0.0,0.0,0.0,0.0,0.0,0.0,0.0,0.0,0.0,1.0,0.0,0.0,0.0,0.0,0.0,0.0,0.0,0.0,0.0,0.0,0.0,0.0,0.0
72.27173755823479,23.91381958146622,93.46194931520256,859.0,159.0,5.073177227184247,80.75280788580073,0.9578663098104712,1.0710641626058264,0.5075090780270951,9.87053489995511,5.0,2.0,21.0,4.061375602014295,1.4917001565114143,0.3397620678679359,0.7436416451667898,0.0,0.0,0.0,0.0,0.0,0.0,0.0,0.0,1.0,0.0,0.0,0.0,0.0,0.0,0.0,0.0,0.0,0.0,0.0,0.0,0.0,0.0,0.0,0.0,0.0,0.0,0.0,0.0,0.0,0.0,0.0,0.0,0.0,0.0,0.0,0.0,0.0,0.0,0.0,0.0,0.0,0.0,0.0,0.0,0.0,0.0,0.0,0.0,0.0,0.0,0.0
64.41427500118706,36.529675487471614,103.1291622878758,1116.0,400.0,2.4116693205048074,77.36720462883248,0.9791298481629294,1.2624789443820663,0.481595604284834,1.2450788006248126,5.0,5.0,23.0,4.8001266340055935,1.4324050223608658,0.4027748145648589,0.41654627874961603,0.0,0.0,0.0,0.0,0.0,0.0,0.0,0.0,0.0,0.0,0.0,0.0,0.0,0.0,0.0,0.0,1.0,0.0,0.0,0.0,0.0,0.0,0.0,0.0,0.0,0.0,0.0,0.0,0.0,0.0,0.0,0.0,0.0,0.0,0.0,0.0,0.0,0.0,0.0,0.0,0.0,0.0,0.0,0.0,0.0,0.0,0.0,0.0,0.0,0.0,0.0
74.8246277395306,35.71736854046261,197.5670678584881,434.0,245.0,6.889281747495779,74.83255467511911,0.9960382580481706,1.093361616305342,0.6310753685788946,5.465593016710901,7.0,4.0,6.0,4.422467969143624,1.3916650821286667,0.3695309884661072,0.49317122480388875,0.0,0.0,0.0,0.0,0.0,0.0,1.0,0.0,0.0,0.0,0.0,0.0,0.0,0.0,0.0,0.0,0.0,0.0,0.0,0.0,0.0,0.0,0.0,0.0,0.0,0.0,0.0,0.0,0.0,0.0,0.0,0.0,0.0,0.0,0.0,0.0,0.0,0.0,0.0,0.0,0.0,0.0,0.0,0.0,0.0,0.0,0.0,0.0,0.0,0.0,0.0
65.8878145223494,27.767210386533705,116.41118721833324,1129.0,405.0,3.285498437052869,84.21573802784516,0.8466461726918041,1.4416891718410447,0.5800917622379858,3.682853682652245,6.0,6.0,17.0,4.549990492043366,1.3252397329395769,0.37041437709651925,0.5953309899207051,0.0,0.0,0.0,0.0,0.0,0.0,0.0,0.0,0.0,0.0,0.0,0.0,0.0,0.0,0.0,0.0,0.0,0.0,0.0,0.0,0.0,0.0,0.0,0.0,0.0,0.0,0.0,1.0,0.0,0.0,0.0,0.0,0.0,0.0,0.0,0.0,0.0,0.0,0.0,0.0,0.0,0.0,0.0,0.0,0.0,0.0,0.0,0.0,0.0,0.0,0.0
73.9369809371709,45.69079356178344,198.2035433379004,1497.0,410.0,2.3605511700093422,74.35268154842944,0.932038185092726,1.4466491461384337,0.4754101644507716,4.327881638577362,4.0,3.0,15.0,4.473668125548259,1.2015252395962541,0.3631743124606311,0.6650252689390895,0.0,0.0,0.0,0.0,0.0,0.0,0.0,1.0,0.0,0.0,0.0,0.0,0.0,0.0,0.0,0.0,0.0,0.0,0.0,0.0,0.0,0.0,0.0,0.0,0.0,0.0,0.0,0.0,0.0,0.0,0.0,0.0,0.0,0.0,0.0,0.0,0.0,0.0,0.0,0.0,0.0,0.0,0.0,0.0,0.0,0.0,0.0,0.0,0.0,0.0,0.0
65.58928520167935,55.55361955827508,134.87395063552952,1230.0,311.0,4.053316961960293,92.43066089699305,0.8227375828960934,1.448031656047398,0.9385923282382332,1.6977420292502798,4.0,2.0,7.0,4.033190984313437,1.468711580088125,0.32528151899183083,0.37952873602866577,0.0,0.0,0.0,0.0,0.0,0.0,0.0,0.0,0.0,0.0,0.0,0.0,0.0,0.0,0.0,0.0,0.0,0.0,0.0,0.0,1.0,0.0,0.0,0.0,0.0,0.0,0.0,0.0,0.0,0.0,0.0,0.0,0.0,0.0,0.0,0.0,0.0,0.0,0.0,0.0,0.0,0.0,0.0,0.0,0.0,0.0,0.0,0.0,0.0,0.0,0.0
68.93461024281862,52.7024046215316,163.49254368237774,393.0,371.0,6.143340395599006,92.68298122645112,0.9371137959201462,1.1964221358027844,0.8796403541068574,1.5188687617974694,6.0,5.0,10.0,4.46895077232162,1.5113529597427917,0.35517884380784803,0.2643265484066445,0.0,0.0,0.0,0.0,0.0,0.0,0.0,0.0,0.0,0.0,0.0,0.0,0.0,0.0,0.0,0.0,0.0,0.0,0.0,0.0,0.0,0.0,1.0,0.0,0.0,0.0,0.0,0.0,0.0,0.0,0.0,0.0,0.0,0.0,0.0,0.0,0.0,0.0,0.0,0.0,0.0,0.0,0.0,0.0,0.0,0.0,0.0,0.0,0.0,0.0,0.0
73.57928329173244,25.428181965194984,82.98443898708564,1111.0,445.0,5.721248183567372,84.15548774981876,0.7033568323746301,0.9897419060408704,0.7776665128303086,1.393037112910408,6.0,1.0,2.0,4.0407711508390145,1.5949631866217089,0.36648111008429546,0.1886245962965384,0.0,0.0,0.0,0.0,0.0,0.0,0.0,0.0,0.0,0.0,0.0,0.0,0.0,0.0,0.0,0.0,0.0,0.0,0.0,0.0,0.0,0.0,0.0,0.0,0.0,0.0,0.0,0.0,1.0,0.0,0.0,0.0,0.0,0.0,0.0,0.0,0.0,0.0,0.0,0.0,0.0,0.0,0.0,0.0,0.0,0.0,0.0,0.0,0.0,0.0,0.0
70.02995685511723,26.270112594954355,177.00635802134684,436.0,390.0,5.615506458231767,84.85716745348944,0.7399397602272664,1.0264453224954515,0.901739208516392,0.8065344000990193,7.0,2.0,21.0,4.024831202819076,1.3558911799897038,0.33721192450821913,0.13623854639989608,0.0,0.0,0.0,0.0,0.0,0.0,0.0,0.0,0.0,0.0,0.0,0.0,0.0,0.0,0.0,0.0,0.0,0.0,0.0,0.0,0.0,0.0,0.0,0.0,0.0,0.0,0.0,0.0,0.0,0.0,0.0,1.0,0.0,0.0,0.0,0.0,0.0,0.0,0.0,0.0,0.0,0.0,0.0,0.0,0.0,0.0,0.0,0.0,0.0,0.0,0.0
76.3190463976535,39.817397979914205,130.9772938819175,333.0,584.0,3.792585719801625,72.9799522331933,0.8404858685969318,1.4897137701380427,0.8174070820995256,5.929972325128884,5.0,5.0,11.0,4.6808477137708335,1.0436796057246265,0.37796103538465853,0.6525848498703476,0.0,0.0,0.0,0.0,0.0,0.0,0.0,0.0,0.0,0.0,0.0,0.0,0.0,0.0,0.0,1.0,0.0,0.0,0.0,0.0,0.0,0.0,0.0,0.0,0.0,0.0,0.0,0.0,0.0,0.0,0.0,0.0,0.0,0.0,0.0,0.0,0.0,0.0,0.0,0.0,0.0,0.0,0.0,0.0,0.0,0.0,0.0,0.0,0.0,0.0,0.0
64.2045067394626,40.33190167326576,54.35875425248446,357.0,561.0,6.921197341502335,73.34622881536833,0.9037520520735404,0.943099931167871,0.8454319848003452,4.689232592525256,6.0,0.0,3.0,4.494868011516577,1.480010994233023,0.3964423789700868,0.30757667435671815,0.0,0.0,0.0,0.0,0.0,0.0,0.0,0.0,0.0,0.0,0.0,0.0,0.0,0.0,0.0,0.0,1.0,0.0,0.0,0.0,0.0,0.0,0.0,0.0,0.0,0.0,0.0,0.0,0.0,0.0,0.0,0.0,0.0,0.0,0.0,0.0,0.0,0.0,0.0,0.0,0.0,0.0,0.0,0.0,0.0,0.0,0.0,0.0,0.0,0.0,0.0
74.3785221834479,47.1650792982486,129.0835163054628,1055.0,241.0,5.647428671597268,93.9170188592801,0.9817679041273348,1.360362787987608,0.6827849058831585,4.722002519633049,6.0,2.0,4.0,4.588204223830589,1.4777466214097184,0.3553726801250798,0.5723417031380945,0.0,0.0,0.0,0.0,0.0,0.0,0.0,0.0,0.0,0.0,0.0,1.0,0.0,0.0,0.0,0.0,0.0,0.0,0.0,0.0,0.0,0.0,0.0,0.0,0.0,0.0,0.0,0.0,0.0,0.0,0.0,0.0,0.0,0.0,0.0,0.0,0.0,0.0,0.0,0.0,0.0,0.0,0.0,0.0,0.0,0.0,0.0,0.0,0.0,0.0,0.0
70.97056821556234,21.72567919568,182.79264194340388,625.0,425.0,2.697424334576274,79.8262752091768,0.7510605800043854,1.3464668224475924,0.4355935730821754,2.977767470803424,5.0,2.0,17.0,4.3670481685791716,1.5252356628745842,0.39199093061238194,0.5606255805811917,0.0,0.0,0.0,0.0,0.0,0.0,0.0,0.0,0.0,0.0,0.0,0.0,0.0,0.0,0.0,0.0,0.0,0.0,0.0,0.0,0.0,0.0,0.0,0.0,0.0,0.0,1.0,0.0,0.0,0.0,0.0,0.0,0.0,0.0,0.0,0.0,0.0,0.0,0.0,0.0,0.0,0.0,0.0,0.0,0.0,0.0,0.0,0.0,0.0,0.0,0.0
75.67684198839042,21.868483552166268,129.38269836709603,1015.0,101.0,2.4685464908197017,71.11038067792741,0.949416361025831,1.3703125893164916,0.7786323943321418,0.5802370458545236,6.0,6.0,23.0,4.378744548815207,1.3979112557021425,0.37844428596270024,0.338110320951412,0.0,0.0,0.0,0.0,0.0,0.0,0.0,0.0,0.0,0.0,0.0,0.0,1.0,0.0,0.0,0.0,0.0,0.0,0.0,0.0,0.0,0.0,0.0,0.0,0.0,0.0,0.0,0.0,0.0,0.0,0.0,0.0,0.0,0.0,0.0,0.0,0.0,0.0,0.0,0.0,0.0,0.0,0.0,0.0,0.0,0.0,0.0,0.0,0.0,0.0,0.0
69.14682343449266,51.69625342986699,197.15412030264145,1265.0,221.0,4.0159340769933465,92.89481180732524,0.8704268227879839,1.321999381493146,0.9769118768685868,4.324629156219948,4.0,0.0,4.0,4.03696533241926,1.3938733820314915,0.312766065477538,0.4350879080416222,0.0,0.0,0.0,0.0,0.0,0.0,0.0,0.0,1.0,0.0,0.0,0.0,0.0,0.0,0.0,0.0,0.0,0.0,0.0,0.0,0.0,0.0,0.0,0.0,0.0,0.0,0.0,0.0,0.0,0.0,0.0,0.0,0.0,0.0,0.0,0.0,0.0,0.0,0.0,0.0,0.0,0.0,0.0,0.0,0.0,0.0,0.0,0.0,0.0,0.0,0.0
63.40079794320873,40.56409593178736,67.5611842508579,494.0,534.0,6.55319404425023,80.85918745881881,0.850013131283635,1.0394742030764692,0.7592365901836655,5.8856501616483285,3.0,0.0,16.0,5.236687793744402,1.452749122350514,0.4787144763200408,0.4444401977279481,0.0,0.0,0.0,0.0,0.0,0.0,0.0,0.0,0.0,0.0,0.0,0.0,0.0,0.0,0.0,0.0,0.0,0.0,0.0,0.0,0.0,0.0,1.0,0.0,0.0,0.0,0.0,0.0,0.0,0.0,0.0,0.0,0.0,0.0,0.0,0.0,0.0,0.0,0.0,0.0,0.0,0.0,0.0,0.0,0.0,0.0,0.0,0.0,0.0,0.0,0.0
77.51308514268345,54.379057736293845,110.6298610340678,1455.0,566.0,6.215220836412816,76.50213630763675,0.7573017279916876,1.1995844993740987,0.9241545774327514,1.5010063081061398,5.0,4.0,22.0,4.307962450677089,1.5106799288555954,0.3915042552059945,0.25015793920716817,0.0,0.0,1.0,0.0,0.0,0.0,0.0,0.0,0.0,0.0,0.0,0.0,0.0,0.0,0.0,0.0,0.0,0.0,0.0,0.0,0.0,0.0,0.0,0.0,0.0,0.0,0.0,0.0,0.0,0.0,0.0,0.0,0.0,0.0,0.0,0.0,0.0,0.0,0.0,0.0,0.0,0.0,0.0,0.0,0.0,0.0,0.0,0.0,0.0,0.0,0.0
68.57696582977162,27.15418987026072,153.44086960545195,549.0,131.0,5.926662163139913,76.55628953931749,0.8195400666973032,1.459804528005482,0.7885851655417245,0.6658768398299286,4.0,6.0,11.0,4.191221570839017,1.6491025056855646,0.38827014825186945,0.3838633782522839,0.0,0.0,0.0,0.0,0.0,0.0,0.0,0.0,0.0,0.0,0.0,0.0,0.0,0.0,0.0,0.0,0.0,0.0,0.0,0.0,0.0,0.0,0.0,0.0,0.0,0.0,0.0,0.0,0.0,0.0,0.0,0.0,0.0,0.0,0.0,0.0,0.0,0.0,1.0,0.0,0.0,0.0,0.0,0.0,0.0,0.0,0.0,0.0,0.0,0.0,0.0
67.8803505851576,44.46256581942649,155.317856434281,901.0,518.0,6.289976550342332,91.69474437275804,0.81410854960913,1.0235320712705611,0.7612567186751713,1.5351687258119884,6.0,0.0,20.0,4.383027076579085,1.338289417446439,0.34548497608580214,0.21812467465313445,0.0,0.0,0.0,0.0,0.0,0.0,1.0,0.0,0.0,0.0,0.0,0.0,0.0,0.0,0.0,0.0,0.0,0.0,0.0,0.0,0.0,0.0,0.0,0.0,0.0,0.0,0.0,0.0,0.0,0.0,0.0,0.0,0.0,0.0,0.0,0.0,0.0,0.0,0.0,0.0,0.0,0.0,0.0,0.0,0.0,0.0,0.0,0.0,0.0,0.0,0.0
67.22368194058521,50.81004101143338,76.23347874401789,673.0,438.0,2.5013209394038025,74.81870986350395,0.8532475917523354,1.108202520420995,0.648291424150689,3.657029864645053,6.0,5.0,12.0,4.573962504402452,1.4888917013348748,0.4062510705931256,0.4043671506542463,0.0,0.0,0.0,0.0,0.0,0.0,0.0,0.0,0.0,0.0,0.0,0.0,0.0,0.0,0.0,0.0,0.0,1.0,0.0,0.0,0.0,0.0,0.0,0.0,0.0,0.0,0.0,0.0,0.0,0.0,0.0,0.0,0.0,0.0,0.0,0.0,0.0,0.0,0.0,0.0,0.0,0.0,0.0,0.0,0.0,0.0,0.0,0.0,0.0,0.0,0.0
67.47792507973641,43.14001074584724,117.41630304734272,408.0,105.0,2.577197316532472,79.56599508406688,0.723327192360557,1.3303793642660393,0.8725813941562812,4.5259155305552685,4.0,2.0,1.0,4.914291083002672,1.493082949975139,0.4396457658948627,0.4841755159562882,0.0,0.0,0.0,0.0,0.0,0.0,0.0,0.0,0.0,0.0,0.0,0.0,0.0,0.0,0.0,0.0,0.0,0.0,0.0,0.0,0.0,0.0,0.0,0.0,0.0,0.0,0.0,0.0,0.0,1.0,0.0,0.0,0.0,0.0,0.0,0.0,0.0,0.0,0.0,0.0,0.0,0.0,0.0,0.0,0.0,0.0,0.0,0.0,0.0,0.0,0.0
68.35622442155015,45.559782355236834,164.70199935704017,414.0,466.0,6.798978067228342,78.80974631617589,0.8617850502094259,1.0210402326826171,0.9745329672130638,2.4112070963613097,7.0,3.0,18.0,4.477171929375548,1.3203727028342995,0.37293642988306314,0.1895213127289021,0.0,0.0,0.0,0.0,0.0,0.0,0.0,0.0,0.0,0.0,0.0,0.0,0.0,0.0,0.0,0.0,0.0,0.0,0.0,0.0,0.0,1.0,0.0,0.0,0.0,0.0,0.0,0.0,0.0,0.0,0.0,0.0,0.0,0.0,0.0,0.0,0.0,0.0,0.0,0.0,0.0,0.0,0.0,0.0,0.0,0.0,0.0,0.0,0.0,0.0,0.0
72.72301944629454,58.33961110170012,136.99576121119264,661.0,334.0,3.4268173185951047,82.31525938832829,0.8800971366666374,0.9611789635765444,0.6522679065482841,5.812288114084966,6.0,3.0,2.0,4.396437097403293,1.294470353389463,0.3546236327397061,0.4372866562916847,0.0,0.0,0.0,0.0,0.0,0.0,0.0,0.0,0.0,0.0,0.0,0.0,0.0,0.0,0.0,0.0,0.0,0.0,0.0,1.0,0.0,0.0,0.0,0.0,0.0,0.0,0.0,0.0,0.0,0.0,0.0,0.0,0.0,0.0,0.0,0.0,0.0,0.0,0.0,0.0,0.0,0.0,0.0,0.0,0.0,0.0,0.0,0.0,0.0,0.0,0.0
69.46842437982313,35.30924103613899,131.37012935770542,542.0,506.0,4.928037888008221,86.54996609517478,0.9849784195780572,1.0419142208904375,0.6224339387460696,2.581162023356761,7.0,6.0,15.0,4.396563598485531,1.3508165572144857,0.3410568461071905,0.3259931207452692,0.0,0.0,0.0,0.0,0.0,0.0,0.0,0.0,0.0,0.0,0.0,0.0,0.0,0.0,0.0,0.0,0.0,0.0,0.0,0.0,0.0,0.0,0.0,0.0,0.0,0.0,0.0,1.0,0.0,0.0,0.0,0.0,0.0,0.0,0.0,0.0,0.0,0.0,0.0,0.0,0.0,0.0,0.0,0.0,0.0,0.0,0.0,0.0,0.0,0.0,0.0
75.40714589813568,57.440585852071074,114.18224469000408,1140.0,177.0,4.530288684908273,87.46690436133434,0.8517999416437507,1.4586295129616855,0.4518131937345601,9.392967720655422,5.0,6.0,22.0,4.06747521906762,1.5892865788888288,0.3467864806542942,0.932312660402803,0.0,0.0,0.0,0.0,0.0,0.0,0.0,0.0,0.0,0.0,0.0,0.0,0.0,0.0,0.0,0.0,0.0,0.0,0.0,0.0,0.0,0.0,0.0,0.0,0.0,0.0,0.0,0.0,0.0,0.0,0.0,0.0,0.0,0.0,0.0,0.0,0.0,0.0,0.0,1.0,0.0,0.0,0.0,0.0,0.0,0.0,0.0,0.0,0.0,0.0,0.0
75.84690276137056,44.269202109874456,154.28507022254425,1234.0,526.0,5.345822939282546,85.44560012748718,0.8435441961672963,1.2071361530350897,0.7113859087994308,2.234278239013184,6.0,5.0,9.0,4.74448311662741,1.3650032492127275,0.38891848955517977,0.36164094408423403,0.0,0.0,0.0,0.0,0.0,0.0,0.0,0.0,0.0,0.0,0.0,0.0,0.0,0.0,0.0,1.0,0.0,0.0,0.0,0.0,0.0,0.0,0.0,0.0,0.0,0.0,0.0,0.0,0.0,0.0,0.0,0.0,0.0,0.0,0.0,0.0,0.0,0.0,0.0,0.0,0.0,0.0,0.0,0.0,0.0,0.0,0.0,0.0,0.0,0.0,0.0
72.9371717625769,27.257504457376665,192.5802305089518,1199.0,388.0,6.228605872711609,93.48002116960922,0.983203132174958,1.0725258263344326,0.7169724386561129,8.370439689645572,4.0,2.0,10.0,4.892943939153403,1.5369907976634345,0.3881721225823286,0.599407463012178,0.0,0.0,0.0,0.0,0.0,0.0,0.0,0.0,0.0,0.0,0.0,0.0,0.0,0.0,0.0,0.0,0.0,0.0,0.0,0.0,0.0,0.0,1.0,0.0,0.0,0.0,0.0,0.0,0.0,0.0,0.0,0.0,0.0,0.0,0.0,0.0,0.0,0.0,0.0,0.0,0.0,0.0,0.0,0.0,0.0,0.0,0.0,0.0,0.0,0.0,0.0
61.26471119154803,48.03547681172184,131.94640740651624,389.0,431.0,4.793825837162332,85.93469715259067,0.8531261863714538,1.2690680601217468,0.9283491026444044,6.11588783965126,6.0,3.0,11.0,4.370278710446128,1.4884529989719182,0.36633561018941246,0.51442482812818,0.0,0.0,0.0,0.0,0.0,0.0,0.0,0.0,0.0,0.0,0.0,0.0,0.0,0.0,0.0,0.0,0.0,0.0,0.0,0.0,0.0,0.0,0.0,0.0,1.0,0.0,0.0,0.0,0.0,0.0,0.0,0.0,0.0,0.0,0.0,0.0,0.0,0.0,0.0,0.0,0.0,0.0,0.0,0.0,0.0,0.0,0.0,0.0,0.0,0.0,0.0
63.321641882193,23.59495512653784,179.5359285042229,483.0,528.0,6.932251992932612,71.86727810909011,0.856686193128098,1.2207398747673908,0.4165817737589627,2.8690356446559817,5.0,4.0,9.0,4.6949388500667215,1.2425408862753127,0.39877442689401005,0.49860539037749846,0.0,0.0,0.0,0.0,0.0,0.0,0.0,0.0,0.0,0.0,0.0,0.0,0.0,0.0,0.0,0.0,0.0,0.0,0.0,0.0,0.0,0.0,0.0,0.0,0.0,0.0,0.0,0.0,0.0,0.0,0.0,0.0,1.0,0.0,0.0,0.0,0.0,0.0,0.0,0.0,0.0,0.0,0.0,0.0,0.0,0.0,0.0,0.0,0.0,0.0,0.0
74.23024729253808,59.746701887749886,141.67592911470905,1118.0,583.0,3.447303215271952,78.88318459348504,0.8914325467297504,1.3172358859749904,0.826909614419026,5.404517808186356,6.0,5.0,14.0,4.2561720826751905,1.3821153254373582,0.35656526875020444,0.5367993210862004,0.0,0.0,0.0,0.0,0.0,0.0,0.0,0.0,0.0,0.0,0.0,0.0,0.0,0.0,0.0,0.0,0.0,0.0,0.0,0.0,0.0,0.0,0.0,0.0,0.0,0.0,0.0,0.0,0.0,0.0,1.0,0.0,0.0,0.0,0.0,0.0,0.0,0.0,0.0,0.0,0.0,0.0,0.0,0.0,0.0,0.0,0.0,0.0,0.0,0.0,0.0
62.23693698438471,38.95143987052896,196.0867432681055,1432.0,285.0,5.96327853333529,91.09422765693311,0.9025038955262948,1.1555103438090206,0.903133560221391,8.158257103601873,4.0,0.0,6.0,5.182219787912211,1.4977905317136546,0.42234309178508095,0.5681893266494774,0.0,0.0,0.0,0.0,0.0,0.0,0.0,0.0,0.0,0.0,0.0,0.0,0.0,0.0,0.0,0.0,0.0,0.0,0.0,0.0,0.0,0.0,0.0,0.0,0.0,0.0,0.0,0.0,0.0,0.0,0.0,0.0,0.0,0.0,0.0,1.0,0.0,0.0,0.0,0.0,0.0,0.0,0.0,0.0,0.0,0.0,0.0,0.0,0.0,0.0,0.0
62.5217620382298,51.447348578920845,66.56288165004302,736.0,169.0,4.404109909344398,82.14029025873647,0.7663925680778151,1.4305156929004834,0.9956134345332864,6.255901939260653,5.0,1.0,0.0,4.022654374940675,1.6795944780681302,0.37071808761068564,0.5797827536954437,0.0,0.0,0.0,0.0,0.0,0.0,0.0,0.0,0.0,0.0,0.0,0.0,0.0,0.0,0.0,0.0,0.0,0.0,0.0,0.0,0.0,0.0,0.0,0.0,0.0,0.0,0.0,0.0,0.0,0.0,0.0,0.0,0.0,0.0,0.0,0.0,0.0,0.0,0.0,1.0,0.0,0.0,0.0,0.0,0.0,0.0,0.0,0.0,0.0,0.0,0.0
74.72094315840995,58.02138280049207,130.20810928963922,333.0,250.0,5.441010342113282,86.19729219367336,0.7028461322151487,1.4301706475063376,0.855461975226759,8.52068168359834,4.0,3.0,14.0,4.251312005522156,1.0914359156540745,0.3326211369547141,0.7396998443656848,0.0,0.0,0.0,0.0,0.0,0.0,0.0,0.0,0.0,0.0,0.0,0.0,0.0,0.0,0.0,0.0,0.0,0.0,0.0,0.0,0.0,0.0,0.0,0.0,0.0,0.0,0.0,0.0,0.0,0.0,0.0,0.0,0.0,0.0,0.0,0.0,0.0,0.0,0.0,0.0,0.0,0.0,0.0,0.0,0.0,1.0,0.0,0.0,0.0,0.0,0.0
65.6229309270304,36.08404086019805,54.46122973399747,990.0,276.0,6.157878860564427,90.62850681596171,0.8483091773548066,1.2155623970973384,0.8517768177297363,9.025915990617216,4.0,3.0,9.0,4.022770217369822,1.06399098375938,0.2867837921456879,0.6587971430220657,0.0,0.0,0.0,0.0,0.0,0.0,0.0,0.0,0.0,0.0,0.0,0.0,0.0,0.0,0.0,0.0,0.0,0.0,0.0,0.0,0.0,0.0,0.0,0.0,0.0,0.0,0.0,0.0,0.0,0.0,0.0,0.0,1.0,0.0,0.0,0.0,0.0,0.0,0.0,0.0,0.0,0.0,0.0,0.0,0.0,0.0,0.0,0.0,0.0,0.0,0.0
61.54676792317729,47.20123611450511,57.71658628913478,991.0,503.0,2.893666927021703,94.26327311760392,0.8851521427811213,1.0445684479055064,0.8295970391278793,3.140657352746408,6.0,3.0,13.0,4.553094397276859,1.504710590547491,0.36387314936257426,0.2861685396460518,0.0,0.0,0.0,0.0,0.0,0.0,0.0,0.0,0.0,0.0,0.0,0.0,0.0,0.0,0.0,0.0,0.0,0.0,0.0,0.0,0.0,0.0,1.0,0.0,0.0,0.0,0.0,0.0,0.0,0.0,0.0,0.0,0.0,0.0,0.0,0.0,0.0,0.0,0.0,0.0,0.0,0.0,0.0,0.0,0.0,0.0,0.0,0.0,0.0,0.0,0.0
72.08388104088452,40.323542282662885,55.80872653784027,961.0,461.0,6.587551407733575,86.85068105908016,0.8495190089924997,1.3842535143840229,0.632307941902203,1.7261420895230173,4.0,4.0,18.0,5.087822848271294,1.0724047914134474,0.3873323362436837,0.45125857494508087,0.0,0.0,0.0,0.0,0.0,0.0,0.0,0.0,0.0,0.0,0.0,0.0,0.0,0.0,0.0,1.0,0.0,0.0,0.0,0.0,0.0,0.0,0.0,0.0,0.0,0.0,0.0,0.0,0.0,0.0,0.0,0.0,0.0,0.0,0.0,0.0,0.0,0.0,0.0,0.0,0.0,0.0,0.0,0.0,0.0,0.0,0.0,0.0,0.0,0.0,0.0
65.29259238303331,53.38997812674953,166.40535225420967,1146.0,412.0,3.5333483096385816,92.03215550653928,0.7567157048976593,1.049075608634778,0.9893161363294186,0.0719745293048967,7.0,2.0,23.0,4.3265658622132,1.5334272312431987,0.36428707338929356,0.08158271544559584,0.0,0.0,0.0,0.0,0.0,0.0,0.0,0.0,0.0,0.0,0.0,0.0,0.0,0.0,1.0,0.0,0.0,0.0,0.0,0.0,0.0,0.0,0.0,0.0,0.0,0.0,0.0,0.0,0.0,0.0,0.0,0.0,0.0,0.0,0.0,0.0,0.0,0.0,0.0,0.0,0.0,0.0,0.0,0.0,0.0,0.0,0.0,0.0,0.0,0.0,0.0
60.17941868123615,30.88993612311421,90.43162617460422,715.0,405.0,6.309063595594948,73.33868869161391,0.8683688833424423,1.4015058575492991,0.7027821672275696,0.1204256922307978,6.0,0.0,5.0,4.235973519687435,1.326368303875756,0.3628873887007979,0.35603403224712216,0.0,0.0,0.0,1.0,0.0,0.0,0.0,0.0,0.0,0.0,0.0,0.0,0.0,0.0,0.0,0.0,0.0,0.0,0.0,0.0,0.0,0.0,0.0,0.0,0.0,0.0,0.0,0.0,0.0,0.0,0.0,0.0,0.0,0.0,0.0,0.0,0.0,0.0,0.0,0.0,0.0,0.0,0.0,0.0,0.0,0.0,0.0,0.0,0.0,0.0,0.0
75.0409099458349,52.96050724354381,103.26788044244527,407.0,324.0,4.210130059061621,88.66854913933304,0.9924739950200464,1.0855659623599836,0.6985521359261049,4.7456343571188055,4.0,1.0,16.0,4.729993662384243,1.2519033048098385,0.35552528508202264,0.43072677121047637,0.0,0.0,0.0,0.0,0.0,0.0,0.0,0.0,0.0,0.0,0.0,0.0,0.0,0.0,0.0,0.0,0.0,0.0,0.0,0.0,0.0,0.0,0.0,0.0,0.0,0.0,0.0,1.0,0.0,0.0,0.0,0.0,0.0,0.0,0.0,0.0,0.0,0.0,0.0,0.0,0.0,0.0,0.0,0.0,0.0,0.0,0.0,0.0,0.0,0.0,0.0
68.40783401900042,51.75834968354055,189.49188866192785,997.0,384.0,6.097864638885496,92.08616719567571,0.931810889002454,1.140750722207379,0.4792275818162639,4.655070993325942,7.0,6.0,16.0,4.627701391800649,1.3128960056141048,0.35171388110794394,0.527020176134682,0.0,0.0,0.0,0.0,0.0,0.0,0.0,0.0,0.0,0.0,0.0,0.0,0.0,0.0,0.0,0.0,0.0,0.0,0.0,0.0,0.0,0.0,0.0,0.0,0.0,0.0,0.0,0.0,0.0,1.0,0.0,0.0,0.0,0.0,0.0,0.0,0.0,0.0,0.0,0.0,0.0,0.0,0.0,0.0,0.0,0.0,0.0,0.0,0.0,0.0,0.0
72.26642830149876,51.29032416815713,145.8126882381985,776.0,526.0,4.243087073161364,75.55882378917633,0.7640150784742317,1.2094879572035864,0.8441902025444672,0.3678546432413943,5.0,1.0,3.0,4.583569440205536,1.2746878283957885,0.3940751131087607,0.22511098006068547,0.0,0.0,0.0,0.0,0.0,0.0,0.0,0.0,0.0,0.0,0.0,0.0,0.0,0.0,0.0,0.0,0.0,0.0,0.0,0.0,0.0,0.0,0.0,0.0,0.0,0.0,0.0,0.0,0.0,0.0,0.0,0.0,0.0,0.0,0.0,0.0,0.0,0.0,0.0,0.0,0.0,0.0,0.0,0.0,1.0,0.0,0.0,0.0,0.0,0.0,0.0
64.75113702390436,22.861139720268262,175.71388716748604,642.0,538.0,3.7326678942684337,87.67364230883351,0.8008320356530871,1.0985514072437943,0.537407827374409,1.7633220964731844,4.0,3.0,21.0,4.751913466656272,1.2181221041968067,0.3753537919017831,0.34180126341886313,0.0,0.0,0.0,0.0,0.0,0.0,0.0,0.0,0.0,0.0,0.0,0.0,1.0,0.0,0.0,0.0,0.0,0.0,0.0,0.0,0.0,0.0,0.0,0.0,0.0,0.0,0.0,0.0,0.0,0.0,0.0,0.0,0.0,0.0,0.0,0.0,0.0,0.0,0.0,0.0,0.0,0.0,0.0,0.0,0.0,0.0,0.0,0.0,0.0,0.0,0.0
69.25436555880816,36.09440847007184,70.40054381321114,558.0,106.0,5.292743127253255,80.77338909529742,0.9605872504787458,1.17886479530172,0.4771354609777575,4.4483775507258425,5.0,5.0,2.0,3.9512827120375658,1.2738310719485877,0.3091052278027658,0.5364531559608231,0.0,0.0,0.0,0.0,0.0,0.0,0.0,1.0,0.0,0.0,0.0,0.0,0.0,0.0,0.0,0.0,0.0,0.0,0.0,0.0,0.0,0.0,0.0,0.0,0.0,0.0,0.0,0.0,0.0,0.0,0.0,0.0,0.0,0.0,0.0,0.0,0.0,0.0,0.0,0.0,0.0,0.0,0.0,0.0,0.0,0.0,0.0,0.0,0.0,0.0,0.0
65.85661766445405,47.44232427140117,145.46140800751874,312.0,466.0,6.611323677435613,93.17442931316936,0.8585313567287819,1.1605438394820364,0.6605034393690601,8.651081736454925,7.0,5.0,11.0,4.545416539224614,1.5054816407687432,0.36812107595855786,0.676348961742943,0.0,0.0,0.0,0.0,0.0,0.0,0.0,0.0,0.0,0.0,0.0,0.0,0.0,0.0,0.0,0.0,1.0,0.0,0.0,0.0,0.0,0.0,0.0,0.0,0.0,0.0,0.0,0.0,0.0,0.0,0.0,0.0,0.0,0.0,0.0,0.0,0.0,0.0,0.0,0.0,0.0,0.0,0.0,0.0,0.0,0.0,0.0,0.0,0.0,0.0,0.0
67.6475880216941,36.73561697624277,105.6056604449276,997.0,450.0,4.021309083566454,71.84521796513698,0.8256976511012046,0.9018831491457954,0.4301274687726436,6.4742097753990535,5.0,4.0,6.0,4.257019622413002,1.24476218417378,0.36417402435232255,0.5148710679823667,0.0,0.0,0.0,0.0,0.0,0.0,0.0,0.0,0.0,0.0,0.0,0.0,0.0,0.0,0.0,0.0,0.0,0.0,1.0,0.0,0.0,0.0,0.0,0.0,0.0,0.0,0.0,0.0,0.0,0.0,0.0,0.0,0.0,0.0,0.0,0.0,0.0,0.0,0.0,0.0,0.0,0.0,0.0,0.0,0.0,0.0,0.0,0.0,0.0,0.0,0.0
67.59992253919553,27.63133704130899,107.83436329092352,1194.0,152.0,2.458533861085486,87.39112809588562,0.7332194838894011,0.9463238171042514,0.5931854835347234,5.083806895492335,6.0,0.0,11.0,4.615281962940423,1.456492642511222,0.39359691788424733,0.4131246626997326,0.0,0.0,0.0,0.0,0.0,0.0,0.0,0.0,0.0,0.0,0.0,0.0,0.0,0.0,0.0,0.0,0.0,0.0,0.0,0.0,0.0,0.0,0.0,0.0,0.0,0.0,0.0,0.0,0.0,0.0,0.0,0.0,0.0,0.0,0.0,0.0,0.0,0.0,0.0,0.0,0.0,1.0,0.0,0.0,0.0,0.0,0.0,0.0,0.0,0.0,0.0
76.97680987189834,35.86363228503889,99.27791834949907,1296.0,267.0,3.1041861421234973,80.87082407323182,0.9976599656798276,0.9485355071855978,0.6828701283263267,7.720816120734111,4.0,3.0,21.0,3.997926463052141,1.7931394327082908,0.3588280364196986,0.5162314884045783,0.0,0.0,0.0,0.0,0.0,0.0,0.0,0.0,0.0,0.0,0.0,0.0,0.0,0.0,0.0,0.0,0.0,0.0,0.0,0.0,0.0,0.0,0.0,0.0,1.0,0.0,0.0,0.0,0.0,0.0,0.0,0.0,0.0,0.0,0.0,0.0,0.0,0.0,0.0,0.0,0.0,0.0,0.0,0.0,0.0,0.0,0.0,0.0,0.0,0.0,0.0
77.00823648656318,45.02577831583683,74.97334596511794,1483.0,501.0,2.9856215380920084,94.5983548080755,0.9958768957195774,1.3182404005754813,0.9017993433449046,0.3536560599861715,7.0,4.0,3.0,4.3868359769440985,1.283790430945084,0.31662762334372013,0.2596023105238359,0.0,0.0,0.0,0.0,0.0,0.0,0.0,0.0,0.0,0.0,0.0,0.0,0.0,0.0,0.0,0.0,0.0,0.0,0.0,1.0,0.0,0.0,0.0,0.0,0.0,0.0,0.0,0.0,0.0,0.0,0.0,0.0,0.0,0.0,0.0,0.0,0.0,0.0,0.0,0.0,0.0,0.0,0.0,0.0,0.0,0.0,0.0,0.0,0.0,0.0,0.0
73.58178628557198,42.46420793072634,128.48169611862443,692.0,257.0,5.043425936580277,79.6456554002062,0.7693509397229404,1.2344578733407825,0.4462702357774282,7.803946480129617,6.0,3.0,20.0,4.33037186227535,1.3885910919811697,0.374297841978932,0.7424642955136208,0.0,0.0,0.0,0.0,0.0,0.0,0.0,0.0,0.0,0.0,0.0,0.0,1.0,0.0,0.0,0.0,0.0,0.0,0.0,0.0,0.0,0.0,0.0,0.0,0.0,0.0,0.0,0.0,0.0,0.0,0.0,0.0,0.0,0.0,0.0,0.0,0.0,0.0,0.0,0.0,0.0,0.0,0.0,0.0,0.0,0.0,0.0,0.0,0.0,0.0,0.0
73.30386821669921,45.80889060507963,70.33167760376068,839.0,578.0,6.109441292446604,89.6624984485264,0.875972278110202,1.0445596655792349,0.5544717928668531,9.01504363108213,4.0,1.0,6.0,4.172992436235552,0.9591835124026638,0.27317207613749117,0.6718996092073364,0.0,0.0,0.0,0.0,0.0,0.0,0.0,0.0,0.0,0.0,0.0,0.0,0.0,0.0,0.0,0.0,0.0,0.0,0.0,0.0,0.0,0.0,0.0,0.0,0.0,0.0,0.0,0.0,0.0,0.0,0.0,0.0,0.0,0.0,0.0,0.0,0.0,0.0,0.0,0.0,0.0,0.0,0.0,0.0,0.0,0.0,0.0,0.0,0.0,0.0,1.0
66.1625092705439,58.5478886323838,82.63857491077265,1318.0,464.0,6.134328150375788,89.8572840867943,0.7235630379014594,0.9769489578699108,0.779171511425617,2.391784173447084,5.0,4.0,0.0,4.425382108640761,1.518910405882471,0.3791306837409032,0.2316885382538914,0.0,0.0,0.0,0.0,0.0,0.0,0.0,0.0,0.0,0.0,0.0,0.0,0.0,0.0,0.0,0.0,0.0,0.0,0.0,0.0,0.0,0.0,0.0,0.0,0.0,0.0,0.0,0.0,0.0,0.0,0.0,0.0,0.0,0.0,0.0,0.0,0.0,0.0,0.0,0.0,0.0,1.0,0.0,0.0,0.0,0.0,0.0,0.0,0.0,0.0,0.0
69.90970444023029,20.526729863659,143.47476181538028,838.0,344.0,4.625323499665416,82.58544657454652,0.96988243091419,1.439395155089811,0.8288863608974112,1.0617992347287464,5.0,1.0,4.0,4.382983195401158,1.572847429074952,0.3705173772500231,0.3800058055188394,0.0,0.0,0.0,0.0,0.0,0.0,0.0,0.0,0.0,0.0,0.0,0.0,0.0,0.0,0.0,0.0,0.0,1.0,0.0,0.0,0.0,0.0,0.0,0.0,0.0,0.0,0.0,0.0,0.0,0.0,0.0,0.0,0.0,0.0,0.0,0.0,0.0,0.0,0.0,0.0,0.0,0.0,0.0,0.0,0.0,0.0,0.0,0.0,0.0,0.0,0.0
73.9898828092443,35.57527081995112,188.6445757398201,1078.0,107.0,5.082205644078236,86.9038629629699,0.8130578102589657,1.332553510791374,0.9315917491220748,8.963334746859848,4.0,6.0,21.0,4.1400861779971905,1.4883506021591604,0.3484430264241691,0.6875795168520782,1.0,0.0,0.0,0.0,0.0,0.0,0.0,0.0,0.0,0.0,0.0,0.0,0.0,0.0,0.0,0.0,0.0,0.0,0.0,0.0,0.0,0.0,0.0,0.0,0.0,0.0,0.0,0.0,0.0,0.0,0.0,0.0,0.0,0.0,0.0,0.0,0.0,0.0,0.0,0.0,0.0,0.0,0.0,0.0,0.0,0.0,0.0,0.0,0.0,0.0,0.0
74.22754990437859,44.0644916303229,192.35950450393267,389.0,524.0,2.88321970826078,79.02606561435117,0.7618926732674451,1.0802233651096416,0.4845811055404644,1.1435147525072942,4.0,3.0,10.0,4.963113699006741,1.363348764041886,0.42871395739288454,0.3192502601407663,0.0,0.0,0.0,0.0,0.0,0.0,0.0,0.0,0.0,0.0,0.0,0.0,0.0,0.0,0.0,0.0,1.0,0.0,0.0,0.0,0.0,0.0,0.0,0.0,0.0,0.0,0.0,0.0,0.0,0.0,0.0,0.0,0.0,0.0,0.0,0.0,0.0,0.0,0.0,0.0,0.0,0.0,0.0,0.0,0.0,0.0,0.0,0.0,0.0,0.0,0.0
69.14978899030729,21.019111202571462,73.35644251226609,862.0,417.0,5.082322045043423,74.89403557053842,0.9064178888423924,0.987122157036356,0.6365912870870951,3.8991264456401065,6.0,2.0,0.0,4.719850489509886,1.673827550038651,0.4310850349574416,0.35978468276237396,0.0,0.0,0.0,0.0,0.0,0.0,0.0,0.0,0.0,0.0,0.0,0.0,0.0,0.0,0.0,0.0,0.0,0.0,0.0,0.0,0.0,0.0,0.0,0.0,0.0,0.0,0.0,0.0,0.0,0.0,0.0,0.0,0.0,0.0,0.0,0.0,0.0,0.0,0.0,0.0,0.0,0.0,1.0,0.0,0.0,0.0,0.0,0.0,0.0,0.0,0.0
65.95908210694404,59.67904899129636,72.32992853094517,1015.0,532.0,2.713479889826645,83.45351943393761,0.940941688967342,1.0061468145603856,0.6730974012857559,9.699226506545967,4.0,2.0,8.0,4.392368800165654,1.609128654149384,0.37595281581094675,0.6473109448589708,0.0,0.0,0.0,0.0,0.0,0.0,0.0,0.0,0.0,0.0,0.0,0.0,0.0,0.0,1.0,0.0,0.0,0.0,0.0,0.0,0.0,0.0,0.0,0.0,0.0,0.0,0.0,0.0,0.0,0.0,0.0,0.0,0.0,0.0,0.0,0.0,0.0,0.0,0.0,0.0,0.0,0.0,0.0,0.0,0.0,0.0,0.0,0.0,0.0,0.0,0.0
71.96160592439652,37.04302124536214,62.88429093880077,1219.0,331.0,4.5985016053447785,71.65337287037265,0.8574306354038408,1.2929297152746164,0.8519241792495792,7.721972918143642,5.0,2.0,9.0,4.726198721301252,1.2524752768795175,0.4027856677852757,0.6322313755075881,0.0,0.0,0.0,0.0,0.0,0.0,0.0,0.0,0.0,0.0,0.0,0.0,0.0,0.0,0.0,0.0,0.0,0.0,0.0,0.0,0.0,0.0,0.0,0.0,0.0,0.0,0.0,0.0,0.0,0.0,0.0,0.0,1.0,0.0,0.0,0.0,0.0,0.0,0.0,0.0,0.0,0.0,0.0,0.0,0.0,0.0,0.0,0.0,0.0,0.0,0.0
77.82035190279049,21.662314222615606,191.0550155235291,751.0,273.0,5.825192580374457,78.9522506702111,0.7773531066705044,1.331806886881919,0.4036711774622048,6.675046403912602,6.0,2.0,18.0,4.2877175802793195,1.372455238656542,0.36964688072124724,0.7489246109176231,0.0,0.0,0.0,0.0,0.0,0.0,0.0,0.0,0.0,0.0,0.0,0.0,0.0,0.0,0.0,0.0,0.0,0.0,0.0,0.0,0.0,0.0,0.0,0.0,0.0,0.0,0.0,0.0,0.0,0.0,0.0,0.0,0.0,0.0,0.0,0.0,0.0,0.0,0.0,0.0,0.0,0.0,0.0,0.0,1.0,0.0,0.0,0.0,0.0,0.0,0.0
72.5946084140655,47.509689244820485,58.68085657713392,1002.0,474.0,2.3641846526703807,79.2171249728885,0.8491626633860239,1.2209282075199916,0.517621099292992,2.3419114329150634,5.0,4.0,12.0,4.415862959544793,1.3980158282430042,0.3754832889915477,0.43860244326693354,0.0,0.0,0.0,0.0,0.0,0.0,0.0,0.0,0.0,0.0,0.0,1.0,0.0,0.0,0.0,0.0,0.0,0.0,0.0,0.0,0.0,0.0,0.0,0.0,0.0,0.0,0.0,0.0,0.0,0.0,0.0,0.0,0.0,0.0,0.0,0.0,0.0,0.0,0.0,0.0,0.0,0.0,0.0,0.0,0.0,0.0,0.0,0.0,0.0,0.0,0.0
69.74931183942722,56.470693197868215,159.04441111461654,1002.0,159.0,2.842817875402489,75.98851972468054,0.7297200401162446,1.281301774635492,0.7489030462168181,1.4350321221567142,7.0,1.0,22.0,4.493694760435145,1.318459323258952,0.39303477105487034,0.3462505834890685,0.0,0.0,0.0,0.0,0.0,0.0,0.0,0.0,0.0,0.0,0.0,0.0,0.0,0.0,0.0,0.0,0.0,0.0,0.0,0.0,0.0,1.0,0.0,0.0,0.0,0.0,0.0,0.0,0.0,0.0,0.0,0.0,0.0,0.0,0.0,0.0,0.0,0.0,0.0,0.0,0.0,0.0,0.0,0.0,0.0,0.0,0.0,0.0,0.0,0.0,0.0
69.38627432835139,38.98334623473783,101.81069196934422,1448.0,158.0,4.531252056753383,87.9863335476534,0.8817774502137494,0.9411375545201374,0.7399163632523098,1.2708942153697245,4.0,5.0,9.0,4.293240129128279,0.9591835124026638,0.293831188089531,0.17078730805932169,0.0,0.0,0.0,0.0,0.0,0.0,0.0,0.0,0.0,0.0,0.0,0.0,0.0,0.0,0.0,0.0,0.0,0.0,0.0,0.0,0.0,0.0,0.0,0.0,0.0,0.0,0.0,0.0,0.0,0.0,0.0,0.0,0.0,0.0,0.0,0.0,0.0,0.0,0.0,0.0,0.0,0.0,0.0,0.0,0.0,0.0,0.0,0.0,0.0,0.0,1.0
71.34647982590307,31.33264713144687,63.94170340303703,532.0,253.0,5.581389127817291,80.45958477521948,0.8168480598578693,0.9674635243997424,0.4379252193736169,1.2999210238369951,4.0,3.0,18.0,3.678582896934127,1.8473826609583988,0.3587866428238747,0.2862122415176948,0.0,0.0,0.0,0.0,0.0,0.0,0.0,0.0,0.0,0.0,0.0,0.0,0.0,0.0,0.0,0.0,0.0,0.0,0.0,0.0,0.0,0.0,0.0,0.0,0.0,0.0,0.0,0.0,0.0,0.0,0.0,0.0,0.0,0.0,0.0,0.0,0.0,0.0,0.0,1.0,0.0,0.0,0.0,0.0,0.0,0.0,0.0,0.0,0.0,0.0,0.0
69.88104803219564,56.79731552285824,162.94860085360943,1264.0,553.0,5.6873332636882505,80.23226729899913,0.7029205848709216,1.29428192137134,0.8472422490693411,8.03494388588386,3.0,2.0,21.0,3.678582896934127,0.9591835124026638,0.26514412203819004,0.6501293446894054,0.0,0.0,0.0,0.0,0.0,0.0,0.0,0.0,0.0,0.0,0.0,0.0,0.0,0.0,0.0,0.0,0.0,0.0,0.0,0.0,0.0,0.0,0.0,0.0,0.0,0.0,0.0,1.0,0.0,0.0,0.0,0.0,0.0,0.0,0.0,0.0,0.0,0.0,0.0,0.0,0.0,0.0,0.0,0.0,0.0,0.0,0.0,0.0,0.0,0.0,0.0
73.46752280806741,36.474636009094986,105.90930042524889,573.0,303.0,2.498713679636353,80.2190289625601,0.7709300043052685,0.9419395557215148,0.687204253079448,0.6508655985356782,4.0,4.0,2.0,4.876969519441089,1.5115162167372451,0.43210463268923066,0.15776148152454256,0.0,0.0,0.0,0.0,0.0,0.0,0.0,0.0,0.0,0.0,0.0,0.0,0.0,0.0,0.0,0.0,0.0,0.0,0.0,0.0,0.0,0.0,1.0,0.0,0.0,0.0,0.0,0.0,0.0,0.0,0.0,0.0,0.0,0.0,0.0,0.0,0.0,0.0,0.0,0.0,0.0,0.0,0.0,0.0,0.0,0.0,0.0,0.0,0.0,0.0,0.0
72.74980960715999,23.68673842486096,192.1020230435346,325.0,135.0,2.140248839174013,91.1807373768106,0.984983513570641,1.1302198033846755,0.831642526257502,5.509093800500669,6.0,0.0,6.0,4.096668865887985,1.5837683997669307,0.328043875977271,0.44685100369012015,0.0,0.0,0.0,0.0,0.0,0.0,0.0,0.0,0.0,0.0,0.0,0.0,0.0,0.0,0.0,0.0,0.0,0.0,0.0,0.0,0.0,0.0,0.0,0.0,0.0,0.0,0.0,0.0,1.0,0.0,0.0,0.0,0.0,0.0,0.0,0.0,0.0,0.0,0.0,0.0,0.0,0.0,0.0,0.0,0.0,0.0,0.0,0.0,0.0,0.0,0.0
66.00594886029933,33.01520805963145,156.49742613047664,856.0,446.0,4.189853226666681,82.01782268663297,0.9556352789274845,1.1073493955141749,0.82634066119541,6.131954997850389,4.0,3.0,10.0,4.691909501519125,1.3463182934287288,0.3782242690936754,0.46833693700891943,0.0,0.0,0.0,0.0,0.0,0.0,0.0,0.0,0.0,0.0,0.0,0.0,0.0,0.0,0.0,0.0,0.0,0.0,1.0,0.0,0.0,0.0,0.0,0.0,0.0,0.0,0.0,0.0,0.0,0.0,0.0,0.0,0.0,0.0,0.0,0.0,0.0,0.0,0.0,0.0,0.0,0.0,0.0,0.0,0.0,0.0,0.0,0.0,0.0,0.0,0.0
76.16352883189515,27.462282728449065,53.43381233365697,1285.0,216.0,3.855650473378313,79.97339507870738,0.9898464679982996,1.3646253581186891,0.8204385080962213,1.412651223459479,5.0,1.0,21.0,4.3477466346815765,1.6282211411622047,0.3759779831588718,0.36295726987936355,0.0,0.0,0.0,0.0,0.0,0.0,0.0,0.0,0.0,0.0,0.0,0.0,0.0,0.0,1.0,0.0,0.0,0.0,0.0,0.0,0.0,0.0,0.0,0.0,0.0,0.0,0.0,0.0,0.0,0.0,0.0,0.0,0.0,0.0,0.0,0.0,0.0,0.0,0.0,0.0,0.0,0.0,0.0,0.0,0.0,0.0,0.0,0.0,0.0,0.0,0.0
67.99207063374587,48.877240249964586,168.86701029833904,543.0,359.0,4.332763205723643,85.31775639268945,0.7992038398746066,0.9956838983212724,0.5106609399419518,8.38432991977658,5.0,4.0,15.0,4.40558433046095,1.553117016764378,0.38219569964430156,0.6305046821795369,0.0,0.0,0.0,0.0,0.0,0.0,0.0,0.0,0.0,0.0,1.0,0.0,0.0,0.0,0.0,0.0,0.0,0.0,0.0,0.0,0.0,0.0,0.0,0.0,0.0,0.0,0.0,0.0,0.0,0.0,0.0,0.0,0.0,0.0,0.0,0.0,0.0,0.0,0.0,0.0,0.0,0.0,0.0,0.0,0.0,0.0,0.0,0.0,0.0,0.0,0.0
65.63445263867185,30.680343986296226,61.39700924410409,825.0,257.0,3.967212175948996,90.9148060195064,0.8634891057485113,0.9405973225682724,0.6124091698275673,3.1921785546209422,6.0,6.0,20.0,4.4315119206641596,1.431705778035694,0.3552282438511896,0.30920070440479297,0.0,0.0,0.0,0.0,0.0,0.0,0.0,0.0,0.0,0.0,0.0,0.0,0.0,0.0,0.0,0.0,0.0,0.0,0.0,0.0,0.0,0.0,0.0,1.0,0.0,0.0,0.0,0.0,0.0,0.0,0.0,0.0,0.0,0.0,0.0,0.0,0.0,0.0,0.0,0.0,0.0,0.0,0.0,0.0,0.0,0.0,0.0,0.0,0.0,0.0,0.0
65.25282467922133,57.38173767890399,108.267670827072,1354.0,473.0,3.785222576444375,82.4518904958081,0.7932613455649328,1.3029119980338866,0.6320912461562943,7.73829420209939,5.0,0.0,5.0,4.0906158923596525,1.5503558068019518,0.3609590128565741,0.7114184530141227,0.0,0.0,0.0,0.0,0.0,0.0,0.0,0.0,0.0,0.0,0.0,0.0,0.0,0.0,0.0,0.0,0.0,0.0,0.0,0.0,0.0,0.0,0.0,0.0,0.0,0.0,0.0,0.0,0.0,0.0,0.0,0.0,0.0,0.0,0.0,0.0,0.0,0.0,0.0,1.0,0.0,0.0,0.0,0.0,0.0,0.0,0.0,0.0,0.0,0.0,0.0
69.96163389370952,34.405175320635834,189.74374725438395,310.0,198.0,5.345342041315017,93.10518371271314,0.8895840556068493,1.0136318825988493,0.9602502977390242,7.784858075415219,5.0,0.0,1.0,4.5409906579893455,1.5570253315830171,0.3696919553414566,0.45943391888770124,0.0,0.0,0.0,0.0,0.0,0.0,0.0,0.0,0.0,0.0,1.0,0.0,0.0,0.0,0.0,0.0,0.0,0.0,0.0,0.0,0.0,0.0,0.0,0.0,0.0,0.0,0.0,0.0,0.0,0.0,0.0,0.0,0.0,0.0,0.0,0.0,0.0,0.0,0.0,0.0,0.0,0.0,0.0,0.0,0.0,0.0,0.0,0.0,0.0,0.0,0.0
62.66046456917476,28.484276629950752,58.81112679159466,952.0,323.0,4.614604580759733,73.63351032474365,0.7451244860255607,1.0869745013324656,0.5892967353324132,8.91772137230861,6.0,4.0,11.0,4.479927270470735,1.356390062573438,0.39863261507059833,0.676635198414649,0.0,0.0,0.0,0.0,0.0,0.0,0.0,0.0,0.0,0.0,0.0,0.0,0.0,0.0,0.0,0.0,0.0,0.0,0.0,0.0,0.0,1.0,0.0,0.0,0.0,0.0,0.0,0.0,0.0,0.0,0.0,0.0,0.0,0.0,0.0,0.0,0.0,0.0,0.0,0.0,0.0,0.0,0.0,0.0,0.0,0.0,0.0,0.0,0.0,0.0,0.0
71.51385713244484,55.99554427861887,98.04558001368568,303.0,134.0,6.935822082025939,73.86088235816965,0.7381295870584401,1.2070835461924538,0.7735080960880572,8.487558320220044,6.0,5.0,17.0,4.748352696067326,1.2110179961564225,0.4082626545294782,0.6537425528660507,0.0,0.0,0.0,0.0,0.0,0.0,0.0,0.0,0.0,0.0,0.0,0.0,0.0,0.0,0.0,1.0,0.0,0.0,0.0,0.0,0.0,0.0,0.0,0.0,0.0,0.0,0.0,0.0,0.0,0.0,0.0,0.0,0.0,0.0,0.0,0.0,0.0,0.0,0.0,0.0,0.0,0.0,0.0,0.0,0.0,0.0,0.0,0.0,0.0,0.0,0.0
66.6927620006857,29.11789514256265,88.94220280939146,580.0,465.0,2.060973433148239,88.81913728919244,0.9035391444473784,1.0402742942479883,0.9938367868212687,9.071485096851532,6.0,6.0,1.0,4.555970254974408,1.6498698997686658,0.38703141632308863,0.5259302764309577,0.0,0.0,0.0,0.0,0.0,0.0,0.0,0.0,0.0,0.0,0.0,0.0,0.0,0.0,0.0,0.0,0.0,0.0,0.0,0.0,0.0,0.0,0.0,0.0,0.0,0.0,0.0,0.0,0.0,0.0,0.0,0.0,0.0,0.0,0.0,0.0,0.0,0.0,0.0,1.0,0.0,0.0,0.0,0.0,0.0,0.0,0.0,0.0,0.0,0.0,0.0
75.3012143094438,30.694188886905543,109.8861762384307,629.0,508.0,4.514442462163398,73.12012417479194,0.8275724683243371,1.4814199044214886,0.709945028544149,9.34547078019987,4.0,3.0,22.0,4.904856216154757,1.5694829564122,0.4485897151740701,0.8551852292104419,0.0,0.0,0.0,0.0,0.0,0.0,0.0,0.0,0.0,0.0,0.0,0.0,0.0,0.0,0.0,0.0,0.0,0.0,0.0,0.0,0.0,0.0,1.0,0.0,0.0,0.0,0.0,0.0,0.0,0.0,0.0,0.0,0.0,0.0,0.0,0.0,0.0,0.0,0.0,0.0,0.0,0.0,0.0,0.0,0.0,0.0,0.0,0.0,0.0,0.0,0.0
63.85312007501175,56.89774843057406,55.80956756094562,793.0,202.0,2.045920356414599,86.2675442690933,0.8261000271934773,0.9965403442043969,0.8152861314393751,1.914060091747476,4.0,0.0,22.0,5.107971981186877,1.3650196260541838,0.4205249928730183,0.20553845523471834,0.0,0.0,0.0,0.0,0.0,0.0,0.0,0.0,0.0,0.0,0.0,0.0,0.0,0.0,1.0,0.0,0.0,0.0,0.0,0.0,0.0,0.0,0.0,0.0,0.0,0.0,0.0,0.0,0.0,0.0,0.0,0.0,0.0,0.0,0.0,0.0,0.0,0.0,0.0,0.0,0.0,0.0,0.0,0.0,0.0,0.0,0.0,0.0,0.0,0.0,0.0
78.34237226467712,53.36109595102908,85.81370881491526,402.0,395.0,3.6179584944583953,79.92663114046513,0.7826489703232349,0.9043651998034512,0.9906038978226012,4.023320452954397,6.0,3.0,19.0,5.026982755119946,1.5976775553837468,0.4527459853940384,0.2064188126296591,0.0,0.0,0.0,0.0,0.0,0.0,0.0,0.0,0.0,0.0,0.0,0.0,0.0,0.0,0.0,0.0,0.0,0.0,0.0,0.0,0.0,0.0,0.0,0.0,0.0,0.0,0.0,0.0,0.0,0.0,0.0,0.0,0.0,0.0,0.0,1.0,0.0,0.0,0.0,0.0,0.0,0.0,0.0,0.0,0.0,0.0,0.0,0.0,0.0,0.0,0.0
66.1428644938473,31.533839583268595,101.65214852575228,727.0,351.0,5.235787922469718,70.12929393848341,0.915770608386068,1.4068300232711302,0.4272290745757227,2.860294119719484,5.0,6.0,23.0,4.748980869793631,1.3941825891653585,0.41550425975606775,0.5877515426698652,0.0,0.0,0.0,0.0,0.0,0.0,0.0,0.0,0.0,0.0,0.0,0.0,0.0,0.0,0.0,0.0,0.0,0.0,0.0,0.0,0.0,0.0,0.0,0.0,0.0,0.0,0.0,0.0,0.0,0.0,0.0,0.0,0.0,0.0,0.0,0.0,0.0,0.0,0.0,0.0,0.0,0.0,0.0,0.0,0.0,0.0,0.0,0.0,0.0,1.0,0.0
70.13097642112034,31.765124663356023,140.02590552968098,1302.0,289.0,4.655816023861511,73.54855446525929,0.8988910912176439,1.4896492265606158,0.4035037729398485,8.49098672328499,4.0,1.0,2.0,4.842952658480163,1.8022623097697543,0.45746084465806064,0.9188345867561154,0.0,0.0,0.0,0.0,0.0,0.0,0.0,0.0,0.0,0.0,0.0,0.0,0.0,0.0,0.0,0.0,0.0,0.0,0.0,0.0,0.0,0.0,0.0,0.0,0.0,0.0,0.0,0.0,0.0,0.0,0.0,0.0,0.0,0.0,0.0,0.0,0.0,0.0,0.0,0.0,0.0,0.0,0.0,0.0,0.0,0.0,0.0,1.0,0.0,0.0,0.0
70.10073489616177,45.22957836171582,150.13460086155186,1419.0,364.0,3.5131540319543464,92.2817308654017,0.8954615038473301,1.114166530278855,0.465448427904433,7.492056475127217,4.0,1.0,6.0,4.678144343942582,1.0826656756208046,0.33734789725015757,0.6602534308280401,0.0,0.0,0.0,0.0,0.0,0.0,0.0,0.0,0.0,0.0,0.0,1.0,0.0,0.0,0.0,0.0,0.0,0.0,0.0,0.0,0.0,0.0,0.0,0.0,0.0,0.0,0.0,0.0,0.0,0.0,0.0,0.0,0.0,0.0,0.0,0.0,0.0,0.0,0.0,0.0,0.0,0.0,0.0,0.0,0.0,0.0,0.0,0.0,0.0,0.0,0.0
68.44197281237538,45.67852879238988,83.66908940962801,491.0,274.0,5.641331137545763,76.95257974395092,0.788774609423211,1.2159303347816597,0.95020473731266,2.2857859544880013,4.0,2.0,21.0,4.233006438093565,1.5615578314194156,0.3858171627406454,0.28890801998640164,0.0,0.0,0.0,0.0,0.0,0.0,0.0,0.0,0.0,0.0,0.0,0.0,0.0,0.0,0.0,0.0,0.0,0.0,0.0,0.0,0.0,0.0,0.0,0.0,0.0,0.0,0.0,0.0,0.0,0.0,0.0,0.0,0.0,0.0,0.0,0.0,0.0,0.0,1.0,0.0,0.0,0.0,0.0,0.0,0.0,0.0,0.0,0.0,0.0,0.0,0.0
70.31162490797593,49.35288820248572,153.33155561680042,588.0,585.0,5.950737086533758,71.63586599223203,0.8532682303364711,1.434922363714136,0.6134124311155481,9.663927285699764,6.0,2.0,4.0,4.3834935721101855,1.4669963472449437,0.3940158043520883,0.8800663820367107,0.0,0.0,0.0,0.0,0.0,0.0,0.0,0.0,0.0,0.0,0.0,0.0,0.0,0.0,0.0,0.0,0.0,0.0,0.0,0.0,0.0,0.0,0.0,0.0,1.0,0.0,0.0,0.0,0.0,0.0,0.0,0.0,0.0,0.0,0.0,0.0,0.0,0.0,0.0,0.0,0.0,0.0,0.0,0.0,0.0,0.0,0.0,0.0,0.0,0.0,0.0
61.61588127983335,36.62530457111736,141.50246075093878,1081.0,166.0,5.694092101366564,94.93012774659478,0.8197116144009023,0.9729158172926752,0.5913985904536174,6.856526638947064,5.0,2.0,17.0,4.560297057363516,1.5126066798644082,0.3704616623061641,0.515722566772744,0.0,0.0,0.0,0.0,0.0,0.0,0.0,0.0,0.0,1.0,0.0,0.0,0.0,0.0,0.0,0.0,0.0,0.0,0.0,0.0,0.0,0.0,0.0,0.0,0.0,0.0,0.0,0.0,0.0,0.0,0.0,0.0,0.0,0.0,0.0,0.0,0.0,0.0,0.0,0.0,0.0,0.0,0.0,0.0,0.0,0.0,0.0,0.0,0.0,0.0,0.0
66.98623234744757,47.63576604633664,190.97961717355489,1124.0,149.0,5.623376847274017,83.67553271010198,0.847467445585378,0.9071805532154372,0.6216123025975927,5.7750743702441785,5.0,2.0,13.0,4.261858973571274,1.3893635544598142,0.35256202077484067,0.41863085024061086,0.0,0.0,0.0,0.0,0.0,0.0,1.0,0.0,0.0,0.0,0.0,0.0,0.0,0.0,0.0,0.0,0.0,0.0,0.0,0.0,0.0,0.0,0.0,0.0,0.0,0.0,0.0,0.0,0.0,0.0,0.0,0.0,0.0,0.0,0.0,0.0,0.0,0.0,0.0,0.0,0.0,0.0,0.0,0.0,0.0,0.0,0.0,0.0,0.0,0.0,0.0
72.23455793577467,52.71955303515506,56.49987985887881,1146.0,587.0,4.108779127681828,94.01280939978147,0.9378683357711334,1.2058414289093555,0.9167468664335808,4.141362476484813,6.0,0.0,8.0,4.754248233147391,1.3208122982641872,0.35897878344412165,0.38786369779543545,0.0,0.0,0.0,0.0,0.0,0.0,0.0,0.0,0.0,0.0,0.0,0.0,0.0,0.0,0.0,1.0,0.0,0.0,0.0,0.0,0.0,0.0,0.0,0.0,0.0,0.0,0.0,0.0,0.0,0.0,0.0,0.0,0.0,0.0,0.0,0.0,0.0,0.0,0.0,0.0,0.0,0.0,0.0,0.0,0.0,0.0,0.0,0.0,0.0,0.0,0.0
66.61343501106326,22.626684864360406,92.95295472121964,432.0,388.0,5.14402498696961,71.159572134005,0.828283575265713,1.2831063968135306,0.9528973319415402,9.094157162788004,4.0,1.0,10.0,4.943463084056191,1.3692474076173595,0.4366678777710349,0.6622654941690089,0.0,0.0,0.0,0.0,0.0,0.0,0.0,0.0,0.0,0.0,0.0,0.0,0.0,0.0,0.0,0.0,0.0,0.0,0.0,0.0,0.0,0.0,0.0,0.0,0.0,0.0,0.0,0.0,0.0,0.0,0.0,0.0,0.0,0.0,0.0,0.0,0.0,0.0,0.0,0.0,0.0,0.0,0.0,0.0,0.0,0.0,0.0,0.0,0.0,1.0,0.0
66.74387243122148,33.10494738275752,91.92122863108514,968.0,549.0,6.180690358415748,70.74143453249569,0.8516037576158226,1.3148976079527226,0.8658542341464859,7.602171527784055,7.0,3.0,0.0,4.334807474263512,1.3112290140572092,0.3768791139009821,0.6325828493912702,0.0,0.0,0.0,0.0,0.0,0.0,0.0,0.0,0.0,0.0,0.0,0.0,0.0,0.0,0.0,0.0,0.0,0.0,0.0,0.0,0.0,0.0,0.0,0.0,0.0,0.0,0.0,0.0,0.0,0.0,0.0,0.0,0.0,0.0,0.0,0.0,0.0,0.0,0.0,0.0,1.0,0.0,0.0,0.0,0.0,0.0,0.0,0.0,0.0,0.0,0.0
70.26847800284929,39.14521560295217,81.76764076288251,869.0,436.0,3.631947696429029,94.8587044080288,0.7865905727609263,1.1364733802387352,0.5537302041588044,5.965159138906623,6.0,6.0,19.0,4.6442035590142865,1.4681592466395899,0.3769452546608143,0.5655584150389096,0.0,0.0,0.0,0.0,0.0,0.0,0.0,0.0,0.0,0.0,0.0,0.0,0.0,0.0,0.0,0.0,0.0,0.0,0.0,0.0,0.0,0.0,0.0,0.0,0.0,0.0,0.0,0.0,0.0,0.0,0.0,0.0,0.0,0.0,0.0,0.0,0.0,0.0,0.0,0.0,0.0,1.0,0.0,0.0,0.0,0.0,0.0,0.0,0.0,0.0,0.0
72.16614327352801,48.19275771042089,57.3020168022516,327.0,251.0,2.634323596537768,80.15916196663962,0.8694119833690033,1.2944382334701228,0.6818838393713793,4.582036782706551,5.0,5.0,3.0,4.607538517530309,1.4973522481184944,0.39767162835531633,0.5326447747110526,0.0,0.0,0.0,0.0,0.0,0.0,0.0,0.0,0.0,1.0,0.0,0.0,0.0,0.0,0.0,0.0,0.0,0.0,0.0,0.0,0.0,0.0,0.0,0.0,0.0,0.0,0.0,0.0,0.0,0.0,0.0,0.0,0.0,0.0,0.0,0.0,0.0,0.0,0.0,0.0,0.0,0.0,0.0,0.0,0.0,0.0,0.0,0.0,0.0,0.0,0.0
73.90196345432238,32.90587301470296,174.97074017168077,414.0,222.0,4.208724041355856,70.26060642258868,0.7964964180797661,1.0609114020703625,0.6983669306352034,3.837985869433143,7.0,3.0,23.0,4.457862225858783,1.3630601826250297,0.39896564774094084,0.3730378284594583,0.0,0.0,0.0,0.0,0.0,0.0,0.0,0.0,0.0,0.0,0.0,0.0,0.0,0.0,0.0,0.0,0.0,0.0,0.0,0.0,0.0,0.0,0.0,0.0,0.0,0.0,0.0,1.0,0.0,0.0,0.0,0.0,0.0,0.0,0.0,0.0,0.0,0.0,0.0,0.0,0.0,0.0,0.0,0.0,0.0,0.0,0.0,0.0,0.0,0.0,0.0
77.1684544459705,48.44824820909282,93.87895523144944,300.0,544.0,3.4689856441108624,91.9105520560254,0.7845246661438878,1.0814409116847563,0.5129310566570419,2.1848241354124243,6.0,5.0,12.0,4.392512558610675,1.380058811341733,0.3528219120161151,0.36249572723671825,1.0,0.0,0.0,0.0,0.0,0.0,0.0,0.0,0.0,0.0,0.0,0.0,0.0,0.0,0.0,0.0,0.0,0.0,0.0,0.0,0.0,0.0,0.0,0.0,0.0,0.0,0.0,0.0,0.0,0.0,0.0,0.0,0.0,0.0,0.0,0.0,0.0,0.0,0.0,0.0,0.0,0.0,0.0,0.0,0.0,0.0,0.0,0.0,0.0,0.0,0.0
63.97087465300248,33.9700499001349,146.5256269973997,1039.0,545.0,3.636868788298522,93.5258771860635,0.7742777112892097,1.3958164084904927,0.8005497725538034,0.829200415473339,5.0,2.0,19.0,5.128848115119016,1.6097988714502338,0.43637083504373747,0.35601550759401207,0.0,0.0,0.0,0.0,0.0,0.0,0.0,0.0,0.0,0.0,0.0,0.0,0.0,0.0,0.0,0.0,0.0,0.0,0.0,0.0,0.0,0.0,0.0,0.0,0.0,0.0,0.0,0.0,0.0,0.0,0.0,0.0,0.0,0.0,0.0,1.0,0.0,0.0,0.0,0.0,0.0,0.0,0.0,0.0,0.0,0.0,0.0,0.0,0.0,0.0,0.0
56.79481633439222,47.98451963607006,176.29452248917633,1179.0,412.0,2.359370540167223,89.91716328104641,0.8066733611422054,1.127428480072487,0.6167379484385437,6.38388048980875,4.0,1.0,18.0,3.6858979359127404,0.9591835124026638,0.26514412203819004,0.5609505383957714,0.0,0.0,0.0,0.0,0.0,0.0,0.0,0.0,0.0,0.0,0.0,0.0,0.0,0.0,0.0,0.0,0.0,0.0,0.0,0.0,0.0,0.0,0.0,0.0,0.0,0.0,0.0,0.0,0.0,0.0,0.0,0.0,1.0,0.0,0.0,0.0,0.0,0.0,0.0,0.0,0.0,0.0,0.0,0.0,0.0,0.0,0.0,0.0,0.0,0.0,0.0
65.09740744348305,32.91248374266158,92.69764410492,1171.0,371.0,4.171443204519903,83.67965351119074,0.9153482876928436,1.29980963413631,0.8376750409885462,6.975160188095763,4.0,0.0,10.0,5.001931081882328,1.0862594762562572,0.3809698374190746,0.6030663654467182,0.0,0.0,0.0,0.0,0.0,0.0,0.0,0.0,0.0,0.0,0.0,0.0,0.0,0.0,0.0,1.0,0.0,0.0,0.0,0.0,0.0,0.0,0.0,0.0,0.0,0.0,0.0,0.0,0.0,0.0,0.0,0.0,0.0,0.0,0.0,0.0,0.0,0.0,0.0,0.0,0.0,0.0,0.0,0.0,0.0,0.0,0.0,0.0,0.0,0.0,0.0
77.53697750792674,24.029123331043166,145.3560662249618,520.0,573.0,5.574981012621476,94.84491819527786,0.782403567879861,0.9042688357585846,0.8779886398868182,0.0119021791709139,5.0,1.0,9.0,4.4008986792858105,1.319746291556479,0.3421336492165747,0.04326021015563183,0.0,0.0,0.0,0.0,0.0,0.0,0.0,0.0,0.0,0.0,0.0,0.0,0.0,0.0,0.0,0.0,0.0,0.0,0.0,0.0,0.0,0.0,0.0,0.0,0.0,0.0,0.0,0.0,0.0,0.0,0.0,0.0,0.0,0.0,0.0,0.0,0.0,0.0,0.0,0.0,1.0,0.0,0.0,0.0,0.0,0.0,0.0,0.0,0.0,0.0,0.0
70.00101928116511,24.76958961318971,104.56212303494613,1406.0,322.0,4.963785900742661,81.67222151207145,0.7364459131987038,0.9113330018322638,0.7589374032905092,6.929669650131132,4.0,1.0,20.0,4.652062916264771,1.5213328431826703,0.4140907534070728,0.43264010022248267,0.0,0.0,0.0,0.0,0.0,0.0,0.0,0.0,0.0,0.0,0.0,0.0,0.0,0.0,0.0,0.0,0.0,0.0,0.0,0.0,0.0,0.0,0.0,0.0,0.0,0.0,0.0,1.0,0.0,0.0,0.0,0.0,0.0,0.0,0.0,0.0,0.0,0.0,0.0,0.0,0.0,0.0,0.0,0.0,0.0,0.0,0.0,0.0,0.0,0.0,0.0
66.76897200677358,52.48329309116533,127.56191682602405,939.0,299.0,3.17819786867928,90.22420706717551,0.7709584951821233,1.1547725587234705,0.6262231149705116,6.375968647385731,6.0,5.0,8.0,4.393698624902122,1.4139250233850795,0.36088747717927333,0.5710743876715257,0.0,0.0,0.0,0.0,0.0,0.0,0.0,0.0,0.0,0.0,0.0,0.0,0.0,0.0,0.0,0.0,0.0,0.0,0.0,0.0,1.0,0.0,0.0,0.0,0.0,0.0,0.0,0.0,0.0,0.0,0.0,0.0,0.0,0.0,0.0,0.0,0.0,0.0,0.0,0.0,0.0,0.0,0.0,0.0,0.0,0.0,0.0,0.0,0.0,0.0,0.0
76.30064333848644,54.42704631634432,126.66003059695932,1362.0,575.0,4.075243290478967,72.49058055120302,0.8852904708362315,1.2487955914221938,0.9252759366689688,6.297879938000927,5.0,0.0,7.0,4.158870983628465,1.6038631006050255,0.38270328414963745,0.5144096759186677,0.0,0.0,0.0,0.0,0.0,0.0,0.0,0.0,0.0,0.0,0.0,0.0,0.0,0.0,0.0,0.0,0.0,0.0,0.0,0.0,0.0,0.0,0.0,0.0,0.0,0.0,0.0,0.0,1.0,0.0,0.0,0.0,0.0,0.0,0.0,0.0,0.0,0.0,0.0,0.0,0.0,0.0,0.0,0.0,0.0,0.0,0.0,0.0,0.0,0.0,0.0
70.68478135170534,51.38740417059182,194.7876692062829,444.0,515.0,3.397837441067333,84.14253140891245,0.9277192880424354,1.0633168493520186,0.6777310377490107,0.618816321831801,7.0,1.0,14.0,4.68727762423941,1.5466497273604347,0.3954921265230056,0.22006870418837599,0.0,0.0,0.0,0.0,0.0,0.0,0.0,0.0,0.0,0.0,0.0,0.0,0.0,0.0,0.0,0.0,0.0,0.0,0.0,0.0,0.0,0.0,0.0,0.0,0.0,0.0,0.0,0.0,0.0,0.0,0.0,0.0,0.0,0.0,0.0,0.0,0.0,0.0,0.0,0.0,0.0,0.0,1.0,0.0,0.0,0.0,0.0,0.0,0.0,0.0,0.0
72.00136298773515,42.29340133716353,95.3014910644626,848.0,309.0,2.308389797883169,72.89442503534038,0.8199664883356617,0.947900673077051,0.7213438696904304,3.522441689852045,6.0,0.0,18.0,4.91031231686183,1.5992542748938279,0.45311709326012084,0.29302013292112894,0.0,0.0,0.0,0.0,0.0,0.0,0.0,0.0,0.0,0.0,0.0,0.0,0.0,0.0,0.0,0.0,0.0,0.0,0.0,0.0,0.0,0.0,0.0,0.0,0.0,0.0,0.0,0.0,0.0,0.0,0.0,0.0,0.0,0.0,0.0,1.0,0.0,0.0,0.0,0.0,0.0,0.0,0.0,0.0,0.0,0.0,0.0,0.0,0.0,0.0,0.0
71.10012309230414,58.26135500331615,175.84217589253686,1246.0,200.0,2.6879695926074563,74.53492878673978,0.8304518441606997,1.4994267294683097,0.9233318751205716,9.916404791072628,6.0,4.0,6.0,4.37109498526133,1.3394436158631848,0.3772462960656378,0.8215395312301625,1.0,0.0,0.0,0.0,0.0,0.0,0.0,0.0,0.0,0.0,0.0,0.0,0.0,0.0,0.0,0.0,0.0,0.0,0.0,0.0,0.0,0.0,0.0,0.0,0.0,0.0,0.0,0.0,0.0,0.0,0.0,0.0,0.0,0.0,0.0,0.0,0.0,0.0,0.0,0.0,0.0,0.0,0.0,0.0,0.0,0.0,0.0,0.0,0.0,0.0,0.0
74.18264775018758,24.69765139895771,131.4683817242971,335.0,445.0,4.606556187542316,72.18721577419733,0.9583371227422977,1.150475218180112,0.9628827449526266,3.5285529600439194,4.0,6.0,17.0,5.236687793744402,1.232090762052985,0.44426394184668416,0.31409427622090097,0.0,0.0,0.0,0.0,0.0,0.0,0.0,0.0,0.0,0.0,0.0,0.0,0.0,1.0,0.0,0.0,0.0,0.0,0.0,0.0,0.0,0.0,0.0,0.0,0.0,0.0,0.0,0.0,0.0,0.0,0.0,0.0,0.0,0.0,0.0,0.0,0.0,0.0,0.0,0.0,0.0,0.0,0.0,0.0,0.0,0.0,0.0,0.0,0.0,0.0,0.0
77.57913006995364,21.26559439069758,103.43041562003484,1264.0,311.0,4.058102551108577,83.56975631224287,0.8996277242548874,1.4176642648307478,0.6681976253941553,0.0766617451536888,6.0,6.0,8.0,4.4334174951330345,1.4460215990119827,0.3678364797584686,0.3734750589907731,0.0,0.0,0.0,0.0,0.0,0.0,0.0,0.0,0.0,0.0,0.0,0.0,0.0,0.0,0.0,0.0,0.0,0.0,0.0,0.0,1.0,0.0,0.0,0.0,0.0,0.0,0.0,0.0,0.0,0.0,0.0,0.0,0.0,0.0,0.0,0.0,0.0,0.0,0.0,0.0,0.0,0.0,0.0,0.0,0.0,0.0,0.0,0.0,0.0,0.0,0.0
67.64428339883489,49.58430740765004,166.90983775977247,380.0,108.0,2.499676478355386,78.7089814977673,0.9924739768590828,1.071481541527426,0.5282685000230158,9.534597572913958,5.0,0.0,16.0,4.911037299507152,1.342790360125906,0.3998135509938658,0.7201140571507058,0.0,1.0,0.0,0.0,0.0,0.0,0.0,0.0,0.0,0.0,0.0,0.0,0.0,0.0,0.0,0.0,0.0,0.0,0.0,0.0,0.0,0.0,0.0,0.0,0.0,0.0,0.0,0.0,0.0,0.0,0.0,0.0,0.0,0.0,0.0,0.0,0.0,0.0,0.0,0.0,0.0,0.0,0.0,0.0,0.0,0.0,0.0,0.0,0.0,0.0,0.0
65.29702452402438,22.74271560689808,178.20637125263178,336.0,367.0,5.4114355030624655,86.46433331286455,0.9841552012772414,1.050783993255228,0.8588227337970998,9.643204081380318,4.0,6.0,22.0,4.568914828050929,1.2308201909486598,0.34479156359330354,0.604858559966072,0.0,0.0,0.0,0.0,1.0,0.0,0.0,0.0,0.0,0.0,0.0,0.0,0.0,0.0,0.0,0.0,0.0,0.0,0.0,0.0,0.0,0.0,0.0,0.0,0.0,0.0,0.0,0.0,0.0,0.0,0.0,0.0,0.0,0.0,0.0,0.0,0.0,0.0,0.0,0.0,0.0,0.0,0.0,0.0,0.0,0.0,0.0,0.0,0.0,0.0,0.0
71.84481269545806,41.59388949540815,64.94023014331827,618.0,440.0,2.938430338710364,73.67127784181908,0.881296920723166,1.0783002231180765,0.9084517945169626,1.934541727969007,6.0,6.0,21.0,4.38876734489918,1.3497115616672883,0.37640115123430884,0.21638741510024687,0.0,0.0,0.0,0.0,0.0,0.0,0.0,0.0,0.0,0.0,0.0,0.0,0.0,0.0,0.0,0.0,0.0,0.0,0.0,0.0,0.0,0.0,0.0,0.0,0.0,0.0,0.0,0.0,0.0,0.0,0.0,0.0,0.0,0.0,0.0,0.0,0.0,1.0,0.0,0.0,0.0,0.0,0.0,0.0,0.0,0.0,0.0,0.0,0.0,0.0,0.0
60.08683573397823,43.54565591641911,148.94256762562614,651.0,452.0,4.491736987463657,83.4846855291519,0.8733841710542717,1.3925557405920796,0.9932102583062048,4.316822612516176,4.0,1.0,11.0,5.142202014467698,1.162924237065074,0.4050335421425787,0.4645705095429806,0.0,0.0,0.0,0.0,0.0,0.0,0.0,0.0,0.0,0.0,0.0,0.0,0.0,0.0,0.0,1.0,0.0,0.0,0.0,0.0,0.0,0.0,0.0,0.0,0.0,0.0,0.0,0.0,0.0,0.0,0.0,0.0,0.0,0.0,0.0,0.0,0.0,0.0,0.0,0.0,0.0,0.0,0.0,0.0,0.0,0.0,0.0,0.0,0.0,0.0,0.0
73.06231435659726,50.53469998645164,189.7729472642976,1413.0,128.0,6.313375217771409,91.7644090370608,0.9174590798288978,1.1690108753607111,0.7132032666794366,6.302857314066964,5.0,6.0,18.0,4.202886915587718,1.3250591611155274,0.31813424313351685,0.5455110431354182,0.0,0.0,0.0,0.0,0.0,0.0,0.0,0.0,0.0,0.0,0.0,0.0,0.0,0.0,0.0,0.0,0.0,0.0,0.0,0.0,0.0,0.0,0.0,0.0,0.0,0.0,0.0,0.0,0.0,0.0,1.0,0.0,0.0,0.0,0.0,0.0,0.0,0.0,0.0,0.0,0.0,0.0,0.0,0.0,0.0,0.0,0.0,0.0,0.0,0.0,0.0
67.4112653082302,28.56331019079356,156.2469424973711,1073.0,518.0,2.2534379163152733,86.29218680899967,0.9292968410739616,1.2813938953492094,0.5460114767556562,2.083625299214797,6.0,4.0,23.0,4.635695485971956,1.3256707056126134,0.3654658086669978,0.4464667832949037,0.0,0.0,0.0,0.0,1.0,0.0,0.0,0.0,0.0,0.0,0.0,0.0,0.0,0.0,0.0,0.0,0.0,0.0,0.0,0.0,0.0,0.0,0.0,0.0,0.0,0.0,0.0,0.0,0.0,0.0,0.0,0.0,0.0,0.0,0.0,0.0,0.0,0.0,0.0,0.0,0.0,0.0,0.0,0.0,0.0,0.0,0.0,0.0,0.0,0.0,0.0
78.67389655198016,32.48804266286305,64.88243905318613,382.0,320.0,2.983837837149021,76.46977480375536,0.7768184619691672,1.1787653294871447,0.5827609443405106,0.1899970839544973,4.0,2.0,1.0,3.678582896934127,0.9591835124026638,0.26514412203819004,0.28809407000309173,0.0,0.0,0.0,0.0,0.0,0.0,0.0,0.0,0.0,0.0,0.0,0.0,0.0,0.0,0.0,0.0,0.0,0.0,0.0,0.0,0.0,0.0,0.0,0.0,0.0,0.0,1.0,0.0,0.0,0.0,0.0,0.0,0.0,0.0,0.0,0.0,0.0,0.0,0.0,0.0,0.0,0.0,0.0,0.0,0.0,0.0,0.0,0.0,0.0,0.0,0.0
69.98464410857186,40.560278075037886,141.79548422869487,398.0,415.0,5.118082805461703,88.83529939646124,0.7663898805805782,1.2013082866921507,0.8103149459776656,7.284030065074512,4.0,1.0,14.0,4.623165569180705,1.3527608690117037,0.3781707822779518,0.5783522599521773,0.0,0.0,0.0,0.0,0.0,0.0,0.0,0.0,0.0,0.0,0.0,0.0,0.0,0.0,0.0,0.0,0.0,0.0,0.0,0.0,0.0,0.0,0.0,0.0,0.0,0.0,0.0,0.0,0.0,0.0,0.0,0.0,0.0,0.0,0.0,0.0,0.0,0.0,0.0,0.0,0.0,0.0,0.0,0.0,0.0,0.0,0.0,0.0,0.0,1.0,0.0
74.45363380510656,23.94510092832835,195.30481397596188,720.0,168.0,6.947443589230826,72.6955721531226,0.7753328595696035,1.1550091292559643,0.4775125463184379,4.888479914054587,4.0,6.0,14.0,4.334603221401259,1.1349641237207142,0.3637509060388014,0.5464067406519376,0.0,0.0,0.0,0.0,0.0,0.0,0.0,0.0,0.0,0.0,0.0,0.0,0.0,0.0,0.0,0.0,0.0,0.0,0.0,0.0,0.0,0.0,0.0,0.0,0.0,0.0,0.0,0.0,0.0,0.0,0.0,0.0,1.0,0.0,0.0,0.0,0.0,0.0,0.0,0.0,0.0,0.0,0.0,0.0,0.0,0.0,0.0,0.0,0.0,0.0,0.0
70.64673191233001,39.24419986800665,112.6185019319909,750.0,580.0,6.133587880859173,73.82575892318184,0.966235619401542,0.9849908868688864,0.6897176026707796,1.4865549345379847,3.0,0.0,6.0,5.236687793744402,0.9591835124026638,0.4176082864046565,0.22028060973760738,0.0,0.0,0.0,0.0,0.0,0.0,0.0,0.0,0.0,0.0,0.0,0.0,0.0,0.0,0.0,0.0,0.0,0.0,0.0,0.0,0.0,0.0,0.0,0.0,0.0,0.0,0.0,0.0,0.0,0.0,1.0,0.0,0.0,0.0,0.0,0.0,0.0,0.0,0.0,0.0,0.0,0.0,0.0,0.0,0.0,0.0,0.0,0.0,0.0,0.0,0.0
64.70583910133166,41.83491097039724,68.5341273035572,1254.0,519.0,4.948813842864348,83.32062750067766,0.7760321248582598,1.3526313020387457,0.7623799430952245,7.526634042207727,4.0,5.0,14.0,3.678582896934127,0.9591835124026638,0.26514412203819004,0.6822260973984084,0.0,0.0,0.0,0.0,0.0,0.0,0.0,0.0,0.0,0.0,0.0,0.0,0.0,0.0,0.0,0.0,0.0,0.0,0.0,0.0,0.0,0.0,0.0,0.0,0.0,0.0,0.0,0.0,0.0,0.0,0.0,0.0,1.0,0.0,0.0,0.0,0.0,0.0,0.0,0.0,0.0,0.0,0.0,0.0,0.0,0.0,0.0,0.0,0.0,0.0,0.0
64.12600337116594,20.106163048284245,109.42884677754644,1349.0,474.0,4.853386900715899,91.14706899601744,0.8418298442530776,1.4416920653489325,0.8600050727927566,1.1622912541234076,5.0,1.0,14.0,4.583850955734605,1.50835693617687,0.3774516724341121,0.37579659136769944,0.0,0.0,0.0,0.0,0.0,0.0,0.0,0.0,0.0,0.0,0.0,0.0,0.0,0.0,0.0,0.0,0.0,0.0,0.0,0.0,0.0,0.0,1.0,0.0,0.0,0.0,0.0,0.0,0.0,0.0,0.0,0.0,0.0,0.0,0.0,0.0,0.0,0.0,0.0,0.0,0.0,0.0,0.0,0.0,0.0,0.0,0.0,0.0,0.0,0.0,0.0
64.9180544087896,51.496071361222334,61.89375710163746,531.0,205.0,5.580796381628746,92.79436287871972,0.7912892682563909,1.0734827625038812,0.4123079844065631,0.7804780695388658,5.0,5.0,7.0,3.814989962659104,1.607652812778351,0.32205271730149976,0.32183610251873307,0.0,0.0,0.0,0.0,0.0,0.0,0.0,0.0,0.0,0.0,0.0,0.0,0.0,0.0,0.0,0.0,0.0,0.0,0.0,0.0,0.0,0.0,0.0,0.0,0.0,0.0,0.0,0.0,1.0,0.0,0.0,0.0,0.0,0.0,0.0,0.0,0.0,0.0,0.0,0.0,0.0,0.0,0.0,0.0,0.0,0.0,0.0,0.0,0.0,0.0,0.0
61.61552036758771,45.54956474361842,101.84907173304956,755.0,422.0,3.255571845937036,70.92589035681061,0.9988735509588124,0.9636988825401082,0.4457044914726185,3.8659246549336936,7.0,6.0,23.0,4.572889872853261,1.512716968736892,0.4016559216430501,0.41011324655110865,0.0,0.0,0.0,0.0,0.0,0.0,0.0,0.0,0.0,1.0,0.0,0.0,0.0,0.0,0.0,0.0,0.0,0.0,0.0,0.0,0.0,0.0,0.0,0.0,0.0,0.0,0.0,0.0,0.0,0.0,0.0,0.0,0.0,0.0,0.0,0.0,0.0,0.0,0.0,0.0,0.0,0.0,0.0,0.0,0.0,0.0,0.0,0.0,0.0,0.0,0.0
73.62910067272159,29.69673837257564,184.9796520502577,1284.0,522.0,6.814174753947508,91.5864294793894,0.9568678392843362,0.9893477865429432,0.7644463956975374,0.339919870094616,4.0,3.0,0.0,3.7599504305542837,1.790781702591119,0.3206250013075385,0.14015054507282765,0.0,0.0,0.0,0.0,0.0,0.0,0.0,0.0,0.0,0.0,0.0,0.0,0.0,0.0,0.0,0.0,0.0,0.0,0.0,0.0,0.0,0.0,0.0,0.0,0.0,0.0,0.0,0.0,0.0,0.0,0.0,0.0,0.0,0.0,0.0,0.0,0.0,0.0,0.0,0.0,0.0,1.0,0.0,0.0,0.0,0.0,0.0,0.0,0.0,0.0,0.0
61.79623301697625,24.0467158446107,182.29060174388127,1163.0,125.0,3.3395660548091,92.5559200210368,0.806848511218075,1.0908012741357378,0.7262778812931251,2.033691932648365,6.0,4.0,6.0,4.499826905179629,1.6220312957464202,0.3817028832050565,0.2884096198329943,0.0,0.0,0.0,0.0,0.0,0.0,0.0,0.0,0.0,0.0,0.0,0.0,0.0,0.0,0.0,0.0,0.0,0.0,0.0,0.0,0.0,0.0,0.0,0.0,0.0,0.0,0.0,0.0,0.0,0.0,0.0,0.0,0.0,1.0,0.0,0.0,0.0,0.0,0.0,0.0,0.0,0.0,0.0,0.0,0.0,0.0,0.0,0.0,0.0,0.0,0.0
72.35972302582879,49.064890306196446,72.366410975559,814.0,154.0,6.328826870061427,80.84380990374137,0.744491729824867,0.9425430118794268,0.5750125125478142,6.387981930225042,5.0,1.0,2.0,4.724056032601029,1.4929858958490434,0.4184763091995602,0.48254822938890707,0.0,0.0,0.0,0.0,0.0,0.0,0.0,0.0,0.0,0.0,0.0,0.0,0.0,0.0,0.0,0.0,1.0,0.0,0.0,0.0,0.0,0.0,0.0,0.0,0.0,0.0,0.0,0.0,0.0,0.0,0.0,0.0,0.0,0.0,0.0,0.0,0.0,0.0,0.0,0.0,0.0,0.0,0.0,0.0,0.0,0.0,0.0,0.0,0.0,0.0,0.0
75.05477439427685,40.667879521639,153.32870070533824,357.0,286.0,2.139832694925661,79.1907028200721,0.9592259279498744,1.2903909696219886,0.9522020548392228,4.451350253839296,5.0,6.0,9.0,4.522662775079123,1.192000985179971,0.3541166225744014,0.4338556028752839,0.0,0.0,0.0,0.0,0.0,0.0,0.0,0.0,0.0,0.0,0.0,0.0,0.0,0.0,0.0,0.0,0.0,0.0,1.0,0.0,0.0,0.0,0.0,0.0,0.0,0.0,0.0,0.0,0.0,0.0,0.0,0.0,0.0,0.0,0.0,0.0,0.0,0.0,0.0,0.0,0.0,0.0,0.0,0.0,0.0,0.0,0.0,0.0,0.0,0.0,0.0
70.76046829171618,21.80110214596932,121.15372592367471,691.0,411.0,6.501246962055927,73.45692901134659,0.8183700756379986,1.4039977802726118,0.8535488964095324,1.4920567162931777,7.0,6.0,3.0,4.4640036301380945,1.4035133475223245,0.3947802907254429,0.37558441974395795,0.0,0.0,0.0,0.0,0.0,0.0,1.0,0.0,0.0,0.0,0.0,0.0,0.0,0.0,0.0,0.0,0.0,0.0,0.0,0.0,0.0,0.0,0.0,0.0,0.0,0.0,0.0,0.0,0.0,0.0,0.0,0.0,0.0,0.0,0.0,0.0,0.0,0.0,0.0,0.0,0.0,0.0,0.0,0.0,0.0,0.0,0.0,0.0,0.0,0.0,0.0
68.7274385063938,41.35190278365607,58.100612339538365,1010.0,121.0,3.218625366482696,90.9808768238007,0.810597710892203,0.9884498523608226,0.7909035361508556,1.0457846896181788,4.0,1.0,0.0,4.348499270038682,1.4371920104426232,0.3537141568630299,0.16618610784964633,0.0,0.0,0.0,0.0,0.0,0.0,0.0,0.0,0.0,0.0,0.0,0.0,0.0,0.0,0.0,0.0,0.0,0.0,0.0,0.0,0.0,0.0,0.0,0.0,0.0,0.0,0.0,0.0,0.0,0.0,0.0,0.0,0.0,0.0,0.0,0.0,0.0,0.0,0.0,0.0,0.0,0.0,0.0,0.0,0.0,0.0,0.0,0.0,1.0,0.0,0.0
63.87492895274302,50.15043185173206,136.71500146013352,1063.0,174.0,4.931460175038957,82.87467516720167,0.8029962253783361,1.0684947630412398,0.506486822800927,9.752652670431283,6.0,5.0,6.0,4.5165428714888245,1.6195805329703659,0.4026654199810635,0.7367990170644593,0.0,0.0,0.0,0.0,0.0,0.0,0.0,0.0,0.0,0.0,0.0,0.0,0.0,0.0,0.0,0.0,0.0,0.0,0.0,0.0,0.0,0.0,0.0,0.0,0.0,0.0,0.0,0.0,0.0,0.0,0.0,0.0,0.0,1.0,0.0,0.0,0.0,0.0,0.0,0.0,0.0,0.0,0.0,0.0,0.0,0.0,0.0,0.0,0.0,0.0,0.0
75.43411947244165,25.83028658145251,144.05282132281596,366.0,409.0,2.239239459062996,94.23474352678764,0.9690588710361304,1.0961023594125234,0.4591252410587342,5.5808141548719465,6.0,0.0,17.0,4.695885957471033,1.4615640822626823,0.36379608888379383,0.5577000673350765,0.0,0.0,0.0,0.0,0.0,0.0,0.0,0.0,0.0,0.0,0.0,0.0,0.0,0.0,0.0,0.0,0.0,0.0,0.0,0.0,0.0,0.0,0.0,0.0,0.0,0.0,0.0,0.0,0.0,0.0,0.0,0.0,0.0,0.0,0.0,0.0,0.0,0.0,0.0,0.0,0.0,0.0,0.0,0.0,0.0,0.0,1.0,0.0,0.0,0.0,0.0
65.53563680400357,35.674174433166066,141.68474644191596,1291.0,246.0,2.8169207472225866,79.15391817968393,0.985585428704136,1.028580040144799,0.7498426493643517,6.952630516928179,5.0,3.0,17.0,4.903430230165716,1.3945308198841184,0.40389325666148423,0.4955060829621283,0.0,1.0,0.0,0.0,0.0,0.0,0.0,0.0,0.0,0.0,0.0,0.0,0.0,0.0,0.0,0.0,0.0,0.0,0.0,0.0,0.0,0.0,0.0,0.0,0.0,0.0,0.0,0.0,0.0,0.0,0.0,0.0,0.0,0.0,0.0,0.0,0.0,0.0,0.0,0.0,0.0,0.0,0.0,0.0,0.0,0.0,0.0,0.0,0.0,0.0,0.0
73.52816017459298,57.2111205214387,189.34706020642813,1435.0,261.0,6.916582953050411,75.03918910709366,0.8233993865550577,1.1691836729165277,0.8525755072649133,6.215003491299837,6.0,4.0,11.0,4.699166007179925,1.5496745553945925,0.42544999742789497,0.494683285237272,0.0,0.0,0.0,0.0,0.0,0.0,0.0,0.0,0.0,0.0,0.0,0.0,0.0,0.0,0.0,0.0,0.0,0.0,0.0,0.0,0.0,0.0,0.0,0.0,0.0,0.0,0.0,0.0,0.0,0.0,0.0,0.0,0.0,0.0,0.0,0.0,0.0,0.0,0.0,0.0,0.0,0.0,1.0,0.0,0.0,0.0,0.0,0.0,0.0,0.0,0.0
73.01736010786523,31.90197534387949,59.49883360531538,483.0,229.0,6.686147736689632,91.97524939601524,0.7083375915580604,0.903006379020762,0.9022269872612512,1.3324315500175166,3.0,0.0,1.0,4.69849236047231,1.8473826609583988,0.43658795681608414,0.1006066614929963,0.0,0.0,0.0,0.0,0.0,0.0,0.0,0.0,0.0,0.0,0.0,0.0,0.0,0.0,0.0,0.0,0.0,0.0,0.0,0.0,0.0,0.0,0.0,0.0,0.0,0.0,0.0,0.0,0.0,0.0,0.0,0.0,0.0,1.0,0.0,0.0,0.0,0.0,0.0,0.0,0.0,0.0,0.0,0.0,0.0,0.0,0.0,0.0,0.0,0.0,0.0
66.08079070948833,30.78001455019477,165.05052714159496,1083.0,433.0,3.0888057347819458,75.81342411561731,0.8049685231585303,1.2077178790843393,0.5012298921415407,8.126267856494955,5.0,1.0,6.0,4.428751436019511,1.1476322452927223,0.363921196541731,0.7268632798190212,0.0,0.0,0.0,0.0,0.0,0.0,0.0,0.0,0.0,0.0,0.0,0.0,0.0,0.0,0.0,0.0,0.0,0.0,0.0,0.0,0.0,1.0,0.0,0.0,0.0,0.0,0.0,0.0,0.0,0.0,0.0,0.0,0.0,0.0,0.0,0.0,0.0,0.0,0.0,0.0,0.0,0.0,0.0,0.0,0.0,0.0,0.0,0.0,0.0,0.0,0.0
72.1892610426689,40.50730727749379,130.65268306926464,753.0,228.0,2.9033273894966,92.24799943128598,0.9779103305067576,1.0204531971224091,0.4358106109145717,7.504699153308845,4.0,5.0,7.0,5.236687793744402,0.9591835124026638,0.3963062786279547,0.6238751770376436,0.0,0.0,0.0,0.0,0.0,0.0,0.0,0.0,0.0,0.0,0.0,0.0,0.0,0.0,0.0,0.0,0.0,0.0,0.0,0.0,0.0,0.0,0.0,0.0,0.0,0.0,0.0,0.0,0.0,0.0,0.0,0.0,0.0,0.0,0.0,0.0,1.0,0.0,0.0,0.0,0.0,0.0,0.0,0.0,0.0,0.0,0.0,0.0,0.0,0.0,0.0
71.09803726770586,55.21396366591067,173.4696398239476,923.0,550.0,2.422398700748431,91.32749389451835,0.9044049416090336,1.194612144933355,0.824275092925741,2.86630560504733,5.0,6.0,0.0,3.9188609284808478,1.614443979122416,0.3233260251988265,0.3493147645467549,0.0,0.0,0.0,0.0,0.0,0.0,0.0,0.0,0.0,0.0,0.0,0.0,0.0,0.0,0.0,0.0,0.0,0.0,0.0,0.0,0.0,0.0,0.0,0.0,0.0,0.0,0.0,0.0,1.0,0.0,0.0,0.0,0.0,0.0,0.0,0.0,0.0,0.0,0.0,0.0,0.0,0.0,0.0,0.0,0.0,0.0,0.0,0.0,0.0,0.0,0.0
71.16594302737678,22.896247305864414,66.37758048759142,474.0,115.0,5.675626793677489,81.82692296054691,0.9006639704685914,1.1302834271378517,0.444192678074046,4.674371283069464,5.0,6.0,0.0,4.547353614086039,1.1986440133134237,0.3574746487965971,0.5344406914027204,0.0,0.0,0.0,0.0,0.0,0.0,0.0,0.0,0.0,0.0,0.0,0.0,0.0,0.0,0.0,0.0,0.0,0.0,0.0,0.0,0.0,0.0,0.0,0.0,0.0,0.0,0.0,1.0,0.0,0.0,0.0,0.0,0.0,0.0,0.0,0.0,0.0,0.0,0.0,0.0,0.0,0.0,0.0,0.0,0.0,0.0,0.0,0.0,0.0,0.0,0.0
73.54068683225718,42.52758873779618,55.866912457370304,1021.0,262.0,3.1189365211052027,73.08418487676708,0.9217676036139396,1.0838617275261524,0.4732340716358203,1.7163876563812697,5.0,5.0,6.0,4.661407996201842,1.6533492261872595,0.4261492025260691,0.3535204295669488,0.0,0.0,0.0,0.0,0.0,0.0,0.0,0.0,0.0,0.0,0.0,0.0,0.0,0.0,0.0,0.0,0.0,0.0,0.0,0.0,0.0,0.0,0.0,0.0,0.0,0.0,0.0,0.0,0.0,0.0,0.0,0.0,0.0,0.0,0.0,0.0,0.0,0.0,0.0,0.0,0.0,0.0,1.0,0.0,0.0,0.0,0.0,0.0,0.0,0.0,0.0
69.5184710529083,22.214193705051745,53.55815899940799,767.0,458.0,6.925927050219114,83.05346307758907,0.8327947909074239,1.384449271917991,0.923185805112376,9.207891428641853,6.0,3.0,3.0,4.104718050183023,1.2104841783717621,0.32457471858928094,0.7285944001282575,0.0,0.0,0.0,0.0,0.0,0.0,0.0,0.0,0.0,0.0,0.0,0.0,0.0,0.0,0.0,0.0,0.0,0.0,1.0,0.0,0.0,0.0,0.0,0.0,0.0,0.0,0.0,0.0,0.0,0.0,0.0,0.0,0.0,0.0,0.0,0.0,0.0,0.0,0.0,0.0,0.0,0.0,0.0,0.0,0.0,0.0,0.0,0.0,0.0,0.0,0.0
65.12301988738434,26.0659630978522,144.60462895391066,1444.0,502.0,2.824953089760458,71.35425417687853,0.861792103427222,1.2810337703320682,0.6036813203739193,7.39546187510491,5.0,5.0,10.0,4.588282554841515,1.682091459787687,0.43201289942523063,0.692798468908973,0.0,0.0,0.0,0.0,0.0,0.0,0.0,0.0,0.0,0.0,0.0,0.0,0.0,0.0,0.0,0.0,0.0,0.0,0.0,0.0,0.0,0.0,0.0,0.0,0.0,0.0,0.0,0.0,0.0,0.0,0.0,0.0,0.0,0.0,0.0,0.0,1.0,0.0,0.0,0.0,0.0,0.0,0.0,0.0,0.0,0.0,0.0,0.0,0.0,0.0,0.0
71.42490396279061,52.72765474326217,114.23296707527376,856.0,203.0,3.8666498809360887,93.00172997110904,0.9372433859331166,0.9842594633534536,0.6071344296114259,2.9436523311006724,4.0,5.0,9.0,4.978774695218672,1.4009459963680488,0.38817461901956296,0.32037977335092876,0.0,0.0,0.0,0.0,0.0,0.0,0.0,0.0,0.0,0.0,0.0,0.0,0.0,0.0,1.0,0.0,0.0,0.0,0.0,0.0,0.0,0.0,0.0,0.0,0.0,0.0,0.0,0.0,0.0,0.0,0.0,0.0,0.0,0.0,0.0,0.0,0.0,0.0,0.0,0.0,0.0,0.0,0.0,0.0,0.0,0.0,0.0,0.0,0.0,0.0,0.0
73.55094704854935,44.07379198225196,138.62842245386148,1382.0,394.0,5.336544232856921,88.58441926476286,0.9880753598188956,1.4503988774590333,0.4231290429408171,5.789796226376353,4.0,4.0,2.0,3.678582896934127,1.3585322848483978,0.26514412203819004,0.757494221586287,0.0,0.0,0.0,0.0,0.0,1.0,0.0,0.0,0.0,0.0,0.0,0.0,0.0,0.0,0.0,0.0,0.0,0.0,0.0,0.0,0.0,0.0,0.0,0.0,0.0,0.0,0.0,0.0,0.0,0.0,0.0,0.0,0.0,0.0,0.0,0.0,0.0,0.0,0.0,0.0,0.0,0.0,0.0,0.0,0.0,0.0,0.0,0.0,0.0,0.0,0.0
73.14978556765732,37.26259670907497,86.23787459413283,1421.0,589.0,2.6752647987118343,73.47860328226145,0.763414666919152,1.151905889116313,0.4877306526265818,9.63277998292716,6.0,3.0,16.0,4.21121848568648,1.5055693193519173,0.38806705881336384,0.7788087849370063,0.0,0.0,0.0,0.0,0.0,0.0,0.0,0.0,0.0,0.0,0.0,0.0,0.0,0.0,0.0,0.0,0.0,0.0,0.0,0.0,0.0,0.0,0.0,0.0,0.0,1.0,0.0,0.0,0.0,0.0,0.0,0.0,0.0,0.0,0.0,0.0,0.0,0.0,0.0,0.0,0.0,0.0,0.0,0.0,0.0,0.0,0.0,0.0,0.0,0.0,0.0
73.1437026661198,41.346769447794266,114.66619706033852,1472.0,160.0,6.409814404458822,84.41328331581393,0.8561795151156382,1.11282154308134,0.4265672589153583,6.107653706260415,6.0,1.0,8.0,4.501150572769262,1.5143694348458523,0.38289050334732094,0.6032936519047836,0.0,0.0,0.0,0.0,0.0,0.0,0.0,0.0,0.0,0.0,0.0,0.0,0.0,0.0,0.0,0.0,0.0,0.0,0.0,0.0,0.0,0.0,1.0,0.0,0.0,0.0,0.0,0.0,0.0,0.0,0.0,0.0,0.0,0.0,0.0,0.0,0.0,0.0,0.0,0.0,0.0,0.0,0.0,0.0,0.0,0.0,0.0,0.0,0.0,0.0,0.0
77.69327707894954,50.25439569458192,107.81292090564568,1127.0,348.0,6.367014936787425,73.18911425027854,0.960663418621565,1.282664541541437,0.4456377551794696,1.3662917793024787,4.0,4.0,4.0,4.171877302544724,1.8320555649452581,0.39668344023690194,0.4447153575077997,0.0,0.0,0.0,0.0,0.0,0.0,0.0,0.0,0.0,0.0,0.0,0.0,0.0,0.0,0.0,0.0,0.0,0.0,0.0,0.0,0.0,0.0,0.0,0.0,0.0,0.0,0.0,0.0,0.0,0.0,0.0,0.0,0.0,0.0,0.0,0.0,0.0,0.0,0.0,1.0,0.0,0.0,0.0,0.0,0.0,0.0,0.0,0.0,0.0,0.0,0.0
71.89929051119704,59.961031425067766,107.11036668310156,355.0,344.0,2.734457982598559,90.44786700695524,0.7427136962696467,0.9667118734995545,0.7874507726350548,6.18627396305394,5.0,3.0,23.0,4.55363113442263,1.3145437826160278,0.36763768769382466,0.41364656976487807,0.0,0.0,0.0,0.0,0.0,0.0,0.0,0.0,0.0,0.0,0.0,0.0,0.0,0.0,0.0,0.0,0.0,0.0,0.0,0.0,0.0,0.0,0.0,0.0,0.0,0.0,0.0,0.0,0.0,0.0,0.0,0.0,0.0,0.0,0.0,0.0,0.0,0.0,0.0,0.0,1.0,0.0,0.0,0.0,0.0,0.0,0.0,0.0,0.0,0.0,0.0
83.66175144889601,32.32206840756744,193.88436146514644,331.0,143.0,2.0116371308352923,76.39367935339851,0.9500950636169228,1.1633067866749616,0.777747759477429,2.9272873746377126,6.0,1.0,14.0,4.8002486851087145,1.3183671089051487,0.39674787470881145,0.3522271884085486,0.0,0.0,0.0,0.0,0.0,0.0,0.0,0.0,0.0,0.0,0.0,0.0,0.0,0.0,0.0,1.0,0.0,0.0,0.0,0.0,0.0,0.0,0.0,0.0,0.0,0.0,0.0,0.0,0.0,0.0,0.0,0.0,0.0,0.0,0.0,0.0,0.0,0.0,0.0,0.0,0.0,0.0,0.0,0.0,0.0,0.0,0.0,0.0,0.0,0.0,0.0
62.126115337171214,59.19464652857482,88.79574783572728,777.0,209.0,4.260235233383302,77.88528324196061,0.8268878001200006,1.013392521197713,0.4166741781757264,1.3918085671715463,3.0,0.0,11.0,4.544812422936578,1.4612067909009279,0.39758411458337767,0.3208898313372014,0.0,0.0,0.0,0.0,0.0,0.0,0.0,1.0,0.0,0.0,0.0,0.0,0.0,0.0,0.0,0.0,0.0,0.0,0.0,0.0,0.0,0.0,0.0,0.0,0.0,0.0,0.0,0.0,0.0,0.0,0.0,0.0,0.0,0.0,0.0,0.0,0.0,0.0,0.0,0.0,0.0,0.0,0.0,0.0,0.0,0.0,0.0,0.0,0.0,0.0,0.0
67.4736810070913,42.07915531712808,61.85445391001143,533.0,166.0,5.829960661164483,93.68353595413096,0.9060550872218776,1.1909961797626674,0.8157622959911859,3.4726907343115885,6.0,1.0,15.0,4.043703071093959,1.3851775929420742,0.3073795143333513,0.38068485803466184,0.0,0.0,0.0,0.0,0.0,0.0,0.0,0.0,0.0,0.0,0.0,0.0,0.0,0.0,0.0,0.0,0.0,0.0,0.0,0.0,0.0,0.0,0.0,0.0,0.0,0.0,0.0,0.0,0.0,0.0,0.0,0.0,0.0,0.0,0.0,0.0,0.0,0.0,1.0,0.0,0.0,0.0,0.0,0.0,0.0,0.0,0.0,0.0,0.0,0.0,0.0
68.35877750584534,34.67220391261869,60.077614454483246,1314.0,461.0,3.7771177336932538,71.97072353693865,0.7427933498339571,1.3452862439534137,0.7230062991151149,2.344607662976596,4.0,0.0,20.0,4.680817744780658,1.4876785149105594,0.4321380235423157,0.43242584939095596,0.0,0.0,0.0,0.0,0.0,0.0,0.0,0.0,0.0,0.0,0.0,0.0,0.0,0.0,0.0,0.0,0.0,0.0,0.0,0.0,0.0,0.0,0.0,0.0,0.0,0.0,0.0,0.0,0.0,0.0,0.0,0.0,0.0,0.0,0.0,0.0,0.0,0.0,0.0,0.0,0.0,0.0,0.0,0.0,0.0,0.0,0.0,1.0,0.0,0.0,0.0
66.10672397474289,54.6498665129645,146.62870424023424,1039.0,369.0,3.963695878680174,72.49528216192023,0.7466360771294509,1.0364667858796677,0.8324604806778642,8.027442540288757,4.0,1.0,9.0,3.9774822983475824,1.117054400007008,0.3343587027756366,0.5256524709846835,0.0,0.0,0.0,0.0,0.0,0.0,0.0,0.0,0.0,0.0,0.0,0.0,0.0,0.0,0.0,0.0,0.0,0.0,0.0,0.0,0.0,0.0,0.0,0.0,0.0,0.0,0.0,0.0,0.0,0.0,0.0,0.0,0.0,0.0,0.0,0.0,0.0,0.0,0.0,0.0,1.0,0.0,0.0,0.0,0.0,0.0,0.0,0.0,0.0,0.0,0.0
61.289278153581456,35.53723502962201,96.08791231324084,1490.0,337.0,4.976283091356974,70.85669168145449,0.9691047832391048,1.0236715901504825,0.6147740087242444,6.8748569820553085,4.0,5.0,6.0,5.236687793744402,1.1606371302846166,0.4787144763200408,0.5342406101913089,0.0,0.0,0.0,0.0,0.0,0.0,0.0,0.0,0.0,0.0,0.0,0.0,0.0,1.0,0.0,0.0,0.0,0.0,0.0,0.0,0.0,0.0,0.0,0.0,0.0,0.0,0.0,0.0,0.0,0.0,0.0,0.0,0.0,0.0,0.0,0.0,0.0,0.0,0.0,0.0,0.0,0.0,0.0,0.0,0.0,0.0,0.0,0.0,0.0,0.0,0.0
69.81438078961324,29.939957887578075,68.03360254323258,1233.0,312.0,4.563194313643278,84.06950041880289,0.9196194711578672,1.397448709189298,0.8789139397416998,6.078073477565081,6.0,2.0,13.0,4.129611611202532,1.3907433533900297,0.333228441153106,0.5932870005996528,0.0,0.0,0.0,0.0,0.0,0.0,0.0,0.0,0.0,0.0,0.0,0.0,0.0,0.0,0.0,0.0,0.0,0.0,0.0,0.0,0.0,0.0,0.0,0.0,0.0,0.0,1.0,0.0,0.0,0.0,0.0,0.0,0.0,0.0,0.0,0.0,0.0,0.0,0.0,0.0,0.0,0.0,0.0,0.0,0.0,0.0,0.0,0.0,0.0,0.0,0.0
66.83885029295796,48.34918350843224,53.96951496065186,779.0,222.0,2.857352016873611,85.82043662908835,0.8471401521330404,1.2208254171406758,0.8572179053029467,7.431023279077296,5.0,2.0,3.0,5.017035128804432,1.420941564400131,0.41677277387204814,0.5798198632312016,0.0,0.0,0.0,0.0,0.0,0.0,0.0,0.0,0.0,0.0,0.0,0.0,0.0,1.0,0.0,0.0,0.0,0.0,0.0,0.0,0.0,0.0,0.0,0.0,0.0,0.0,0.0,0.0,0.0,0.0,0.0,0.0,0.0,0.0,0.0,0.0,0.0,0.0,0.0,0.0,0.0,0.0,0.0,0.0,0.0,0.0,0.0,0.0,0.0,0.0,0.0
63.30425311272462,28.70248374778621,57.4599676820885,1429.0,502.0,3.772926148745314,78.08085315074773,0.7632247852142945,1.28953292088438,0.5519990819376287,1.6119402615709422,4.0,2.0,20.0,3.887054112430711,1.2397550303690499,0.3254062136210016,0.42494258767198356,0.0,0.0,0.0,0.0,0.0,0.0,0.0,0.0,1.0,0.0,0.0,0.0,0.0,0.0,0.0,0.0,0.0,0.0,0.0,0.0,0.0,0.0,0.0,0.0,0.0,0.0,0.0,0.0,0.0,0.0,0.0,0.0,0.0,0.0,0.0,0.0,0.0,0.0,0.0,0.0,0.0,0.0,0.0,0.0,0.0,0.0,0.0,0.0,0.0,0.0,0.0
68.81946534970147,46.42188773871807,176.6987400008087,789.0,115.0,2.8627844155383446,72.6344921766282,0.8502285104456808,1.2938302369103312,0.4708000164066827,4.6077887736130005,6.0,6.0,21.0,4.425914222108349,1.2762435270259844,0.377786628985179,0.6040830783388389,0.0,0.0,0.0,0.0,0.0,0.0,0.0,0.0,0.0,0.0,0.0,0.0,0.0,0.0,0.0,0.0,0.0,0.0,0.0,1.0,0.0,0.0,0.0,0.0,0.0,0.0,0.0,0.0,0.0,0.0,0.0,0.0,0.0,0.0,0.0,0.0,0.0,0.0,0.0,0.0,0.0,0.0,0.0,0.0,0.0,0.0,0.0,0.0,0.0,0.0,0.0
68.00194441419306,55.89579872221592,101.03849234445843,950.0,319.0,6.275757998827184,90.02735447858807,0.8284987760549232,1.140228729473828,0.9474383604693216,0.7363798174539071,5.0,6.0,8.0,4.3723021914965345,1.443377953675213,0.3564847666545421,0.17442351266737569,0.0,0.0,0.0,0.0,0.0,0.0,0.0,0.0,0.0,1.0,0.0,0.0,0.0,0.0,0.0,0.0,0.0,0.0,0.0,0.0,0.0,0.0,0.0,0.0,0.0,0.0,0.0,0.0,0.0,0.0,0.0,0.0,0.0,0.0,0.0,0.0,0.0,0.0,0.0,0.0,0.0,0.0,0.0,0.0,0.0,0.0,0.0,0.0,0.0,0.0,0.0
68.72348892288507,21.06536232472957,114.2513976691752,627.0,437.0,6.949013202095056,91.3263357600346,0.8286772849649446,1.2566702056053731,0.9945197395692098,2.276040520008689,5.0,5.0,7.0,3.9656301369143794,1.5781668478032111,0.33149105397805306,0.29401938988202736,0.0,0.0,0.0,0.0,0.0,0.0,0.0,0.0,0.0,0.0,0.0,0.0,0.0,0.0,0.0,0.0,0.0,0.0,0.0,0.0,0.0,0.0,0.0,0.0,0.0,0.0,0.0,0.0,1.0,0.0,0.0,0.0,0.0,0.0,0.0,0.0,0.0,0.0,0.0,0.0,0.0,0.0,0.0,0.0,0.0,0.0,0.0,0.0,0.0,0.0,0.0
73.27527684424719,41.38085629467225,182.15960552486047,540.0,468.0,6.693767368283098,74.48450842150206,0.7356690030266495,1.168747568188406,0.8537227357518061,8.68758391969638,4.0,2.0,20.0,5.052378597640804,0.9591835124026638,0.317987190599309,0.6177896804101882,0.0,0.0,0.0,0.0,0.0,0.0,0.0,0.0,0.0,0.0,0.0,0.0,0.0,1.0,0.0,0.0,0.0,0.0,0.0,0.0,0.0,0.0,0.0,0.0,0.0,0.0,0.0,0.0,0.0,0.0,0.0,0.0,0.0,0.0,0.0,0.0,0.0,0.0,0.0,0.0,0.0,0.0,0.0,0.0,0.0,0.0,0.0,0.0,0.0,0.0,0.0
63.9133822490493,23.30390086390293,85.7859857275294,655.0,406.0,2.046471029771171,93.21462011633372,0.7701230965610129,1.110792222817868,0.5729624495689792,4.306059293277541,3.0,3.0,5.0,4.3231031412091445,0.9591835124026638,0.26514412203819004,0.46327819221992966,0.0,1.0,0.0,0.0,0.0,0.0,0.0,0.0,0.0,0.0,0.0,0.0,0.0,0.0,0.0,0.0,0.0,0.0,0.0,0.0,0.0,0.0,0.0,0.0,0.0,0.0,0.0,0.0,0.0,0.0,0.0,0.0,0.0,0.0,0.0,0.0,0.0,0.0,0.0,0.0,0.0,0.0,0.0,0.0,0.0,0.0,0.0,0.0,0.0,0.0,0.0
76.13347932264577,37.11758037840104,158.68080492088473,330.0,381.0,5.536570798714097,89.74523986400322,0.9470979369320752,0.9271022679082466,0.4955367284964862,0.3636179097588954,3.0,6.0,15.0,5.085289356225088,0.9591835124026638,0.26917528502761445,0.1999375139322053,0.0,0.0,0.0,0.0,0.0,0.0,0.0,0.0,0.0,0.0,0.0,0.0,0.0,0.0,0.0,0.0,0.0,1.0,0.0,0.0,0.0,0.0,0.0,0.0,0.0,0.0,0.0,0.0,0.0,0.0,0.0,0.0,0.0,0.0,0.0,0.0,0.0,0.0,0.0,0.0,0.0,0.0,0.0,0.0,0.0,0.0,0.0,0.0,0.0,0.0,0.0
70.88972987904255,40.44213809665577,142.28378495123144,1338.0,107.0,5.267668205289544,70.0380525758433,0.7272003078012,1.0727184866574953,0.4511441472514307,6.570732444448878,3.0,0.0,15.0,5.236687793744402,0.9591835124026638,0.44695557912617656,0.598187785736363,0.0,0.0,0.0,0.0,0.0,0.0,0.0,0.0,0.0,0.0,0.0,0.0,0.0,0.0,0.0,0.0,0.0,0.0,0.0,0.0,0.0,0.0,0.0,0.0,0.0,0.0,0.0,0.0,0.0,0.0,0.0,0.0,0.0,0.0,0.0,0.0,1.0,0.0,0.0,0.0,0.0,0.0,0.0,0.0,0.0,0.0,0.0,0.0,0.0,0.0,0.0
60.05702531999261,31.942590247025866,103.02017506469538,501.0,465.0,2.5851662170715475,72.46548926758335,0.7784817733639925,1.174976806797467,0.7191888058190223,4.393044889686925,5.0,0.0,22.0,4.329443993169301,1.2477883348118834,0.37422118444471925,0.45094785287355255,0.0,0.0,0.0,0.0,0.0,0.0,0.0,0.0,0.0,0.0,0.0,0.0,0.0,0.0,0.0,0.0,0.0,0.0,1.0,0.0,0.0,0.0,0.0,0.0,0.0,0.0,0.0,0.0,0.0,0.0,0.0,0.0,0.0,0.0,0.0,0.0,0.0,0.0,0.0,0.0,0.0,0.0,0.0,0.0,0.0,0.0,0.0,0.0,0.0,0.0,0.0
68.1015683636078,42.23040374487235,55.24978955588063,990.0,181.0,5.654275193663531,77.16602069424033,0.8117310866351053,1.2890026458343609,0.6462484048520692,0.3209523176615791,5.0,5.0,4.0,4.231719809284171,1.253466977021736,0.35356739396465475,0.3286288480284608,0.0,0.0,0.0,0.0,0.0,0.0,0.0,0.0,0.0,0.0,0.0,0.0,0.0,0.0,0.0,0.0,0.0,0.0,0.0,0.0,0.0,0.0,0.0,0.0,0.0,0.0,0.0,0.0,0.0,0.0,0.0,0.0,0.0,0.0,0.0,0.0,0.0,0.0,0.0,0.0,0.0,0.0,0.0,0.0,0.0,0.0,0.0,0.0,0.0,0.0,1.0
68.18817504782146,58.7093261699698,139.05578906053432,1145.0,581.0,4.228309274370696,81.01689091380227,0.7447337159739219,1.1404496300247773,0.959589920407942,9.791648232784638,5.0,4.0,3.0,4.381761629472885,1.485688793952701,0.38774180135571773,0.6235293207278106,0.0,0.0,0.0,0.0,0.0,0.0,0.0,0.0,0.0,1.0,0.0,0.0,0.0,0.0,0.0,0.0,0.0,0.0,0.0,0.0,0.0,0.0,0.0,0.0,0.0,0.0,0.0,0.0,0.0,0.0,0.0,0.0,0.0,0.0,0.0,0.0,0.0,0.0,0.0,0.0,0.0,0.0,0.0,0.0,0.0,0.0,0.0,0.0,0.0,0.0,0.0
68.33581437378676,23.85409242550386,171.34300186030976,1469.0,251.0,5.199083800046921,82.17495911221677,0.9537482548913996,1.025762365809935,0.9003820412881028,6.664548813686709,5.0,1.0,7.0,4.224484105658856,1.0007240556349515,0.3045894198296281,0.42943655252903584,0.0,0.0,0.0,0.0,0.0,0.0,0.0,0.0,0.0,0.0,0.0,0.0,0.0,0.0,0.0,0.0,0.0,0.0,0.0,0.0,0.0,0.0,0.0,0.0,0.0,0.0,0.0,0.0,0.0,0.0,0.0,0.0,0.0,0.0,0.0,0.0,0.0,0.0,0.0,0.0,0.0,0.0,0.0,0.0,0.0,0.0,0.0,0.0,0.0,0.0,1.0
66.9319792604238,20.18359303669268,112.62917639397476,932.0,229.0,6.533307090730478,71.36035082019896,0.8695638272420589,1.2982107500640905,0.8998671220009513,3.077604881889261,5.0,1.0,22.0,4.0367593068501595,1.2702337372931054,0.3440986343284946,0.38650646769853275,0.0,0.0,0.0,0.0,0.0,0.0,0.0,0.0,0.0,0.0,0.0,0.0,1.0,0.0,0.0,0.0,0.0,0.0,0.0,0.0,0.0,0.0,0.0,0.0,0.0,0.0,0.0,0.0,0.0,0.0,0.0,0.0,0.0,0.0,0.0,0.0,0.0,0.0,0.0,0.0,0.0,0.0,0.0,0.0,0.0,0.0,0.0,0.0,0.0,0.0,0.0
60.75116410572604,39.83547343092887,57.30894088255991,1159.0,568.0,3.6933401682935454,91.97477697870586,0.7409194429928296,1.0773883915018148,0.6086033932332122,6.545719222072341,6.0,4.0,4.0,4.520510648512097,1.4744847064231417,0.37716341375973483,0.5467178735867073,0.0,0.0,0.0,0.0,0.0,0.0,0.0,0.0,0.0,0.0,0.0,0.0,0.0,0.0,0.0,0.0,0.0,0.0,0.0,0.0,0.0,0.0,0.0,0.0,0.0,0.0,0.0,0.0,0.0,0.0,0.0,0.0,0.0,0.0,0.0,0.0,0.0,0.0,0.0,0.0,0.0,1.0,0.0,0.0,0.0,0.0,0.0,0.0,0.0,0.0,0.0
65.39595864324028,46.77416415236007,165.39111972784212,503.0,409.0,3.7632779289720415,90.12479166356545,0.9564221614937716,1.452089686252088,0.7976558394348819,5.534337906590174,6.0,6.0,7.0,4.7140865891912656,1.4858865145524318,0.3771793973491345,0.6205523135642689,0.0,0.0,0.0,0.0,0.0,0.0,0.0,0.0,0.0,0.0,0.0,0.0,0.0,0.0,0.0,0.0,0.0,0.0,0.0,0.0,0.0,0.0,0.0,0.0,0.0,0.0,0.0,0.0,0.0,0.0,0.0,0.0,0.0,0.0,0.0,0.0,0.0,0.0,0.0,0.0,0.0,0.0,0.0,0.0,0.0,0.0,0.0,1.0,0.0,0.0,0.0
71.02674872783368,49.999894472585794,196.7554846953384,1212.0,316.0,4.485463426032215,83.13785792008765,0.7314950351819539,1.4306925241585329,0.7312005548332342,6.989751783471,7.0,2.0,9.0,4.4809057283691995,1.4844989891137967,0.3933031816749565,0.7048410755942851,0.0,0.0,0.0,0.0,0.0,0.0,0.0,0.0,0.0,0.0,0.0,1.0,0.0,0.0,0.0,0.0,0.0,0.0,0.0,0.0,0.0,0.0,0.0,0.0,0.0,0.0,0.0,0.0,0.0,0.0,0.0,0.0,0.0,0.0,0.0,0.0,0.0,0.0,0.0,0.0,0.0,0.0,0.0,0.0,0.0,0.0,0.0,0.0,0.0,0.0,0.0
70.22130158038432,53.81691942514557,71.0346432767454,581.0,210.0,2.442688093509629,77.0609068975677,0.9862864822609037,1.0167311318843495,0.612513941528716,1.909613788443919,6.0,4.0,2.0,4.095348715532164,1.3763997902127472,0.3362397969673967,0.2831013810627242,0.0,0.0,0.0,0.0,0.0,0.0,0.0,0.0,0.0,0.0,0.0,0.0,0.0,0.0,0.0,0.0,0.0,0.0,0.0,0.0,0.0,0.0,0.0,0.0,0.0,0.0,0.0,0.0,0.0,0.0,0.0,0.0,0.0,0.0,0.0,0.0,0.0,0.0,1.0,0.0,0.0,0.0,0.0,0.0,0.0,0.0,0.0,0.0,0.0,0.0,0.0
65.15566281860096,39.11122783760598,144.5720900422255,814.0,193.0,6.473878611359918,81.18415921998023,0.7075479468675351,1.072483917652749,0.5124292125945552,8.009061764498405,4.0,4.0,10.0,3.7275511850707743,1.8473826609583988,0.4040870998845673,0.6495772178558074,0.0,0.0,0.0,0.0,0.0,0.0,0.0,0.0,0.0,0.0,0.0,0.0,0.0,0.0,0.0,0.0,0.0,0.0,0.0,0.0,0.0,0.0,0.0,0.0,0.0,0.0,0.0,0.0,0.0,0.0,0.0,0.0,0.0,0.0,0.0,0.0,0.0,0.0,0.0,1.0,0.0,0.0,0.0,0.0,0.0,0.0,0.0,0.0,0.0,0.0,0.0
64.1697588984962,40.47129590555867,172.26685517302593,705.0,308.0,2.628125052367584,82.20770290262979,0.8886392463914764,0.9004384821202732,0.9625291305161996,5.020083378909606,6.0,0.0,16.0,4.83099156856639,1.2259366104974312,0.38510493856798866,0.2636939356816063,0.0,0.0,0.0,0.0,0.0,0.0,0.0,0.0,0.0,0.0,0.0,0.0,0.0,0.0,0.0,0.0,0.0,0.0,0.0,0.0,0.0,0.0,0.0,0.0,0.0,0.0,0.0,0.0,0.0,1.0,0.0,0.0,0.0,0.0,0.0,0.0,0.0,0.0,0.0,0.0,0.0,0.0,0.0,0.0,0.0,0.0,0.0,0.0,0.0,0.0,0.0
70.10170044799635,50.01499824748281,178.0545366474615,850.0,592.0,6.953603839821085,76.79838388803701,0.987966506153221,1.1275306193013366,0.4118078480199341,7.173128502757851,4.0,2.0,16.0,4.677096104119384,1.252733669747989,0.37521089324836815,0.6688893705866962,0.0,0.0,0.0,0.0,0.0,0.0,0.0,0.0,0.0,0.0,0.0,0.0,0.0,0.0,0.0,0.0,0.0,0.0,0.0,0.0,0.0,0.0,0.0,0.0,0.0,0.0,0.0,0.0,0.0,0.0,0.0,0.0,0.0,0.0,0.0,0.0,0.0,0.0,0.0,0.0,1.0,0.0,0.0,0.0,0.0,0.0,0.0,0.0,0.0,0.0,0.0
67.92080459188202,27.744578739513457,172.80253820724002,337.0,148.0,2.0057739051161216,90.79203547502314,0.9416671739638904,0.93721839347596,0.8335982244809561,6.497107286430932,6.0,2.0,9.0,4.529509037224766,1.5949315847958152,0.3717339934284388,0.39903395933888636,0.0,0.0,0.0,0.0,0.0,0.0,0.0,0.0,0.0,0.0,0.0,0.0,0.0,0.0,0.0,0.0,0.0,0.0,0.0,0.0,0.0,0.0,0.0,0.0,0.0,0.0,0.0,0.0,0.0,0.0,0.0,0.0,0.0,1.0,0.0,0.0,0.0,0.0,0.0,0.0,0.0,0.0,0.0,0.0,0.0,0.0,0.0,0.0,0.0,0.0,0.0
70.13292161775323,22.885306421042944,71.28448008513463,400.0,366.0,3.613487024264584,78.5665775423373,0.9525865462344154,1.478969213107795,0.8427678110396895,1.946135348800918,6.0,0.0,7.0,4.473329081758509,1.335423173267068,0.3654465297291717,0.43942408777571207,0.0,0.0,0.0,0.0,0.0,0.0,0.0,0.0,0.0,0.0,0.0,0.0,0.0,0.0,0.0,0.0,0.0,0.0,0.0,0.0,0.0,0.0,0.0,0.0,0.0,0.0,0.0,0.0,0.0,0.0,0.0,0.0,0.0,0.0,0.0,0.0,0.0,0.0,0.0,0.0,0.0,0.0,0.0,0.0,0.0,1.0,0.0,0.0,0.0,0.0,0.0
70.02685043173176,39.32840003365983,198.59639370022023,1317.0,379.0,4.016956175493776,83.27003256058285,0.940235127245136,0.9957143198827796,0.7854489884662845,6.640621094542044,7.0,2.0,17.0,4.637866614508756,1.3347748046545747,0.37147370123349527,0.45156209960805743,0.0,0.0,0.0,0.0,0.0,0.0,0.0,0.0,0.0,0.0,0.0,0.0,0.0,0.0,0.0,0.0,0.0,0.0,0.0,0.0,0.0,0.0,0.0,0.0,0.0,0.0,0.0,0.0,0.0,0.0,0.0,0.0,1.0,0.0,0.0,0.0,0.0,0.0,0.0,0.0,0.0,0.0,0.0,0.0,0.0,0.0,0.0,0.0,0.0,0.0,0.0
70.50465386180174,29.19024824253336,160.05265086605834,1319.0,209.0,2.5648035702129035,73.3911997128518,0.7027167452949084,1.2979461402099144,0.8761076133171767,8.630808535326464,5.0,4.0,13.0,4.463172386326176,1.4512642546599042,0.41096417062026214,0.6721409401878198,0.0,0.0,0.0,0.0,0.0,0.0,0.0,0.0,0.0,0.0,0.0,1.0,0.0,0.0,0.0,0.0,0.0,0.0,0.0,0.0,0.0,0.0,0.0,0.0,0.0,0.0,0.0,0.0,0.0,0.0,0.0,0.0,0.0,0.0,0.0,0.0,0.0,0.0,0.0,0.0,0.0,0.0,0.0,0.0,0.0,0.0,0.0,0.0,0.0,0.0,0.0
82.19007209588143,50.7343188523862,143.70694805652323,1487.0,549.0,3.08503905748302,86.19698431425006,0.7149589760794686,1.0866060939755895,0.4535958323938059,4.230399415950398,7.0,5.0,22.0,4.209040855482061,1.3994475608742534,0.35715489249548604,0.4872291575471193,0.0,0.0,0.0,0.0,0.0,0.0,0.0,0.0,0.0,0.0,0.0,0.0,0.0,0.0,0.0,0.0,0.0,0.0,0.0,0.0,0.0,0.0,0.0,0.0,0.0,0.0,0.0,0.0,0.0,0.0,0.0,0.0,0.0,0.0,0.0,0.0,0.0,0.0,0.0,0.0,0.0,0.0,0.0,0.0,1.0,0.0,0.0,0.0,0.0,0.0,0.0
74.98984759798978,22.489130686566533,91.82387867854678,1200.0,308.0,4.01764063070029,94.63721933240716,0.8074720786525749,1.217850291731014,0.8919482495528417,8.767804530234883,4.0,1.0,20.0,3.8813256509322076,1.0857852333466314,0.2726716119850155,0.6336202913841801,0.0,0.0,0.0,0.0,0.0,0.0,0.0,1.0,0.0,0.0,0.0,0.0,0.0,0.0,0.0,0.0,0.0,0.0,0.0,0.0,0.0,0.0,0.0,0.0,0.0,0.0,0.0,0.0,0.0,0.0,0.0,0.0,0.0,0.0,0.0,0.0,0.0,0.0,0.0,0.0,0.0,0.0,0.0,0.0,0.0,0.0,0.0,0.0,0.0,0.0,0.0
64.7328094423642,34.93863172192552,144.1038755764382,1446.0,557.0,3.360305641699624,77.08477116862323,0.8825606500831219,1.4239619466119855,0.9522242633296236,3.261202576120575,4.0,5.0,13.0,4.600830770527583,1.250883091988575,0.3783919250199832,0.44115467496216365,0.0,0.0,0.0,0.0,0.0,0.0,0.0,0.0,0.0,0.0,0.0,0.0,0.0,0.0,0.0,0.0,0.0,0.0,0.0,0.0,0.0,0.0,0.0,0.0,0.0,0.0,0.0,0.0,0.0,0.0,0.0,0.0,1.0,0.0,0.0,0.0,0.0,0.0,0.0,0.0,0.0,0.0,0.0,0.0,0.0,0.0,0.0,0.0,0.0,0.0,0.0
70.1648921791866,27.01671708846081,94.98899668852728,546.0,599.0,5.481527108609352,72.49904189426904,0.8336571129062367,1.1815171408198466,0.9460503311282408,6.832585954891811,6.0,2.0,21.0,4.1520733383094965,1.452899199022262,0.37284688390327775,0.5005554569125178,0.0,0.0,0.0,0.0,0.0,0.0,0.0,0.0,0.0,0.0,0.0,0.0,0.0,0.0,0.0,0.0,0.0,0.0,0.0,0.0,0.0,0.0,0.0,0.0,0.0,0.0,0.0,0.0,0.0,0.0,0.0,0.0,0.0,0.0,0.0,0.0,0.0,0.0,1.0,0.0,0.0,0.0,0.0,0.0,0.0,0.0,0.0,0.0,0.0,0.0,0.0
82.66888369982091,34.02742314722326,162.673724219313,1174.0,429.0,4.417604021227385,79.07637921905668,0.7980552121848368,1.215446768885574,0.6463174910418417,8.774493831532945,4.0,0.0,11.0,4.054441345929029,1.1260799954882026,0.3235865524859544,0.7147370533997722,0.0,0.0,0.0,0.0,0.0,0.0,0.0,0.0,0.0,0.0,0.0,0.0,0.0,0.0,0.0,0.0,0.0,0.0,0.0,0.0,0.0,0.0,0.0,0.0,0.0,0.0,0.0,0.0,0.0,0.0,0.0,0.0,1.0,0.0,0.0,0.0,0.0,0.0,0.0,0.0,0.0,0.0,0.0,0.0,0.0,0.0,0.0,0.0,0.0,0.0,0.0
68.45720668882814,54.79062093131529,79.5755067375917,1486.0,290.0,3.4192148566219,84.68125636766246,0.8164890522981075,1.333492951117616,0.8705093646437608,7.143839549488264,4.0,3.0,14.0,5.236687793744402,0.9591835124026638,0.46018283827716877,0.6174048162585686,0.0,0.0,1.0,0.0,0.0,0.0,0.0,0.0,0.0,0.0,0.0,0.0,0.0,0.0,0.0,0.0,0.0,0.0,0.0,0.0,0.0,0.0,0.0,0.0,0.0,0.0,0.0,0.0,0.0,0.0,0.0,0.0,0.0,0.0,0.0,0.0,0.0,0.0,0.0,0.0,0.0,0.0,0.0,0.0,0.0,0.0,0.0,0.0,0.0,0.0,0.0
76.45071249790553,35.37937118692308,134.61870955884518,917.0,449.0,5.618762912460696,85.93537390465133,0.7219462888747367,1.277782658012999,0.6825081529168837,7.293798924463277,4.0,6.0,12.0,4.196054998552233,1.5786214724246177,0.3729609333628588,0.6597746166903067,0.0,0.0,0.0,0.0,0.0,0.0,0.0,0.0,0.0,0.0,0.0,0.0,0.0,0.0,0.0,0.0,0.0,0.0,0.0,0.0,0.0,0.0,0.0,0.0,0.0,0.0,0.0,0.0,0.0,0.0,0.0,0.0,0.0,0.0,0.0,0.0,0.0,0.0,0.0,0.0,0.0,1.0,0.0,0.0,0.0,0.0,0.0,0.0,0.0,0.0,0.0
65.68303012671231,55.81831880722041,185.8963036003233,379.0,274.0,2.040026620621548,82.01126932001725,0.7691468971241322,1.1015188792605652,0.5451554820703814,0.4922913879530277,4.0,1.0,13.0,5.236687793744402,1.1895887759338175,0.45484865673072516,0.27710859067680393,0.0,0.0,0.0,0.0,0.0,0.0,0.0,0.0,0.0,0.0,0.0,0.0,0.0,0.0,0.0,0.0,0.0,0.0,0.0,0.0,0.0,0.0,0.0,0.0,0.0,0.0,0.0,0.0,0.0,0.0,0.0,0.0,0.0,0.0,0.0,0.0,1.0,0.0,0.0,0.0,0.0,0.0,0.0,0.0,0.0,0.0,0.0,0.0,0.0,0.0,0.0
69.25390652715316,53.8845706213733,99.89023631596442,393.0,100.0,3.139086139876879,82.67740608364787,0.8619012063340792,0.9253069280082442,0.4393249382436228,0.4959732015241958,7.0,6.0,18.0,4.297411133298392,1.4395962197828445,0.3609923709017686,0.22442292968628938,0.0,0.0,1.0,0.0,0.0,0.0,0.0,0.0,0.0,0.0,0.0,0.0,0.0,0.0,0.0,0.0,0.0,0.0,0.0,0.0,0.0,0.0,0.0,0.0,0.0,0.0,0.0,0.0,0.0,0.0,0.0,0.0,0.0,0.0,0.0,0.0,0.0,0.0,0.0,0.0,0.0,0.0,0.0,0.0,0.0,0.0,0.0,0.0,0.0,0.0,0.0
68.96180867261269,36.51393339482853,95.63481179335056,1063.0,139.0,5.654297704489324,83.82931388617558,0.8969751015952269,1.2250121855148868,0.8515212405158568,9.78643576247904,5.0,6.0,19.0,4.333005541534719,1.2022979011705297,0.3356095800680942,0.7016621762401217,0.0,0.0,0.0,0.0,0.0,0.0,0.0,0.0,0.0,0.0,0.0,0.0,0.0,0.0,0.0,0.0,0.0,0.0,0.0,0.0,0.0,1.0,0.0,0.0,0.0,0.0,0.0,0.0,0.0,0.0,0.0,0.0,0.0,0.0,0.0,0.0,0.0,0.0,0.0,0.0,0.0,0.0,0.0,0.0,0.0,0.0,0.0,0.0,0.0,0.0,0.0
60.08725922694073,50.59663875090528,169.169645180104,605.0,383.0,4.645841837781045,77.74841335366109,0.9767861677556112,1.250805117445325,0.4854099102188526,6.504792249857304,5.0,4.0,17.0,4.462672476831426,1.3425893643482913,0.36442347316992674,0.6725832455214072,0.0,0.0,0.0,0.0,0.0,0.0,0.0,0.0,0.0,0.0,0.0,0.0,0.0,0.0,0.0,0.0,0.0,0.0,0.0,0.0,0.0,0.0,0.0,0.0,0.0,0.0,0.0,0.0,0.0,0.0,0.0,0.0,0.0,0.0,0.0,0.0,0.0,0.0,0.0,0.0,1.0,0.0,0.0,0.0,0.0,0.0,0.0,0.0,0.0,0.0,0.0
67.30770187097977,55.58631666038997,54.40666963363293,1327.0,270.0,2.9067476811119124,86.56381530282506,0.9814951462526896,0.9653947980682366,0.7043981645532793,7.729540756204668,5.0,5.0,7.0,4.748139434131704,1.2445763206967795,0.3617058115241043,0.517920509692329,0.0,0.0,0.0,0.0,1.0,0.0,0.0,0.0,0.0,0.0,0.0,0.0,0.0,0.0,0.0,0.0,0.0,0.0,0.0,0.0,0.0,0.0,0.0,0.0,0.0,0.0,0.0,0.0,0.0,0.0,0.0,0.0,0.0,0.0,0.0,0.0,0.0,0.0,0.0,0.0,0.0,0.0,0.0,0.0,0.0,0.0,0.0,0.0,0.0,0.0,0.0
72.65994465984635,39.42025316547775,95.21921038437304,520.0,598.0,5.216263131580937,83.57168250644686,0.7664344658641157,1.075779822753633,0.4794479328991142,8.896930998932746,4.0,0.0,8.0,4.94992452950326,1.8473826609583988,0.4787144763200408,0.7066567510820636,0.0,0.0,0.0,0.0,0.0,0.0,0.0,0.0,0.0,0.0,0.0,0.0,0.0,0.0,0.0,0.0,0.0,0.0,0.0,0.0,0.0,0.0,0.0,0.0,0.0,0.0,0.0,0.0,0.0,0.0,0.0,0.0,0.0,0.0,1.0,0.0,0.0,0.0,0.0,0.0,0.0,0.0,0.0,0.0,0.0,0.0,0.0,0.0,0.0,0.0,0.0
75.21226597156172,47.48867899937325,164.36163916761893,318.0,423.0,2.6748293918199453,75.5710220557917,0.99086407704581,1.0603994537008872,0.6727143741133433,2.8780058898391103,4.0,1.0,4.0,5.236687793744402,1.831567878313566,0.4787144763200408,0.33331424540251825,0.0,0.0,0.0,0.0,0.0,0.0,0.0,0.0,0.0,0.0,0.0,0.0,0.0,0.0,0.0,0.0,0.0,0.0,0.0,1.0,0.0,0.0,0.0,0.0,0.0,0.0,0.0,0.0,0.0,0.0,0.0,0.0,0.0,0.0,0.0,0.0,0.0,0.0,0.0,0.0,0.0,0.0,0.0,0.0,0.0,0.0,0.0,0.0,0.0,0.0,0.0
67.1933501777787,20.77716855363844,195.1382793886777,673.0,169.0,4.555041395752229,79.77944350937399,0.7747354145375036,1.2653489870095167,0.997311316833733,3.271626545605512,6.0,1.0,13.0,4.574519007598047,1.5112786118235075,0.4063664991870539,0.34724225912005996,0.0,0.0,0.0,0.0,0.0,0.0,0.0,0.0,0.0,0.0,0.0,0.0,0.0,0.0,0.0,0.0,0.0,1.0,0.0,0.0,0.0,0.0,0.0,0.0,0.0,0.0,0.0,0.0,0.0,0.0,0.0,0.0,0.0,0.0,0.0,0.0,0.0,0.0,0.0,0.0,0.0,0.0,0.0,0.0,0.0,0.0,0.0,0.0,0.0,0.0,0.0
66.88393398067787,26.833292782350576,100.89139980522545,1005.0,565.0,4.362110653129479,81.97195031208535,0.9473588596647752,1.0473012731181774,0.8961160465168638,8.973935760709324,3.0,4.0,19.0,3.678582896934127,0.9591835124026638,0.26514412203819004,0.5571832751953975,0.0,0.0,0.0,0.0,0.0,0.0,0.0,0.0,0.0,0.0,0.0,0.0,0.0,0.0,0.0,0.0,0.0,0.0,0.0,0.0,1.0,0.0,0.0,0.0,0.0,0.0,0.0,0.0,0.0,0.0,0.0,0.0,0.0,0.0,0.0,0.0,0.0,0.0,0.0,0.0,0.0,0.0,0.0,0.0,0.0,0.0,0.0,0.0,0.0,0.0,0.0
66.15956640116096,25.900065883364608,173.38487503363075,393.0,184.0,5.960789491907561,90.94954654943686,0.9380753395649382,0.9756544779990064,0.9055752037768968,1.347824184659262,4.0,2.0,9.0,4.10170468137265,1.0413405935514857,0.2818439258259907,0.13661928731494602,0.0,0.0,0.0,1.0,0.0,0.0,0.0,0.0,0.0,0.0,0.0,0.0,0.0,0.0,0.0,0.0,0.0,0.0,0.0,0.0,0.0,0.0,0.0,0.0,0.0,0.0,0.0,0.0,0.0,0.0,0.0,0.0,0.0,0.0,0.0,0.0,0.0,0.0,0.0,0.0,0.0,0.0,0.0,0.0,0.0,0.0,0.0,0.0,0.0,0.0,0.0
68.71998597012168,28.905786953126515,145.81593452688193,455.0,333.0,4.25718488577437,71.52199516634529,0.779269659605127,1.472972091146591,0.866194680812246,5.69314383316418,5.0,1.0,8.0,4.474430704233229,1.4167918775765966,0.4047317383457963,0.6160727575869925,0.0,0.0,0.0,0.0,0.0,0.0,0.0,0.0,0.0,0.0,0.0,0.0,0.0,0.0,0.0,0.0,0.0,0.0,0.0,0.0,0.0,0.0,0.0,0.0,0.0,0.0,0.0,0.0,0.0,0.0,0.0,0.0,0.0,0.0,0.0,0.0,0.0,1.0,0.0,0.0,0.0,0.0,0.0,0.0,0.0,0.0,0.0,0.0,0.0,0.0,0.0
64.70046224709444,23.47655849051158,52.38230090819494,1090.0,508.0,2.555052858830045,74.01113352031447,0.8246747296771055,1.1229722596157028,0.5492941770660229,6.175916715475922,5.0,6.0,1.0,5.156341044984043,1.5998056469695883,0.47178936820940776,0.5708263672191144,0.0,0.0,0.0,0.0,0.0,0.0,0.0,0.0,0.0,0.0,0.0,0.0,0.0,0.0,0.0,0.0,0.0,0.0,0.0,0.0,0.0,0.0,0.0,0.0,0.0,0.0,0.0,0.0,0.0,0.0,0.0,0.0,0.0,0.0,0.0,1.0,0.0,0.0,0.0,0.0,0.0,0.0,0.0,0.0,0.0,0.0,0.0,0.0,0.0,0.0,0.0
64.65966994867017,59.9031530327414,195.55279330094623,481.0,596.0,6.889557311955542,70.68762408761651,0.9912425358407349,1.454031054115178,0.5215975302619345,8.869286825601641,5.0,4.0,18.0,4.6154944495730765,1.3842287186561073,0.3943204634165309,0.8805183075237486,0.0,0.0,0.0,0.0,0.0,0.0,0.0,0.0,0.0,0.0,0.0,0.0,0.0,0.0,0.0,0.0,0.0,0.0,0.0,0.0,0.0,0.0,0.0,0.0,0.0,0.0,0.0,0.0,0.0,0.0,0.0,0.0,0.0,0.0,0.0,0.0,0.0,0.0,0.0,0.0,0.0,0.0,0.0,1.0,0.0,0.0,0.0,0.0,0.0,0.0,0.0
68.39565441012196,43.94274586936392,139.2760599587658,590.0,147.0,4.992424502884586,78.83291591502432,0.8551173428825918,1.1217598270658955,0.6651133474020121,1.7739453090630195,6.0,1.0,4.0,4.1814858880682895,1.4836889501850246,0.36352209223185633,0.311323754786438,0.0,0.0,0.0,0.0,0.0,0.0,0.0,0.0,0.0,0.0,0.0,0.0,0.0,0.0,0.0,0.0,0.0,0.0,0.0,0.0,0.0,0.0,0.0,0.0,1.0,0.0,0.0,0.0,0.0,0.0,0.0,0.0,0.0,0.0,0.0,0.0,0.0,0.0,0.0,0.0,0.0,0.0,0.0,0.0,0.0,0.0,0.0,0.0,0.0,0.0,0.0
71.006200832421,46.84881419058465,152.49098434556714,466.0,164.0,3.3512994472892665,73.24094840520299,0.8264365376476348,1.3855696930839936,0.547381700928266,8.574884076292825,5.0,6.0,11.0,4.704588341465563,1.4813785051265778,0.42269199822973147,0.8229181365428835,0.0,0.0,0.0,0.0,0.0,0.0,0.0,0.0,0.0,0.0,0.0,0.0,0.0,0.0,0.0,0.0,1.0,0.0,0.0,0.0,0.0,0.0,0.0,0.0,0.0,0.0,0.0,0.0,0.0,0.0,0.0,0.0,0.0,0.0,0.0,0.0,0.0,0.0,0.0,0.0,0.0,0.0,0.0,0.0,0.0,0.0,0.0,0.0,0.0,0.0,0.0
65.99004270547245,56.14694164267158,134.2449913412218,1354.0,470.0,4.2016267471629165,85.6137135646844,0.784829203311196,1.12847238115302,0.6942789558544378,1.238867839021256,6.0,3.0,22.0,4.597247379977744,1.4502990847316564,0.3898363314576002,0.27817777769117413,0.0,0.0,0.0,0.0,0.0,0.0,0.0,0.0,0.0,0.0,0.0,0.0,0.0,0.0,0.0,0.0,0.0,0.0,0.0,0.0,0.0,0.0,0.0,0.0,0.0,0.0,0.0,0.0,0.0,0.0,0.0,0.0,0.0,0.0,0.0,0.0,0.0,0.0,0.0,0.0,0.0,1.0,0.0,0.0,0.0,0.0,0.0,0.0,0.0,0.0,0.0
67.78597634839234,22.58351754681152,96.84113869395,831.0,123.0,4.628455486578254,91.51436606545133,0.8178025547032548,1.4936158609927306,0.4085510908334642,3.99878002160039,5.0,3.0,4.0,4.1806727217346875,1.4810660537689884,0.3415697643449286,0.6943821511334581,0.0,0.0,0.0,0.0,0.0,0.0,0.0,0.0,0.0,0.0,0.0,1.0,0.0,0.0,0.0,0.0,0.0,0.0,0.0,0.0,0.0,0.0,0.0,0.0,0.0,0.0,0.0,0.0,0.0,0.0,0.0,0.0,0.0,0.0,0.0,0.0,0.0,0.0,0.0,0.0,0.0,0.0,0.0,0.0,0.0,0.0,0.0,0.0,0.0,0.0,0.0
63.78152479365446,59.29609628690257,131.70151964069123,771.0,144.0,2.7184902482289166,92.3787454411124,0.7375919033700694,1.397365639307956,0.746043097790994,7.284553682684653,4.0,6.0,13.0,4.185272422785632,1.8473826609583988,0.42422159742701343,0.697956531402329,0.0,0.0,0.0,0.0,0.0,0.0,0.0,0.0,0.0,0.0,0.0,0.0,0.0,0.0,0.0,0.0,0.0,0.0,0.0,0.0,0.0,0.0,0.0,0.0,0.0,0.0,0.0,0.0,0.0,0.0,0.0,0.0,0.0,0.0,0.0,0.0,0.0,0.0,0.0,1.0,0.0,0.0,0.0,0.0,0.0,0.0,0.0,0.0,0.0,0.0,0.0
64.17698292208104,50.32695021450195,61.22463317640079,403.0,567.0,6.505971214575015,90.60282593126176,0.9587665651204732,1.4476425696582034,0.5754331269004955,9.695290671745015,5.0,5.0,21.0,4.355330935284907,1.3135894650968951,0.3284442354583113,0.9006784395211569,0.0,0.0,0.0,0.0,0.0,0.0,0.0,0.0,0.0,0.0,0.0,0.0,0.0,0.0,0.0,0.0,0.0,0.0,0.0,0.0,0.0,0.0,0.0,0.0,0.0,0.0,0.0,0.0,0.0,0.0,0.0,0.0,0.0,0.0,0.0,0.0,0.0,0.0,0.0,0.0,0.0,0.0,0.0,0.0,0.0,1.0,0.0,0.0,0.0,0.0,0.0
66.47604732621461,42.80105977395048,61.95100418414113,606.0,492.0,2.7664790452129475,73.44813948941321,0.9277787261429956,1.332829416976834,0.7904483846868245,3.945109099361336,6.0,4.0,23.0,4.5278433377865825,1.5009135520212433,0.3986896597211417,0.4837568037069596,0.0,0.0,0.0,0.0,0.0,0.0,0.0,0.0,0.0,0.0,0.0,0.0,0.0,0.0,0.0,0.0,1.0,0.0,0.0,0.0,0.0,0.0,0.0,0.0,0.0,0.0,0.0,0.0,0.0,0.0,0.0,0.0,0.0,0.0,0.0,0.0,0.0,0.0,0.0,0.0,0.0,0.0,0.0,0.0,0.0,0.0,0.0,0.0,0.0,0.0,0.0
70.79065662764978,49.69286956131014,187.17681645459967,1467.0,561.0,5.286790947703483,85.35596324469252,0.8690247424413039,1.1831385525566938,0.6063102988407834,0.2596573139060532,3.0,3.0,14.0,3.922978582543827,1.2403479259721106,0.30344626183452084,0.28590792303995183,0.0,0.0,0.0,1.0,0.0,0.0,0.0,0.0,0.0,0.0,0.0,0.0,0.0,0.0,0.0,0.0,0.0,0.0,0.0,0.0,0.0,0.0,0.0,0.0,0.0,0.0,0.0,0.0,0.0,0.0,0.0,0.0,0.0,0.0,0.0,0.0,0.0,0.0,0.0,0.0,0.0,0.0,0.0,0.0,0.0,0.0,0.0,0.0,0.0,0.0,0.0
76.00712837698376,26.9268736088938,153.7474825575218,540.0,142.0,4.142125809620223,85.12032578558357,0.9223142172910804,1.235480477025276,0.8348042693624667,3.001834775816371,6.0,6.0,19.0,4.200439067687379,1.2975230810422493,0.32809566105844434,0.3730355877300955,0.0,0.0,0.0,0.0,0.0,0.0,0.0,0.0,0.0,0.0,0.0,0.0,0.0,0.0,0.0,0.0,0.0,0.0,0.0,0.0,0.0,0.0,0.0,0.0,0.0,0.0,0.0,0.0,0.0,0.0,0.0,0.0,0.0,0.0,0.0,0.0,0.0,0.0,0.0,0.0,1.0,0.0,0.0,0.0,0.0,0.0,0.0,0.0,0.0,0.0,0.0
76.25864557091421,28.66280596151246,107.77820050145311,1125.0,327.0,3.294424254019204,76.90006430271373,0.8078698839619467,1.1490520569076637,0.7749862945499589,0.2884427289724112,5.0,6.0,20.0,4.4992561361156165,1.607691631915295,0.4114938732060884,0.21398839187114854,0.0,0.0,0.0,0.0,0.0,0.0,0.0,0.0,0.0,0.0,0.0,0.0,0.0,0.0,1.0,0.0,0.0,0.0,0.0,0.0,0.0,0.0,0.0,0.0,0.0,0.0,0.0,0.0,0.0,0.0,0.0,0.0,0.0,0.0,0.0,0.0,0.0,0.0,0.0,0.0,0.0,0.0,0.0,0.0,0.0,0.0,0.0,0.0,0.0,0.0,0.0
57.86270355110523,58.3034552291882,162.22167294740882,980.0,244.0,4.722555437776945,88.14675530809978,0.9872524358859917,0.9882549141451406,0.6094738455363451,6.8247523828986365,7.0,1.0,10.0,4.309645191057416,1.477259814003684,0.34217492657570053,0.5157769532588719,0.0,0.0,1.0,0.0,0.0,0.0,0.0,0.0,0.0,0.0,0.0,0.0,0.0,0.0,0.0,0.0,0.0,0.0,0.0,0.0,0.0,0.0,0.0,0.0,0.0,0.0,0.0,0.0,0.0,0.0,0.0,0.0,0.0,0.0,0.0,0.0,0.0,0.0,0.0,0.0,0.0,0.0,0.0,0.0,0.0,0.0,0.0,0.0,0.0,0.0,0.0
70.62904698754218,58.14817019350259,130.31428204666918,1450.0,128.0,6.027274866149392,70.00890347166668,0.9299537046597556,1.2434067589368654,0.7018368768819563,9.366364490421246,5.0,5.0,2.0,4.74677236304282,1.4400074024904999,0.4185105503034564,0.7398123421318781,0.0,0.0,0.0,0.0,0.0,0.0,0.0,0.0,0.0,0.0,0.0,0.0,0.0,0.0,0.0,0.0,1.0,0.0,0.0,0.0,0.0,0.0,0.0,0.0,0.0,0.0,0.0,0.0,0.0,0.0,0.0,0.0,0.0,0.0,0.0,0.0,0.0,0.0,0.0,0.0,0.0,0.0,0.0,0.0,0.0,0.0,0.0,0.0,0.0,0.0,0.0
75.54294754130635,33.48770596413428,113.51299631814842,680.0,295.0,2.493627826917552,78.89786241075971,0.8257580970189378,1.3069882355738214,0.4840728115150438,9.505548856649368,7.0,4.0,20.0,4.352660015020877,1.2863913771205047,0.3623267109037848,0.8512821025928489,0.0,0.0,0.0,0.0,0.0,0.0,0.0,0.0,0.0,0.0,0.0,0.0,0.0,0.0,0.0,0.0,0.0,0.0,0.0,1.0,0.0,0.0,0.0,0.0,0.0,0.0,0.0,0.0,0.0,0.0,0.0,0.0,0.0,0.0,0.0,0.0,0.0,0.0,0.0,0.0,0.0,0.0,0.0,0.0,0.0,0.0,0.0,0.0,0.0,0.0,0.0
71.24463970874169,28.905238820037034,150.05204646549794,912.0,103.0,4.399126399192864,92.50837019558776,0.9849490828065592,1.3383741497808277,0.9780633851827476,5.755665504517563,4.0,3.0,17.0,4.735229059283047,0.9591835124026638,0.26514412203819004,0.5144963469790015,0.0,0.0,0.0,0.0,0.0,0.0,0.0,0.0,0.0,0.0,0.0,0.0,0.0,0.0,0.0,0.0,0.0,0.0,0.0,0.0,0.0,0.0,0.0,0.0,0.0,0.0,0.0,0.0,0.0,0.0,0.0,0.0,0.0,0.0,0.0,0.0,0.0,0.0,0.0,0.0,0.0,0.0,0.0,0.0,0.0,0.0,0.0,0.0,1.0,0.0,0.0
75.92610699282324,35.34431846824601,104.842488285406,1313.0,325.0,5.2605743354124535,79.80540376514725,0.7811018114635901,1.4680618583207727,0.6733204686354626,8.52405326100043,4.0,3.0,4.0,4.680364861759646,1.2936982841945197,0.3940778299182129,0.8196269205088691,0.0,1.0,0.0,0.0,0.0,0.0,0.0,0.0,0.0,0.0,0.0,0.0,0.0,0.0,0.0,0.0,0.0,0.0,0.0,0.0,0.0,0.0,0.0,0.0,0.0,0.0,0.0,0.0,0.0,0.0,0.0,0.0,0.0,0.0,0.0,0.0,0.0,0.0,0.0,0.0,0.0,0.0,0.0,0.0,0.0,0.0,0.0,0.0,0.0,0.0,0.0
71.77581333938805,39.54974316329244,148.35159608203716,1123.0,549.0,3.648842114743952,88.22758607631631,0.9365914879369088,1.094618273428718,0.5603724743990095,9.614041852970873,5.0,0.0,15.0,4.5238812158322395,1.5302070017562153,0.3707029475998905,0.7249531710222272,0.0,0.0,0.0,0.0,0.0,0.0,0.0,0.0,0.0,0.0,0.0,0.0,0.0,0.0,0.0,0.0,0.0,0.0,0.0,0.0,0.0,0.0,0.0,0.0,0.0,0.0,0.0,0.0,0.0,0.0,0.0,0.0,0.0,0.0,0.0,0.0,0.0,0.0,0.0,0.0,0.0,1.0,0.0,0.0,0.0,0.0,0.0,0.0,0.0,0.0,0.0
75.60063655648194,52.49675470143801,155.8523701279492,427.0,274.0,6.156711521864581,81.80044287705167,0.8906486927174763,1.1524688515136627,0.7930997446557673,8.096894748491705,7.0,1.0,7.0,4.810846440613126,1.6053557621993317,0.42019845654352445,0.6003233772265982,0.0,0.0,0.0,0.0,0.0,0.0,0.0,0.0,0.0,0.0,0.0,0.0,0.0,0.0,0.0,0.0,0.0,0.0,0.0,0.0,0.0,0.0,0.0,0.0,0.0,0.0,0.0,0.0,0.0,0.0,0.0,0.0,0.0,0.0,0.0,1.0,0.0,0.0,0.0,0.0,0.0,0.0,0.0,0.0,0.0,0.0,0.0,0.0,0.0,0.0,0.0
67.11078169876066,49.14762600030792,74.48468436208483,1033.0,193.0,2.998848507882154,93.34750027281248,0.7375624862596993,1.3568819538195165,0.866470520866188,1.1616256996129504,5.0,4.0,11.0,4.176518361715964,1.5690019215120101,0.35396332586531487,0.3311582130299861,0.0,0.0,0.0,0.0,0.0,0.0,0.0,0.0,0.0,0.0,0.0,0.0,0.0,0.0,0.0,0.0,0.0,0.0,0.0,0.0,0.0,0.0,0.0,0.0,0.0,1.0,0.0,0.0,0.0,0.0,0.0,0.0,0.0,0.0,0.0,0.0,0.0,0.0,0.0,0.0,0.0,0.0,0.0,0.0,0.0,0.0,0.0,0.0,0.0,0.0,0.0
71.13814888736695,51.38422608179523,64.16243865428461,883.0,459.0,4.236914972184451,88.70765768796676,0.9177634490098644,1.0551783476105812,0.9753230091078028,9.535219851401008,3.0,6.0,16.0,3.678582896934127,0.9591835124026638,0.26514412203819004,0.5627705683805644,0.0,0.0,0.0,0.0,0.0,0.0,0.0,0.0,0.0,0.0,0.0,0.0,0.0,0.0,0.0,0.0,0.0,0.0,0.0,0.0,0.0,0.0,0.0,0.0,0.0,0.0,0.0,0.0,0.0,0.0,0.0,0.0,0.0,0.0,0.0,0.0,0.0,0.0,0.0,0.0,0.0,0.0,0.0,0.0,1.0,0.0,0.0,0.0,0.0,0.0,0.0
62.17229783190908,33.793202800080444,141.0930589479434,1195.0,488.0,5.093958371684636,76.24468578393524,0.8142427461789516,1.1887500069070858,0.4706071610150205,5.523356120674738,6.0,2.0,20.0,4.696022592054279,1.454726812399441,0.41461685430762507,0.5973627157694034,0.0,0.0,0.0,0.0,0.0,0.0,0.0,0.0,0.0,0.0,0.0,0.0,0.0,0.0,0.0,0.0,0.0,0.0,0.0,0.0,0.0,0.0,0.0,0.0,0.0,0.0,0.0,0.0,0.0,0.0,0.0,0.0,0.0,0.0,0.0,0.0,0.0,0.0,0.0,0.0,0.0,0.0,0.0,0.0,0.0,0.0,0.0,0.0,0.0,1.0,0.0
71.51789612087443,43.39978487876687,146.21833572804852,1171.0,392.0,2.939282777476282,76.29889926254144,0.7481296501329348,1.401043946133683,0.925502299055044,0.9222234172731824,5.0,5.0,16.0,4.4689921312677185,1.4443793811856265,0.4004545415892541,0.3215801309353333,0.0,0.0,0.0,0.0,0.0,0.0,0.0,0.0,0.0,0.0,0.0,0.0,0.0,0.0,0.0,0.0,0.0,0.0,0.0,0.0,1.0,0.0,0.0,0.0,0.0,0.0,0.0,0.0,0.0,0.0,0.0,0.0,0.0,0.0,0.0,0.0,0.0,0.0,0.0,0.0,0.0,0.0,0.0,0.0,0.0,0.0,0.0,0.0,0.0,0.0,0.0
68.22240468416268,22.22606252304553,87.34216447327879,1118.0,470.0,6.603938456739062,76.19355506374819,0.7477994905840486,1.0898064574793,0.7739561075065546,6.827573375881824,6.0,5.0,14.0,4.629138312515856,1.5120950337476737,0.4210437983994243,0.5118443695120436,0.0,0.0,0.0,0.0,0.0,0.0,0.0,0.0,0.0,0.0,0.0,0.0,0.0,1.0,0.0,0.0,0.0,0.0,0.0,0.0,0.0,0.0,0.0,0.0,0.0,0.0,0.0,0.0,0.0,0.0,0.0,0.0,0.0,0.0,0.0,0.0,0.0,0.0,0.0,0.0,0.0,0.0,0.0,0.0,0.0,0.0,0.0,0.0,0.0,0.0,0.0
77.03256274020401,59.33886332749845,57.42522181015018,915.0,162.0,4.301338327873652,91.61199828641568,0.8351727944059928,1.1272851374654662,0.8115652404427254,9.854752579224336,6.0,5.0,16.0,4.2187243514285395,1.5158767921442777,0.34625913765307587,0.6695044877634202,0.0,0.0,0.0,0.0,0.0,0.0,0.0,0.0,0.0,0.0,0.0,0.0,0.0,0.0,0.0,0.0,0.0,0.0,0.0,0.0,0.0,0.0,0.0,0.0,0.0,1.0,0.0,0.0,0.0,0.0,0.0,0.0,0.0,0.0,0.0,0.0,0.0,0.0,0.0,0.0,0.0,0.0,0.0,0.0,0.0,0.0,0.0,0.0,0.0,0.0,0.0
72.113552012955,39.71577374570626,81.54209112580905,505.0,114.0,6.743721239988352,86.06634380968778,0.7220082482153429,1.052524095478755,0.6391344406762713,8.599164422102014,6.0,3.0,13.0,4.103708898114861,1.5416892631656587,0.3611627573679151,0.6268204496844152,0.0,0.0,0.0,0.0,0.0,0.0,0.0,0.0,0.0,0.0,0.0,0.0,0.0,0.0,0.0,0.0,0.0,0.0,0.0,0.0,0.0,0.0,0.0,0.0,0.0,0.0,0.0,0.0,1.0,0.0,0.0,0.0,0.0,0.0,0.0,0.0,0.0,0.0,0.0,0.0,0.0,0.0,0.0,0.0,0.0,0.0,0.0,0.0,0.0,0.0,0.0
69.25058657871213,54.34553077434704,178.26471081198804,314.0,341.0,6.939509267886702,92.6241663629356,0.7611638768772853,1.0933612106418995,0.8077628359000264,2.339897704858888,6.0,6.0,0.0,4.559230643730691,1.4879552699625598,0.3784822769656873,0.27781335565307325,0.0,0.0,0.0,0.0,0.0,0.0,0.0,0.0,0.0,0.0,0.0,0.0,0.0,0.0,0.0,0.0,0.0,0.0,0.0,0.0,0.0,0.0,0.0,0.0,0.0,0.0,0.0,0.0,0.0,0.0,0.0,0.0,0.0,0.0,0.0,0.0,0.0,0.0,0.0,0.0,0.0,0.0,0.0,0.0,0.0,0.0,1.0,0.0,0.0,0.0,0.0
65.44353797403225,52.64296855067175,75.63469015933643,1225.0,147.0,2.1354543291949977,86.76164425599232,0.7191307077851445,1.38265898672097,0.6826108515052499,4.348653247226331,4.0,0.0,13.0,4.760321616270335,1.7461273365059182,0.4364892588559433,0.5648796209948158,0.0,0.0,0.0,0.0,0.0,0.0,0.0,0.0,0.0,0.0,0.0,0.0,0.0,0.0,0.0,0.0,0.0,0.0,0.0,0.0,0.0,0.0,0.0,0.0,0.0,0.0,0.0,0.0,0.0,0.0,0.0,0.0,0.0,1.0,0.0,0.0,0.0,0.0,0.0,0.0,0.0,0.0,0.0,0.0,0.0,0.0,0.0,0.0,0.0,0.0,0.0
72.96211962026197,33.21780316092577,124.8360974021283,1301.0,531.0,5.094617613980786,94.45746586955048,0.9251739599395958,1.009240575523466,0.8935645365395566,4.359496975279384,6.0,0.0,22.0,4.669778258008363,1.2188363478804336,0.34230130015268373,0.3081171461981202,0.0,0.0,0.0,0.0,0.0,0.0,0.0,0.0,0.0,0.0,0.0,0.0,0.0,0.0,0.0,1.0,0.0,0.0,0.0,0.0,0.0,0.0,0.0,0.0,0.0,0.0,0.0,0.0,0.0,0.0,0.0,0.0,0.0,0.0,0.0,0.0,0.0,0.0,0.0,0.0,0.0,0.0,0.0,0.0,0.0,0.0,0.0,0.0,0.0,0.0,0.0
67.77907971853435,21.70920704097493,67.80003799894385,1211.0,225.0,5.167420469097015,78.30236618202606,0.7492081563322515,1.1364381457662458,0.7177501146977314,8.594851674654171,7.0,1.0,12.0,4.433875053322055,1.654332730102964,0.4133418866123503,0.6423634565393467,0.0,0.0,0.0,0.0,0.0,0.0,0.0,0.0,0.0,0.0,0.0,0.0,0.0,0.0,0.0,0.0,0.0,0.0,0.0,0.0,0.0,0.0,0.0,0.0,0.0,0.0,0.0,0.0,0.0,0.0,0.0,0.0,0.0,0.0,0.0,0.0,0.0,0.0,0.0,1.0,0.0,0.0,0.0,0.0,0.0,0.0,0.0,0.0,0.0,0.0,0.0
76.60810829944187,43.68300986705906,92.02232542393357,1429.0,485.0,6.087448983411993,81.27358874375166,0.8336764661151643,1.0547871713241754,0.5479351799126335,7.200710502578914,5.0,6.0,16.0,4.333764362969497,1.353336541387822,0.3615374444321111,0.5884258787239104,1.0,0.0,0.0,0.0,0.0,0.0,0.0,0.0,0.0,0.0,0.0,0.0,0.0,0.0,0.0,0.0,0.0,0.0,0.0,0.0,0.0,0.0,0.0,0.0,0.0,0.0,0.0,0.0,0.0,0.0,0.0,0.0,0.0,0.0,0.0,0.0,0.0,0.0,0.0,0.0,0.0,0.0,0.0,0.0,0.0,0.0,0.0,0.0,0.0,0.0,0.0
71.58875312397777,54.483939850652575,155.88005881845532,1210.0,255.0,6.994731079255379,80.68028695120096,0.947428528487279,1.2076978206673938,0.5000719057377103,7.81707870946541,4.0,4.0,15.0,4.074700848299962,1.040699066400948,0.2990453908019746,0.7117704651977093,0.0,0.0,0.0,0.0,0.0,0.0,0.0,0.0,0.0,0.0,0.0,0.0,0.0,0.0,0.0,0.0,0.0,0.0,0.0,0.0,0.0,0.0,0.0,0.0,0.0,0.0,0.0,0.0,0.0,0.0,0.0,0.0,0.0,0.0,0.0,0.0,0.0,0.0,0.0,0.0,0.0,0.0,0.0,0.0,0.0,0.0,1.0,0.0,0.0,0.0,0.0
68.18118954653514,26.4473285612084,115.61676126401326,646.0,337.0,5.30060339876694,75.74727752278908,0.7829324521724798,1.1166003753439162,0.8499451873803967,8.67724292265833,4.0,0.0,6.0,3.941153886580128,1.1070015051385251,0.3201165834268979,0.5924337090544853,0.0,0.0,0.0,0.0,0.0,0.0,0.0,0.0,0.0,0.0,0.0,0.0,0.0,0.0,0.0,0.0,0.0,0.0,0.0,0.0,0.0,0.0,0.0,0.0,0.0,0.0,0.0,0.0,0.0,0.0,0.0,0.0,1.0,0.0,0.0,0.0,0.0,0.0,0.0,0.0,0.0,0.0,0.0,0.0,0.0,0.0,0.0,0.0,0.0,0.0,0.0
80.61102630732579,43.14580493451745,63.25604852201733,546.0,328.0,6.12185439390622,73.64198402586202,0.7841587263097716,1.3205784179130051,0.6183035838533861,8.967498557137937,5.0,5.0,9.0,4.616862693944092,1.6864532706181308,0.43809433795344427,0.7863616449435865,0.0,0.0,0.0,0.0,0.0,0.0,0.0,0.0,0.0,0.0,0.0,0.0,0.0,0.0,0.0,0.0,0.0,0.0,0.0,0.0,0.0,0.0,0.0,0.0,0.0,0.0,0.0,0.0,0.0,0.0,0.0,0.0,0.0,0.0,0.0,0.0,0.0,0.0,0.0,0.0,0.0,0.0,1.0,0.0,0.0,0.0,0.0,0.0,0.0,0.0,0.0
65.85484341815533,27.879578757618457,174.45202525238875,734.0,349.0,5.7541123449790295,81.56725727838622,0.959668305159033,1.18252186143729,0.5435571322531197,5.333323604647743,6.0,5.0,17.0,4.245755114742488,1.5514813759098585,0.35964132094405177,0.5603891263477793,0.0,0.0,0.0,0.0,0.0,0.0,0.0,0.0,0.0,0.0,0.0,0.0,0.0,0.0,1.0,0.0,0.0,0.0,0.0,0.0,0.0,0.0,0.0,0.0,0.0,0.0,0.0,0.0,0.0,0.0,0.0,0.0,0.0,0.0,0.0,0.0,0.0,0.0,0.0,0.0,0.0,0.0,0.0,0.0,0.0,0.0,0.0,0.0,0.0,0.0,0.0
67.92232285449128,29.253916115433007,170.13411895523416,339.0,504.0,2.8008063246695443,92.2382734103014,0.9895032419761618,1.0059506561558007,0.7537156163641825,7.23693223088347,6.0,6.0,9.0,4.185220194058653,1.3771412146868633,0.3134235438302706,0.4971116013030502,0.0,0.0,0.0,0.0,0.0,0.0,0.0,0.0,0.0,0.0,0.0,0.0,0.0,0.0,0.0,0.0,0.0,0.0,0.0,0.0,0.0,0.0,0.0,0.0,0.0,0.0,0.0,0.0,0.0,0.0,0.0,1.0,0.0,0.0,0.0,0.0,0.0,0.0,0.0,0.0,0.0,0.0,0.0,0.0,0.0,0.0,0.0,0.0,0.0,0.0,0.0
62.58859607536421,49.75914439212427,98.06853139489488,682.0,126.0,3.9416255203049175,87.75345808757535,0.841345788005951,1.056805376089718,0.410756943481483,0.0544386026379084,4.0,6.0,19.0,4.734718643515351,1.3894163954708507,0.38600720978879943,0.27768180057242925,0.0,0.0,0.0,0.0,0.0,0.0,0.0,0.0,0.0,0.0,0.0,0.0,0.0,0.0,0.0,0.0,0.0,0.0,0.0,0.0,0.0,0.0,0.0,0.0,0.0,0.0,0.0,0.0,0.0,0.0,0.0,0.0,0.0,0.0,0.0,0.0,0.0,0.0,0.0,0.0,1.0,0.0,0.0,0.0,0.0,0.0,0.0,0.0,0.0,0.0,0.0
69.23419089703282,32.677780587526804,96.99375927588838,999.0,223.0,2.6024692928673248,91.40083992575164,0.8012683401605778,1.493912258453194,0.6151665899724977,4.149418795961265,4.0,1.0,16.0,4.338267380051612,1.4057642361037272,0.3499197031921478,0.6331044440023147,0.0,0.0,0.0,0.0,0.0,0.0,0.0,0.0,0.0,0.0,0.0,0.0,0.0,0.0,0.0,0.0,0.0,0.0,0.0,0.0,0.0,0.0,0.0,0.0,0.0,0.0,1.0,0.0,0.0,0.0,0.0,0.0,0.0,0.0,0.0,0.0,0.0,0.0,0.0,0.0,0.0,0.0,0.0,0.0,0.0,0.0,0.0,0.0,0.0,0.0,0.0
72.81349264395435,34.49827221835946,57.92928222246147,583.0,450.0,2.196589696618694,85.74895646326519,0.7933437341425855,1.2102918657644222,0.9676107127787232,2.4310447167375293,5.0,6.0,18.0,4.568553453204616,1.6512033611308812,0.4054092490388233,0.28754389114840295,0.0,0.0,0.0,0.0,0.0,0.0,0.0,0.0,0.0,0.0,0.0,0.0,0.0,0.0,0.0,0.0,0.0,1.0,0.0,0.0,0.0,0.0,0.0,0.0,0.0,0.0,0.0,0.0,0.0,0.0,0.0,0.0,0.0,0.0,0.0,0.0,0.0,0.0,0.0,0.0,0.0,0.0,0.0,0.0,0.0,0.0,0.0,0.0,0.0,0.0,0.0
70.91552285601792,51.50742419832064,175.7861657651297,305.0,467.0,3.799849825360329,81.80634729286774,0.8791547973031482,1.101584642794821,0.4514464852303239,9.371787907329086,4.0,6.0,7.0,3.7278884085153527,1.1623856309626492,0.28517993690936827,0.7526760221781668,0.0,0.0,0.0,0.0,0.0,0.0,0.0,0.0,0.0,0.0,0.0,0.0,0.0,0.0,0.0,0.0,0.0,0.0,0.0,0.0,0.0,0.0,0.0,0.0,0.0,0.0,1.0,0.0,0.0,0.0,0.0,0.0,0.0,0.0,0.0,0.0,0.0,0.0,0.0,0.0,0.0,0.0,0.0,0.0,0.0,0.0,0.0,0.0,0.0,0.0,0.0
60.7289336230616,55.655417422107256,65.11995658163866,456.0,337.0,2.7538985457166856,86.18096586744802,0.7164311892740742,1.1270113857555557,0.7158641330378692,6.6981139138329695,4.0,5.0,2.0,4.6339593304642905,1.3055779391775557,0.3849059333890366,0.5433777461410803,0.0,0.0,0.0,0.0,0.0,0.0,0.0,0.0,0.0,0.0,0.0,0.0,0.0,0.0,0.0,0.0,0.0,0.0,0.0,0.0,0.0,0.0,0.0,0.0,0.0,0.0,0.0,0.0,0.0,0.0,0.0,0.0,0.0,0.0,0.0,0.0,0.0,0.0,0.0,0.0,0.0,0.0,0.0,1.0,0.0,0.0,0.0,0.0,0.0,0.0,0.0
77.1242984423784,33.913562716701975,181.57487151678995,408.0,484.0,3.769211471486388,92.32013183430644,0.7003977396301834,1.3046067355381017,0.5100112641632242,2.44510802296918,5.0,3.0,8.0,4.57657632296092,1.483202183983144,0.3862165369800832,0.4881862444547342,0.0,0.0,0.0,0.0,0.0,0.0,0.0,0.0,0.0,0.0,0.0,0.0,0.0,0.0,0.0,0.0,0.0,0.0,0.0,0.0,1.0,0.0,0.0,0.0,0.0,0.0,0.0,0.0,0.0,0.0,0.0,0.0,0.0,0.0,0.0,0.0,0.0,0.0,0.0,0.0,0.0,0.0,0.0,0.0,0.0,0.0,0.0,0.0,0.0,0.0,0.0
76.99980316475559,43.41794942281256,199.1187135047816,1120.0,473.0,4.280251385733099,83.42059260634723,0.8242915376177666,1.2921451763125118,0.6116321571181749,4.3686530327873925,5.0,0.0,12.0,4.489367574887085,1.4734959528751674,0.3831409279844882,0.5442692924134749,0.0,0.0,0.0,0.0,0.0,0.0,0.0,0.0,0.0,0.0,0.0,0.0,0.0,0.0,0.0,0.0,0.0,0.0,0.0,0.0,0.0,0.0,0.0,0.0,0.0,0.0,0.0,0.0,0.0,0.0,0.0,0.0,0.0,0.0,0.0,0.0,0.0,1.0,0.0,0.0,0.0,0.0,0.0,0.0,0.0,0.0,0.0,0.0,0.0,0.0,0.0
74.59026849226558,49.43356626450665,74.20584402316253,1398.0,586.0,3.125398806735472,77.24243097520181,0.8986579582583343,1.4795427701413222,0.716268099728645,6.061247251573052,4.0,6.0,12.0,4.071135814614421,1.5292247144413103,0.3571323452772507,0.6878197383119391,0.0,0.0,0.0,0.0,0.0,0.0,0.0,0.0,0.0,0.0,0.0,0.0,0.0,0.0,0.0,0.0,0.0,0.0,0.0,0.0,0.0,0.0,0.0,0.0,0.0,0.0,0.0,0.0,0.0,0.0,1.0,0.0,0.0,0.0,0.0,0.0,0.0,0.0,0.0,0.0,0.0,0.0,0.0,0.0,0.0,0.0,0.0,0.0,0.0,0.0,0.0
66.57232290974065,24.357182577127112,161.52146279190242,1031.0,229.0,2.478720520430264,87.2223930202074,0.740291777918162,0.9974433244746028,0.5252552330919029,6.945325303076007,4.0,1.0,23.0,4.420989957022248,1.4310147210034965,0.37395485963139724,0.5545181292641783,0.0,0.0,0.0,0.0,0.0,0.0,0.0,0.0,0.0,0.0,0.0,0.0,0.0,0.0,0.0,0.0,0.0,0.0,0.0,0.0,0.0,0.0,0.0,0.0,1.0,0.0,0.0,0.0,0.0,0.0,0.0,0.0,0.0,0.0,0.0,0.0,0.0,0.0,0.0,0.0,0.0,0.0,0.0,0.0,0.0,0.0,0.0,0.0,0.0,0.0,0.0
72.33119846145505,22.900686899346567,198.544410847112,790.0,245.0,6.995119536762843,81.89569024900725,0.8890177309191856,1.2610043780053162,0.9188765519428104,8.559316664823188,5.0,4.0,20.0,4.322519535860398,1.5647527772671954,0.3739699796848876,0.6357997491680379,0.0,0.0,0.0,0.0,0.0,0.0,0.0,0.0,0.0,0.0,0.0,0.0,0.0,0.0,1.0,0.0,0.0,0.0,0.0,0.0,0.0,0.0,0.0,0.0,0.0,0.0,0.0,0.0,0.0,0.0,0.0,0.0,0.0,0.0,0.0,0.0,0.0,0.0,0.0,0.0,0.0,0.0,0.0,0.0,0.0,0.0,0.0,0.0,0.0,0.0,0.0
71.36433644206762,46.2914528989697,107.87481138144938,1336.0,556.0,2.047366829813336,91.16049044117028,0.7903628756401669,0.9390611513330775,0.6651351869996601,5.389538826296613,4.0,5.0,20.0,4.3701331793325275,1.1402815336451717,0.328905223209232,0.4007711366744776,0.0,0.0,0.0,0.0,0.0,0.0,0.0,0.0,0.0,0.0,0.0,0.0,0.0,0.0,0.0,0.0,0.0,0.0,0.0,0.0,0.0,0.0,0.0,0.0,0.0,0.0,0.0,1.0,0.0,0.0,0.0,0.0,0.0,0.0,0.0,0.0,0.0,0.0,0.0,0.0,0.0,0.0,0.0,0.0,0.0,0.0,0.0,0.0,0.0,0.0,0.0
69.177490124211,48.63482119344398,78.18273188711342,413.0,562.0,3.3374975628837342,92.79042444804286,0.8553564644871858,0.9470922636098802,0.6706640055895088,1.3227188878112006,5.0,2.0,2.0,4.604152969901608,1.50524980998795,0.37427526106493114,0.19947509517792336,0.0,0.0,0.0,0.0,0.0,0.0,0.0,0.0,0.0,0.0,0.0,0.0,0.0,0.0,0.0,0.0,0.0,0.0,0.0,0.0,1.0,0.0,0.0,0.0,0.0,0.0,0.0,0.0,0.0,0.0,0.0,0.0,0.0,0.0,0.0,0.0,0.0,0.0,0.0,0.0,0.0,0.0,0.0,0.0,0.0,0.0,0.0,0.0,0.0,0.0,0.0
68.26769042594988,45.89122395570483,58.84515429693037,1008.0,289.0,5.864513491968582,74.33134028096492,0.8064617867097953,1.4171697860567334,0.5174758188392009,5.330612996890904,4.0,5.0,17.0,3.678582896934127,0.9591835124026638,0.2685917779030069,0.6863990054229763,0.0,0.0,0.0,0.0,0.0,0.0,0.0,0.0,0.0,0.0,0.0,0.0,0.0,0.0,0.0,0.0,0.0,0.0,0.0,0.0,0.0,0.0,0.0,0.0,0.0,0.0,0.0,0.0,0.0,0.0,0.0,0.0,1.0,0.0,0.0,0.0,0.0,0.0,0.0,0.0,0.0,0.0,0.0,0.0,0.0,0.0,0.0,0.0,0.0,0.0,0.0
77.30632180823868,32.57178250217392,83.98460254844275,1397.0,319.0,4.274693057164423,75.62947277100128,0.7605926023583078,0.9578265011925384,0.5579559237880931,0.8398553981846013,4.0,0.0,23.0,4.092382938325319,1.3169446818895447,0.3557383813613598,0.21830798828773823,0.0,0.0,0.0,0.0,0.0,0.0,0.0,0.0,0.0,0.0,1.0,0.0,0.0,0.0,0.0,0.0,0.0,0.0,0.0,0.0,0.0,0.0,0.0,0.0,0.0,0.0,0.0,0.0,0.0,0.0,0.0,0.0,0.0,0.0,0.0,0.0,0.0,0.0,0.0,0.0,0.0,0.0,0.0,0.0,0.0,0.0,0.0,0.0,0.0,0.0,0.0
67.74725035904989,44.4656912095145,179.79272736453984,481.0,372.0,3.442646738503285,78.21442316458528,0.7763117030419513,1.313656190183601,0.87748895212468,2.342826319274498,4.0,5.0,18.0,4.42083934203442,1.3384711567918703,0.37951993067783885,0.36494380900637174,0.0,0.0,0.0,0.0,0.0,0.0,0.0,0.0,0.0,0.0,0.0,1.0,0.0,0.0,0.0,0.0,0.0,0.0,0.0,0.0,0.0,0.0,0.0,0.0,0.0,0.0,0.0,0.0,0.0,0.0,0.0,0.0,0.0,0.0,0.0,0.0,0.0,0.0,0.0,0.0,0.0,0.0,0.0,0.0,0.0,0.0,0.0,0.0,0.0,0.0,0.0
81.30675394160187,35.11355669140508,198.5026689157562,1440.0,390.0,5.387083185688457,73.9603602177451,0.8621066691654397,1.2817338966221463,0.5808076114164085,7.404564380426823,5.0,5.0,19.0,4.321428015246702,1.4527904669958558,0.38174726729070174,0.7012389312715678,0.0,0.0,0.0,0.0,0.0,0.0,0.0,0.0,0.0,0.0,0.0,0.0,1.0,0.0,0.0,0.0,0.0,0.0,0.0,0.0,0.0,0.0,0.0,0.0,0.0,0.0,0.0,0.0,0.0,0.0,0.0,0.0,0.0,0.0,0.0,0.0,0.0,0.0,0.0,0.0,0.0,0.0,0.0,0.0,0.0,0.0,0.0,0.0,0.0,0.0,0.0
64.2212734358315,50.826144558488494,66.32182278672981,1470.0,176.0,3.4235027109816896,83.97606688964625,0.741632803108554,1.2994779397288228,0.4817078928330885,7.67414381110262,6.0,1.0,22.0,4.507966743329287,1.5603003506809632,0.40019574645618616,0.7566841419429627,0.0,0.0,0.0,0.0,0.0,0.0,0.0,0.0,0.0,0.0,0.0,0.0,0.0,0.0,1.0,0.0,0.0,0.0,0.0,0.0,0.0,0.0,0.0,0.0,0.0,0.0,0.0,0.0,0.0,0.0,0.0,0.0,0.0,0.0,0.0,0.0,0.0,0.0,0.0,0.0,0.0,0.0,0.0,0.0,0.0,0.0,0.0,0.0,0.0,0.0,0.0
70.12058954277407,50.05615736792092,120.7903570830954,657.0,317.0,2.275627900485774,83.6746128725947,0.7570298666067393,0.935702866684974,0.8784635720798446,7.32998886804069,5.0,0.0,15.0,4.24854874094236,1.3488589952185646,0.3565867186837263,0.42497112167876516,0.0,0.0,0.0,0.0,0.0,0.0,0.0,0.0,0.0,0.0,0.0,0.0,0.0,0.0,0.0,0.0,0.0,0.0,0.0,0.0,0.0,0.0,0.0,0.0,0.0,0.0,0.0,0.0,0.0,0.0,0.0,0.0,0.0,0.0,0.0,0.0,0.0,0.0,0.0,0.0,0.0,0.0,0.0,0.0,1.0,0.0,0.0,0.0,0.0,0.0,0.0
67.28693483763689,33.63409658767412,101.66673943072466,1292.0,408.0,5.407614035741442,85.65555409959657,0.7938466439556563,1.1808898048945529,0.7618525922683945,0.7653584112510192,6.0,4.0,7.0,4.188085158253319,1.3556047355047747,0.3443467074907632,0.2581676613693514,0.0,0.0,0.0,1.0,0.0,0.0,0.0,0.0,0.0,0.0,0.0,0.0,0.0,0.0,0.0,0.0,0.0,0.0,0.0,0.0,0.0,0.0,0.0,0.0,0.0,0.0,0.0,0.0,0.0,0.0,0.0,0.0,0.0,0.0,0.0,0.0,0.0,0.0,0.0,0.0,0.0,0.0,0.0,0.0,0.0,0.0,0.0,0.0,0.0,0.0,0.0
68.86537361067798,21.64225470289884,175.0092328809406,357.0,186.0,4.3693958445027565,72.25145822974065,0.8643046964342425,1.4317672428266643,0.7817951556519237,3.966631923235977,4.0,4.0,14.0,3.7764746023644924,1.4734388231736162,0.3396843621509692,0.5372397897615492,0.0,0.0,0.0,0.0,0.0,0.0,0.0,0.0,0.0,0.0,0.0,0.0,0.0,0.0,0.0,0.0,0.0,0.0,0.0,0.0,0.0,0.0,0.0,0.0,0.0,0.0,0.0,0.0,1.0,0.0,0.0,0.0,0.0,0.0,0.0,0.0,0.0,0.0,0.0,0.0,0.0,0.0,0.0,0.0,0.0,0.0,0.0,0.0,0.0,0.0,0.0
72.57165830063431,40.51319381853672,170.715738574417,769.0,574.0,2.77900743476762,93.04201661025677,0.8352890830766799,1.2236593975045889,0.426673624854026,8.906002166878663,5.0,3.0,3.0,4.291585940858824,1.3218401133642044,0.33117642859358526,0.7987383335377259,0.0,0.0,0.0,0.0,0.0,0.0,0.0,0.0,0.0,0.0,0.0,0.0,0.0,0.0,0.0,0.0,0.0,0.0,0.0,0.0,0.0,0.0,0.0,0.0,0.0,0.0,0.0,0.0,0.0,0.0,0.0,0.0,0.0,0.0,0.0,0.0,0.0,0.0,0.0,0.0,0.0,0.0,0.0,0.0,0.0,0.0,0.0,0.0,1.0,0.0,0.0
68.61029405067355,59.996006501343885,178.66611435309824,476.0,184.0,2.371315396564248,71.37609008804164,0.7498449948488433,0.9271758640022824,0.4141350099992604,4.175506915158741,6.0,6.0,3.0,4.194735778766219,1.4522581298464157,0.3871104429528028,0.41785964291911626,0.0,0.0,0.0,0.0,0.0,0.0,0.0,0.0,0.0,0.0,0.0,0.0,0.0,0.0,0.0,0.0,0.0,0.0,0.0,0.0,0.0,0.0,0.0,0.0,0.0,0.0,0.0,0.0,0.0,0.0,0.0,0.0,0.0,0.0,0.0,0.0,0.0,0.0,1.0,0.0,0.0,0.0,0.0,0.0,0.0,0.0,0.0,0.0,0.0,0.0,0.0
83.66175144889601,50.49204993187522,61.11630472167992,796.0,195.0,2.9235277234332995,80.87438354041288,0.9025408570587834,1.0109674957732115,0.6234667743470966,4.863755442534047,6.0,0.0,22.0,4.59724737637164,1.5356586394017435,0.39569373703187544,0.4243618806301329,0.0,0.0,0.0,0.0,0.0,0.0,0.0,0.0,0.0,0.0,1.0,0.0,0.0,0.0,0.0,0.0,0.0,0.0,0.0,0.0,0.0,0.0,0.0,0.0,0.0,0.0,0.0,0.0,0.0,0.0,0.0,0.0,0.0,0.0,0.0,0.0,0.0,0.0,0.0,0.0,0.0,0.0,0.0,0.0,0.0,0.0,0.0,0.0,0.0,0.0,0.0
65.00060980471694,49.69154220325585,185.39684315315344,366.0,406.0,2.076768429427023,77.6498727690012,0.7122265003081977,1.465491227567206,0.4975891275452324,5.83707376179891,5.0,4.0,16.0,4.545770298585575,1.3571340286645484,0.3996674865374867,0.742560451903689,0.0,0.0,0.0,0.0,0.0,0.0,0.0,0.0,0.0,0.0,0.0,0.0,0.0,0.0,0.0,0.0,0.0,0.0,0.0,0.0,0.0,0.0,0.0,0.0,0.0,0.0,0.0,0.0,0.0,0.0,0.0,0.0,0.0,0.0,0.0,0.0,0.0,0.0,0.0,0.0,0.0,0.0,0.0,0.0,0.0,0.0,0.0,1.0,0.0,0.0,0.0
69.32144385759352,33.30069677244621,99.3742472964903,404.0,193.0,4.5905887258987255,94.5227373962069,0.847518992534443,1.3518170661693771,0.4875115164721955,7.094820641221496,4.0,1.0,14.0,4.480932478969449,1.538688471811573,0.3641072182591962,0.7519579823385306,0.0,0.0,0.0,0.0,0.0,0.0,0.0,0.0,0.0,0.0,0.0,0.0,0.0,0.0,0.0,0.0,0.0,0.0,0.0,0.0,0.0,0.0,0.0,0.0,0.0,0.0,0.0,0.0,0.0,0.0,0.0,0.0,0.0,0.0,0.0,0.0,0.0,1.0,0.0,0.0,0.0,0.0,0.0,0.0,0.0,0.0,0.0,0.0,0.0,0.0,0.0
75.73527434598043,53.82718774837893,101.14526023683273,1200.0,138.0,2.697215705841296,84.28951104719249,0.8246660437213497,1.257018578869977,0.5550365694024091,3.971423066127492,5.0,1.0,15.0,4.6137691110619095,1.4854734129864287,0.39329138325536483,0.5257045747319926,0.0,0.0,0.0,0.0,0.0,0.0,0.0,0.0,0.0,0.0,1.0,0.0,0.0,0.0,0.0,0.0,0.0,0.0,0.0,0.0,0.0,0.0,0.0,0.0,0.0,0.0,0.0,0.0,0.0,0.0,0.0,0.0,0.0,0.0,0.0,0.0,0.0,0.0,0.0,0.0,0.0,0.0,0.0,0.0,0.0,0.0,0.0,0.0,0.0,0.0,0.0
65.95628222022793,47.19935377616207,131.9741442069843,1022.0,519.0,6.950618975267685,81.55261209955624,0.7668826098672343,1.16701482455351,0.67064781752599,1.0738577219815917,6.0,1.0,22.0,4.742742268416716,1.4113936265881477,0.40864897512129955,0.29709979872133807,0.0,0.0,0.0,0.0,0.0,0.0,0.0,0.0,0.0,0.0,0.0,0.0,0.0,0.0,0.0,0.0,0.0,0.0,0.0,0.0,0.0,0.0,0.0,0.0,0.0,0.0,0.0,0.0,0.0,0.0,0.0,0.0,0.0,0.0,0.0,0.0,0.0,0.0,0.0,0.0,0.0,0.0,0.0,0.0,0.0,0.0,0.0,0.0,0.0,1.0,0.0
76.47479698610803,31.481890239961075,158.21377651670747,500.0,585.0,4.920027020878444,76.70533576865945,0.9871194710779284,1.1251480476894802,0.5344492230106357,3.6327492870809417,5.0,4.0,20.0,4.8495854765832105,1.4255712016385573,0.4069338253136809,0.4496310209542456,0.0,0.0,0.0,0.0,0.0,0.0,0.0,0.0,0.0,0.0,0.0,0.0,0.0,0.0,0.0,0.0,0.0,0.0,0.0,0.0,0.0,0.0,0.0,0.0,0.0,0.0,0.0,0.0,0.0,0.0,0.0,0.0,0.0,0.0,0.0,0.0,0.0,0.0,0.0,0.0,0.0,0.0,0.0,1.0,0.0,0.0,0.0,0.0,0.0,0.0,0.0
74.8736182538453,54.87460809421682,109.06619252699556,1317.0,461.0,4.077821615330798,71.84035254338306,0.8407560945507362,1.4966921027550435,0.5110922971716207,6.396945555889295,6.0,2.0,6.0,4.362721367820359,1.3669637444032967,0.3835068141870268,0.7816807287413716,1.0,0.0,0.0,0.0,0.0,0.0,0.0,0.0,0.0,0.0,0.0,0.0,0.0,0.0,0.0,0.0,0.0,0.0,0.0,0.0,0.0,0.0,0.0,0.0,0.0,0.0,0.0,0.0,0.0,0.0,0.0,0.0,0.0,0.0,0.0,0.0,0.0,0.0,0.0,0.0,0.0,0.0,0.0,0.0,0.0,0.0,0.0,0.0,0.0,0.0,0.0
80.68653858523635,42.02489243226198,153.5930750147066,1403.0,106.0,4.954010793218556,81.47027668241573,0.7504334066681438,0.9353743192000306,0.6044800335382965,8.09417055831615,3.0,4.0,9.0,3.7745135733506108,1.1751891371180518,0.3039877727570454,0.5544884919995069,0.0,1.0,0.0,0.0,0.0,0.0,0.0,0.0,0.0,0.0,0.0,0.0,0.0,0.0,0.0,0.0,0.0,0.0,0.0,0.0,0.0,0.0,0.0,0.0,0.0,0.0,0.0,0.0,0.0,0.0,0.0,0.0,0.0,0.0,0.0,0.0,0.0,0.0,0.0,0.0,0.0,0.0,0.0,0.0,0.0,0.0,0.0,0.0,0.0,0.0,0.0
72.7711491901822,44.1005054634348,112.7655526515176,541.0,521.0,3.0251522877307795,77.75205811698036,0.9583044319860928,1.139254330609821,0.8616987796022362,3.318125825504085,5.0,1.0,5.0,4.258472120547399,1.4903899815401702,0.36267746900797665,0.3317227554069967,0.0,0.0,1.0,0.0,0.0,0.0,0.0,0.0,0.0,0.0,0.0,0.0,0.0,0.0,0.0,0.0,0.0,0.0,0.0,0.0,0.0,0.0,0.0,0.0,0.0,0.0,0.0,0.0,0.0,0.0,0.0,0.0,0.0,0.0,0.0,0.0,0.0,0.0,0.0,0.0,0.0,0.0,0.0,0.0,0.0,0.0,0.0,0.0,0.0,0.0,0.0
72.15488585655113,57.52662722858078,76.46527549019525,782.0,194.0,5.764270021082592,76.09709260395549,0.9956389795468868,1.1282117103166267,0.6961554634332456,4.078317797468712,5.0,5.0,17.0,4.669307927944104,1.5131302347697697,0.40003320518498936,0.41948369508133665,0.0,0.0,0.0,0.0,0.0,0.0,0.0,0.0,0.0,0.0,0.0,0.0,0.0,0.0,0.0,0.0,1.0,0.0,0.0,0.0,0.0,0.0,0.0,0.0,0.0,0.0,0.0,0.0,0.0,0.0,0.0,0.0,0.0,0.0,0.0,0.0,0.0,0.0,0.0,0.0,0.0,0.0,0.0,0.0,0.0,0.0,0.0,0.0,0.0,0.0,0.0
69.2890457320294,33.837072943264175,181.22491302598607,471.0,346.0,6.779671767028769,81.8031497818413,0.8776858764556128,1.0139282963243716,0.6094821286311178,9.641242446450727,5.0,6.0,15.0,4.61095541278276,1.508807810942594,0.3949461612801046,0.6695375886456939,0.0,0.0,0.0,0.0,0.0,0.0,0.0,0.0,0.0,0.0,0.0,0.0,0.0,0.0,0.0,0.0,0.0,0.0,0.0,0.0,0.0,0.0,0.0,0.0,0.0,0.0,0.0,0.0,0.0,0.0,0.0,0.0,0.0,0.0,0.0,0.0,0.0,0.0,0.0,0.0,0.0,0.0,0.0,0.0,0.0,0.0,1.0,0.0,0.0,0.0,0.0
73.21895422113154,23.95337644448292,104.4106391307838,1096.0,476.0,5.509071773381295,81.87947485454397,0.7865194398195758,1.4295796557102267,0.5048547573409464,5.804171619196609,6.0,6.0,8.0,4.6827759546823735,1.512147837887215,0.41045390259829473,0.720515642512968,0.0,0.0,0.0,0.0,0.0,0.0,0.0,0.0,0.0,1.0,0.0,0.0,0.0,0.0,0.0,0.0,0.0,0.0,0.0,0.0,0.0,0.0,0.0,0.0,0.0,0.0,0.0,0.0,0.0,0.0,0.0,0.0,0.0,0.0,0.0,0.0,0.0,0.0,0.0,0.0,0.0,0.0,0.0,0.0,0.0,0.0,0.0,0.0,0.0,0.0,0.0
78.90166005304977,36.717114555922464,188.5524504835846,479.0,163.0,6.183016529765784,80.4634699485301,0.8631307385756725,1.329363469009468,0.4838076966200759,4.488240324528732,6.0,4.0,4.0,4.097832088974884,1.3983724210298965,0.344063375288866,0.6115444636948442,0.0,0.0,0.0,0.0,0.0,0.0,0.0,0.0,0.0,0.0,0.0,0.0,0.0,0.0,0.0,0.0,0.0,0.0,0.0,0.0,0.0,0.0,0.0,0.0,0.0,0.0,0.0,0.0,0.0,0.0,0.0,0.0,0.0,0.0,0.0,0.0,0.0,0.0,1.0,0.0,0.0,0.0,0.0,0.0,0.0,0.0,0.0,0.0,0.0,0.0,0.0
60.90177339553733,59.09717808902225,72.55497957078666,451.0,516.0,2.04068928663098,92.868604754182,0.8384275342161689,1.2345653096548523,0.9642557433331082,6.741187182754899,4.0,3.0,3.0,3.7055923234372665,1.4341981939934279,0.29114766155514915,0.5164565033558934,0.0,0.0,0.0,0.0,0.0,0.0,0.0,0.0,0.0,0.0,0.0,0.0,0.0,0.0,0.0,0.0,0.0,0.0,0.0,0.0,0.0,0.0,0.0,0.0,0.0,1.0,0.0,0.0,0.0,0.0,0.0,0.0,0.0,0.0,0.0,0.0,0.0,0.0,0.0,0.0,0.0,0.0,0.0,0.0,0.0,0.0,0.0,0.0,0.0,0.0,0.0
69.44506778669911,30.951867240697343,187.66236541161896,671.0,564.0,3.623794083443208,87.05648376209518,0.8479195928196015,0.9564279497664996,0.5221252610354585,6.295481647890449,4.0,1.0,5.0,4.391159541830815,1.8473826609583988,0.412538943540377,0.5025219890147604,0.0,0.0,0.0,0.0,0.0,0.0,0.0,0.0,0.0,0.0,0.0,0.0,0.0,0.0,0.0,0.0,0.0,0.0,0.0,1.0,0.0,0.0,0.0,0.0,0.0,0.0,0.0,0.0,0.0,0.0,0.0,0.0,0.0,0.0,0.0,0.0,0.0,0.0,0.0,0.0,0.0,0.0,0.0,0.0,0.0,0.0,0.0,0.0,0.0,0.0,0.0
72.7514437975334,44.51694726230092,85.4365707890841,967.0,121.0,2.51762533774718,91.47830684803871,0.8656404632225939,1.3451034928064134,0.6266866644906524,3.107795277848685,4.0,4.0,15.0,4.497394310932308,1.1898356618213102,0.33650314590475344,0.5026669524961891,0.0,0.0,0.0,0.0,0.0,0.0,0.0,0.0,0.0,0.0,0.0,0.0,0.0,0.0,0.0,0.0,0.0,0.0,0.0,1.0,0.0,0.0,0.0,0.0,0.0,0.0,0.0,0.0,0.0,0.0,0.0,0.0,0.0,0.0,0.0,0.0,0.0,0.0,0.0,0.0,0.0,0.0,0.0,0.0,0.0,0.0,0.0,0.0,0.0,0.0,0.0
74.68552409214867,22.11918170366576,116.15600078924868,945.0,379.0,3.0240392280070743,75.44458153886218,0.8373593506283339,0.9284206263313456,0.5167103774287686,0.1141254119536916,6.0,5.0,20.0,4.694708149664118,1.4446875647877637,0.41283295502790335,0.18104759209611707,0.0,0.0,0.0,0.0,0.0,0.0,0.0,0.0,0.0,0.0,0.0,0.0,0.0,0.0,0.0,0.0,0.0,0.0,0.0,0.0,0.0,0.0,0.0,0.0,0.0,0.0,0.0,0.0,0.0,0.0,0.0,0.0,0.0,0.0,0.0,0.0,0.0,0.0,0.0,0.0,0.0,0.0,0.0,0.0,0.0,0.0,0.0,1.0,0.0,0.0,0.0
68.23186808783018,58.60053756516145,75.11060492553639,799.0,127.0,2.598032733368056,74.06107432290273,0.8443667197125284,1.2824105766738298,0.6934269993101585,7.036891812240285,6.0,5.0,4.0,4.456861970745873,1.5321009077315078,0.4026305619859618,0.645592930058903,0.0,0.0,0.0,0.0,0.0,0.0,0.0,0.0,0.0,0.0,0.0,0.0,0.0,0.0,1.0,0.0,0.0,0.0,0.0,0.0,0.0,0.0,0.0,0.0,0.0,0.0,0.0,0.0,0.0,0.0,0.0,0.0,0.0,0.0,0.0,0.0,0.0,0.0,0.0,0.0,0.0,0.0,0.0,0.0,0.0,0.0,0.0,0.0,0.0,0.0,0.0
71.10973082045864,25.876898076896616,72.72196894785687,785.0,561.0,6.176411882278273,91.37973850710496,0.7578303049537681,1.39209491147217,0.8683377887511212,7.516365603179594,5.0,6.0,6.0,4.482582757121883,1.5529071497815796,0.38086268105839083,0.6660977899604412,0.0,0.0,0.0,0.0,0.0,0.0,0.0,0.0,0.0,0.0,1.0,0.0,0.0,0.0,0.0,0.0,0.0,0.0,0.0,0.0,0.0,0.0,0.0,0.0,0.0,0.0,0.0,0.0,0.0,0.0,0.0,0.0,0.0,0.0,0.0,0.0,0.0,0.0,0.0,0.0,0.0,0.0,0.0,0.0,0.0,0.0,0.0,0.0,0.0,0.0,0.0
71.09611441726467,28.66028314149689,149.0332878858316,745.0,116.0,6.406044415973643,76.55422963678105,0.7319705259349572,0.9878155100740744,0.6492315717237291,8.289536946012099,4.0,1.0,15.0,5.148612113870468,1.4277463985767946,0.45887593675376415,0.5755727242480884,0.0,0.0,0.0,0.0,0.0,0.0,0.0,0.0,0.0,0.0,0.0,0.0,0.0,1.0,0.0,0.0,0.0,0.0,0.0,0.0,0.0,0.0,0.0,0.0,0.0,0.0,0.0,0.0,0.0,0.0,0.0,0.0,0.0,0.0,0.0,0.0,0.0,0.0,0.0,0.0,0.0,0.0,0.0,0.0,0.0,0.0,0.0,0.0,0.0,0.0,0.0
67.91979938103819,35.62363102538779,93.9354155534284,938.0,467.0,4.789120853337224,82.00258295781894,0.7277094383152289,0.9636425134336392,0.8426036273695527,9.428856406566045,6.0,2.0,11.0,4.240969288446661,1.4401429180932408,0.37092144754752815,0.5559339502657213,0.0,0.0,0.0,1.0,0.0,0.0,0.0,0.0,0.0,0.0,0.0,0.0,0.0,0.0,0.0,0.0,0.0,0.0,0.0,0.0,0.0,0.0,0.0,0.0,0.0,0.0,0.0,0.0,0.0,0.0,0.0,0.0,0.0,0.0,0.0,0.0,0.0,0.0,0.0,0.0,0.0,0.0,0.0,0.0,0.0,0.0,0.0,0.0,0.0,0.0,0.0
72.81544136004821,51.22401114009855,121.31897662547075,302.0,441.0,3.1496813805652555,81.42017147519094,0.7577746472419814,1.0163853824934752,0.5517290914237925,6.317511188721791,4.0,4.0,10.0,4.866805082094525,1.3632858030248378,0.415984248859798,0.5237516208705251,0.0,0.0,0.0,0.0,0.0,0.0,0.0,0.0,0.0,0.0,0.0,0.0,0.0,0.0,0.0,0.0,0.0,0.0,0.0,0.0,0.0,0.0,0.0,0.0,0.0,0.0,0.0,0.0,0.0,0.0,0.0,0.0,0.0,0.0,0.0,0.0,0.0,0.0,0.0,0.0,1.0,0.0,0.0,0.0,0.0,0.0,0.0,0.0,0.0,0.0,0.0
69.95695566825451,38.418660849302114,155.31730257820436,441.0,249.0,4.800635640763007,91.70304906531922,0.727434925747418,1.1088615125648416,0.9374153668889348,7.691273139692623,5.0,5.0,15.0,4.207192148671373,1.207628743686302,0.32642056799874314,0.5100354004732481,0.0,0.0,0.0,0.0,0.0,0.0,0.0,0.0,0.0,0.0,0.0,0.0,0.0,0.0,0.0,0.0,0.0,0.0,1.0,0.0,0.0,0.0,0.0,0.0,0.0,0.0,0.0,0.0,0.0,0.0,0.0,0.0,0.0,0.0,0.0,0.0,0.0,0.0,0.0,0.0,0.0,0.0,0.0,0.0,0.0,0.0,0.0,0.0,0.0,0.0,0.0
68.09875964792963,34.19434878797942,146.0019245380604,1202.0,538.0,3.966192624810784,70.33046923645641,0.7933670646131038,1.046889284733072,0.7063415005085886,2.217245344738039,4.0,5.0,10.0,4.24863758084083,1.0500143834639504,0.35111606953734426,0.2822696019200401,0.0,0.0,0.0,0.0,0.0,0.0,0.0,0.0,0.0,0.0,0.0,0.0,0.0,0.0,0.0,0.0,0.0,0.0,0.0,0.0,0.0,0.0,0.0,0.0,0.0,0.0,0.0,1.0,0.0,0.0,0.0,0.0,0.0,0.0,0.0,0.0,0.0,0.0,0.0,0.0,0.0,0.0,0.0,0.0,0.0,0.0,0.0,0.0,0.0,0.0,0.0
73.34885603394437,54.68062123344025,126.39188440680394,1195.0,228.0,3.8835366815456616,83.18346351119571,0.7941284838912728,0.9484536826968644,0.5374510057048802,7.215093282101009,4.0,2.0,0.0,3.678582896934127,1.1268341215541717,0.26514412203819004,0.5394253751980765,0.0,0.0,0.0,0.0,0.0,0.0,0.0,0.0,0.0,0.0,0.0,0.0,0.0,0.0,0.0,0.0,0.0,0.0,0.0,0.0,0.0,0.0,0.0,0.0,0.0,0.0,0.0,0.0,0.0,0.0,0.0,0.0,0.0,0.0,0.0,0.0,0.0,0.0,0.0,0.0,0.0,0.0,0.0,0.0,1.0,0.0,0.0,0.0,0.0,0.0,0.0
73.08482962115745,55.06990034805124,157.14779333436258,1216.0,439.0,5.782958045070454,81.67244570282418,0.9537722619703832,1.4930677498196363,0.9981536011794848,2.0618912885147447,6.0,1.0,16.0,4.309740588280676,1.5615976703158114,0.36653219354920835,0.4004081591181956,0.0,0.0,0.0,0.0,0.0,0.0,0.0,0.0,0.0,0.0,0.0,0.0,0.0,0.0,0.0,0.0,0.0,0.0,0.0,0.0,0.0,0.0,0.0,0.0,0.0,1.0,0.0,0.0,0.0,0.0,0.0,0.0,0.0,0.0,0.0,0.0,0.0,0.0,0.0,0.0,0.0,0.0,0.0,0.0,0.0,0.0,0.0,0.0,0.0,0.0,0.0
67.60797868123593,39.99784894904055,147.81228556761184,657.0,150.0,6.139285438528365,77.04854166726496,0.9146095531734172,1.4347162828413809,0.9342876150544585,7.219662135206147,5.0,4.0,12.0,5.211011371005665,1.600126711312948,0.46149012613685764,0.6505726930145683,0.0,0.0,0.0,0.0,0.0,0.0,0.0,0.0,0.0,0.0,0.0,0.0,0.0,0.0,0.0,0.0,0.0,0.0,0.0,0.0,0.0,0.0,0.0,0.0,0.0,0.0,0.0,0.0,0.0,0.0,0.0,0.0,0.0,0.0,0.0,1.0,0.0,0.0,0.0,0.0,0.0,0.0,0.0,0.0,0.0,0.0,0.0,0.0,0.0,0.0,0.0
70.43141212939807,30.32118009823385,128.1727462031738,310.0,231.0,5.393798092290069,91.61445803205848,0.90785279833675,1.0850102647566475,0.8294310005165604,2.610303608645159,4.0,5.0,21.0,4.716945888158641,1.7591989978740212,0.40539999738581206,0.279930371557744,0.0,0.0,0.0,0.0,0.0,0.0,0.0,0.0,0.0,0.0,0.0,0.0,0.0,0.0,0.0,0.0,0.0,0.0,0.0,0.0,0.0,0.0,0.0,0.0,0.0,0.0,0.0,0.0,0.0,0.0,0.0,0.0,0.0,1.0,0.0,0.0,0.0,0.0,0.0,0.0,0.0,0.0,0.0,0.0,0.0,0.0,0.0,0.0,0.0,0.0,0.0
72.95521217687455,57.56354126377752,166.4254050445133,853.0,213.0,2.294712040408532,74.92581041281868,0.7564885653868029,1.2755648982655352,0.8183918939919272,5.973004872275725,6.0,0.0,5.0,4.518917583200284,1.6070044310274214,0.4222190032451014,0.547228580766535,0.0,0.0,0.0,0.0,0.0,0.0,0.0,0.0,0.0,0.0,0.0,0.0,0.0,0.0,0.0,0.0,0.0,0.0,0.0,0.0,0.0,0.0,0.0,0.0,0.0,0.0,0.0,0.0,0.0,0.0,0.0,0.0,0.0,0.0,0.0,0.0,1.0,0.0,0.0,0.0,0.0,0.0,0.0,0.0,0.0,0.0,0.0,0.0,0.0,0.0,0.0
65.72882144562884,31.136369398141923,138.2165843755589,424.0,587.0,6.2555117827348985,88.14276937871705,0.7036526952871318,1.4885608768178615,0.5762350224898076,3.967169296496534,4.0,6.0,15.0,4.48933927009909,1.3543942483051103,0.37438648034251487,0.6343021613811641,0.0,0.0,0.0,0.0,0.0,0.0,0.0,0.0,0.0,0.0,0.0,0.0,0.0,0.0,0.0,0.0,0.0,0.0,0.0,0.0,0.0,0.0,0.0,0.0,0.0,0.0,0.0,0.0,0.0,0.0,0.0,0.0,0.0,0.0,0.0,0.0,0.0,0.0,0.0,0.0,0.0,0.0,0.0,1.0,0.0,0.0,0.0,0.0,0.0,0.0,0.0
76.90454276323996,56.84588783949123,189.01628896145309,795.0,358.0,2.562988772398115,85.39807120285123,0.7473556472453822,1.2317114418456987,0.6872049448483656,4.50713997426617,4.0,4.0,20.0,4.1732503249166655,1.379428098377589,0.3504995975738268,0.4957270300561415,0.0,0.0,0.0,0.0,0.0,0.0,1.0,0.0,0.0,0.0,0.0,0.0,0.0,0.0,0.0,0.0,0.0,0.0,0.0,0.0,0.0,0.0,0.0,0.0,0.0,0.0,0.0,0.0,0.0,0.0,0.0,0.0,0.0,0.0,0.0,0.0,0.0,0.0,0.0,0.0,0.0,0.0,0.0,0.0,0.0,0.0,0.0,0.0,0.0,0.0,0.0
71.82971419339871,32.072729162557394,183.13251277578823,525.0,139.0,6.9614416460394,74.17819578254532,0.7125500088341279,0.902240383194549,0.4475655513668893,8.172539682854289,5.0,0.0,10.0,4.443441491106422,1.5244555668486055,0.4136848489689369,0.5941999454984577,0.0,0.0,0.0,0.0,0.0,0.0,0.0,0.0,0.0,0.0,0.0,0.0,0.0,0.0,0.0,0.0,0.0,1.0,0.0,0.0,0.0,0.0,0.0,0.0,0.0,0.0,0.0,0.0,0.0,0.0,0.0,0.0,0.0,0.0,0.0,0.0,0.0,0.0,0.0,0.0,0.0,0.0,0.0,0.0,0.0,0.0,0.0,0.0,0.0,0.0,0.0
70.81240886884225,25.17028948690953,108.52657389852716,313.0,440.0,4.675015743016889,76.04655948796902,0.7174326277046609,1.2042349456861412,0.7228333052403921,4.952915088682465,5.0,5.0,4.0,4.623386404337603,1.4424073324552253,0.4172223419313622,0.4923862818318333,0.0,0.0,0.0,0.0,0.0,0.0,0.0,0.0,0.0,0.0,0.0,0.0,0.0,0.0,0.0,0.0,0.0,0.0,0.0,0.0,0.0,0.0,0.0,0.0,0.0,0.0,0.0,0.0,0.0,0.0,0.0,0.0,0.0,0.0,0.0,0.0,0.0,0.0,0.0,0.0,0.0,0.0,0.0,0.0,0.0,0.0,0.0,1.0,0.0,0.0,0.0
70.37337767287971,59.79019262214842,197.4872130604536,1045.0,342.0,3.5631058525847314,84.73113023117239,0.9878081376412654,1.3251902831150122,0.9197562960374084,6.904904343744911,4.0,1.0,4.0,4.500340598084386,1.20601056889412,0.3395804317574046,0.5848576958094637,0.0,0.0,0.0,1.0,0.0,0.0,0.0,0.0,0.0,0.0,0.0,0.0,0.0,0.0,0.0,0.0,0.0,0.0,0.0,0.0,0.0,0.0,0.0,0.0,0.0,0.0,0.0,0.0,0.0,0.0,0.0,0.0,0.0,0.0,0.0,0.0,0.0,0.0,0.0,0.0,0.0,0.0,0.0,0.0,0.0,0.0,0.0,0.0,0.0,0.0,0.0
73.64716202755646,41.14149054277175,52.91742935000143,1301.0,392.0,2.516510759149571,87.3770852918794,0.8883234291855162,1.2195520380317606,0.7752891998301543,5.02748303224555,7.0,3.0,15.0,4.533753276265389,1.6087306271811468,0.3855836233286303,0.4862747975183238,0.0,0.0,0.0,0.0,0.0,0.0,0.0,0.0,0.0,0.0,0.0,0.0,0.0,0.0,0.0,0.0,0.0,0.0,0.0,0.0,0.0,0.0,0.0,0.0,0.0,0.0,0.0,0.0,0.0,0.0,0.0,0.0,0.0,1.0,0.0,0.0,0.0,0.0,0.0,0.0,0.0,0.0,0.0,0.0,0.0,0.0,0.0,0.0,0.0,0.0,0.0
60.56330723236294,57.514746787368594,88.29917170126555,1124.0,463.0,4.317469729981285,88.55336135159573,0.7750943315435864,1.2177630288485888,0.6422484960744519,0.1713228993452653,3.0,3.0,1.0,4.42816945166844,0.9591835124026638,0.26514412203819004,0.28682257475529394,0.0,0.0,0.0,0.0,0.0,0.0,0.0,0.0,0.0,0.0,0.0,0.0,0.0,0.0,0.0,0.0,0.0,0.0,0.0,0.0,0.0,0.0,0.0,0.0,0.0,0.0,0.0,0.0,0.0,0.0,0.0,0.0,0.0,0.0,0.0,0.0,0.0,0.0,0.0,0.0,1.0,0.0,0.0,0.0,0.0,0.0,0.0,0.0,0.0,0.0,0.0
69.95082251197387,30.730432137459587,64.51335653045663,1355.0,598.0,4.826574020687322,92.09750380143664,0.8619063995346412,1.0346939664448225,0.9504289219379252,5.648073776239379,6.0,6.0,15.0,4.141886855257772,1.5971033481114565,0.3437103877158211,0.3663464102417383,0.0,0.0,0.0,0.0,0.0,0.0,0.0,0.0,1.0,0.0,0.0,0.0,0.0,0.0,0.0,0.0,0.0,0.0,0.0,0.0,0.0,0.0,0.0,0.0,0.0,0.0,0.0,0.0,0.0,0.0,0.0,0.0,0.0,0.0,0.0,0.0,0.0,0.0,0.0,0.0,0.0,0.0,0.0,0.0,0.0,0.0,0.0,0.0,0.0,0.0,0.0
76.53989990933519,51.25687947995772,104.16010730496112,351.0,470.0,6.544978041573455,88.34105652857176,0.8945000208454923,0.9980652135678532,0.8771355603686841,2.11775599200849,4.0,2.0,13.0,4.474805815078925,1.824428022105298,0.398523144133801,0.1958492121394178,0.0,0.0,0.0,0.0,0.0,0.0,0.0,0.0,0.0,0.0,0.0,0.0,0.0,0.0,0.0,0.0,0.0,0.0,0.0,0.0,0.0,0.0,0.0,0.0,0.0,0.0,0.0,0.0,0.0,0.0,0.0,0.0,0.0,0.0,0.0,0.0,0.0,0.0,0.0,0.0,0.0,0.0,1.0,0.0,0.0,0.0,0.0,0.0,0.0,0.0,0.0
69.91659282308777,52.39819213062709,101.33952154126824,516.0,468.0,4.046324463735965,87.01876784634999,0.9073282706312522,1.1748257750893742,0.5145278274422408,7.23309090135548,5.0,4.0,19.0,4.590589354359137,1.489503255414155,0.3779423634600632,0.6612752044535495,0.0,0.0,0.0,0.0,0.0,0.0,0.0,0.0,0.0,0.0,0.0,0.0,0.0,0.0,0.0,0.0,0.0,0.0,0.0,0.0,0.0,0.0,1.0,0.0,0.0,0.0,0.0,0.0,0.0,0.0,0.0,0.0,0.0,0.0,0.0,0.0,0.0,0.0,0.0,0.0,0.0,0.0,0.0,0.0,0.0,0.0,0.0,0.0,0.0,0.0,0.0
63.06173829589841,51.772685145380514,130.59850051596726,1451.0,331.0,2.2994838732375187,83.75957485180282,0.9777218976055072,1.187264414275543,0.6439942641277145,9.901765619334109,4.0,5.0,1.0,4.389577142770393,1.5985777222932092,0.3704133488855387,0.7578067457147284,0.0,0.0,0.0,0.0,0.0,0.0,1.0,0.0,0.0,0.0,0.0,0.0,0.0,0.0,0.0,0.0,0.0,0.0,0.0,0.0,0.0,0.0,0.0,0.0,0.0,0.0,0.0,0.0,0.0,0.0,0.0,0.0,0.0,0.0,0.0,0.0,0.0,0.0,0.0,0.0,0.0,0.0,0.0,0.0,0.0,0.0,0.0,0.0,0.0,0.0,0.0
71.77929708557349,32.41247430946663,176.97266485222468,742.0,582.0,6.375574760596691,84.12066442960307,0.7515197720957393,0.9387060402731976,0.99628734891249,0.3354597629724387,7.0,2.0,20.0,4.4613246254345045,1.325521555835524,0.3724591986673583,0.037199063439780224,0.0,0.0,0.0,0.0,0.0,0.0,0.0,0.0,0.0,0.0,0.0,0.0,0.0,0.0,0.0,0.0,0.0,0.0,0.0,0.0,0.0,1.0,0.0,0.0,0.0,0.0,0.0,0.0,0.0,0.0,0.0,0.0,0.0,0.0,0.0,0.0,0.0,0.0,0.0,0.0,0.0,0.0,0.0,0.0,0.0,0.0,0.0,0.0,0.0,0.0,0.0
65.31605467999304,47.47671058872084,75.37090366149515,1201.0,101.0,5.037219812859594,84.29321604799635,0.726783407300222,0.9414491774322508,0.7147534672686893,4.522720661464231,4.0,1.0,3.0,4.7306063212210265,1.5935197833004564,0.4235147752203944,0.34203661823306764,0.0,0.0,1.0,0.0,0.0,0.0,0.0,0.0,0.0,0.0,0.0,0.0,0.0,0.0,0.0,0.0,0.0,0.0,0.0,0.0,0.0,0.0,0.0,0.0,0.0,0.0,0.0,0.0,0.0,0.0,0.0,0.0,0.0,0.0,0.0,0.0,0.0,0.0,0.0,0.0,0.0,0.0,0.0,0.0,0.0,0.0,0.0,0.0,0.0,0.0,0.0
68.09208073540901,34.67456663712851,156.78171765250454,1255.0,595.0,6.552960093129305,87.99262948486144,0.7031677523203435,1.1356146947320604,0.9440728470786,1.9277288041467555,4.0,6.0,20.0,5.236687793744402,1.3341448958689086,0.44202105272271713,0.23284282778354665,0.0,0.0,0.0,0.0,0.0,0.0,0.0,0.0,0.0,0.0,0.0,0.0,0.0,0.0,0.0,0.0,0.0,0.0,0.0,0.0,0.0,0.0,0.0,0.0,0.0,0.0,0.0,0.0,0.0,0.0,0.0,0.0,0.0,0.0,0.0,1.0,0.0,0.0,0.0,0.0,0.0,0.0,0.0,0.0,0.0,0.0,0.0,0.0,0.0,0.0,0.0
71.9074416487533,26.18014235475228,53.93924385503904,885.0,549.0,6.321272324173496,93.45170607404336,0.8996146359387325,0.9213113972093896,0.989388168979494,2.946451214941272,4.0,4.0,16.0,4.396693531420004,1.3158184506668982,0.332459476703953,0.16142841199311903,0.0,0.0,0.0,0.0,0.0,0.0,0.0,0.0,0.0,0.0,0.0,0.0,0.0,0.0,0.0,0.0,0.0,0.0,0.0,0.0,0.0,0.0,0.0,0.0,0.0,0.0,0.0,0.0,0.0,0.0,0.0,0.0,0.0,0.0,0.0,0.0,0.0,0.0,0.0,0.0,1.0,0.0,0.0,0.0,0.0,0.0,0.0,0.0,0.0,0.0,0.0
72.80513215794625,56.60460554588211,118.09197192180484,1152.0,126.0,2.890055738081674,78.88476875807459,0.9454769283966584,1.2586195527193311,0.819523403771262,1.7581580394058094,5.0,0.0,9.0,4.447063666442904,1.2693015479097234,0.3569315023801862,0.3274935904570654,0.0,0.0,0.0,0.0,0.0,0.0,0.0,0.0,0.0,0.0,0.0,0.0,0.0,0.0,0.0,0.0,0.0,0.0,0.0,0.0,0.0,0.0,0.0,0.0,0.0,0.0,0.0,0.0,0.0,0.0,0.0,0.0,0.0,0.0,0.0,0.0,0.0,0.0,0.0,0.0,0.0,0.0,0.0,0.0,0.0,1.0,0.0,0.0,0.0,0.0,0.0
68.89873259479839,52.13566982711785,51.64792820539043,1176.0,401.0,6.712792855377865,77.75086231232437,0.8902813894251371,1.2666451631416116,0.7438847801039883,2.0062620312400403,6.0,2.0,16.0,4.504008638897589,1.4344556103978146,0.38542290618289243,0.3691696228140864,0.0,0.0,0.0,0.0,0.0,0.0,0.0,0.0,0.0,0.0,0.0,1.0,0.0,0.0,0.0,0.0,0.0,0.0,0.0,0.0,0.0,0.0,0.0,0.0,0.0,0.0,0.0,0.0,0.0,0.0,0.0,0.0,0.0,0.0,0.0,0.0,0.0,0.0,0.0,0.0,0.0,0.0,0.0,0.0,0.0,0.0,0.0,0.0,0.0,0.0,0.0
70.33040739892166,24.16927085999832,160.74365487202743,335.0,490.0,2.586701307236658,87.25326539482975,0.9196728818884464,1.3339497008556678,0.7554092849500953,5.488643593216045,3.0,0.0,19.0,4.395789491891404,1.8374662271170308,0.39257776923219145,0.5732383881631415,0.0,0.0,0.0,0.0,0.0,0.0,0.0,0.0,0.0,0.0,0.0,0.0,0.0,0.0,0.0,0.0,0.0,0.0,0.0,0.0,0.0,0.0,0.0,0.0,0.0,0.0,0.0,0.0,0.0,0.0,0.0,0.0,0.0,0.0,0.0,0.0,0.0,0.0,1.0,0.0,0.0,0.0,0.0,0.0,0.0,0.0,0.0,0.0,0.0,0.0,0.0
72.15971407349356,30.75953585089137,175.3524965877108,1321.0,137.0,6.486886375710872,74.28543910795389,0.8290548468534482,0.930994227014835,0.6441151132475361,0.7533431037735683,5.0,4.0,22.0,4.151178146197504,1.197615127712943,0.3452828597665178,0.1717925370246342,0.0,0.0,0.0,0.0,0.0,0.0,0.0,0.0,0.0,0.0,0.0,0.0,0.0,0.0,0.0,0.0,0.0,0.0,0.0,0.0,0.0,0.0,0.0,0.0,0.0,0.0,0.0,0.0,0.0,0.0,0.0,0.0,0.0,0.0,0.0,0.0,0.0,0.0,0.0,0.0,0.0,0.0,0.0,0.0,0.0,0.0,0.0,0.0,0.0,0.0,1.0
77.96130165029804,24.53253764141487,142.02374290787145,1263.0,501.0,6.680436872236686,86.95743415709391,0.7739660756909144,1.4192341045838277,0.9479130456041084,4.070089642874766,4.0,3.0,7.0,4.833466026717863,1.588202174270222,0.4218754463857368,0.4806974338309555,0.0,0.0,0.0,0.0,0.0,0.0,0.0,0.0,0.0,0.0,0.0,0.0,0.0,0.0,0.0,0.0,0.0,0.0,0.0,0.0,0.0,0.0,1.0,0.0,0.0,0.0,0.0,0.0,0.0,0.0,0.0,0.0,0.0,0.0,0.0,0.0,0.0,0.0,0.0,0.0,0.0,0.0,0.0,0.0,0.0,0.0,0.0,0.0,0.0,0.0,0.0
73.089947792656,32.97210795602408,176.5713924295992,1018.0,375.0,3.95841060355336,75.19406177112461,0.9849124474094532,1.457312239149052,0.5078383085261676,9.013982874754932,6.0,0.0,11.0,4.734563785172013,1.3118662921060136,0.3893516297100178,0.8939923892183712,0.0,0.0,0.0,0.0,0.0,0.0,0.0,0.0,0.0,0.0,0.0,0.0,0.0,0.0,0.0,0.0,0.0,0.0,0.0,0.0,0.0,0.0,0.0,0.0,0.0,0.0,0.0,0.0,0.0,1.0,0.0,0.0,0.0,0.0,0.0,0.0,0.0,0.0,0.0,0.0,0.0,0.0,0.0,0.0,0.0,0.0,0.0,0.0,0.0,0.0,0.0
73.96250415165053,37.53809285662097,116.27418779246608,560.0,461.0,2.794440059894592,91.0551593824358,0.8163599536199797,1.0918542360909584,0.9119677404871348,2.063757985205962,4.0,5.0,21.0,4.138503460397029,1.5212101434773766,0.3428103861698127,0.2284625270451198,0.0,0.0,0.0,0.0,0.0,0.0,0.0,0.0,0.0,0.0,0.0,0.0,0.0,0.0,0.0,0.0,0.0,0.0,0.0,0.0,0.0,0.0,0.0,0.0,1.0,0.0,0.0,0.0,0.0,0.0,0.0,0.0,0.0,0.0,0.0,0.0,0.0,0.0,0.0,0.0,0.0,0.0,0.0,0.0,0.0,0.0,0.0,0.0,0.0,0.0,0.0
62.39391376401766,33.9624390179266,70.42466802284639,877.0,498.0,3.6484574143772974,89.57659983388791,0.9442528960230828,0.9345571666466372,0.5427836597181472,3.972148069989125,5.0,1.0,15.0,5.236687793744402,1.6019099874136395,0.4379889975439449,0.36844003937637104,0.0,0.0,0.0,0.0,0.0,0.0,0.0,0.0,0.0,0.0,0.0,0.0,0.0,0.0,0.0,0.0,0.0,0.0,0.0,0.0,0.0,0.0,0.0,0.0,0.0,0.0,0.0,0.0,0.0,0.0,0.0,0.0,0.0,0.0,0.0,1.0,0.0,0.0,0.0,0.0,0.0,0.0,0.0,0.0,0.0,0.0,0.0,0.0,0.0,0.0,0.0
74.55361443889927,58.4821223421826,99.86983285737824,811.0,255.0,3.226864633816722,89.21631294620174,0.7032922810013086,1.3463084437417914,0.9236827195128794,6.897475314995604,5.0,4.0,3.0,4.196514729866408,1.3914269832640649,0.3504314526224761,0.5937450178825957,0.0,0.0,0.0,0.0,0.0,0.0,0.0,0.0,0.0,0.0,0.0,0.0,0.0,0.0,0.0,0.0,0.0,0.0,0.0,0.0,0.0,0.0,0.0,0.0,0.0,0.0,0.0,0.0,0.0,0.0,0.0,0.0,0.0,0.0,0.0,0.0,0.0,0.0,0.0,0.0,0.0,0.0,0.0,0.0,0.0,0.0,0.0,0.0,1.0,0.0,0.0
69.62159919894874,36.61263342312401,54.35402336412948,1344.0,518.0,4.563086085117849,94.24767352850486,0.962276065362736,1.210565257728211,0.5146775654220543,3.395473612549785,5.0,2.0,9.0,4.376203308243429,1.5748059923091746,0.3475529301648025,0.48710988834976665,0.0,0.0,0.0,0.0,0.0,0.0,0.0,0.0,0.0,0.0,0.0,0.0,0.0,0.0,1.0,0.0,0.0,0.0,0.0,0.0,0.0,0.0,0.0,0.0,0.0,0.0,0.0,0.0,0.0,0.0,0.0,0.0,0.0,0.0,0.0,0.0,0.0,0.0,0.0,0.0,0.0,0.0,0.0,0.0,0.0,0.0,0.0,0.0,0.0,0.0,0.0
69.02233719226732,32.012358272682654,62.641059013548094,1263.0,479.0,6.535847903481676,87.58725893879767,0.8473835682303648,1.427126850958858,0.9752246016999612,8.24918757957674,4.0,4.0,0.0,3.678582896934127,1.2360466221311066,0.26514412203819004,0.684619516329943,0.0,0.0,0.0,0.0,0.0,0.0,1.0,0.0,0.0,0.0,0.0,0.0,0.0,0.0,0.0,0.0,0.0,0.0,0.0,0.0,0.0,0.0,0.0,0.0,0.0,0.0,0.0,0.0,0.0,0.0,0.0,0.0,0.0,0.0,0.0,0.0,0.0,0.0,0.0,0.0,0.0,0.0,0.0,0.0,0.0,0.0,0.0,0.0,0.0,0.0,0.0
74.97024658468823,39.02520635622284,174.80066489390694,491.0,334.0,6.129372482976173,85.04304155102483,0.9049598830732196,1.009980065709185,0.8258919804453206,7.706137197096686,5.0,3.0,17.0,4.60346268934338,1.3654184917462124,0.37139912140344655,0.49851290102936185,0.0,0.0,0.0,0.0,0.0,0.0,0.0,0.0,0.0,0.0,0.0,0.0,0.0,0.0,0.0,0.0,0.0,0.0,0.0,0.0,0.0,0.0,0.0,0.0,0.0,0.0,0.0,0.0,0.0,1.0,0.0,0.0,0.0,0.0,0.0,0.0,0.0,0.0,0.0,0.0,0.0,0.0,0.0,0.0,0.0,0.0,0.0,0.0,0.0,0.0,0.0
68.94339245377267,57.30790259069156,155.7965756141901,1203.0,467.0,4.2113428383373215,86.00815414998556,0.8891478506531809,1.0612096193895044,0.8041507527022433,4.8765305278986695,6.0,1.0,23.0,3.975995556186807,1.3976904067356364,0.31974732780218834,0.3898394774862147,0.0,0.0,0.0,0.0,0.0,0.0,0.0,0.0,0.0,0.0,0.0,0.0,0.0,0.0,0.0,0.0,0.0,0.0,0.0,0.0,0.0,0.0,0.0,0.0,0.0,0.0,0.0,0.0,0.0,0.0,0.0,1.0,0.0,0.0,0.0,0.0,0.0,0.0,0.0,0.0,0.0,0.0,0.0,0.0,0.0,0.0,0.0,0.0,0.0,0.0,0.0
66.62776275361111,26.523885100150327,158.29495865757292,1026.0,463.0,2.178107747116689,78.63714159320806,0.8957002215284435,1.0529003409687734,0.6283734876701458,5.790510434554808,4.0,1.0,16.0,4.553345009911672,1.6071591287582432,0.40387384921108715,0.4900785462715506,0.0,0.0,0.0,0.0,0.0,0.0,0.0,0.0,0.0,0.0,0.0,0.0,0.0,0.0,1.0,0.0,0.0,0.0,0.0,0.0,0.0,0.0,0.0,0.0,0.0,0.0,0.0,0.0,0.0,0.0,0.0,0.0,0.0,0.0,0.0,0.0,0.0,0.0,0.0,0.0,0.0,0.0,0.0,0.0,0.0,0.0,0.0,0.0,0.0,0.0,0.0
75.36229005573695,56.812676090606814,199.45296011483404,1222.0,174.0,4.8806308468774535,82.80837252296058,0.7734099581707239,1.355936246631901,0.7897855939800478,8.255402728274655,5.0,3.0,21.0,4.6087601915596155,1.5452577837152268,0.40665319263819016,0.7111945157079652,0.0,0.0,0.0,0.0,0.0,0.0,0.0,0.0,0.0,0.0,0.0,0.0,0.0,0.0,0.0,0.0,0.0,0.0,0.0,0.0,0.0,0.0,0.0,0.0,0.0,0.0,0.0,0.0,0.0,0.0,0.0,0.0,0.0,0.0,0.0,0.0,0.0,0.0,0.0,0.0,0.0,0.0,0.0,0.0,0.0,0.0,1.0,0.0,0.0,0.0,0.0
67.30194767689059,37.06191776256111,137.2783428739842,1089.0,300.0,2.2469498827852874,71.25685255905107,0.7894053105160921,1.2695121506626608,0.7713465797475353,0.6303702207803763,5.0,6.0,5.0,4.685435834974585,1.4633562952190668,0.42698260675164557,0.2926002122992504,0.0,0.0,0.0,0.0,0.0,0.0,0.0,0.0,0.0,0.0,0.0,0.0,0.0,0.0,0.0,0.0,0.0,0.0,0.0,0.0,1.0,0.0,0.0,0.0,0.0,0.0,0.0,0.0,0.0,0.0,0.0,0.0,0.0,0.0,0.0,0.0,0.0,0.0,0.0,0.0,0.0,0.0,0.0,0.0,0.0,0.0,0.0,0.0,0.0,0.0,0.0
70.87572509091632,44.75967318228264,171.7416815599962,523.0,319.0,5.57281836553646,77.99003737700997,0.9222125933231412,1.4987715519356448,0.7097523912710265,3.1380276491758528,5.0,5.0,22.0,4.688286300363173,1.4587350068238738,0.40004133643254547,0.5533645748777913,0.0,0.0,0.0,0.0,0.0,0.0,0.0,0.0,0.0,0.0,0.0,0.0,0.0,0.0,0.0,0.0,1.0,0.0,0.0,0.0,0.0,0.0,0.0,0.0,0.0,0.0,0.0,0.0,0.0,0.0,0.0,0.0,0.0,0.0,0.0,0.0,0.0,0.0,0.0,0.0,0.0,0.0,0.0,0.0,0.0,0.0,0.0,0.0,0.0,0.0,0.0
63.18272776809593,41.61395554758826,170.66516069162253,438.0,229.0,2.5160256452570406,73.56652605425985,0.7543506269129068,1.2510767812583727,0.5288144637262737,0.2853341788246966,5.0,3.0,12.0,4.379016846145902,1.242866440672808,0.37825888822183573,0.3470614196806293,0.0,0.0,0.0,0.0,0.0,0.0,0.0,0.0,0.0,0.0,0.0,0.0,0.0,0.0,0.0,0.0,0.0,0.0,0.0,0.0,0.0,0.0,0.0,0.0,0.0,0.0,0.0,0.0,0.0,0.0,0.0,0.0,0.0,0.0,0.0,0.0,0.0,0.0,0.0,0.0,0.0,0.0,0.0,0.0,0.0,1.0,0.0,0.0,0.0,0.0,0.0
68.93659350989881,54.42890992179308,178.92352753567403,1234.0,586.0,4.576259716475028,76.19443679686299,0.9970726208209562,1.4277750988908335,0.5595153279172704,8.219403872606662,4.0,2.0,6.0,5.236687793744402,1.549495042461007,0.47270224680803974,0.8222065674645868,0.0,0.0,0.0,0.0,0.0,0.0,0.0,0.0,0.0,0.0,0.0,0.0,0.0,0.0,0.0,0.0,0.0,0.0,0.0,0.0,0.0,0.0,0.0,0.0,0.0,0.0,0.0,0.0,0.0,1.0,0.0,0.0,0.0,0.0,0.0,0.0,0.0,0.0,0.0,0.0,0.0,0.0,0.0,0.0,0.0,0.0,0.0,0.0,0.0,0.0,0.0
75.97232660063214,43.56731904429097,193.9401640388282,1112.0,574.0,2.8792018348954524,70.57872671481799,0.8822841107208824,1.2191796877456191,0.6159418175681514,4.779859679582832,4.0,3.0,6.0,4.08408255989189,1.4833062702822062,0.36883508736724646,0.5268853357634404,1.0,0.0,0.0,0.0,0.0,0.0,0.0,0.0,0.0,0.0,0.0,0.0,0.0,0.0,0.0,0.0,0.0,0.0,0.0,0.0,0.0,0.0,0.0,0.0,0.0,0.0,0.0,0.0,0.0,0.0,0.0,0.0,0.0,0.0,0.0,0.0,0.0,0.0,0.0,0.0,0.0,0.0,0.0,0.0,0.0,0.0,0.0,0.0,0.0,0.0,0.0
74.23980859507384,53.60967004754866,121.08220330915972,334.0,467.0,5.5854778120460935,84.39178266525987,0.8129985547115126,0.9498027807637032,0.7116114821410114,4.631681124907106,3.0,0.0,5.0,5.236687793744402,0.9591835124026638,0.4465132399520953,0.3527177559401213,0.0,0.0,0.0,0.0,0.0,0.0,0.0,0.0,0.0,0.0,0.0,0.0,0.0,0.0,0.0,0.0,0.0,0.0,0.0,0.0,0.0,0.0,0.0,1.0,0.0,0.0,0.0,0.0,0.0,0.0,0.0,0.0,0.0,0.0,0.0,0.0,0.0,0.0,0.0,0.0,0.0,0.0,0.0,0.0,0.0,0.0,0.0,0.0,0.0,0.0,0.0
68.36338042926292,29.70117361045176,99.71240125220548,1223.0,426.0,3.968271185319508,88.74170403343979,0.7417036054491316,0.9235465003632122,0.834956816249951,9.347983705181395,6.0,5.0,21.0,4.249994829019224,1.1646856755731518,0.33052610234107865,0.5343721721430352,0.0,0.0,0.0,0.0,0.0,0.0,0.0,0.0,0.0,0.0,0.0,0.0,0.0,0.0,0.0,0.0,0.0,0.0,1.0,0.0,0.0,0.0,0.0,0.0,0.0,0.0,0.0,0.0,0.0,0.0,0.0,0.0,0.0,0.0,0.0,0.0,0.0,0.0,0.0,0.0,0.0,0.0,0.0,0.0,0.0,0.0,0.0,0.0,0.0,0.0,0.0
74.44364871701683,24.565328432131363,161.3996322492155,793.0,267.0,5.184395516517112,94.88688082118948,0.8706788286356345,1.109203750452994,0.9427256561636108,7.043907531289477,4.0,2.0,10.0,4.946092020736713,1.4174691604735659,0.389805680219738,0.47604540723928973,0.0,0.0,0.0,0.0,0.0,0.0,0.0,0.0,0.0,0.0,0.0,0.0,0.0,0.0,0.0,0.0,1.0,0.0,0.0,0.0,0.0,0.0,0.0,0.0,0.0,0.0,0.0,0.0,0.0,0.0,0.0,0.0,0.0,0.0,0.0,0.0,0.0,0.0,0.0,0.0,0.0,0.0,0.0,0.0,0.0,0.0,0.0,0.0,0.0,0.0,0.0
70.08341489859906,29.569750333456213,130.21903191671356,1250.0,590.0,6.016965751475333,77.12070124330184,0.9680398987005808,1.0678234268873217,0.8780778376698678,3.110379026704837,6.0,6.0,7.0,4.525913263516447,1.3215416375983373,0.3700251649582831,0.28011106948782977,0.0,0.0,0.0,0.0,0.0,0.0,0.0,0.0,0.0,0.0,0.0,0.0,0.0,0.0,0.0,0.0,0.0,0.0,0.0,0.0,0.0,1.0,0.0,0.0,0.0,0.0,0.0,0.0,0.0,0.0,0.0,0.0,0.0,0.0,0.0,0.0,0.0,0.0,0.0,0.0,0.0,0.0,0.0,0.0,0.0,0.0,0.0,0.0,0.0,0.0,0.0
76.24386762831003,57.13187141748414,146.80428811103997,390.0,247.0,5.80276353810791,89.66333763499784,0.8378255826577237,1.4356876628145154,0.444172391589969,6.56661120484218,5.0,2.0,10.0,4.651290321300572,1.685509380339331,0.40357874606793387,0.7819730411532559,0.0,0.0,0.0,0.0,0.0,0.0,0.0,0.0,0.0,0.0,0.0,0.0,0.0,0.0,0.0,0.0,0.0,0.0,0.0,0.0,0.0,0.0,0.0,0.0,0.0,0.0,0.0,0.0,0.0,0.0,0.0,0.0,0.0,0.0,0.0,0.0,0.0,0.0,0.0,0.0,0.0,0.0,1.0,0.0,0.0,0.0,0.0,0.0,0.0,0.0,0.0
69.63129563062267,52.437954399520805,180.8189117303316,934.0,518.0,6.074534461060779,85.16022224668681,0.8800412648348108,1.1310191629934463,0.9204830962991084,6.403203188765176,5.0,0.0,16.0,4.294055198285967,1.5245159023627592,0.3620297795188004,0.46233232828291076,0.0,0.0,1.0,0.0,0.0,0.0,0.0,0.0,0.0,0.0,0.0,0.0,0.0,0.0,0.0,0.0,0.0,0.0,0.0,0.0,0.0,0.0,0.0,0.0,0.0,0.0,0.0,0.0,0.0,0.0,0.0,0.0,0.0,0.0,0.0,0.0,0.0,0.0,0.0,0.0,0.0,0.0,0.0,0.0,0.0,0.0,0.0,0.0,0.0,0.0,0.0
61.23043699124364,49.539910485373255,60.95659784977587,963.0,509.0,6.624756834814966,76.04618118060381,0.9839969875949562,1.0265267590666045,0.4838151328283328,6.804800147363073,6.0,2.0,21.0,4.1916928644773135,1.424938054801821,0.35148287450240023,0.5758751438464422,0.0,0.0,0.0,0.0,0.0,0.0,0.0,0.0,0.0,0.0,0.0,0.0,0.0,0.0,0.0,0.0,0.0,0.0,0.0,0.0,0.0,0.0,0.0,0.0,0.0,0.0,1.0,0.0,0.0,0.0,0.0,0.0,0.0,0.0,0.0,0.0,0.0,0.0,0.0,0.0,0.0,0.0,0.0,0.0,0.0,0.0,0.0,0.0,0.0,0.0,0.0
69.65664056463294,23.34304711598206,107.2323282252863,1292.0,472.0,2.000999411096862,93.44964710945916,0.9133880993172684,0.9877689887546266,0.536762986145128,0.0338056022112898,4.0,5.0,13.0,4.567177729237956,0.9591835124026638,0.26514412203819004,0.20003961233138193,0.0,0.0,0.0,0.0,0.0,0.0,0.0,0.0,0.0,0.0,0.0,0.0,0.0,0.0,0.0,0.0,0.0,0.0,0.0,0.0,0.0,0.0,0.0,0.0,0.0,0.0,0.0,0.0,0.0,0.0,0.0,0.0,0.0,0.0,0.0,0.0,0.0,0.0,0.0,0.0,0.0,0.0,0.0,0.0,0.0,0.0,0.0,0.0,1.0,0.0,0.0
73.72777365938092,45.230794722758105,82.59456209463349,716.0,407.0,2.2466576096833,71.1845898100736,0.8890758352003791,1.356372020826627,0.40155077973141,7.173070194943067,5.0,3.0,16.0,4.313232999482665,1.5008584208020264,0.38848101561442067,0.7868440962846643,0.0,0.0,0.0,0.0,0.0,0.0,0.0,0.0,0.0,0.0,0.0,0.0,0.0,0.0,0.0,0.0,0.0,0.0,0.0,0.0,0.0,0.0,0.0,0.0,1.0,0.0,0.0,0.0,0.0,0.0,0.0,0.0,0.0,0.0,0.0,0.0,0.0,0.0,0.0,0.0,0.0,0.0,0.0,0.0,0.0,0.0,0.0,0.0,0.0,0.0,0.0
62.16987219902571,59.479118363295406,84.57203991883586,954.0,448.0,4.140983629598841,85.36963403521301,0.7534062020163839,1.172015460682763,0.561851363204138,3.863372386020964,4.0,1.0,16.0,5.236687793744402,0.9591835124026638,0.3947550363813484,0.47548032704651777,0.0,0.0,0.0,0.0,0.0,0.0,0.0,0.0,0.0,0.0,0.0,0.0,0.0,0.0,0.0,0.0,0.0,0.0,1.0,0.0,0.0,0.0,0.0,0.0,0.0,0.0,0.0,0.0,0.0,0.0,0.0,0.0,0.0,0.0,0.0,0.0,0.0,0.0,0.0,0.0,0.0,0.0,0.0,0.0,0.0,0.0,0.0,0.0,0.0,0.0,0.0
67.9304779123806,38.553069127510895,139.877517280848,1167.0,444.0,6.614375484045288,92.86852057054276,0.9521374254212096,1.2113359999364572,0.977317188867405,9.124229511836852,6.0,5.0,21.0,4.188033530893249,1.4518816506161287,0.3232794945106074,0.6196986010671881,0.0,0.0,0.0,0.0,0.0,0.0,0.0,0.0,0.0,0.0,0.0,0.0,0.0,0.0,0.0,0.0,0.0,0.0,0.0,0.0,0.0,0.0,0.0,0.0,0.0,1.0,0.0,0.0,0.0,0.0,0.0,0.0,0.0,0.0,0.0,0.0,0.0,0.0,0.0,0.0,0.0,0.0,0.0,0.0,0.0,0.0,0.0,0.0,0.0,0.0,0.0
73.48141038092011,33.336237634360444,102.94750914948978,720.0,140.0,4.670567076345449,88.71441592102892,0.811059075988098,1.4113279786387187,0.6625014094255925,5.983673950592962,4.0,5.0,14.0,4.3198062858130655,1.4441475782290807,0.3563781553650987,0.6677433045773883,0.0,0.0,0.0,0.0,0.0,0.0,0.0,0.0,0.0,0.0,0.0,0.0,0.0,0.0,0.0,0.0,0.0,0.0,0.0,0.0,0.0,0.0,0.0,0.0,0.0,0.0,1.0,0.0,0.0,0.0,0.0,0.0,0.0,0.0,0.0,0.0,0.0,0.0,0.0,0.0,0.0,0.0,0.0,0.0,0.0,0.0,0.0,0.0,0.0,0.0,0.0
67.28806908665499,22.28593134286428,112.2743152284437,1194.0,279.0,6.153173209085444,92.82415247749148,0.7959354670136899,1.0539565164698923,0.5523993342537643,4.224682078803531,3.0,4.0,0.0,4.3775827042637125,1.1786544070192002,0.3293300508294895,0.4376241502568132,0.0,0.0,0.0,1.0,0.0,0.0,0.0,0.0,0.0,0.0,0.0,0.0,0.0,0.0,0.0,0.0,0.0,0.0,0.0,0.0,0.0,0.0,0.0,0.0,0.0,0.0,0.0,0.0,0.0,0.0,0.0,0.0,0.0,0.0,0.0,0.0,0.0,0.0,0.0,0.0,0.0,0.0,0.0,0.0,0.0,0.0,0.0,0.0,0.0,0.0,0.0
66.87371880003761,41.04396831344623,187.6957658862981,1314.0,313.0,2.845539226257119,88.35165176348049,0.9338308455986944,0.9210790211843636,0.6170328640737328,0.5664028359514173,6.0,5.0,0.0,4.383401599276001,1.3838448577579188,0.3445809089713726,0.16651640481395247,0.0,0.0,0.0,0.0,0.0,0.0,0.0,0.0,0.0,0.0,0.0,0.0,1.0,0.0,0.0,0.0,0.0,0.0,0.0,0.0,0.0,0.0,0.0,0.0,0.0,0.0,0.0,0.0,0.0,0.0,0.0,0.0,0.0,0.0,0.0,0.0,0.0,0.0,0.0,0.0,0.0,0.0,0.0,0.0,0.0,0.0,0.0,0.0,0.0,0.0,0.0
68.87500806055037,37.99098384015555,79.38063178625697,1072.0,210.0,6.540031209139944,88.1380449931431,0.9793734335865992,0.9135698403673904,0.8118946461021322,5.653750276350276,6.0,3.0,10.0,4.552066360694902,1.4357892615624486,0.36003194263785526,0.3522473978177916,0.0,0.0,0.0,0.0,0.0,0.0,0.0,0.0,0.0,0.0,0.0,0.0,0.0,0.0,0.0,0.0,0.0,0.0,0.0,0.0,0.0,0.0,0.0,0.0,0.0,0.0,0.0,0.0,0.0,0.0,0.0,0.0,0.0,0.0,0.0,0.0,0.0,0.0,0.0,0.0,0.0,1.0,0.0,0.0,0.0,0.0,0.0,0.0,0.0,0.0,0.0
75.03275869163593,25.36564278700328,150.7176690370209,394.0,126.0,3.1528178418698736,86.27196737706011,0.9429790399417538,1.3597181857592364,0.4430400897672268,1.9468350585248613,5.0,5.0,15.0,4.3764056595389835,1.2949936606543775,0.3387358199435858,0.5131930046664607,0.0,0.0,0.0,0.0,0.0,0.0,0.0,0.0,0.0,0.0,0.0,0.0,0.0,0.0,0.0,0.0,0.0,0.0,0.0,0.0,0.0,0.0,0.0,0.0,0.0,0.0,0.0,0.0,0.0,0.0,0.0,0.0,0.0,0.0,0.0,0.0,0.0,0.0,0.0,0.0,1.0,0.0,0.0,0.0,0.0,0.0,0.0,0.0,0.0,0.0,0.0
63.551153462156506,31.152284027148664,116.42602395575996,1020.0,473.0,3.963596993480718,90.12219036217324,0.7980379383776532,1.320263736602453,0.7451049141894288,8.04519139243642,4.0,0.0,12.0,5.236687793744402,1.3752133403943425,0.43309765443325515,0.6977365640666057,0.0,0.0,0.0,0.0,0.0,0.0,0.0,0.0,0.0,0.0,0.0,0.0,0.0,0.0,0.0,0.0,0.0,0.0,0.0,0.0,0.0,0.0,0.0,0.0,0.0,0.0,0.0,0.0,0.0,0.0,0.0,0.0,0.0,0.0,0.0,0.0,0.0,0.0,0.0,0.0,0.0,0.0,0.0,0.0,0.0,0.0,1.0,0.0,0.0,0.0,0.0
70.99485300387319,33.73496640493949,174.90993610799438,1211.0,463.0,3.079351859276017,92.919655150228,0.9523561482270833,1.371897409365494,0.7537984828690049,4.163162383918171,7.0,5.0,19.0,4.414612930915694,1.3636396173058787,0.3343683849158969,0.5264525183129645,0.0,0.0,0.0,0.0,0.0,0.0,0.0,0.0,0.0,0.0,0.0,0.0,0.0,0.0,0.0,0.0,0.0,0.0,0.0,0.0,0.0,0.0,0.0,0.0,0.0,0.0,0.0,1.0,0.0,0.0,0.0,0.0,0.0,0.0,0.0,0.0,0.0,0.0,0.0,0.0,0.0,0.0,0.0,0.0,0.0,0.0,0.0,0.0,0.0,0.0,0.0
60.80731814209088,43.843293532349534,182.56569542830164,946.0,205.0,6.066836244397025,84.95373311267349,0.8327231116780112,0.982607778117448,0.5536397235530628,6.282511253441024,6.0,2.0,17.0,4.755030654214706,1.271446653609423,0.38296596759113455,0.5044572527369291,0.0,0.0,0.0,0.0,0.0,0.0,0.0,0.0,0.0,0.0,0.0,0.0,0.0,0.0,0.0,0.0,0.0,0.0,0.0,0.0,0.0,0.0,0.0,0.0,0.0,0.0,0.0,0.0,0.0,1.0,0.0,0.0,0.0,0.0,0.0,0.0,0.0,0.0,0.0,0.0,0.0,0.0,0.0,0.0,0.0,0.0,0.0,0.0,0.0,0.0,0.0
70.4128346592852,32.479959393669134,71.13454983254078,752.0,565.0,3.6920656447862568,72.76050568606931,0.9893354899820972,1.3885610739181526,0.8837539354546959,1.8512324989308333,4.0,5.0,3.0,3.907096284372195,1.5093566188673633,0.340913806710366,0.37574697583645683,0.0,0.0,0.0,0.0,0.0,0.0,0.0,0.0,0.0,0.0,0.0,0.0,0.0,0.0,0.0,0.0,0.0,0.0,0.0,0.0,0.0,0.0,0.0,0.0,1.0,0.0,0.0,0.0,0.0,0.0,0.0,0.0,0.0,0.0,0.0,0.0,0.0,0.0,0.0,0.0,0.0,0.0,0.0,0.0,0.0,0.0,0.0,0.0,0.0,0.0,0.0
62.97661358165731,25.67628411047876,146.6143810884671,901.0,542.0,6.451009471571334,87.83557344714012,0.9262495312765168,1.470310264516479,0.5924204998371092,2.070480963266016,5.0,2.0,7.0,4.4981733408130395,1.1764456394587806,0.33651678123133105,0.5248708509929693,0.0,0.0,0.0,0.0,0.0,0.0,0.0,0.0,0.0,0.0,0.0,0.0,0.0,0.0,0.0,0.0,0.0,0.0,0.0,0.0,0.0,0.0,0.0,0.0,0.0,0.0,0.0,1.0,0.0,0.0,0.0,0.0,0.0,0.0,0.0,0.0,0.0,0.0,0.0,0.0,0.0,0.0,0.0,0.0,0.0,0.0,0.0,0.0,0.0,0.0,0.0
79.57924269258575,24.084696136589617,107.0844522187871,1207.0,126.0,4.140698382350434,78.5738905053647,0.7145704020741922,0.9245552140287652,0.653710014722285,6.490271870581247,6.0,2.0,22.0,4.147831768609536,1.3925278078986794,0.36647412573188504,0.45239602290758735,0.0,0.0,0.0,0.0,0.0,0.0,0.0,0.0,0.0,0.0,0.0,0.0,0.0,0.0,0.0,0.0,0.0,0.0,0.0,0.0,0.0,0.0,0.0,0.0,0.0,0.0,0.0,0.0,0.0,0.0,0.0,0.0,0.0,0.0,0.0,0.0,0.0,0.0,1.0,0.0,0.0,0.0,0.0,0.0,0.0,0.0,0.0,0.0,0.0,0.0,0.0
62.55107588246292,30.560290938157493,175.10592179484303,614.0,529.0,2.39081205599297,70.64212332302998,0.8467350278863166,0.9870500883461588,0.9503406009397066,7.30996337226513,6.0,2.0,15.0,4.358178337597231,1.557275931792291,0.4030821437106288,0.4256776199277492,0.0,0.0,0.0,0.0,0.0,0.0,0.0,0.0,0.0,0.0,0.0,0.0,0.0,0.0,0.0,0.0,0.0,0.0,0.0,0.0,0.0,0.0,0.0,0.0,0.0,0.0,0.0,0.0,0.0,0.0,0.0,0.0,0.0,0.0,1.0,0.0,0.0,0.0,0.0,0.0,0.0,0.0,0.0,0.0,0.0,0.0,0.0,0.0,0.0,0.0,0.0
64.17719620714233,43.73974423335597,184.41411204608488,746.0,235.0,4.631939417783917,88.92585408544116,0.7716514953703353,1.2853759721672342,0.9312423623459584,2.6692239569737697,4.0,1.0,15.0,3.8876026021935557,0.9591835124026638,0.26514412203819004,0.3491784737245715,0.0,0.0,0.0,0.0,0.0,0.0,0.0,0.0,0.0,0.0,0.0,0.0,0.0,0.0,0.0,0.0,0.0,0.0,0.0,0.0,0.0,0.0,0.0,0.0,0.0,0.0,0.0,0.0,0.0,0.0,0.0,0.0,0.0,0.0,0.0,0.0,0.0,0.0,0.0,0.0,0.0,0.0,0.0,0.0,1.0,0.0,0.0,0.0,0.0,0.0,0.0
65.5788586458913,52.298731642325286,147.93646351531737,1178.0,362.0,6.011541461822309,85.72309323220409,0.8542165245552391,1.1533082816741815,0.4595332212317977,1.6586897524660826,4.0,1.0,7.0,4.445777203170084,1.202596977573384,0.3459006119174185,0.3899643739841897,0.0,0.0,0.0,0.0,0.0,0.0,0.0,0.0,0.0,0.0,0.0,0.0,0.0,0.0,0.0,0.0,0.0,0.0,0.0,0.0,0.0,0.0,0.0,0.0,0.0,0.0,0.0,0.0,0.0,0.0,0.0,0.0,0.0,0.0,0.0,0.0,0.0,0.0,0.0,0.0,0.0,0.0,0.0,0.0,0.0,1.0,0.0,0.0,0.0,0.0,0.0
73.23835462643827,37.04642660727575,188.3118189225356,1072.0,390.0,3.278992118537255,91.25947143178728,0.9014255950711002,1.074088232301426,0.999768300389316,2.1219162908086986,6.0,5.0,5.0,4.258270062388113,1.4185266324577015,0.3344716850869365,0.19317498425670485,0.0,0.0,0.0,0.0,0.0,0.0,0.0,0.0,0.0,0.0,0.0,0.0,0.0,0.0,0.0,0.0,0.0,0.0,0.0,0.0,0.0,0.0,0.0,0.0,0.0,0.0,1.0,0.0,0.0,0.0,0.0,0.0,0.0,0.0,0.0,0.0,0.0,0.0,0.0,0.0,0.0,0.0,0.0,0.0,0.0,0.0,0.0,0.0,0.0,0.0,0.0
74.80304428429154,34.65887711108362,60.95045530922157,387.0,120.0,3.0731153472708588,93.21063002509604,0.8941481764589307,0.9646225116353622,0.6048654865611826,2.5119396787915163,4.0,2.0,12.0,4.3509684417821965,1.3122668004563542,0.3291860742237701,0.2897095306401201,0.0,0.0,0.0,0.0,0.0,0.0,0.0,0.0,0.0,0.0,0.0,1.0,0.0,0.0,0.0,0.0,0.0,0.0,0.0,0.0,0.0,0.0,0.0,0.0,0.0,0.0,0.0,0.0,0.0,0.0,0.0,0.0,0.0,0.0,0.0,0.0,0.0,0.0,0.0,0.0,0.0,0.0,0.0,0.0,0.0,0.0,0.0,0.0,0.0,0.0,0.0
65.67483227454233,25.81815892572305,130.27615598617035,1498.0,258.0,3.4675063058692963,82.59511589088613,0.7115091038713025,1.0657351885405355,0.6217841804613328,8.125402834082765,6.0,3.0,7.0,4.5761920162429774,1.5123524734166578,0.40730531852454527,0.61552046876262,0.0,0.0,0.0,0.0,0.0,0.0,0.0,0.0,0.0,0.0,0.0,0.0,0.0,0.0,0.0,0.0,0.0,0.0,0.0,0.0,0.0,0.0,1.0,0.0,0.0,0.0,0.0,0.0,0.0,0.0,0.0,0.0,0.0,0.0,0.0,0.0,0.0,0.0,0.0,0.0,0.0,0.0,0.0,0.0,0.0,0.0,0.0,0.0,0.0,0.0,0.0
70.99950269131374,32.28159560917591,89.22959588411642,338.0,339.0,4.206208564320437,71.41834668750911,0.7968404399226342,1.2288200545534902,0.4936946527537099,9.568346243146626,7.0,6.0,11.0,4.692289943242645,1.3209108103493565,0.41290983746792076,0.8120896239441122,0.0,0.0,0.0,0.0,0.0,0.0,0.0,0.0,0.0,0.0,0.0,0.0,0.0,0.0,0.0,1.0,0.0,0.0,0.0,0.0,0.0,0.0,0.0,0.0,0.0,0.0,0.0,0.0,0.0,0.0,0.0,0.0,0.0,0.0,0.0,0.0,0.0,0.0,0.0,0.0,0.0,0.0,0.0,0.0,0.0,0.0,0.0,0.0,0.0,0.0,0.0
67.51287146075065,36.29302729263617,154.89565138556486,497.0,363.0,5.690472865622519,74.91470252497406,0.8411281799804242,1.4776591197927615,0.4486899030178514,6.570153835002194,5.0,3.0,23.0,4.668451123388234,1.4236464431963913,0.4092311213213579,0.8016489874965527,0.0,0.0,0.0,0.0,0.0,0.0,0.0,0.0,0.0,0.0,0.0,0.0,0.0,0.0,0.0,0.0,0.0,0.0,0.0,0.0,0.0,0.0,0.0,0.0,0.0,0.0,0.0,0.0,0.0,0.0,0.0,0.0,0.0,0.0,0.0,0.0,0.0,0.0,0.0,0.0,0.0,0.0,0.0,0.0,0.0,0.0,0.0,1.0,0.0,0.0,0.0
64.4635096090893,47.247765555228455,99.145314928936,475.0,190.0,2.5658096267669466,79.70691111382868,0.9493652463432284,0.9252128596797567,0.6687238928393358,1.9626182688319629,4.0,5.0,20.0,4.959822706225188,1.6818108402054832,0.4387257129470889,0.22118740825379324,0.0,0.0,0.0,0.0,0.0,0.0,0.0,0.0,0.0,0.0,0.0,0.0,0.0,0.0,0.0,0.0,0.0,0.0,0.0,0.0,0.0,0.0,0.0,0.0,0.0,0.0,0.0,0.0,0.0,0.0,0.0,0.0,0.0,1.0,0.0,0.0,0.0,0.0,0.0,0.0,0.0,0.0,0.0,0.0,0.0,0.0,0.0,0.0,0.0,0.0,0.0
68.69829345611949,44.48781111802349,132.9744422625219,1347.0,149.0,4.144120402022079,75.39211224015696,0.8813348015735374,0.9546830982427358,0.6802322404703824,1.697599117235239,4.0,0.0,16.0,4.115472285342871,1.3031858560628855,0.3448264316269072,0.21883657284662644,0.0,0.0,0.0,0.0,0.0,0.0,0.0,0.0,0.0,0.0,0.0,0.0,0.0,0.0,0.0,0.0,0.0,0.0,0.0,0.0,0.0,0.0,0.0,0.0,0.0,0.0,0.0,0.0,0.0,0.0,1.0,0.0,0.0,0.0,0.0,0.0,0.0,0.0,0.0,0.0,0.0,0.0,0.0,0.0,0.0,0.0,0.0,0.0,0.0,0.0,0.0
76.97414385816299,56.21303949931304,144.8724463309638,578.0,437.0,2.1026034593109744,70.5821817742376,0.892566048422331,1.2184105045284448,0.6530971441340554,2.482191036539203,6.0,0.0,8.0,4.558393979553618,1.3319243829552225,0.3944560847375318,0.39914246804282066,0.0,0.0,0.0,0.0,0.0,0.0,0.0,0.0,0.0,0.0,0.0,0.0,0.0,0.0,0.0,0.0,0.0,0.0,0.0,0.0,0.0,0.0,0.0,0.0,0.0,0.0,0.0,1.0,0.0,0.0,0.0,0.0,0.0,0.0,0.0,0.0,0.0,0.0,0.0,0.0,0.0,0.0,0.0,0.0,0.0,0.0,0.0,0.0,0.0,0.0,0.0
75.38252030430185,23.661797336964632,132.30966178904958,732.0,103.0,5.0935792767059045,72.56156256415834,0.8671021913029888,0.9161958612586104,0.6497415061229685,6.548626306069884,6.0,5.0,15.0,4.3181089789522,1.4662959513905707,0.38504711090832,0.4524563627113223,0.0,0.0,0.0,0.0,0.0,0.0,0.0,0.0,0.0,0.0,0.0,0.0,0.0,0.0,0.0,0.0,0.0,0.0,0.0,0.0,0.0,0.0,0.0,0.0,0.0,0.0,1.0,0.0,0.0,0.0,0.0,0.0,0.0,0.0,0.0,0.0,0.0,0.0,0.0,0.0,0.0,0.0,0.0,0.0,0.0,0.0,0.0,0.0,0.0,0.0,0.0
71.5021038374663,22.228301714549872,194.486275376996,1172.0,479.0,5.56515311676718,94.23819642274884,0.8280213642094073,1.2258763588131507,0.9575259851681116,2.996971852799184,6.0,5.0,11.0,4.311193048691465,1.376549855992304,0.336433779545931,0.3270242124648523,1.0,0.0,0.0,0.0,0.0,0.0,0.0,0.0,0.0,0.0,0.0,0.0,0.0,0.0,0.0,0.0,0.0,0.0,0.0,0.0,0.0,0.0,0.0,0.0,0.0,0.0,0.0,0.0,0.0,0.0,0.0,0.0,0.0,0.0,0.0,0.0,0.0,0.0,0.0,0.0,0.0,0.0,0.0,0.0,0.0,0.0,0.0,0.0,0.0,0.0,0.0
76.69563259760021,47.4942019250238,168.41711784058538,1308.0,282.0,3.6642677988473458,78.70882106511434,0.8946422954211394,1.132583029914202,0.9960223464219324,9.956296638737747,4.0,5.0,8.0,4.261641757801853,0.9591835124026638,0.3070167890302678,0.6156695954753463,0.0,0.0,0.0,0.0,0.0,0.0,0.0,0.0,0.0,0.0,0.0,0.0,0.0,0.0,0.0,0.0,0.0,0.0,0.0,0.0,0.0,0.0,0.0,0.0,0.0,0.0,0.0,0.0,0.0,0.0,0.0,0.0,0.0,0.0,0.0,0.0,0.0,0.0,0.0,0.0,0.0,0.0,0.0,0.0,0.0,0.0,0.0,0.0,0.0,0.0,1.0
70.50022137699642,57.85432263231768,51.87740169938528,370.0,537.0,5.752640774306689,85.98141659051933,0.759966946870655,1.011862243855981,0.9146221280992066,8.507447213763227,6.0,6.0,19.0,4.577314600929304,1.4732207680506235,0.3920480350064377,0.5099301106374513,0.0,0.0,0.0,0.0,0.0,0.0,0.0,0.0,0.0,0.0,0.0,0.0,0.0,0.0,0.0,0.0,0.0,0.0,0.0,0.0,0.0,0.0,1.0,0.0,0.0,0.0,0.0,0.0,0.0,0.0,0.0,0.0,0.0,0.0,0.0,0.0,0.0,0.0,0.0,0.0,0.0,0.0,0.0,0.0,0.0,0.0,0.0,0.0,0.0,0.0,0.0
66.43852877979963,21.32933140746362,90.3737027095163,462.0,159.0,3.138218830623776,90.78954258309608,0.9611960723268592,1.3881531798327824,0.9952854021106023,7.810636030551032,6.0,6.0,7.0,4.435083956539009,1.3525571555593752,0.338460763236735,0.6364760927610154,0.0,0.0,0.0,0.0,0.0,0.0,0.0,0.0,0.0,0.0,0.0,0.0,0.0,0.0,0.0,0.0,0.0,0.0,0.0,0.0,0.0,0.0,0.0,0.0,0.0,0.0,0.0,0.0,0.0,0.0,0.0,0.0,0.0,0.0,0.0,0.0,0.0,1.0,0.0,0.0,0.0,0.0,0.0,0.0,0.0,0.0,0.0,0.0,0.0,0.0,0.0
75.84733358462576,42.30183902763028,98.58882880112375,918.0,233.0,4.52579801107674,74.9434326810808,0.8755490316725425,1.1259533136000983,0.9483337660785112,3.1451860679136736,4.0,3.0,12.0,4.821480330469145,1.309324718188907,0.4080798222426977,0.28749671078589545,0.0,0.0,0.0,1.0,0.0,0.0,0.0,0.0,0.0,0.0,0.0,0.0,0.0,0.0,0.0,0.0,0.0,0.0,0.0,0.0,0.0,0.0,0.0,0.0,0.0,0.0,0.0,0.0,0.0,0.0,0.0,0.0,0.0,0.0,0.0,0.0,0.0,0.0,0.0,0.0,0.0,0.0,0.0,0.0,0.0,0.0,0.0,0.0,0.0,0.0,0.0
70.4930893455261,58.77319463485976,147.1434939426382,899.0,145.0,6.115839543819067,90.30062957694793,0.738033826448396,1.1738726955273286,0.5979496513268748,7.891729538387905,6.0,5.0,20.0,4.578128269344761,1.498252983377211,0.38806345525467373,0.6659070561342118,0.0,0.0,0.0,0.0,0.0,0.0,0.0,0.0,0.0,0.0,0.0,0.0,0.0,0.0,0.0,0.0,0.0,0.0,0.0,0.0,0.0,0.0,0.0,0.0,0.0,0.0,0.0,0.0,0.0,0.0,0.0,0.0,0.0,0.0,0.0,0.0,0.0,0.0,0.0,0.0,0.0,1.0,0.0,0.0,0.0,0.0,0.0,0.0,0.0,0.0,0.0
63.72760252724349,21.98120198688214,124.30678478195212,1458.0,460.0,2.977630986242916,84.75607429895493,0.8147302436100686,1.198610417489578,0.7976576910534221,6.374546107177807,5.0,0.0,21.0,4.469384247529985,1.453450098406608,0.3777801665829805,0.5357235513819881,0.0,0.0,0.0,0.0,0.0,0.0,0.0,0.0,0.0,0.0,0.0,0.0,1.0,0.0,0.0,0.0,0.0,0.0,0.0,0.0,0.0,0.0,0.0,0.0,0.0,0.0,0.0,0.0,0.0,0.0,0.0,0.0,0.0,0.0,0.0,0.0,0.0,0.0,0.0,0.0,0.0,0.0,0.0,0.0,0.0,0.0,0.0,0.0,0.0,0.0,0.0
67.41976632289895,27.667965192470483,82.1668976827554,893.0,456.0,6.980144352810838,85.04504161893328,0.8708278435280954,1.0747097906823435,0.8806704548018225,9.82769264916453,4.0,2.0,12.0,4.220327563068527,1.5698144018695455,0.36111632464577237,0.6187714149340109,0.0,0.0,0.0,0.0,0.0,0.0,0.0,0.0,0.0,0.0,0.0,0.0,0.0,0.0,0.0,0.0,0.0,0.0,0.0,0.0,0.0,0.0,0.0,0.0,0.0,0.0,0.0,0.0,0.0,0.0,0.0,0.0,0.0,0.0,0.0,0.0,0.0,1.0,0.0,0.0,0.0,0.0,0.0,0.0,0.0,0.0,0.0,0.0,0.0,0.0,0.0
75.3811544888641,44.60345731450871,121.14481985363602,503.0,576.0,5.550459882874279,72.43813645487135,0.906411346248582,1.1988421242741925,0.6255029795908293,4.808287293130872,4.0,0.0,22.0,4.291469885271594,1.4068989500952167,0.3733831032200154,0.5149374969283893,0.0,0.0,0.0,0.0,0.0,0.0,0.0,0.0,0.0,0.0,0.0,0.0,0.0,0.0,0.0,0.0,0.0,0.0,0.0,0.0,0.0,0.0,0.0,0.0,0.0,0.0,0.0,0.0,0.0,0.0,0.0,0.0,0.0,0.0,0.0,0.0,0.0,0.0,0.0,0.0,0.0,0.0,0.0,0.0,0.0,0.0,0.0,0.0,1.0,0.0,0.0
76.21569213454359,55.064351980468416,61.30917101712656,1226.0,433.0,6.795399286939166,86.37619714036673,0.727163200370715,1.3428435961322434,0.6207934002139834,0.3537295825320252,5.0,6.0,4.0,4.377515129480479,1.4328691848469142,0.37336910587694033,0.36571211509486956,0.0,0.0,0.0,0.0,0.0,0.0,0.0,0.0,0.0,0.0,0.0,0.0,1.0,0.0,0.0,0.0,0.0,0.0,0.0,0.0,0.0,0.0,0.0,0.0,0.0,0.0,0.0,0.0,0.0,0.0,0.0,0.0,0.0,0.0,0.0,0.0,0.0,0.0,0.0,0.0,0.0,0.0,0.0,0.0,0.0,0.0,0.0,0.0,0.0,0.0,0.0
71.8984203896334,27.198741378607103,122.92112045339702,1234.0,527.0,2.8398090136433445,85.37917287309483,0.9640358664641931,1.3920751995156708,0.6947116199720147,4.701378434224041,6.0,5.0,11.0,4.647124878063931,1.4966367084149068,0.3811319407283132,0.5832009437284452,0.0,0.0,0.0,0.0,0.0,0.0,0.0,0.0,0.0,0.0,0.0,0.0,0.0,0.0,0.0,0.0,0.0,0.0,0.0,0.0,0.0,0.0,0.0,0.0,0.0,0.0,0.0,0.0,0.0,0.0,0.0,0.0,0.0,0.0,0.0,0.0,0.0,0.0,0.0,0.0,0.0,0.0,0.0,0.0,0.0,0.0,1.0,0.0,0.0,0.0,0.0
75.50837178448586,44.200058169338405,105.59824554287005,1353.0,335.0,4.948392287466094,71.70515138107905,0.8206219110707217,1.3638254688549396,0.969546620119788,3.142414262805411,5.0,4.0,18.0,4.392862430173833,1.4692296301006573,0.3981671139687678,0.3993317015656007,0.0,0.0,0.0,0.0,0.0,0.0,0.0,0.0,0.0,0.0,0.0,1.0,0.0,0.0,0.0,0.0,0.0,0.0,0.0,0.0,0.0,0.0,0.0,0.0,0.0,0.0,0.0,0.0,0.0,0.0,0.0,0.0,0.0,0.0,0.0,0.0,0.0,0.0,0.0,0.0,0.0,0.0,0.0,0.0,0.0,0.0,0.0,0.0,0.0,0.0,0.0
68.23855075032185,51.38052235594934,137.1165655357313,340.0,448.0,4.092649344715552,71.8407945644176,0.7279901664643627,1.037436291007703,0.648695182881248,7.371566668417521,4.0,4.0,22.0,5.236687793744402,1.0956220254815257,0.45398346631433045,0.5546590583262526,0.0,0.0,0.0,0.0,0.0,0.0,0.0,0.0,0.0,0.0,0.0,0.0,0.0,0.0,0.0,0.0,0.0,0.0,0.0,0.0,0.0,0.0,0.0,0.0,0.0,0.0,0.0,0.0,0.0,0.0,0.0,0.0,0.0,0.0,0.0,0.0,0.0,0.0,0.0,0.0,0.0,0.0,0.0,1.0,0.0,0.0,0.0,0.0,0.0,0.0,0.0
67.78578395751276,52.41939961910601,181.31791912513512,1288.0,315.0,3.7381743271754986,70.63070855954511,0.7379914028097893,1.0720726070332582,0.9278462398036442,0.6236884181007496,5.0,4.0,2.0,4.43069135522672,1.5280068655564174,0.41746966947138303,0.14121285630301222,0.0,0.0,0.0,0.0,0.0,0.0,0.0,0.0,0.0,0.0,0.0,0.0,0.0,0.0,0.0,0.0,0.0,0.0,0.0,0.0,0.0,0.0,0.0,1.0,0.0,0.0,0.0,0.0,0.0,0.0,0.0,0.0,0.0,0.0,0.0,0.0,0.0,0.0,0.0,0.0,0.0,0.0,0.0,0.0,0.0,0.0,0.0,0.0,0.0,0.0,0.0
71.74555666161157,40.57983827142403,117.32088178889008,550.0,482.0,4.051925173474782,75.85461456965376,0.8432199767308959,1.182644757507307,0.735323061250184,3.2144115200178347,4.0,4.0,6.0,5.078680159880497,1.095151878989635,0.4113337882828149,0.39043132631336297,0.0,0.0,0.0,0.0,0.0,0.0,0.0,0.0,0.0,0.0,0.0,0.0,0.0,0.0,0.0,1.0,0.0,0.0,0.0,0.0,0.0,0.0,0.0,0.0,0.0,0.0,0.0,0.0,0.0,0.0,0.0,0.0,0.0,0.0,0.0,0.0,0.0,0.0,0.0,0.0,0.0,0.0,0.0,0.0,0.0,0.0,0.0,0.0,0.0,0.0,0.0
64.70116045687453,26.36375280852226,91.28345211033393,1404.0,528.0,3.411085685767323,91.08473401026107,0.9533285812796412,1.00495058540222,0.5259808965255753,2.783200819957031,4.0,6.0,19.0,4.036203262384988,1.1664119760049614,0.28631256357979956,0.34979481321487943,0.0,0.0,0.0,0.0,0.0,0.0,0.0,0.0,0.0,0.0,1.0,0.0,0.0,0.0,0.0,0.0,0.0,0.0,0.0,0.0,0.0,0.0,0.0,0.0,0.0,0.0,0.0,0.0,0.0,0.0,0.0,0.0,0.0,0.0,0.0,0.0,0.0,0.0,0.0,0.0,0.0,0.0,0.0,0.0,0.0,0.0,0.0,0.0,0.0,0.0,0.0
68.1095925654814,36.19617556796408,72.41258379587299,488.0,154.0,4.941049348373511,86.24052340471994,0.7539802734827856,1.1956817977882117,0.6747554520411239,9.350322259618167,6.0,1.0,12.0,4.31934567662905,1.516713959267259,0.37392235042407085,0.7241626515963387,0.0,0.0,0.0,0.0,0.0,0.0,0.0,1.0,0.0,0.0,0.0,0.0,0.0,0.0,0.0,0.0,0.0,0.0,0.0,0.0,0.0,0.0,0.0,0.0,0.0,0.0,0.0,0.0,0.0,0.0,0.0,0.0,0.0,0.0,0.0,0.0,0.0,0.0,0.0,0.0,0.0,0.0,0.0,0.0,0.0,0.0,0.0,0.0,0.0,0.0,0.0
64.3649121751725,59.25024084120021,181.35675863062016,1445.0,169.0,5.809957014901185,93.76369200738704,0.8743697358218576,1.1087264329275492,0.942271218142115,3.8070414858598767,7.0,5.0,10.0,4.5493854003295935,1.3339893712934978,0.34932906115687884,0.3140120501126189,0.0,0.0,0.0,0.0,0.0,0.0,0.0,0.0,0.0,0.0,0.0,0.0,0.0,0.0,0.0,0.0,0.0,0.0,0.0,0.0,0.0,0.0,0.0,0.0,0.0,0.0,0.0,0.0,0.0,0.0,0.0,0.0,0.0,0.0,0.0,0.0,0.0,0.0,0.0,0.0,0.0,0.0,0.0,0.0,0.0,1.0,0.0,0.0,0.0,0.0,0.0
73.17527538260283,36.54867803625417,166.01043467437864,611.0,143.0,3.692112446405087,85.05327191222128,0.9049688890725812,0.9739220355921432,0.861542844826265,0.5414424479338376,5.0,0.0,3.0,4.36974664536592,1.5199204188933573,0.36587250359893464,0.110104335454003,0.0,0.0,0.0,0.0,0.0,0.0,0.0,0.0,0.0,0.0,0.0,0.0,0.0,0.0,0.0,0.0,0.0,0.0,0.0,0.0,0.0,0.0,0.0,1.0,0.0,0.0,0.0,0.0,0.0,0.0,0.0,0.0,0.0,0.0,0.0,0.0,0.0,0.0,0.0,0.0,0.0,0.0,0.0,0.0,0.0,0.0,0.0,0.0,0.0,0.0,0.0
73.94215866065367,56.15017903003225,77.10694609991708,624.0,517.0,2.667588051986696,80.89992153138786,0.8808754643810217,1.3535989591686912,0.5244445513742453,0.9920649031930796,4.0,3.0,3.0,4.651310598449267,1.1553126067714887,0.3661805203270241,0.43519086530408674,0.0,0.0,0.0,0.0,0.0,0.0,0.0,0.0,0.0,0.0,0.0,0.0,0.0,0.0,0.0,0.0,0.0,0.0,1.0,0.0,0.0,0.0,0.0,0.0,0.0,0.0,0.0,0.0,0.0,0.0,0.0,0.0,0.0,0.0,0.0,0.0,0.0,0.0,0.0,0.0,0.0,0.0,0.0,0.0,0.0,0.0,0.0,0.0,0.0,0.0,0.0
74.04758910119173,45.43811546272026,57.437304605785656,784.0,541.0,4.857469150109827,82.29857836295136,0.824072023477144,1.0876252113741975,0.9425867346123856,2.235194366521236,4.0,0.0,13.0,4.809269101175787,1.7309184747661404,0.43771154643139504,0.22470337604006954,0.0,0.0,0.0,0.0,0.0,0.0,0.0,0.0,0.0,0.0,0.0,0.0,0.0,0.0,0.0,0.0,0.0,0.0,0.0,0.0,0.0,0.0,0.0,0.0,0.0,0.0,0.0,0.0,0.0,0.0,0.0,0.0,0.0,0.0,0.0,0.0,0.0,1.0,0.0,0.0,0.0,0.0,0.0,0.0,0.0,0.0,0.0,0.0,0.0,0.0,0.0
66.94499047718445,47.3880026769852,93.7294585891637,938.0,151.0,4.296227930352974,85.73219265895716,0.8029066266228172,1.103274187077909,0.6147230062141047,8.11933934709515,6.0,1.0,6.0,4.437703917170835,1.381064292547008,0.36735327391329664,0.6363620366760007,0.0,0.0,0.0,0.0,0.0,0.0,1.0,0.0,0.0,0.0,0.0,0.0,0.0,0.0,0.0,0.0,0.0,0.0,0.0,0.0,0.0,0.0,0.0,0.0,0.0,0.0,0.0,0.0,0.0,0.0,0.0,0.0,0.0,0.0,0.0,0.0,0.0,0.0,0.0,0.0,0.0,0.0,0.0,0.0,0.0,0.0,0.0,0.0,0.0,0.0,0.0
72.39188823460303,58.361192404016926,185.7267578728109,1465.0,334.0,4.19068812960327,72.23109864398828,0.7958326536106185,1.3414903241652545,0.6904787433194596,1.1717376641394073,5.0,2.0,13.0,4.259672882125391,1.270355044156145,0.36906226741975684,0.3827020810404083,0.0,0.0,0.0,0.0,0.0,0.0,0.0,0.0,0.0,0.0,0.0,0.0,0.0,0.0,0.0,0.0,0.0,0.0,1.0,0.0,0.0,0.0,0.0,0.0,0.0,0.0,0.0,0.0,0.0,0.0,0.0,0.0,0.0,0.0,0.0,0.0,0.0,0.0,0.0,0.0,0.0,0.0,0.0,0.0,0.0,0.0,0.0,0.0,0.0,0.0,0.0
74.43647380780789,33.848525382457474,115.87926385431363,1287.0,156.0,3.5796301246004885,86.58842275963852,0.7496288445038621,1.323358780320961,0.9289988559695516,3.211703147546979,5.0,5.0,1.0,4.479852663567745,1.4598915740456018,0.3821479466910556,0.3960787182372453,0.0,0.0,0.0,0.0,0.0,0.0,0.0,0.0,0.0,0.0,1.0,0.0,0.0,0.0,0.0,0.0,0.0,0.0,0.0,0.0,0.0,0.0,0.0,0.0,0.0,0.0,0.0,0.0,0.0,0.0,0.0,0.0,0.0,0.0,0.0,0.0,0.0,0.0,0.0,0.0,0.0,0.0,0.0,0.0,0.0,0.0,0.0,0.0,0.0,0.0,0.0
71.89314889520593,20.483104390163955,172.57509340340326,1401.0,356.0,4.222663603639727,73.44771167013964,0.7347864886954503,1.0137257623787823,0.5845179381887373,5.026726541517306,4.0,0.0,16.0,4.587600479935229,1.5146024345803306,0.42447600663727986,0.44689620274668296,0.0,0.0,1.0,0.0,0.0,0.0,0.0,0.0,0.0,0.0,0.0,0.0,0.0,0.0,0.0,0.0,0.0,0.0,0.0,0.0,0.0,0.0,0.0,0.0,0.0,0.0,0.0,0.0,0.0,0.0,0.0,0.0,0.0,0.0,0.0,0.0,0.0,0.0,0.0,0.0,0.0,0.0,0.0,0.0,0.0,0.0,0.0,0.0,0.0,0.0,0.0
73.37899634854756,39.71016107708557,124.63874065292892,591.0,312.0,2.507799039398173,88.14154148496502,0.7878930569856093,1.1330319300122147,0.4755986865021149,9.57902412971216,5.0,3.0,9.0,4.745376156206165,1.493204256320384,0.401409425684232,0.7707222804047131,0.0,0.0,0.0,0.0,0.0,0.0,0.0,0.0,0.0,0.0,0.0,0.0,0.0,0.0,0.0,0.0,0.0,0.0,0.0,0.0,0.0,0.0,1.0,0.0,0.0,0.0,0.0,0.0,0.0,0.0,0.0,0.0,0.0,0.0,0.0,0.0,0.0,0.0,0.0,0.0,0.0,0.0,0.0,0.0,0.0,0.0,0.0,0.0,0.0,0.0,0.0
75.5937133235605,36.94298424715953,188.9734974433392,813.0,555.0,5.738121726830164,87.19772912896053,0.8840164140100887,1.3898173067570303,0.7372477857728253,8.71924152295846,3.0,5.0,8.0,3.678582896934127,1.015798863477724,0.26514412203819004,0.7688942401940817,0.0,0.0,0.0,0.0,0.0,0.0,0.0,0.0,0.0,0.0,0.0,0.0,0.0,0.0,0.0,0.0,0.0,0.0,0.0,0.0,1.0,0.0,0.0,0.0,0.0,0.0,0.0,0.0,0.0,0.0,0.0,0.0,0.0,0.0,0.0,0.0,0.0,0.0,0.0,0.0,0.0,0.0,0.0,0.0,0.0,0.0,0.0,0.0,0.0,0.0,0.0
74.96201859980442,32.66381440875799,51.60394921543493,910.0,515.0,5.273823595032972,71.30563114824311,0.7387728787275035,1.077153305444052,0.5219829130942797,2.7651055667373283,4.0,1.0,17.0,3.98659972599409,1.4115729791780203,0.36643443103264484,0.38636103735214844,0.0,0.0,0.0,0.0,0.0,1.0,0.0,0.0,0.0,0.0,0.0,0.0,0.0,0.0,0.0,0.0,0.0,0.0,0.0,0.0,0.0,0.0,0.0,0.0,0.0,0.0,0.0,0.0,0.0,0.0,0.0,0.0,0.0,0.0,0.0,0.0,0.0,0.0,0.0,0.0,0.0,0.0,0.0,0.0,0.0,0.0,0.0,0.0,0.0,0.0,0.0
70.32668302122836,23.932194762182228,122.80495261621792,1095.0,214.0,5.04134092831457,85.72910853052554,0.9165216068932984,1.1951540130323712,0.5365046738944631,1.3423225811439954,7.0,1.0,13.0,4.639561985868628,1.4606265664950875,0.3810898462758011,0.3693885359919782,0.0,0.0,0.0,0.0,0.0,0.0,0.0,0.0,0.0,0.0,0.0,0.0,0.0,0.0,0.0,0.0,0.0,0.0,0.0,0.0,0.0,0.0,0.0,0.0,0.0,0.0,0.0,0.0,0.0,0.0,0.0,0.0,0.0,0.0,0.0,0.0,0.0,0.0,0.0,0.0,0.0,1.0,0.0,0.0,0.0,0.0,0.0,0.0,0.0,0.0,0.0
65.13102265729367,36.32656569563086,56.10528462753624,576.0,322.0,4.624400338913475,82.77393713153612,0.902970553258762,1.4976450336072875,0.7465781351792082,8.364739785731096,6.0,3.0,22.0,4.319098701611303,1.407457985225361,0.3555036090964301,0.8020109656016648,0.0,0.0,0.0,0.0,0.0,0.0,0.0,0.0,0.0,0.0,0.0,0.0,0.0,0.0,0.0,0.0,0.0,0.0,0.0,0.0,0.0,0.0,0.0,0.0,0.0,0.0,0.0,0.0,0.0,0.0,0.0,0.0,0.0,0.0,0.0,0.0,0.0,0.0,0.0,0.0,0.0,0.0,0.0,0.0,1.0,0.0,0.0,0.0,0.0,0.0,0.0
64.35732723829467,59.94804375426034,107.90447686140962,990.0,467.0,6.422810220600652,87.94103453010176,0.9331296347829776,1.46678982451143,0.9770917463935695,9.387541774368946,5.0,2.0,23.0,4.191051345574483,1.3143164344604903,0.3221624327635904,0.7608013316255937,0.0,0.0,0.0,0.0,0.0,1.0,0.0,0.0,0.0,0.0,0.0,0.0,0.0,0.0,0.0,0.0,0.0,0.0,0.0,0.0,0.0,0.0,0.0,0.0,0.0,0.0,0.0,0.0,0.0,0.0,0.0,0.0,0.0,0.0,0.0,0.0,0.0,0.0,0.0,0.0,0.0,0.0,0.0,0.0,0.0,0.0,0.0,0.0,0.0,0.0,0.0
56.90038421958548,32.21470028668024,80.2677649534148,748.0,489.0,3.8319388500581537,71.95106193951268,0.7255706186485331,1.307961245368302,0.7306976277868005,1.178476835895006,5.0,4.0,10.0,4.286302968578178,1.543863207680366,0.4050704923346819,0.35283410100680784,0.0,0.0,0.0,0.0,0.0,0.0,0.0,0.0,0.0,0.0,0.0,0.0,0.0,0.0,0.0,0.0,0.0,1.0,0.0,0.0,0.0,0.0,0.0,0.0,0.0,0.0,0.0,0.0,0.0,0.0,0.0,0.0,0.0,0.0,0.0,0.0,0.0,0.0,0.0,0.0,0.0,0.0,0.0,0.0,0.0,0.0,0.0,0.0,0.0,0.0,0.0
74.7774986050058,39.97265873691809,88.17629401812005,912.0,408.0,3.068232940951786,85.18904706026355,0.852238855578551,1.4585170859647785,0.5961686778660475,1.9386995311571809,4.0,4.0,17.0,4.46021772964221,1.1807083228546709,0.3463281920321253,0.511124116554754,0.0,0.0,0.0,0.0,0.0,0.0,0.0,0.0,0.0,0.0,0.0,0.0,0.0,0.0,0.0,0.0,0.0,0.0,0.0,0.0,0.0,0.0,0.0,0.0,0.0,0.0,0.0,0.0,0.0,0.0,0.0,0.0,0.0,0.0,0.0,0.0,0.0,0.0,0.0,0.0,0.0,0.0,0.0,1.0,0.0,0.0,0.0,0.0,0.0,0.0,0.0
66.48671271309108,37.20736203856232,170.86187564002097,445.0,430.0,3.4430580118883887,81.30407465569363,0.8540334465100372,1.170022999632079,0.6558063266605321,3.0076844694148863,6.0,3.0,0.0,4.207467245405323,1.4466446561094999,0.3574031339121833,0.4003118505298306,0.0,0.0,0.0,0.0,0.0,0.0,0.0,0.0,0.0,0.0,0.0,0.0,0.0,0.0,0.0,0.0,0.0,0.0,0.0,0.0,0.0,0.0,0.0,0.0,0.0,0.0,0.0,0.0,0.0,0.0,0.0,0.0,0.0,0.0,0.0,0.0,0.0,0.0,1.0,0.0,0.0,0.0,0.0,0.0,0.0,0.0,0.0,0.0,0.0,0.0,0.0
61.07303207264512,55.60587494611651,116.8077365265044,520.0,114.0,4.583383624417895,90.11121509571818,0.9849428826852364,1.250909585612811,0.7360973069080694,2.0362010040540754,4.0,1.0,20.0,3.935956541152008,0.9591835124026638,0.26514412203819004,0.36539118811501725,0.0,0.0,0.0,0.0,0.0,0.0,0.0,0.0,0.0,0.0,0.0,0.0,0.0,0.0,0.0,0.0,0.0,0.0,0.0,0.0,0.0,0.0,0.0,0.0,0.0,0.0,0.0,0.0,0.0,0.0,0.0,0.0,0.0,0.0,0.0,0.0,0.0,0.0,0.0,0.0,0.0,0.0,0.0,0.0,0.0,0.0,0.0,0.0,0.0,0.0,1.0
69.41673305678101,26.38500906879203,103.82489058592628,1445.0,312.0,6.053621795036054,84.43230754729653,0.951367000940934,1.4741193701620858,0.9779005029016424,7.092102542948757,6.0,2.0,23.0,4.355996549006512,1.270868548855458,0.3375040354637889,0.6493549049042814,0.0,0.0,0.0,0.0,0.0,0.0,0.0,0.0,0.0,0.0,0.0,0.0,0.0,0.0,0.0,0.0,0.0,0.0,0.0,1.0,0.0,0.0,0.0,0.0,0.0,0.0,0.0,0.0,0.0,0.0,0.0,0.0,0.0,0.0,0.0,0.0,0.0,0.0,0.0,0.0,0.0,0.0,0.0,0.0,0.0,0.0,0.0,0.0,0.0,0.0,0.0
72.27375238680285,23.13599573614984,132.49610290829452,1184.0,295.0,6.379537547678803,87.12493103347916,0.7810119470286714,1.3420588273635663,0.7602598643472716,4.9406344621482665,4.0,6.0,20.0,3.8807938514019567,1.289788396850029,0.30977380796125376,0.5482601077062405,0.0,0.0,0.0,0.0,0.0,0.0,0.0,0.0,1.0,0.0,0.0,0.0,0.0,0.0,0.0,0.0,0.0,0.0,0.0,0.0,0.0,0.0,0.0,0.0,0.0,0.0,0.0,0.0,0.0,0.0,0.0,0.0,0.0,0.0,0.0,0.0,0.0,0.0,0.0,0.0,0.0,0.0,0.0,0.0,0.0,0.0,0.0,0.0,0.0,0.0,0.0
70.33140145003496,24.88136825114706,158.99726649783082,1361.0,461.0,6.078868268174205,84.93689995952809,0.7061581947076973,1.4082859748866867,0.7807762100594159,1.509741400339493,4.0,3.0,13.0,4.230205506427577,1.463463668460197,0.3685016216982607,0.40290503209300527,0.0,0.0,0.0,0.0,0.0,0.0,0.0,0.0,0.0,0.0,0.0,0.0,0.0,0.0,0.0,0.0,0.0,0.0,0.0,0.0,0.0,0.0,0.0,0.0,0.0,0.0,1.0,0.0,0.0,0.0,0.0,0.0,0.0,0.0,0.0,0.0,0.0,0.0,0.0,0.0,0.0,0.0,0.0,0.0,0.0,0.0,0.0,0.0,0.0,0.0,0.0
73.62162752526227,39.542987578240506,166.56162632532886,315.0,368.0,5.5353724520385335,80.70723642035823,0.8619677280681484,1.1194607095211104,0.7068057931591785,4.09562241515866,5.0,3.0,18.0,4.815900448300826,1.3997029319412544,0.4060558038798054,0.4124148409260268,0.0,1.0,0.0,0.0,0.0,0.0,0.0,0.0,0.0,0.0,0.0,0.0,0.0,0.0,0.0,0.0,0.0,0.0,0.0,0.0,0.0,0.0,0.0,0.0,0.0,0.0,0.0,0.0,0.0,0.0,0.0,0.0,0.0,0.0,0.0,0.0,0.0,0.0,0.0,0.0,0.0,0.0,0.0,0.0,0.0,0.0,0.0,0.0,0.0,0.0,0.0
64.82794971255504,22.217750036000886,63.80847395263948,312.0,167.0,6.004532065365502,86.93368685954378,0.7255235142694575,1.410282827721912,0.6202156420059549,1.15989926679402,5.0,6.0,3.0,4.259111679213438,1.4912999114356058,0.36773461307775507,0.43999208859247785,0.0,0.0,0.0,0.0,0.0,0.0,0.0,0.0,0.0,0.0,0.0,0.0,0.0,0.0,0.0,0.0,0.0,0.0,0.0,0.0,0.0,0.0,0.0,0.0,1.0,0.0,0.0,0.0,0.0,0.0,0.0,0.0,0.0,0.0,0.0,0.0,0.0,0.0,0.0,0.0,0.0,0.0,0.0,0.0,0.0,0.0,0.0,0.0,0.0,0.0,0.0
76.42591238905288,38.921474143215136,80.19320144552881,939.0,444.0,4.762368640375778,93.18884625520228,0.8333595954402109,1.3766859371479778,0.426020164526904,5.658886765178738,6.0,2.0,3.0,4.568676680060178,1.556849424624095,0.37752989197092596,0.7130866102867797,0.0,0.0,0.0,0.0,0.0,0.0,0.0,0.0,0.0,0.0,1.0,0.0,0.0,0.0,0.0,0.0,0.0,0.0,0.0,0.0,0.0,0.0,0.0,0.0,0.0,0.0,0.0,0.0,0.0,0.0,0.0,0.0,0.0,0.0,0.0,0.0,0.0,0.0,0.0,0.0,0.0,0.0,0.0,0.0,0.0,0.0,0.0,0.0,0.0,0.0,0.0
73.39162735384417,22.293618626010225,175.43644424204405,1448.0,490.0,2.8682009569670184,70.91571902889251,0.7283016324029246,1.313499941306978,0.9199039964857084,7.892058906848868,5.0,6.0,1.0,4.274716567684852,1.3951086550755005,0.3916611540014665,0.6283465243247097,0.0,0.0,0.0,0.0,0.0,0.0,0.0,0.0,0.0,0.0,0.0,0.0,0.0,0.0,0.0,0.0,0.0,0.0,0.0,0.0,0.0,0.0,0.0,0.0,0.0,0.0,0.0,0.0,0.0,0.0,1.0,0.0,0.0,0.0,0.0,0.0,0.0,0.0,0.0,0.0,0.0,0.0,0.0,0.0,0.0,0.0,0.0,0.0,0.0,0.0,0.0
80.47191504005096,48.26048844249229,138.48941302467517,1261.0,396.0,5.87631442225103,78.14509192903233,0.7418683364279345,1.0180327023346287,0.4561164739499277,1.5671550881428251,6.0,1.0,18.0,4.496483545124619,1.5040201845966024,0.40546538217808537,0.3188203254592361,0.0,0.0,0.0,0.0,0.0,0.0,0.0,0.0,0.0,0.0,0.0,0.0,0.0,0.0,0.0,0.0,1.0,0.0,0.0,0.0,0.0,0.0,0.0,0.0,0.0,0.0,0.0,0.0,0.0,0.0,0.0,0.0,0.0,0.0,0.0,0.0,0.0,0.0,0.0,0.0,0.0,0.0,0.0,0.0,0.0,0.0,0.0,0.0,0.0,0.0,0.0
71.34088877058993,23.59579803363195,179.84500962178055,1172.0,294.0,4.170130255023338,92.17337742170102,0.741591918410682,1.0591374227609642,0.921945537289402,1.253193089473491,4.0,4.0,14.0,4.612817296845227,1.837523457825369,0.41936140190231197,0.16820358576177505,0.0,0.0,0.0,0.0,0.0,0.0,0.0,0.0,0.0,0.0,0.0,0.0,0.0,0.0,0.0,0.0,0.0,0.0,0.0,0.0,0.0,0.0,0.0,0.0,0.0,0.0,0.0,0.0,0.0,0.0,0.0,0.0,0.0,0.0,0.0,0.0,0.0,0.0,0.0,0.0,0.0,0.0,1.0,0.0,0.0,0.0,0.0,0.0,0.0,0.0,0.0
72.07277958394103,57.58358961673231,115.42991229562864,794.0,293.0,3.748430297801584,94.63610537555512,0.7703218657636278,1.358382579489018,0.7906415264264335,2.449821915834244,4.0,2.0,20.0,4.56945003451602,1.3597427942712128,0.3621869398855943,0.42166971634121453,0.0,0.0,0.0,0.0,0.0,0.0,0.0,0.0,0.0,0.0,0.0,0.0,0.0,0.0,0.0,0.0,0.0,0.0,0.0,0.0,0.0,0.0,0.0,0.0,0.0,0.0,0.0,0.0,0.0,0.0,0.0,0.0,0.0,0.0,0.0,0.0,0.0,0.0,0.0,0.0,0.0,0.0,0.0,0.0,0.0,0.0,0.0,1.0,0.0,0.0,0.0
72.29450002244648,43.82876743139954,169.5495911993114,827.0,448.0,4.094565241177369,84.80576215676885,0.8238935406226529,0.9124156059213788,0.6806833629677571,5.607071262504101,6.0,6.0,12.0,4.544656327616016,1.5350849160623938,0.39108274735462917,0.39312912352065255,0.0,0.0,0.0,0.0,0.0,0.0,0.0,0.0,0.0,0.0,0.0,0.0,0.0,0.0,0.0,0.0,0.0,1.0,0.0,0.0,0.0,0.0,0.0,0.0,0.0,0.0,0.0,0.0,0.0,0.0,0.0,0.0,0.0,0.0,0.0,0.0,0.0,0.0,0.0,0.0,0.0,0.0,0.0,0.0,0.0,0.0,0.0,0.0,0.0,0.0,0.0
75.49859804123768,58.10732577591744,187.2038544064115,1030.0,563.0,4.026916905875574,91.29544381561962,0.8887642564500504,1.2560327738466774,0.680829334513509,1.8763106009733188,4.0,3.0,0.0,4.333601059483008,1.546789799740592,0.3544412219971416,0.37840270537493587,0.0,0.0,0.0,0.0,0.0,0.0,0.0,0.0,0.0,0.0,0.0,0.0,0.0,0.0,0.0,0.0,0.0,0.0,0.0,0.0,0.0,0.0,0.0,0.0,0.0,0.0,0.0,0.0,0.0,0.0,0.0,0.0,0.0,0.0,0.0,0.0,0.0,0.0,1.0,0.0,0.0,0.0,0.0,0.0,0.0,0.0,0.0,0.0,0.0,0.0,0.0
70.22923609253378,29.09283475264594,193.3411282781818,436.0,349.0,4.308567515075133,75.12891629157335,0.7472491386469444,1.4975246569446532,0.9031995361897522,4.305272537037115,3.0,5.0,18.0,4.60507297121501,0.9591835124026638,0.3251468595960441,0.5465723087574205,0.0,0.0,0.0,0.0,0.0,0.0,0.0,0.0,0.0,0.0,0.0,0.0,0.0,0.0,0.0,0.0,0.0,0.0,0.0,0.0,0.0,0.0,0.0,0.0,0.0,0.0,0.0,0.0,0.0,0.0,0.0,0.0,0.0,0.0,0.0,0.0,0.0,0.0,0.0,0.0,0.0,0.0,0.0,0.0,0.0,1.0,0.0,0.0,0.0,0.0,0.0
66.57211292500682,54.8611491499461,98.8756242446332,607.0,331.0,6.627453939995114,93.7502987281134,0.749625382520747,1.2880600288938429,0.8857577028148039,5.579861220291868,5.0,3.0,16.0,4.353403826654192,1.2313770710118601,0.3350469528155626,0.51132774344058,0.0,0.0,0.0,0.0,0.0,0.0,0.0,0.0,0.0,0.0,0.0,0.0,0.0,0.0,0.0,0.0,0.0,0.0,0.0,0.0,0.0,0.0,0.0,0.0,0.0,0.0,0.0,0.0,0.0,0.0,0.0,0.0,0.0,0.0,0.0,0.0,0.0,0.0,0.0,0.0,0.0,0.0,0.0,0.0,1.0,0.0,0.0,0.0,0.0,0.0,0.0
76.10172756513103,50.45242305018056,55.409551267929686,944.0,245.0,3.267551211300935,72.56327891130834,0.7888449601781482,1.292006422675595,0.5362133457723456,1.300233118508063,6.0,2.0,10.0,4.404543768665677,1.3614881590209924,0.39035412316563406,0.41585416423522503,1.0,0.0,0.0,0.0,0.0,0.0,0.0,0.0,0.0,0.0,0.0,0.0,0.0,0.0,0.0,0.0,0.0,0.0,0.0,0.0,0.0,0.0,0.0,0.0,0.0,0.0,0.0,0.0,0.0,0.0,0.0,0.0,0.0,0.0,0.0,0.0,0.0,0.0,0.0,0.0,0.0,0.0,0.0,0.0,0.0,0.0,0.0,0.0,0.0,0.0,0.0
69.32198671022867,31.83851147593653,178.0945587940421,781.0,396.0,5.196090190141946,82.39316224861679,0.9323966540020286,1.106519727036298,0.7575788310019063,5.763479750890693,5.0,0.0,16.0,4.897320386190824,1.5064655204862827,0.41289132978923565,0.4724370988324358,0.0,0.0,0.0,0.0,0.0,0.0,0.0,0.0,0.0,0.0,0.0,0.0,0.0,0.0,0.0,0.0,0.0,0.0,0.0,0.0,0.0,0.0,1.0,0.0,0.0,0.0,0.0,0.0,0.0,0.0,0.0,0.0,0.0,0.0,0.0,0.0,0.0,0.0,0.0,0.0,0.0,0.0,0.0,0.0,0.0,0.0,0.0,0.0,0.0,0.0,0.0
68.96963671824636,58.2252457126638,164.81317963561213,886.0,477.0,2.7113739945491537,93.57485467822308,0.9312240455831996,1.4588297851977776,0.5716695172885929,9.161120917682364,6.0,2.0,13.0,4.540940565156984,1.484355201282644,0.35764591521209993,0.8808083254796129,0.0,0.0,0.0,0.0,0.0,0.0,0.0,0.0,0.0,0.0,0.0,0.0,0.0,0.0,0.0,0.0,0.0,0.0,0.0,0.0,0.0,0.0,0.0,0.0,0.0,0.0,0.0,0.0,0.0,0.0,0.0,0.0,0.0,0.0,0.0,0.0,0.0,0.0,0.0,0.0,0.0,0.0,0.0,0.0,0.0,0.0,0.0,1.0,0.0,0.0,0.0
69.887197939604,45.27582327951546,74.39304674856612,355.0,277.0,2.2999928975032984,71.50901231488888,0.7485333752267618,1.1789575083299733,0.4896015744690551,3.3713759764834528,5.0,4.0,1.0,4.410364319852827,1.8111315746497625,0.4399290946937663,0.47845440386267757,0.0,0.0,0.0,0.0,0.0,0.0,0.0,0.0,0.0,0.0,0.0,0.0,0.0,0.0,0.0,0.0,0.0,0.0,0.0,0.0,0.0,0.0,0.0,0.0,0.0,0.0,0.0,0.0,0.0,0.0,0.0,0.0,0.0,0.0,1.0,0.0,0.0,0.0,0.0,0.0,0.0,0.0,0.0,0.0,0.0,0.0,0.0,0.0,0.0,0.0,0.0
76.69852206286372,49.00602217644124,182.68186993381,1181.0,206.0,4.868586720419356,82.29242349482708,0.7575503056050313,1.1547512029212663,0.8208784270499258,3.483270113116088,4.0,0.0,1.0,4.374868313837086,1.5803388925295656,0.39234856630338755,0.36136608416494,0.0,0.0,0.0,0.0,0.0,0.0,0.0,0.0,0.0,0.0,0.0,0.0,0.0,0.0,0.0,0.0,0.0,0.0,0.0,0.0,0.0,0.0,0.0,0.0,0.0,0.0,0.0,0.0,0.0,0.0,0.0,0.0,0.0,0.0,0.0,0.0,0.0,0.0,0.0,0.0,0.0,0.0,0.0,0.0,0.0,0.0,1.0,0.0,0.0,0.0,0.0
56.6379018176842,33.53393428181748,64.14492058077795,1190.0,439.0,2.781151622383062,85.92721638809728,0.7920691426234069,1.1808223150873765,0.5488057939342739,0.317083785872998,5.0,3.0,3.0,4.157662933993422,1.318248265531769,0.33777766942225174,0.3068152841985259,0.0,0.0,0.0,1.0,0.0,0.0,0.0,0.0,0.0,0.0,0.0,0.0,0.0,0.0,0.0,0.0,0.0,0.0,0.0,0.0,0.0,0.0,0.0,0.0,0.0,0.0,0.0,0.0,0.0,0.0,0.0,0.0,0.0,0.0,0.0,0.0,0.0,0.0,0.0,0.0,0.0,0.0,0.0,0.0,0.0,0.0,0.0,0.0,0.0,0.0,0.0
73.69690294047464,37.91744869681135,146.5655849653387,1260.0,329.0,4.06211720708355,83.5246360637844,0.7167740390052433,1.0962006679978935,0.5524807767356885,8.294190711895997,5.0,6.0,2.0,4.589204965580899,1.5427065276425473,0.4089457739381177,0.6623447017674656,0.0,0.0,0.0,0.0,0.0,0.0,0.0,0.0,0.0,0.0,0.0,0.0,0.0,0.0,0.0,0.0,0.0,0.0,0.0,0.0,0.0,0.0,1.0,0.0,0.0,0.0,0.0,0.0,0.0,0.0,0.0,0.0,0.0,0.0,0.0,0.0,0.0,0.0,0.0,0.0,0.0,0.0,0.0,0.0,0.0,0.0,0.0,0.0,0.0,0.0,0.0
73.91705067275741,21.058657021219844,114.39514410689618,726.0,241.0,3.3073252498394163,94.82197312527856,0.9412532089732994,1.2677729391701924,0.8484027519851104,1.422486873874268,6.0,6.0,23.0,4.559047763248867,1.3252113136774828,0.34052350428202394,0.3056414357938957,0.0,0.0,0.0,0.0,0.0,0.0,0.0,0.0,0.0,0.0,0.0,0.0,0.0,0.0,0.0,0.0,0.0,0.0,0.0,0.0,0.0,1.0,0.0,0.0,0.0,0.0,0.0,0.0,0.0,0.0,0.0,0.0,0.0,0.0,0.0,0.0,0.0,0.0,0.0,0.0,0.0,0.0,0.0,0.0,0.0,0.0,0.0,0.0,0.0,0.0,0.0
74.49411457812216,48.317353887675225,119.3215266559963,949.0,280.0,5.187092696359229,84.22851571413412,0.8597448381873809,1.3413876901856383,0.9841860372522796,9.95203726640964,6.0,0.0,19.0,4.16826248946965,1.2893313738257628,0.3325652783172663,0.7239129431906464,0.0,0.0,0.0,0.0,0.0,0.0,0.0,0.0,0.0,0.0,0.0,0.0,0.0,0.0,0.0,0.0,0.0,0.0,0.0,0.0,0.0,0.0,0.0,0.0,0.0,0.0,0.0,0.0,0.0,0.0,0.0,0.0,0.0,0.0,0.0,0.0,0.0,0.0,0.0,0.0,1.0,0.0,0.0,0.0,0.0,0.0,0.0,0.0,0.0,0.0,0.0
64.72870138359951,39.125179905267856,183.85899257776688,1067.0,241.0,3.2474389622148108,81.13207059922551,0.9537344988405534,1.2339111431555927,0.7388652890061094,6.863468401971754,4.0,0.0,18.0,3.8343153108442483,1.544610732988929,0.3247886549337116,0.5974764017554548,0.0,0.0,0.0,0.0,0.0,0.0,0.0,0.0,0.0,0.0,0.0,0.0,0.0,0.0,0.0,0.0,0.0,0.0,0.0,0.0,0.0,0.0,0.0,0.0,0.0,1.0,0.0,0.0,0.0,0.0,0.0,0.0,0.0,0.0,0.0,0.0,0.0,0.0,0.0,0.0,0.0,0.0,0.0,0.0,0.0,0.0,0.0,0.0,0.0,0.0,0.0
71.79177232903021,49.04138067140423,94.71953697783204,1036.0,289.0,6.495792109496554,79.7106326724222,0.8991470245538827,0.963652278071024,0.7067651735606744,9.700723388320434,5.0,3.0,20.0,4.481716463684386,1.5179077884293304,0.386652487935044,0.6148800996222179,0.0,0.0,0.0,0.0,0.0,0.0,0.0,0.0,0.0,0.0,0.0,0.0,0.0,0.0,0.0,0.0,0.0,1.0,0.0,0.0,0.0,0.0,0.0,0.0,0.0,0.0,0.0,0.0,0.0,0.0,0.0,0.0,0.0,0.0,0.0,0.0,0.0,0.0,0.0,0.0,0.0,0.0,0.0,0.0,0.0,0.0,0.0,0.0,0.0,0.0,0.0
79.60604215179504,58.83063338171206,129.04596691408307,872.0,599.0,5.064592779324119,80.80865122264281,0.7446991280109693,1.3516954575159943,0.8167089293298453,9.217254671142912,5.0,6.0,14.0,5.092894991663214,1.631084033499028,0.46367925852028735,0.7482088801021044,0.0,0.0,0.0,0.0,0.0,0.0,0.0,0.0,0.0,0.0,0.0,0.0,0.0,0.0,0.0,0.0,0.0,0.0,0.0,0.0,0.0,0.0,0.0,0.0,0.0,0.0,0.0,0.0,0.0,0.0,0.0,0.0,0.0,0.0,0.0,1.0,0.0,0.0,0.0,0.0,0.0,0.0,0.0,0.0,0.0,0.0,0.0,0.0,0.0,0.0,0.0
72.98739107183815,33.18490748706964,85.68912871476192,724.0,572.0,3.8241116473275216,89.3259979776519,0.9176362928068076,1.112585025285755,0.4272179684235797,4.72844347175363,5.0,0.0,6.0,4.175218264870575,1.3519672752025398,0.3231643564027303,0.5339537554059662,0.0,0.0,0.0,1.0,0.0,0.0,0.0,0.0,0.0,0.0,0.0,0.0,0.0,0.0,0.0,0.0,0.0,0.0,0.0,0.0,0.0,0.0,0.0,0.0,0.0,0.0,0.0,0.0,0.0,0.0,0.0,0.0,0.0,0.0,0.0,0.0,0.0,0.0,0.0,0.0,0.0,0.0,0.0,0.0,0.0,0.0,0.0,0.0,0.0,0.0,0.0
75.13243107621403,48.414056192013845,107.24470966778358,1235.0,120.0,6.481321407397054,93.19648373010976,0.9766983536766468,1.322884710833041,0.9446112631622184,7.100854699238325,6.0,3.0,19.0,4.403843020262156,1.3199353132689515,0.3262742796405064,0.5852115811952717,0.0,0.0,0.0,0.0,0.0,0.0,0.0,0.0,0.0,0.0,0.0,0.0,0.0,0.0,0.0,0.0,0.0,0.0,0.0,0.0,0.0,0.0,0.0,0.0,0.0,0.0,0.0,0.0,0.0,0.0,0.0,0.0,0.0,0.0,0.0,0.0,0.0,0.0,0.0,0.0,0.0,0.0,0.0,0.0,0.0,0.0,0.0,0.0,0.0,0.0,1.0
76.43257498820658,20.620311885160305,56.57990923613075,1469.0,267.0,3.86831576254161,72.6957704738013,0.8410378326562321,1.2397140408261962,0.6188716811624722,8.290723731345333,5.0,0.0,2.0,4.206385462611105,1.199437025050573,0.3522227928932941,0.7118395242300963,0.0,0.0,0.0,0.0,0.0,0.0,0.0,0.0,0.0,0.0,0.0,0.0,1.0,0.0,0.0,0.0,0.0,0.0,0.0,0.0,0.0,0.0,0.0,0.0,0.0,0.0,0.0,0.0,0.0,0.0,0.0,0.0,0.0,0.0,0.0,0.0,0.0,0.0,0.0,0.0,0.0,0.0,0.0,0.0,0.0,0.0,0.0,0.0,0.0,0.0,0.0
79.5181693216573,22.73333541123167,66.30153869970366,534.0,428.0,2.2981164080084184,92.96108171502944,0.7579432901956313,0.9744245114656104,0.493831027509568,0.3170065812182088,5.0,0.0,3.0,4.304581667088227,1.4744564120513237,0.354770659505901,0.2218593571799159,0.0,0.0,0.0,0.0,0.0,0.0,0.0,0.0,0.0,0.0,0.0,1.0,0.0,0.0,0.0,0.0,0.0,0.0,0.0,0.0,0.0,0.0,0.0,0.0,0.0,0.0,0.0,0.0,0.0,0.0,0.0,0.0,0.0,0.0,0.0,0.0,0.0,0.0,0.0,0.0,0.0,0.0,0.0,0.0,0.0,0.0,0.0,0.0,0.0,0.0,0.0
66.25392443167365,28.312910017109623,197.403488870641,960.0,148.0,5.191160775621631,72.37629846959068,0.8477667179524584,1.394140643552692,0.9828041665295608,7.091929959921609,6.0,4.0,9.0,4.162312319489958,1.4615995820314769,0.37339953640154716,0.6076805597580229,0.0,0.0,0.0,0.0,0.0,0.0,0.0,0.0,0.0,0.0,0.0,0.0,0.0,0.0,0.0,0.0,0.0,0.0,0.0,0.0,0.0,0.0,0.0,0.0,0.0,1.0,0.0,0.0,0.0,0.0,0.0,0.0,0.0,0.0,0.0,0.0,0.0,0.0,0.0,0.0,0.0,0.0,0.0,0.0,0.0,0.0,0.0,0.0,0.0,0.0,0.0
64.7571365078199,38.24995055940295,118.74749562137691,995.0,207.0,2.033999931503645,86.71858428167552,0.7654787619407755,1.094713618812301,0.5764347744614394,8.441938869616743,4.0,6.0,18.0,4.294069343152492,1.1610673868987416,0.335669400204339,0.6609973327073095,0.0,0.0,0.0,1.0,0.0,0.0,0.0,0.0,0.0,0.0,0.0,0.0,0.0,0.0,0.0,0.0,0.0,0.0,0.0,0.0,0.0,0.0,0.0,0.0,0.0,0.0,0.0,0.0,0.0,0.0,0.0,0.0,0.0,0.0,0.0,0.0,0.0,0.0,0.0,0.0,0.0,0.0,0.0,0.0,0.0,0.0,0.0,0.0,0.0,0.0,0.0
66.17245296325152,22.70140189090849,84.23431446252278,648.0,399.0,4.0343998269332015,85.48763406748455,0.9284930131855732,1.492643910818535,0.4840581491542777,4.182668319480559,4.0,1.0,20.0,4.692998664288503,1.3131582910435826,0.3709272412081191,0.6778936968104663,0.0,0.0,0.0,0.0,0.0,0.0,0.0,0.0,0.0,0.0,0.0,1.0,0.0,0.0,0.0,0.0,0.0,0.0,0.0,0.0,0.0,0.0,0.0,0.0,0.0,0.0,0.0,0.0,0.0,0.0,0.0,0.0,0.0,0.0,0.0,0.0,0.0,0.0,0.0,0.0,0.0,0.0,0.0,0.0,0.0,0.0,0.0,0.0,0.0,0.0,0.0
63.54288991847776,43.270472347159085,179.25327766345623,781.0,271.0,5.632729395385679,74.76727086929161,0.786184703770238,0.9038403900394985,0.6858896425515746,7.077670018936644,6.0,4.0,0.0,4.5709447176814875,1.4946462720524896,0.41334811054743287,0.46067620832796924,0.0,0.0,0.0,0.0,0.0,0.0,0.0,0.0,0.0,0.0,0.0,0.0,0.0,0.0,0.0,0.0,0.0,0.0,0.0,0.0,0.0,0.0,0.0,0.0,0.0,0.0,0.0,0.0,0.0,0.0,0.0,0.0,0.0,0.0,0.0,0.0,0.0,0.0,0.0,0.0,0.0,0.0,0.0,0.0,0.0,0.0,1.0,0.0,0.0,0.0,0.0
71.39167530650334,37.73037800246208,60.03494697765678,350.0,464.0,4.96531520299598,76.80503774000141,0.7618536441266024,1.0280786047870387,0.5518619679941049,0.0832298791703678,6.0,3.0,11.0,4.309849599116443,1.36364093991495,0.37656791889535146,0.21764754033920175,0.0,0.0,0.0,0.0,0.0,0.0,0.0,0.0,0.0,0.0,0.0,0.0,0.0,0.0,0.0,0.0,0.0,0.0,0.0,0.0,0.0,0.0,0.0,0.0,0.0,0.0,0.0,0.0,0.0,0.0,0.0,0.0,0.0,0.0,0.0,0.0,0.0,0.0,0.0,0.0,0.0,0.0,0.0,0.0,1.0,0.0,0.0,0.0,0.0,0.0,0.0
64.29340921642029,41.05474514681394,53.54750816561446,841.0,547.0,4.235503491729229,83.0169562880453,0.8897385342153749,1.2030961850706072,0.4302095129050921,6.736318863870702,5.0,6.0,6.0,4.669163771876644,1.2722761613167684,0.37377489920883095,0.6787132528406821,0.0,0.0,0.0,0.0,0.0,0.0,0.0,0.0,0.0,0.0,0.0,0.0,0.0,0.0,0.0,0.0,0.0,0.0,0.0,0.0,0.0,0.0,0.0,0.0,0.0,0.0,0.0,0.0,0.0,0.0,0.0,0.0,1.0,0.0,0.0,0.0,0.0,0.0,0.0,0.0,0.0,0.0,0.0,0.0,0.0,0.0,0.0,0.0,0.0,0.0,0.0
79.79746526410904,50.17383468560455,190.29388108531097,1497.0,361.0,6.013429819779595,70.26109273760571,0.9568258061149396,1.153050670267913,0.443596627009396,3.5204280473781493,5.0,3.0,9.0,4.629535565466333,1.2870719322022393,0.39055589408422986,0.4883007176745798,0.0,0.0,0.0,0.0,0.0,0.0,0.0,0.0,0.0,0.0,0.0,0.0,0.0,0.0,0.0,0.0,0.0,0.0,0.0,0.0,0.0,0.0,0.0,0.0,0.0,0.0,0.0,0.0,0.0,0.0,0.0,0.0,1.0,0.0,0.0,0.0,0.0,0.0,0.0,0.0,0.0,0.0,0.0,0.0,0.0,0.0,0.0,0.0,0.0,0.0,0.0
66.24300644584171,47.16900540290997,137.32450863338892,376.0,241.0,4.744894257136541,70.81539108927677,0.9648282116834356,1.2317973532376216,0.7543078985014215,4.782068773041905,5.0,2.0,12.0,4.167564743555059,1.783936482587086,0.396046341412824,0.48712801564898,0.0,0.0,0.0,0.0,0.0,0.0,0.0,0.0,0.0,0.0,0.0,0.0,0.0,0.0,0.0,0.0,0.0,0.0,0.0,0.0,0.0,0.0,0.0,0.0,0.0,0.0,0.0,0.0,0.0,0.0,0.0,0.0,0.0,0.0,1.0,0.0,0.0,0.0,0.0,0.0,0.0,0.0,0.0,0.0,0.0,0.0,0.0,0.0,0.0,0.0,0.0
73.80877322155229,41.938716852657286,73.102193174345,819.0,269.0,4.719664825271389,75.24651524005222,0.9847362758117426,1.4766583885834357,0.93833399475296,4.273539797856945,6.0,1.0,20.0,4.01741691946975,1.3762740676292669,0.33325707028560536,0.5228142378885205,0.0,0.0,0.0,0.0,0.0,0.0,0.0,0.0,0.0,0.0,0.0,0.0,0.0,0.0,0.0,0.0,0.0,0.0,0.0,0.0,0.0,0.0,0.0,0.0,0.0,0.0,0.0,0.0,0.0,0.0,0.0,1.0,0.0,0.0,0.0,0.0,0.0,0.0,0.0,0.0,0.0,0.0,0.0,0.0,0.0,0.0,0.0,0.0,0.0,0.0,0.0
69.75817985485416,45.16201304256359,147.80423575891052,449.0,269.0,3.31526283777185,87.21395535629847,0.7521155378656226,1.2641872793020716,0.6026196417987063,7.523565873802944,6.0,1.0,9.0,4.481116572497211,1.6279566299016683,0.39680417824945285,0.6911305050615171,0.0,0.0,0.0,0.0,0.0,0.0,0.0,0.0,0.0,0.0,0.0,0.0,0.0,0.0,0.0,0.0,0.0,0.0,0.0,0.0,0.0,0.0,0.0,0.0,0.0,0.0,0.0,0.0,0.0,0.0,0.0,0.0,0.0,0.0,1.0,0.0,0.0,0.0,0.0,0.0,0.0,0.0,0.0,0.0,0.0,0.0,0.0,0.0,0.0,0.0,0.0
75.00815352096078,24.10379572425085,148.96336674648336,1394.0,540.0,6.356349248860813,76.52988662740549,0.9660353913497288,1.1141390700130485,0.8364620266479075,6.892561101290603,6.0,6.0,8.0,4.183075499680093,1.265265694932766,0.33631962938396465,0.5064113659142758,0.0,0.0,0.0,0.0,0.0,0.0,0.0,0.0,0.0,0.0,0.0,0.0,0.0,0.0,0.0,0.0,0.0,0.0,0.0,0.0,0.0,0.0,0.0,0.0,0.0,0.0,0.0,0.0,0.0,0.0,0.0,0.0,0.0,0.0,0.0,0.0,0.0,0.0,0.0,0.0,1.0,0.0,0.0,0.0,0.0,0.0,0.0,0.0,0.0,0.0,0.0
74.50743502721063,51.66341920553463,163.07919883941878,1259.0,457.0,6.315542457905331,85.52337966066011,0.8585962451392141,1.0126585817349674,0.8507683366417633,2.073969081934065,7.0,3.0,6.0,4.404264610287982,1.3618327536982,0.3574674988912866,0.20976307188548454,0.0,0.0,0.0,0.0,0.0,0.0,0.0,0.0,0.0,0.0,0.0,0.0,0.0,0.0,0.0,0.0,0.0,0.0,0.0,0.0,0.0,0.0,0.0,0.0,0.0,0.0,0.0,0.0,0.0,0.0,0.0,0.0,0.0,0.0,0.0,0.0,0.0,1.0,0.0,0.0,0.0,0.0,0.0,0.0,0.0,0.0,0.0,0.0,0.0,0.0,0.0
66.14812546004072,20.480902585323705,198.832333348304,729.0,515.0,2.939766320113372,84.10817087283161,0.9025185935919074,1.011653783784521,0.7578431319991816,3.1445625900228125,6.0,6.0,5.0,4.538469084001193,1.614069540972941,0.391620411353278,0.2938398347504077,0.0,0.0,0.0,0.0,0.0,0.0,0.0,0.0,0.0,0.0,0.0,0.0,0.0,0.0,0.0,0.0,0.0,0.0,0.0,0.0,0.0,0.0,0.0,0.0,0.0,0.0,0.0,0.0,0.0,0.0,0.0,0.0,0.0,1.0,0.0,0.0,0.0,0.0,0.0,0.0,0.0,0.0,0.0,0.0,0.0,0.0,0.0,0.0,0.0,0.0,0.0
78.54667984659115,38.15328543792928,187.4728396590657,979.0,387.0,5.096498934211972,87.8295828669782,0.7887668583215193,1.3895778110185766,0.7228373579491763,3.8757335281909766,5.0,0.0,19.0,4.533370068068314,1.569819154094908,0.3908859041462814,0.5312549090079434,0.0,0.0,0.0,0.0,0.0,0.0,0.0,0.0,0.0,0.0,0.0,0.0,0.0,0.0,0.0,0.0,0.0,1.0,0.0,0.0,0.0,0.0,0.0,0.0,0.0,0.0,0.0,0.0,0.0,0.0,0.0,0.0,0.0,0.0,0.0,0.0,0.0,0.0,0.0,0.0,0.0,0.0,0.0,0.0,0.0,0.0,0.0,0.0,0.0,0.0,0.0
80.5776529146092,31.922661275515427,163.5905553229662,759.0,403.0,4.623895646331253,92.949199607851,0.8753202707097437,1.342585582679278,0.4772456083437618,1.9678461296638727,6.0,4.0,12.0,4.782835431513153,1.490285581555947,0.38601940153937275,0.494252538486852,0.0,0.0,0.0,0.0,0.0,0.0,0.0,0.0,0.0,0.0,0.0,0.0,0.0,0.0,0.0,0.0,0.0,0.0,0.0,0.0,0.0,0.0,0.0,0.0,0.0,0.0,0.0,0.0,0.0,0.0,0.0,0.0,0.0,0.0,0.0,0.0,0.0,0.0,0.0,0.0,0.0,0.0,0.0,0.0,0.0,0.0,0.0,0.0,0.0,1.0,0.0
70.36963157973541,32.348656978348224,150.29344606226056,888.0,398.0,5.622342902788315,94.5880711139204,0.9648941393541126,1.0605873010562414,0.8386969735238539,8.637664939525898,5.0,4.0,10.0,4.3569139875678555,1.5647762115529973,0.34398086033664643,0.5661736131387014,0.0,0.0,0.0,0.0,0.0,0.0,0.0,0.0,0.0,0.0,1.0,0.0,0.0,0.0,0.0,0.0,0.0,0.0,0.0,0.0,0.0,0.0,0.0,0.0,0.0,0.0,0.0,0.0,0.0,0.0,0.0,0.0,0.0,0.0,0.0,0.0,0.0,0.0,0.0,0.0,0.0,0.0,0.0,0.0,0.0,0.0,0.0,0.0,0.0,0.0,0.0
71.47175705825593,44.5415951491112,103.81313252294962,1045.0,185.0,4.960371582025277,90.54690802346582,0.910407221154223,1.0687991443233955,0.5531574823711061,0.6685118334167517,4.0,0.0,7.0,4.130986850669688,1.2365340088563646,0.3065905336405019,0.2668782740010288,0.0,0.0,0.0,0.0,0.0,0.0,0.0,0.0,0.0,0.0,0.0,0.0,1.0,0.0,0.0,0.0,0.0,0.0,0.0,0.0,0.0,0.0,0.0,0.0,0.0,0.0,0.0,0.0,0.0,0.0,0.0,0.0,0.0,0.0,0.0,0.0,0.0,0.0,0.0,0.0,0.0,0.0,0.0,0.0,0.0,0.0,0.0,0.0,0.0,0.0,0.0
76.60088515229961,56.482912987662246,62.82068782712173,981.0,376.0,5.208382846872627,76.91996765766228,0.8256400923846228,1.0837548352507365,0.4466608726412854,5.597834297052837,5.0,2.0,15.0,4.2377724486679424,1.5704171094667312,0.38345478078354167,0.5565320099929761,0.0,0.0,0.0,0.0,0.0,0.0,0.0,0.0,0.0,0.0,0.0,0.0,0.0,0.0,0.0,0.0,0.0,1.0,0.0,0.0,0.0,0.0,0.0,0.0,0.0,0.0,0.0,0.0,0.0,0.0,0.0,0.0,0.0,0.0,0.0,0.0,0.0,0.0,0.0,0.0,0.0,0.0,0.0,0.0,0.0,0.0,0.0,0.0,0.0,0.0,0.0
78.98125157794482,45.44130946788127,68.15186600595058,994.0,147.0,2.4965164146528647,84.04308971516801,0.8170511437913812,1.2917641799981334,0.8713886787270565,8.716503507570593,6.0,3.0,9.0,4.797048406382029,1.4980076840279464,0.41162769157542156,0.6749094230833722,0.0,0.0,0.0,0.0,0.0,0.0,0.0,0.0,0.0,0.0,0.0,0.0,0.0,0.0,0.0,0.0,0.0,0.0,0.0,0.0,0.0,0.0,0.0,0.0,0.0,0.0,0.0,0.0,0.0,0.0,0.0,0.0,0.0,0.0,0.0,0.0,0.0,0.0,0.0,0.0,0.0,0.0,0.0,1.0,0.0,0.0,0.0,0.0,0.0,0.0,0.0
68.70093714447275,39.573442172709406,129.54483874215518,1004.0,363.0,3.010492018386905,82.68605622742062,0.9758181637519734,0.982227612183762,0.6382939381023794,5.080750749192861,5.0,3.0,8.0,4.189660404577384,1.388617893057203,0.3353770930146213,0.41588544174136566,0.0,0.0,0.0,0.0,0.0,0.0,0.0,0.0,0.0,0.0,0.0,0.0,0.0,0.0,0.0,0.0,0.0,0.0,0.0,0.0,1.0,0.0,0.0,0.0,0.0,0.0,0.0,0.0,0.0,0.0,0.0,0.0,0.0,0.0,0.0,0.0,0.0,0.0,0.0,0.0,0.0,0.0,0.0,0.0,0.0,0.0,0.0,0.0,0.0,0.0,0.0
71.34276951658421,40.85206829265809,199.7384968683172,1022.0,383.0,4.6793452162300895,75.64702683705006,0.9184402785301424,1.050251892717694,0.6431899332149672,1.5863271261072287,6.0,2.0,11.0,4.6256079233153935,1.3608311098594164,0.39032449790429014,0.27346493574335184,0.0,0.0,0.0,0.0,1.0,0.0,0.0,0.0,0.0,0.0,0.0,0.0,0.0,0.0,0.0,0.0,0.0,0.0,0.0,0.0,0.0,0.0,0.0,0.0,0.0,0.0,0.0,0.0,0.0,0.0,0.0,0.0,0.0,0.0,0.0,0.0,0.0,0.0,0.0,0.0,0.0,0.0,0.0,0.0,0.0,0.0,0.0,0.0,0.0,0.0,0.0
75.89359157518267,52.17505252946406,196.8797381196984,1075.0,527.0,4.002914312631249,93.25161796679416,0.7463609578031769,1.2696467585625462,0.5499619531317885,0.3507594026846516,4.0,2.0,5.0,4.28374090487077,1.1290634622201272,0.32056427129044013,0.3525704792314923,0.0,0.0,0.0,0.0,0.0,0.0,0.0,0.0,0.0,0.0,0.0,0.0,0.0,0.0,0.0,0.0,0.0,0.0,0.0,0.0,0.0,0.0,0.0,0.0,0.0,0.0,0.0,1.0,0.0,0.0,0.0,0.0,0.0,0.0,0.0,0.0,0.0,0.0,0.0,0.0,0.0,0.0,0.0,0.0,0.0,0.0,0.0,0.0,0.0,0.0,0.0
71.6521546070506,41.314159782169824,78.4409653187473,1460.0,429.0,4.3072846546983605,79.88658281801318,0.8125956440273209,1.231574244440255,0.5441239964083405,3.0393937342003987,4.0,6.0,0.0,4.331633220633727,0.9591835124026638,0.31623948256794127,0.4699810477298916,0.0,0.0,0.0,0.0,0.0,0.0,0.0,0.0,0.0,0.0,0.0,0.0,0.0,0.0,0.0,0.0,0.0,0.0,0.0,0.0,0.0,0.0,0.0,0.0,0.0,0.0,0.0,0.0,0.0,0.0,0.0,0.0,0.0,0.0,0.0,0.0,0.0,0.0,0.0,0.0,0.0,0.0,0.0,0.0,0.0,0.0,0.0,0.0,0.0,0.0,1.0
67.74013084653637,54.44109164646449,81.10212351703053,776.0,471.0,4.86581913765654,91.32922866962303,0.9699918707128952,0.901740506469364,0.4853743432528768,9.80333238832092,4.0,1.0,15.0,4.614455214145576,1.2606634627253968,0.3432745543361219,0.6629216341929601,0.0,1.0,0.0,0.0,0.0,0.0,0.0,0.0,0.0,0.0,0.0,0.0,0.0,0.0,0.0,0.0,0.0,0.0,0.0,0.0,0.0,0.0,0.0,0.0,0.0,0.0,0.0,0.0,0.0,0.0,0.0,0.0,0.0,0.0,0.0,0.0,0.0,0.0,0.0,0.0,0.0,0.0,0.0,0.0,0.0,0.0,0.0,0.0,0.0,0.0,0.0
65.60298252783679,31.694976715312315,159.9863685874032,391.0,509.0,5.505027439839482,76.354122869369,0.9418181668209684,0.932529205516666,0.8633212487337585,4.680729880155198,4.0,4.0,23.0,5.114418336392902,1.707380274319239,0.4620264581179511,0.29588970518342733,0.0,0.0,0.0,0.0,0.0,0.0,0.0,0.0,0.0,0.0,0.0,0.0,0.0,0.0,0.0,0.0,0.0,0.0,0.0,0.0,0.0,0.0,0.0,0.0,0.0,0.0,0.0,0.0,0.0,0.0,0.0,0.0,0.0,1.0,0.0,0.0,0.0,0.0,0.0,0.0,0.0,0.0,0.0,0.0,0.0,0.0,0.0,0.0,0.0,0.0,0.0
58.92811390095209,54.66427480984219,136.40495819599823,362.0,132.0,3.220263950462397,92.42088865137484,0.9616796997216605,1.0856407563695074,0.8453051942062287,4.381977572641425,4.0,5.0,4.0,4.060613435973332,1.585906968282441,0.324973133287473,0.36358753098931795,0.0,0.0,0.0,0.0,0.0,0.0,0.0,0.0,0.0,0.0,0.0,0.0,0.0,0.0,0.0,0.0,0.0,0.0,0.0,0.0,0.0,0.0,0.0,0.0,0.0,1.0,0.0,0.0,0.0,0.0,0.0,0.0,0.0,0.0,0.0,0.0,0.0,0.0,0.0,0.0,0.0,0.0,0.0,0.0,0.0,0.0,0.0,0.0,0.0,0.0,0.0
69.56624386466129,32.81002292495019,117.7312549203508,703.0,411.0,4.312747024046052,76.99610250744428,0.7271179433097804,1.055285665703673,0.9985067511200744,0.1876065493333067,4.0,0.0,12.0,4.496222065780667,1.6128337333024427,0.4196049756916257,0.08740851257120852,0.0,0.0,0.0,0.0,0.0,0.0,0.0,0.0,0.0,0.0,0.0,0.0,0.0,0.0,0.0,0.0,0.0,0.0,0.0,0.0,0.0,0.0,0.0,0.0,0.0,0.0,0.0,0.0,0.0,0.0,0.0,0.0,0.0,0.0,0.0,0.0,0.0,1.0,0.0,0.0,0.0,0.0,0.0,0.0,0.0,0.0,0.0,0.0,0.0,0.0,0.0
57.36884015641695,30.773768686527504,97.0329748028976,1424.0,343.0,5.685946405708393,81.25610776101841,0.7015512125703193,1.2119300522661127,0.5263065704386828,3.059187561365518,6.0,4.0,18.0,4.331952534269379,1.3480630428714357,0.37412439631106487,0.4670865215495753,1.0,0.0,0.0,0.0,0.0,0.0,0.0,0.0,0.0,0.0,0.0,0.0,0.0,0.0,0.0,0.0,0.0,0.0,0.0,0.0,0.0,0.0,0.0,0.0,0.0,0.0,0.0,0.0,0.0,0.0,0.0,0.0,0.0,0.0,0.0,0.0,0.0,0.0,0.0,0.0,0.0,0.0,0.0,0.0,0.0,0.0,0.0,0.0,0.0,0.0,0.0
75.48930356118274,51.643791520466245,167.7608158261274,918.0,165.0,4.26236702149828,88.33282345021742,0.7937162296632417,1.2341878010407543,0.5616390942175694,3.5166695656020384,5.0,4.0,21.0,4.6758236836258344,1.2526856969140423,0.3714521778561053,0.48932200094639533,0.0,0.0,0.0,0.0,0.0,0.0,0.0,0.0,0.0,0.0,0.0,0.0,0.0,0.0,0.0,0.0,0.0,0.0,0.0,0.0,0.0,0.0,0.0,0.0,0.0,0.0,0.0,0.0,0.0,0.0,0.0,0.0,1.0,0.0,0.0,0.0,0.0,0.0,0.0,0.0,0.0,0.0,0.0,0.0,0.0,0.0,0.0,0.0,0.0,0.0,0.0
66.89906143158375,50.941481093113445,105.70454859945264,1198.0,117.0,5.195579462454349,90.1838381330063,0.9559386597546162,0.9133262209527102,0.420852276209935,0.0022153672390434,6.0,5.0,10.0,4.369615229977846,1.5300573091698926,0.35147084828524455,0.1998887450198535,0.0,0.0,0.0,0.0,0.0,0.0,0.0,1.0,0.0,0.0,0.0,0.0,0.0,0.0,0.0,0.0,0.0,0.0,0.0,0.0,0.0,0.0,0.0,0.0,0.0,0.0,0.0,0.0,0.0,0.0,0.0,0.0,0.0,0.0,0.0,0.0,0.0,0.0,0.0,0.0,0.0,0.0,0.0,0.0,0.0,0.0,0.0,0.0,0.0,0.0,0.0
74.60677938134799,29.351795399529745,90.3278015462221,623.0,209.0,3.9851158731355407,94.8833629445418,0.7685362021532572,1.2256275187431285,0.8719477494164758,0.4877406042543519,5.0,5.0,10.0,4.383568890509176,1.4745193277645279,0.35671881615668594,0.22992213246191648,0.0,0.0,0.0,0.0,0.0,0.0,0.0,0.0,0.0,0.0,0.0,1.0,0.0,0.0,0.0,0.0,0.0,0.0,0.0,0.0,0.0,0.0,0.0,0.0,0.0,0.0,0.0,0.0,0.0,0.0,0.0,0.0,0.0,0.0,0.0,0.0,0.0,0.0,0.0,0.0,0.0,0.0,0.0,0.0,0.0,0.0,0.0,0.0,0.0,0.0,0.0
68.7455846448784,37.60395536837495,87.66787776738346,1361.0,405.0,5.912331861686145,87.32312594581958,0.8638204462434143,1.3773721452708394,0.4389900771412313,2.762048943726529,6.0,2.0,6.0,4.1082192050229684,1.35003793373324,0.3265605148263185,0.5641671144236001,0.0,0.0,0.0,1.0,0.0,0.0,0.0,0.0,0.0,0.0,0.0,0.0,0.0,0.0,0.0,0.0,0.0,0.0,0.0,0.0,0.0,0.0,0.0,0.0,0.0,0.0,0.0,0.0,0.0,0.0,0.0,0.0,0.0,0.0,0.0,0.0,0.0,0.0,0.0,0.0,0.0,0.0,0.0,0.0,0.0,0.0,0.0,0.0,0.0,0.0,0.0
76.76023842464767,30.30437259380578,112.75961290593432,553.0,551.0,4.159752069107013,73.46651162966177,0.7981606038989644,1.166462859116515,0.7877838856631494,8.368348670972384,6.0,2.0,16.0,4.7077558589459985,1.4601271399642366,0.4233139753327309,0.622682929261334,0.0,0.0,0.0,0.0,0.0,0.0,0.0,0.0,0.0,0.0,0.0,0.0,0.0,0.0,0.0,0.0,0.0,0.0,0.0,0.0,0.0,0.0,0.0,0.0,0.0,0.0,0.0,0.0,0.0,0.0,0.0,0.0,0.0,0.0,0.0,0.0,0.0,0.0,0.0,0.0,0.0,0.0,0.0,0.0,0.0,0.0,0.0,1.0,0.0,0.0,0.0
68.9249905691704,52.9879351712939,175.91011061843864,494.0,383.0,3.179672714410245,72.63189286100663,0.808744967246964,1.0218607581958692,0.4648296227547627,6.377201417166189,6.0,5.0,13.0,4.5762134276009405,1.6203202764569036,0.42781852276368254,0.5584831693855855,0.0,0.0,0.0,0.0,0.0,0.0,0.0,0.0,0.0,0.0,0.0,0.0,0.0,0.0,0.0,0.0,0.0,0.0,0.0,0.0,0.0,0.0,0.0,0.0,0.0,0.0,0.0,0.0,0.0,0.0,0.0,0.0,0.0,1.0,0.0,0.0,0.0,0.0,0.0,0.0,0.0,0.0,0.0,0.0,0.0,0.0,0.0,0.0,0.0,0.0,0.0
81.69196626410326,45.78810803308322,118.87054137287726,1011.0,526.0,3.754132371582904,91.64233287984024,0.9662269684960187,1.387620953441385,0.4757455666038315,8.584256866483331,6.0,4.0,23.0,4.44829250502825,1.4272448507147828,0.3445278975828601,0.8483239635146441,0.0,0.0,0.0,0.0,0.0,0.0,0.0,0.0,0.0,0.0,0.0,0.0,0.0,0.0,0.0,0.0,0.0,0.0,0.0,0.0,1.0,0.0,0.0,0.0,0.0,0.0,0.0,0.0,0.0,0.0,0.0,0.0,0.0,0.0,0.0,0.0,0.0,0.0,0.0,0.0,0.0,0.0,0.0,0.0,0.0,0.0,0.0,0.0,0.0,0.0,0.0
74.0416806624674,59.79155215947709,139.4507051439367,1428.0,276.0,2.5681102422038986,81.05757335193137,0.8395471711189284,1.4960468905860145,0.9111671205497665,6.188751100034527,6.0,0.0,2.0,4.642151533977962,1.435865691314587,0.39599069745071164,0.6374070931800849,0.0,0.0,0.0,0.0,0.0,0.0,0.0,0.0,0.0,0.0,0.0,0.0,0.0,0.0,0.0,0.0,0.0,0.0,0.0,0.0,0.0,0.0,0.0,0.0,0.0,0.0,0.0,0.0,0.0,0.0,0.0,0.0,0.0,0.0,0.0,0.0,0.0,0.0,0.0,0.0,0.0,0.0,0.0,0.0,0.0,0.0,0.0,1.0,0.0,0.0,0.0
57.051636901671856,42.36170383514198,52.07723245122723,578.0,104.0,6.411881458061056,77.64185768669846,0.8044722927670589,1.133333336455298,0.8344789586122727,1.3849291946853748,4.0,6.0,4.0,3.8223004373275375,1.3415174773369236,0.3262631219730067,0.24112332752880683,1.0,0.0,0.0,0.0,0.0,0.0,0.0,0.0,0.0,0.0,0.0,0.0,0.0,0.0,0.0,0.0,0.0,0.0,0.0,0.0,0.0,0.0,0.0,0.0,0.0,0.0,0.0,0.0,0.0,0.0,0.0,0.0,0.0,0.0,0.0,0.0,0.0,0.0,0.0,0.0,0.0,0.0,0.0,0.0,0.0,0.0,0.0,0.0,0.0,0.0,0.0
67.39948608344037,42.92086144566368,135.9643422857552,1399.0,434.0,3.873204588425736,80.74360238528996,0.7706835842150552,1.0012323160648668,0.4613790855859637,3.878886661904721,5.0,4.0,21.0,4.573282422765282,1.2146353765150841,0.3764134520305941,0.4243153114752388,0.0,0.0,0.0,0.0,0.0,0.0,0.0,0.0,0.0,0.0,0.0,0.0,0.0,0.0,0.0,0.0,0.0,0.0,0.0,0.0,0.0,0.0,0.0,0.0,0.0,0.0,0.0,1.0,0.0,0.0,0.0,0.0,0.0,0.0,0.0,0.0,0.0,0.0,0.0,0.0,0.0,0.0,0.0,0.0,0.0,0.0,0.0,0.0,0.0,0.0,0.0
71.4510955187051,51.9175882068198,68.5621706542369,491.0,185.0,2.642710162088627,76.02397708668238,0.8353528509579601,1.3450162195353772,0.7488147290748894,9.763077051283634,4.0,2.0,3.0,5.236687793744402,1.328015756893633,0.4787144763200408,0.7948356961158386,0.0,0.0,0.0,0.0,0.0,0.0,0.0,0.0,0.0,0.0,0.0,0.0,0.0,0.0,0.0,0.0,0.0,0.0,0.0,0.0,0.0,0.0,1.0,0.0,0.0,0.0,0.0,0.0,0.0,0.0,0.0,0.0,0.0,0.0,0.0,0.0,0.0,0.0,0.0,0.0,0.0,0.0,0.0,0.0,0.0,0.0,0.0,0.0,0.0,0.0,0.0
64.15984134918827,31.474557985523106,110.81614775381604,1297.0,413.0,3.874256158209018,90.49183713820224,0.857007946849572,1.3747848803562015,0.8564226242677171,9.600327063617666,6.0,1.0,15.0,4.715614641279944,1.5580378055726203,0.39340798773046914,0.7656754451966108,0.0,0.0,0.0,0.0,0.0,0.0,0.0,0.0,0.0,0.0,0.0,0.0,0.0,0.0,0.0,0.0,0.0,0.0,0.0,0.0,0.0,0.0,0.0,0.0,0.0,0.0,0.0,0.0,0.0,0.0,0.0,0.0,0.0,0.0,0.0,0.0,0.0,0.0,0.0,0.0,0.0,0.0,1.0,0.0,0.0,0.0,0.0,0.0,0.0,0.0,0.0
73.4778020796586,31.162619676417343,84.81960229303553,1331.0,440.0,5.772171374229817,93.0048723718658,0.9609824791794496,1.3231119966060976,0.4131701247273504,7.474397639981559,4.0,5.0,3.0,5.157819347886966,1.6024065670674863,0.42054757262505954,0.7813953182077169,0.0,0.0,0.0,0.0,0.0,0.0,0.0,0.0,0.0,0.0,0.0,0.0,0.0,0.0,0.0,0.0,0.0,0.0,0.0,0.0,0.0,0.0,0.0,0.0,0.0,0.0,0.0,0.0,0.0,0.0,0.0,0.0,0.0,1.0,0.0,0.0,0.0,0.0,0.0,0.0,0.0,0.0,0.0,0.0,0.0,0.0,0.0,0.0,0.0,0.0,0.0
71.65434215798788,35.972602125160904,120.09215262242762,902.0,471.0,6.192639484995188,83.5932386250264,0.7106028477493903,1.4122979418837622,0.7311612893594439,3.501017835043988,6.0,6.0,22.0,4.5212520362481285,1.3235394345615803,0.3826105405906363,0.5211002361411091,0.0,0.0,0.0,0.0,0.0,0.0,0.0,0.0,0.0,0.0,0.0,0.0,0.0,0.0,0.0,0.0,0.0,0.0,0.0,0.0,0.0,0.0,0.0,0.0,0.0,0.0,0.0,1.0,0.0,0.0,0.0,0.0,0.0,0.0,0.0,0.0,0.0,0.0,0.0,0.0,0.0,0.0,0.0,0.0,0.0,0.0,0.0,0.0,0.0,0.0,0.0
76.5795080733346,57.63028359471642,195.5256986801968,1125.0,550.0,2.411653657109325,91.1639522265974,0.8301278753301603,1.4684357916468955,0.5893698444323784,5.168545780064658,6.0,3.0,3.0,4.567568173043437,1.6235103106882287,0.3881713855239946,0.6799525834501658,0.0,0.0,0.0,0.0,0.0,0.0,0.0,0.0,0.0,0.0,0.0,0.0,0.0,0.0,0.0,0.0,0.0,0.0,0.0,0.0,0.0,0.0,0.0,0.0,0.0,0.0,0.0,0.0,0.0,0.0,0.0,0.0,0.0,0.0,0.0,0.0,0.0,0.0,0.0,1.0,0.0,0.0,0.0,0.0,0.0,0.0,0.0,0.0,0.0,0.0,0.0
65.64181352165522,27.859650654792603,148.21776104991096,983.0,293.0,5.069113899689223,70.83772847776427,0.8703559833810339,0.9865169037857572,0.6769564790353564,3.247444746029805,6.0,0.0,21.0,4.537890776137397,1.4815479361545358,0.4086746111750611,0.3134041353236864,0.0,0.0,0.0,0.0,0.0,0.0,0.0,0.0,0.0,0.0,0.0,0.0,0.0,0.0,0.0,0.0,0.0,0.0,0.0,0.0,0.0,0.0,0.0,0.0,0.0,0.0,0.0,0.0,0.0,0.0,0.0,0.0,0.0,0.0,0.0,0.0,0.0,0.0,0.0,0.0,0.0,1.0,0.0,0.0,0.0,0.0,0.0,0.0,0.0,0.0,0.0
71.97214747463646,49.00989303288412,146.8203132271742,594.0,270.0,4.225800712021008,78.22045496106983,0.8077456192919137,1.150960477625555,0.9694501336606344,2.9303703470848,5.0,2.0,12.0,4.208576177519808,1.5016460795432718,0.37354666445915136,0.2822169905409271,0.0,0.0,0.0,0.0,0.0,0.0,0.0,0.0,0.0,0.0,0.0,0.0,0.0,0.0,0.0,0.0,0.0,0.0,0.0,0.0,0.0,0.0,0.0,0.0,0.0,0.0,1.0,0.0,0.0,0.0,0.0,0.0,0.0,0.0,0.0,0.0,0.0,0.0,0.0,0.0,0.0,0.0,0.0,0.0,0.0,0.0,0.0,0.0,0.0,0.0,0.0
72.72001349130517,57.36168621440223,146.20391894841936,608.0,220.0,3.225032801554031,89.01316192319605,0.979566649784762,1.4504373077635906,0.6964466232537927,7.890560950409666,7.0,1.0,4.0,4.143060920724119,1.2736459650029102,0.3073319245682032,0.7713922714361836,0.0,0.0,0.0,0.0,0.0,0.0,0.0,0.0,0.0,0.0,0.0,0.0,0.0,0.0,0.0,0.0,0.0,0.0,1.0,0.0,0.0,0.0,0.0,0.0,0.0,0.0,0.0,0.0,0.0,0.0,0.0,0.0,0.0,0.0,0.0,0.0,0.0,0.0,0.0,0.0,0.0,0.0,0.0,0.0,0.0,0.0,0.0,0.0,0.0,0.0,0.0
65.05817496554222,35.60585758178205,61.76902717630061,1291.0,590.0,5.594868371782017,78.26451294119099,0.8674210791225309,1.330395341079898,0.5158210125250804,8.650175610774756,4.0,5.0,4.0,4.389852342793123,1.5849583300819257,0.3911570621548231,0.8096047084593138,0.0,0.0,1.0,0.0,0.0,0.0,0.0,0.0,0.0,0.0,0.0,0.0,0.0,0.0,0.0,0.0,0.0,0.0,0.0,0.0,0.0,0.0,0.0,0.0,0.0,0.0,0.0,0.0,0.0,0.0,0.0,0.0,0.0,0.0,0.0,0.0,0.0,0.0,0.0,0.0,0.0,0.0,0.0,0.0,0.0,0.0,0.0,0.0,0.0,0.0,0.0
65.31384451752311,41.600631606013714,164.70787475827962,1075.0,497.0,3.1478001647691727,80.83428123998486,0.9885092833569468,1.4893237183567185,0.4216015659241574,3.469157162858666,5.0,4.0,18.0,4.594135626176781,1.6840762292267923,0.40107792707527906,0.6613800804505066,0.0,0.0,0.0,0.0,0.0,0.0,0.0,0.0,0.0,0.0,0.0,0.0,0.0,0.0,0.0,0.0,0.0,0.0,0.0,0.0,0.0,0.0,0.0,0.0,0.0,0.0,0.0,0.0,0.0,0.0,0.0,0.0,0.0,0.0,0.0,0.0,0.0,0.0,0.0,1.0,0.0,0.0,0.0,0.0,0.0,0.0,0.0,0.0,0.0,0.0,0.0
69.88474626991805,58.93152058075712,198.6204815775059,777.0,245.0,3.7361452359769607,77.29338951163871,0.8724396588861107,1.3945213473528495,0.899368520544694,4.621557550475703,4.0,2.0,14.0,4.699577301410026,1.6104769528613812,0.42187847406391876,0.5121226005349835,0.0,0.0,0.0,0.0,0.0,0.0,0.0,0.0,0.0,1.0,0.0,0.0,0.0,0.0,0.0,0.0,0.0,0.0,0.0,0.0,0.0,0.0,0.0,0.0,0.0,0.0,0.0,0.0,0.0,0.0,0.0,0.0,0.0,0.0,0.0,0.0,0.0,0.0,0.0,0.0,0.0,0.0,0.0,0.0,0.0,0.0,0.0,0.0,0.0,0.0,0.0
74.1346957417434,27.34596493377285,160.01742480576132,1210.0,464.0,2.449884544142173,73.09923969817117,0.8235653297458273,1.2561095094770447,0.5829139075267136,0.9829177659680322,4.0,4.0,12.0,4.633724110744124,1.2013651850476905,0.390385618336802,0.3664246597143165,0.0,0.0,0.0,0.0,1.0,0.0,0.0,0.0,0.0,0.0,0.0,0.0,0.0,0.0,0.0,0.0,0.0,0.0,0.0,0.0,0.0,0.0,0.0,0.0,0.0,0.0,0.0,0.0,0.0,0.0,0.0,0.0,0.0,0.0,0.0,0.0,0.0,0.0,0.0,0.0,0.0,0.0,0.0,0.0,0.0,0.0,0.0,0.0,0.0,0.0,0.0
67.93296773623779,53.58873539537767,106.51078284492556,556.0,256.0,3.314532005956851,78.8148705034769,0.9258988809430378,0.9003866195029006,0.6068865248995511,9.60387795953461,6.0,6.0,14.0,4.327132955224518,1.389191126745418,0.36008118394920563,0.6117074157972675,0.0,0.0,0.0,0.0,0.0,0.0,0.0,0.0,0.0,0.0,0.0,0.0,0.0,0.0,0.0,0.0,0.0,0.0,0.0,0.0,0.0,0.0,0.0,0.0,0.0,0.0,0.0,0.0,0.0,0.0,0.0,0.0,0.0,0.0,0.0,0.0,0.0,0.0,0.0,0.0,0.0,0.0,0.0,0.0,1.0,0.0,0.0,0.0,0.0,0.0,0.0
57.67857696433533,47.15356181605991,130.7228996471413,475.0,269.0,4.6766940684023695,92.94924076375436,0.7227584263129292,1.356032667712154,0.958162302525485,3.4707031203023986,5.0,1.0,15.0,4.224382281931128,1.451075718823585,0.3491294351072984,0.41565609565991396,0.0,0.0,0.0,0.0,0.0,0.0,0.0,0.0,0.0,0.0,0.0,0.0,0.0,0.0,0.0,0.0,0.0,0.0,0.0,0.0,0.0,0.0,0.0,0.0,0.0,0.0,0.0,0.0,0.0,0.0,0.0,0.0,0.0,0.0,0.0,0.0,0.0,0.0,1.0,0.0,0.0,0.0,0.0,0.0,0.0,0.0,0.0,0.0,0.0,0.0,0.0
65.42335499757027,30.807064637802565,161.00317555325483,331.0,323.0,2.6553048760798563,70.94067960172355,0.7554009574568481,1.2103934479747112,0.7334284490917065,9.53889946685728,6.0,1.0,16.0,4.135776841580471,1.3764906768563534,0.37508147979496476,0.7213771275363995,0.0,0.0,0.0,0.0,0.0,0.0,0.0,0.0,0.0,0.0,0.0,0.0,0.0,0.0,0.0,0.0,0.0,0.0,0.0,0.0,0.0,0.0,0.0,0.0,0.0,0.0,0.0,0.0,0.0,0.0,0.0,1.0,0.0,0.0,0.0,0.0,0.0,0.0,0.0,0.0,0.0,0.0,0.0,0.0,0.0,0.0,0.0,0.0,0.0,0.0,0.0
73.0521314178902,22.671502382917083,51.9060576537343,868.0,283.0,3.0964003115716747,90.83316558888924,0.7900804590999322,1.1200059719654267,0.6290244784598488,9.049604744500266,5.0,3.0,19.0,4.502770712987646,1.6516951279859722,0.3899125704084596,0.6865055937978076,0.0,0.0,0.0,0.0,0.0,0.0,0.0,0.0,0.0,0.0,0.0,0.0,0.0,0.0,1.0,0.0,0.0,0.0,0.0,0.0,0.0,0.0,0.0,0.0,0.0,0.0,0.0,0.0,0.0,0.0,0.0,0.0,0.0,0.0,0.0,0.0,0.0,0.0,0.0,0.0,0.0,0.0,0.0,0.0,0.0,0.0,0.0,0.0,0.0,0.0,0.0
68.60935045675846,21.543289686473425,106.29297305867009,524.0,349.0,2.746858050390653,89.41371875665126,0.9464523822971372,1.0187121410363924,0.658828991025652,6.940204569069648,4.0,2.0,21.0,3.9331079291695983,1.1077773470380436,0.27580842181261295,0.5203234979989966,0.0,0.0,0.0,0.0,0.0,0.0,0.0,1.0,0.0,0.0,0.0,0.0,0.0,0.0,0.0,0.0,0.0,0.0,0.0,0.0,0.0,0.0,0.0,0.0,0.0,0.0,0.0,0.0,0.0,0.0,0.0,0.0,0.0,0.0,0.0,0.0,0.0,0.0,0.0,0.0,0.0,0.0,0.0,0.0,0.0,0.0,0.0,0.0,0.0,0.0,0.0
80.94485544939096,57.6207709541743,70.74253882256511,1134.0,276.0,4.734072144555088,84.61772727692512,0.9807013811499898,1.0826585464016498,0.9739528459660391,8.430197518149312,4.0,2.0,14.0,5.113756381103991,1.4650358514721449,0.4184151311509134,0.5216953855239758,0.0,0.0,0.0,0.0,0.0,0.0,0.0,0.0,0.0,0.0,0.0,0.0,0.0,0.0,0.0,0.0,0.0,0.0,0.0,0.0,0.0,0.0,0.0,0.0,0.0,0.0,0.0,0.0,0.0,0.0,0.0,0.0,0.0,0.0,0.0,0.0,0.0,1.0,0.0,0.0,0.0,0.0,0.0,0.0,0.0,0.0,0.0,0.0,0.0,0.0,0.0
78.87334186383404,50.890279999927245,158.53385410422536,822.0,422.0,3.218016192737179,81.74939683888543,0.7738541808567945,1.0250944033417833,0.4773717571670505,9.477342041278291,7.0,5.0,7.0,4.692904481632474,1.5189250756291972,0.4135055203841495,0.7110208885798046,0.0,0.0,0.0,0.0,0.0,0.0,0.0,0.0,0.0,0.0,0.0,0.0,0.0,1.0,0.0,0.0,0.0,0.0,0.0,0.0,0.0,0.0,0.0,0.0,0.0,0.0,0.0,0.0,0.0,0.0,0.0,0.0,0.0,0.0,0.0,0.0,0.0,0.0,0.0,0.0,0.0,0.0,0.0,0.0,0.0,0.0,0.0,0.0,0.0,0.0,0.0
63.72058856351187,23.528753738972267,137.85740530117346,331.0,172.0,6.825238114982362,82.12132229842688,0.9349246396261726,1.145267291929524,0.9303881388529188,2.973809646774649,6.0,3.0,15.0,4.265265419001458,1.4939424967338635,0.3572048956259051,0.29457878003710003,0.0,0.0,0.0,0.0,0.0,0.0,0.0,1.0,0.0,0.0,0.0,0.0,0.0,0.0,0.0,0.0,0.0,0.0,0.0,0.0,0.0,0.0,0.0,0.0,0.0,0.0,0.0,0.0,0.0,0.0,0.0,0.0,0.0,0.0,0.0,0.0,0.0,0.0,0.0,0.0,0.0,0.0,0.0,0.0,0.0,0.0,0.0,0.0,0.0,0.0,0.0
63.60971781515587,54.75204353396276,55.96008460364151,434.0,496.0,2.766572690847755,70.22329434415809,0.7009278584057743,1.3007338618691715,0.5394643163114334,9.31521187996875,4.0,0.0,10.0,4.551336154668205,1.8473826609583988,0.46803514933374935,0.8201407040749699,0.0,0.0,0.0,0.0,0.0,0.0,0.0,0.0,0.0,0.0,0.0,0.0,0.0,0.0,0.0,0.0,0.0,0.0,0.0,0.0,0.0,0.0,0.0,0.0,0.0,0.0,0.0,0.0,0.0,0.0,0.0,0.0,0.0,0.0,0.0,0.0,0.0,0.0,0.0,0.0,0.0,0.0,1.0,0.0,0.0,0.0,0.0,0.0,0.0,0.0,0.0
74.22923102728684,56.295662003375135,56.87189488083717,1234.0,534.0,3.629817149094209,73.94332415725474,0.867804714915186,1.1118535106061866,0.7945088002629317,2.456630848715673,5.0,5.0,21.0,4.2313088808192125,1.3259023822213298,0.3612857546910354,0.29733288142432557,0.0,0.0,0.0,0.0,0.0,0.0,0.0,0.0,0.0,0.0,0.0,0.0,0.0,0.0,0.0,0.0,0.0,0.0,0.0,0.0,0.0,0.0,0.0,0.0,0.0,0.0,0.0,0.0,0.0,0.0,1.0,0.0,0.0,0.0,0.0,0.0,0.0,0.0,0.0,0.0,0.0,0.0,0.0,0.0,0.0,0.0,0.0,0.0,0.0,0.0,0.0
72.2558585283798,41.007129392386965,103.70927330678111,1065.0,559.0,5.720798578700531,80.47354865143534,0.9305478501258696,1.2465540111049926,0.4146081637005576,9.215199757515238,6.0,4.0,19.0,4.289424675444711,1.4139705591048428,0.35539654450631514,0.8296938202307191,0.0,0.0,0.0,0.0,0.0,0.0,0.0,0.0,0.0,0.0,0.0,0.0,0.0,0.0,0.0,0.0,0.0,0.0,0.0,0.0,0.0,0.0,0.0,0.0,0.0,0.0,0.0,0.0,0.0,0.0,1.0,0.0,0.0,0.0,0.0,0.0,0.0,0.0,0.0,0.0,0.0,0.0,0.0,0.0,0.0,0.0,0.0,0.0,0.0,0.0,0.0
73.485320288229,51.86415934509903,55.14392165920991,394.0,173.0,5.54240381800897,70.65979820455713,0.9098402086298392,1.0025794122706198,0.6588917196811287,4.230623514067905,3.0,3.0,13.0,4.269186463934009,0.9591835124026638,0.26514412203819004,0.3766630624932197,0.0,0.0,0.0,0.0,0.0,0.0,0.0,0.0,0.0,0.0,0.0,0.0,0.0,0.0,0.0,0.0,0.0,0.0,0.0,0.0,0.0,0.0,0.0,0.0,0.0,0.0,0.0,0.0,0.0,0.0,0.0,0.0,0.0,0.0,0.0,0.0,0.0,0.0,0.0,0.0,1.0,0.0,0.0,0.0,0.0,0.0,0.0,0.0,0.0,0.0,0.0
66.33786302651191,52.49643250512592,86.17590784604508,941.0,448.0,2.4877885844605894,76.339573265172,0.9860660926542276,0.9665693349069804,0.609343562965094,7.687277861877158,7.0,5.0,6.0,4.518431105632279,1.5392059508855291,0.38991833580455015,0.54812057936944,0.0,0.0,0.0,0.0,0.0,0.0,0.0,0.0,0.0,0.0,0.0,0.0,0.0,0.0,0.0,0.0,0.0,1.0,0.0,0.0,0.0,0.0,0.0,0.0,0.0,0.0,0.0,0.0,0.0,0.0,0.0,0.0,0.0,0.0,0.0,0.0,0.0,0.0,0.0,0.0,0.0,0.0,0.0,0.0,0.0,0.0,0.0,0.0,0.0,0.0,0.0
65.6996279103086,59.21229012181772,140.3773004128975,880.0,546.0,3.5934961021892047,74.38634787383417,0.7173408464098421,0.9554158143431368,0.4240906013004227,1.4884506010098677,5.0,5.0,4.0,4.534748910245249,1.7253699844215042,0.43988607680197667,0.29423251362137426,0.0,0.0,0.0,0.0,0.0,0.0,0.0,0.0,0.0,0.0,0.0,0.0,0.0,0.0,0.0,0.0,0.0,0.0,0.0,0.0,0.0,0.0,0.0,0.0,0.0,0.0,0.0,0.0,0.0,0.0,0.0,0.0,0.0,1.0,0.0,0.0,0.0,0.0,0.0,0.0,0.0,0.0,0.0,0.0,0.0,0.0,0.0,0.0,0.0,0.0,0.0
68.74197996458241,59.02854026858354,183.2907777182596,1303.0,349.0,2.622540725511968,87.80453517651546,0.8773043509382501,1.4136074446188711,0.9368756880585596,2.4649551427816085,6.0,3.0,8.0,4.3508478972736855,1.300404271248775,0.3405395947600654,0.40125757095754133,0.0,0.0,0.0,0.0,0.0,0.0,0.0,0.0,0.0,0.0,0.0,0.0,0.0,0.0,0.0,0.0,0.0,0.0,0.0,0.0,0.0,0.0,0.0,0.0,0.0,0.0,0.0,0.0,0.0,0.0,0.0,0.0,0.0,0.0,0.0,0.0,0.0,0.0,0.0,0.0,0.0,0.0,0.0,0.0,0.0,0.0,0.0,0.0,0.0,0.0,1.0
71.18346423199517,42.45110933746714,76.50168360723953,1152.0,345.0,2.190062034355325,80.0249093999846,0.7304897247223882,0.916475231036292,0.7664612475226888,9.486079091640772,4.0,0.0,7.0,4.430781771115517,1.8473826609583988,0.4787144763200408,0.5606041954308881,0.0,0.0,0.0,0.0,0.0,0.0,0.0,0.0,0.0,0.0,0.0,0.0,0.0,0.0,0.0,0.0,0.0,0.0,0.0,0.0,0.0,0.0,0.0,0.0,0.0,0.0,0.0,0.0,0.0,0.0,0.0,0.0,0.0,0.0,0.0,0.0,0.0,0.0,0.0,1.0,0.0,0.0,0.0,0.0,0.0,0.0,0.0,0.0,0.0,0.0,0.0
69.6113890281798,21.50067453976304,177.6064880620263,614.0,190.0,3.132130381977277,90.62062381356408,0.924208265338066,1.171233758946378,0.9224579728339884,7.900295331192954,6.0,0.0,6.0,4.32085975917898,1.415506948183673,0.3386075937372536,0.5567025650023248,0.0,0.0,0.0,0.0,0.0,0.0,0.0,0.0,0.0,0.0,0.0,0.0,1.0,0.0,0.0,0.0,0.0,0.0,0.0,0.0,0.0,0.0,0.0,0.0,0.0,0.0,0.0,0.0,0.0,0.0,0.0,0.0,0.0,0.0,0.0,0.0,0.0,0.0,0.0,0.0,0.0,0.0,0.0,0.0,0.0,0.0,0.0,0.0,0.0,0.0,0.0
73.04847320918844,20.751775123288976,105.41734845660368,1026.0,483.0,4.014627408178294,94.95084345475118,0.876680394678322,1.0870738491691072,0.4715612450635884,4.392051260837091,6.0,5.0,21.0,4.2701080493258985,1.4020376333933684,0.32901515916494745,0.48955461646243714,0.0,0.0,0.0,1.0,0.0,0.0,0.0,0.0,0.0,0.0,0.0,0.0,0.0,0.0,0.0,0.0,0.0,0.0,0.0,0.0,0.0,0.0,0.0,0.0,0.0,0.0,0.0,0.0,0.0,0.0,0.0,0.0,0.0,0.0,0.0,0.0,0.0,0.0,0.0,0.0,0.0,0.0,0.0,0.0,0.0,0.0,0.0,0.0,0.0,0.0,0.0
72.17370277216736,41.87965179033647,108.58743541802733,1158.0,204.0,6.387942704175674,81.97365462013369,0.970202478972876,1.186794494770271,0.4275209419414484,6.8632981588101805,3.0,4.0,5.0,5.236687793744402,1.5421630649847469,0.46707158943216365,0.6778047019781714,0.0,0.0,0.0,0.0,0.0,0.0,0.0,0.0,0.0,0.0,0.0,0.0,0.0,0.0,0.0,0.0,0.0,0.0,0.0,0.0,0.0,0.0,0.0,0.0,0.0,0.0,0.0,0.0,0.0,0.0,0.0,0.0,0.0,0.0,0.0,0.0,0.0,0.0,0.0,0.0,0.0,0.0,0.0,0.0,0.0,0.0,0.0,1.0,0.0,0.0,0.0
70.48111127884461,55.46587183688235,115.79113247477834,1003.0,339.0,6.844768292617806,79.12231195542977,0.8624054048444261,0.9491419005528282,0.9700975134373724,4.41405128966163,5.0,4.0,2.0,4.667698706590802,1.4164823194266876,0.3979389541381384,0.2552227959459108,0.0,0.0,0.0,0.0,0.0,0.0,0.0,0.0,0.0,0.0,0.0,0.0,0.0,0.0,0.0,0.0,0.0,0.0,0.0,0.0,0.0,0.0,0.0,0.0,0.0,0.0,0.0,0.0,0.0,0.0,0.0,0.0,0.0,0.0,0.0,0.0,0.0,0.0,0.0,0.0,0.0,0.0,0.0,0.0,0.0,0.0,0.0,1.0,0.0,0.0,0.0
62.82807356921096,32.5354599964806,116.22912701491728,614.0,559.0,6.993046641455636,94.72124893734303,0.7738328061257503,0.9444111482450726,0.5177241917110615,0.7804373955587118,5.0,2.0,11.0,4.4208596692457816,1.2844643219499288,0.3415994966423293,0.22204916164927765,0.0,0.0,0.0,0.0,0.0,0.0,0.0,0.0,0.0,0.0,0.0,0.0,0.0,0.0,0.0,0.0,0.0,0.0,0.0,0.0,0.0,0.0,0.0,0.0,0.0,0.0,0.0,0.0,0.0,0.0,0.0,0.0,0.0,0.0,0.0,0.0,0.0,1.0,0.0,0.0,0.0,0.0,0.0,0.0,0.0,0.0,0.0,0.0,0.0,0.0,0.0
68.933570697768,57.97480199760332,77.11134725709445,1086.0,357.0,6.138238918025624,73.25447056559986,0.9714769195526106,1.4003032992715814,0.970826009513984,4.569153860438169,5.0,2.0,15.0,4.0838397348546005,1.3621237343834056,0.3429730750566403,0.48854397647942727,1.0,0.0,0.0,0.0,0.0,0.0,0.0,0.0,0.0,0.0,0.0,0.0,0.0,0.0,0.0,0.0,0.0,0.0,0.0,0.0,0.0,0.0,0.0,0.0,0.0,0.0,0.0,0.0,0.0,0.0,0.0,0.0,0.0,0.0,0.0,0.0,0.0,0.0,0.0,0.0,0.0,0.0,0.0,0.0,0.0,0.0,0.0,0.0,0.0,0.0,0.0
68.68473068566941,43.25553020054073,112.35102324948252,964.0,199.0,3.201272701989033,85.16223568459442,0.8684090079457523,1.0657336283607526,0.9747040299570404,5.644525247774062,6.0,0.0,2.0,4.907738426764136,1.4332940538241952,0.40766867907287174,0.3736016963860876,0.0,0.0,0.0,0.0,0.0,0.0,0.0,0.0,0.0,0.0,0.0,0.0,0.0,0.0,0.0,0.0,0.0,0.0,0.0,0.0,0.0,0.0,0.0,0.0,0.0,0.0,0.0,0.0,0.0,0.0,0.0,0.0,0.0,0.0,0.0,0.0,0.0,0.0,0.0,0.0,0.0,0.0,0.0,1.0,0.0,0.0,0.0,0.0,0.0,0.0,0.0
70.82408528137529,31.75974570206989,181.4294356513756,1078.0,400.0,5.616021286542783,73.13924422566821,0.8477790265929445,1.018859145832717,0.8547268014629766,1.993159367090649,5.0,0.0,13.0,4.869678043869595,1.5293004925688523,0.43964532808779333,0.2075021428856777,0.0,0.0,0.0,0.0,0.0,0.0,0.0,0.0,0.0,0.0,0.0,0.0,0.0,0.0,0.0,0.0,0.0,0.0,0.0,0.0,0.0,0.0,1.0,0.0,0.0,0.0,0.0,0.0,0.0,0.0,0.0,0.0,0.0,0.0,0.0,0.0,0.0,0.0,0.0,0.0,0.0,0.0,0.0,0.0,0.0,0.0,0.0,0.0,0.0,0.0,0.0
70.15264354807918,42.39160715720094,117.85783683857164,609.0,105.0,4.687862809780823,82.26641676040735,0.9369500932842167,1.4680451812071802,0.5007542999011888,6.038849182658213,3.0,2.0,11.0,3.678582896934127,0.9591835124026638,0.26514412203819004,0.752877425396771,0.0,0.0,0.0,0.0,0.0,0.0,0.0,0.0,0.0,0.0,0.0,0.0,0.0,0.0,0.0,0.0,0.0,0.0,0.0,0.0,0.0,0.0,0.0,0.0,1.0,0.0,0.0,0.0,0.0,0.0,0.0,0.0,0.0,0.0,0.0,0.0,0.0,0.0,0.0,0.0,0.0,0.0,0.0,0.0,0.0,0.0,0.0,0.0,0.0,0.0,0.0
66.26653218940591,27.71476692303625,83.60032753455118,1447.0,460.0,4.273038898081289,83.21566663950644,0.8331578755818796,1.1679735697780256,0.8645824317772388,1.1544477878338533,6.0,0.0,4.0,4.293521819727654,1.4691583309464993,0.36527560167003414,0.2368814760310297,0.0,0.0,1.0,0.0,0.0,0.0,0.0,0.0,0.0,0.0,0.0,0.0,0.0,0.0,0.0,0.0,0.0,0.0,0.0,0.0,0.0,0.0,0.0,0.0,0.0,0.0,0.0,0.0,0.0,0.0,0.0,0.0,0.0,0.0,0.0,0.0,0.0,0.0,0.0,0.0,0.0,0.0,0.0,0.0,0.0,0.0,0.0,0.0,0.0,0.0,0.0
70.43002810112898,21.244737173658045,186.6843959099033,1417.0,290.0,5.0031316691923164,70.42626270649767,0.9913371246914312,1.2462633906920997,0.7487225220063571,0.4538603856384304,7.0,0.0,0.0,4.449274021542561,1.37550845939376,0.3795944347237458,0.27968452232420915,0.0,0.0,0.0,0.0,1.0,0.0,0.0,0.0,0.0,0.0,0.0,0.0,0.0,0.0,0.0,0.0,0.0,0.0,0.0,0.0,0.0,0.0,0.0,0.0,0.0,0.0,0.0,0.0,0.0,0.0,0.0,0.0,0.0,0.0,0.0,0.0,0.0,0.0,0.0,0.0,0.0,0.0,0.0,0.0,0.0,0.0,0.0,0.0,0.0,0.0,0.0
83.66175144889601,23.531678944724185,176.77621129392054,430.0,431.0,3.897082036814701,84.33970484622985,0.9362392434795448,1.2360842478365657,0.7038050535028008,7.988590984849512,5.0,0.0,14.0,4.520333028049182,1.4892926190757876,0.37430000470135855,0.6665580839355543,0.0,0.0,0.0,0.0,0.0,0.0,0.0,0.0,0.0,0.0,0.0,0.0,0.0,0.0,0.0,0.0,0.0,0.0,0.0,0.0,1.0,0.0,0.0,0.0,0.0,0.0,0.0,0.0,0.0,0.0,0.0,0.0,0.0,0.0,0.0,0.0,0.0,0.0,0.0,0.0,0.0,0.0,0.0,0.0,0.0,0.0,0.0,0.0,0.0,0.0,0.0
73.2397108555583,53.19403762572991,179.8023787347655,1002.0,249.0,2.7968741574666813,80.2874807665755,0.7046491972242235,1.2854313957767838,0.7806783271203559,9.400813813235846,6.0,3.0,16.0,4.276896220436899,1.3940555715730285,0.3753712438220424,0.7362538604573208,0.0,0.0,0.0,0.0,0.0,0.0,0.0,0.0,0.0,0.0,0.0,0.0,0.0,0.0,0.0,0.0,0.0,0.0,0.0,0.0,0.0,0.0,0.0,0.0,0.0,0.0,0.0,0.0,0.0,0.0,1.0,0.0,0.0,0.0,0.0,0.0,0.0,0.0,0.0,0.0,0.0,0.0,0.0,0.0,0.0,0.0,0.0,0.0,0.0,0.0,0.0
72.06559564648894,21.9600183451062,171.40751150819946,336.0,203.0,3.4460843790574502,89.9572104638623,0.9155632373947802,1.3496234991395868,0.8905940042020959,6.408083915948563,7.0,6.0,10.0,4.802941370795853,1.4473849280270075,0.38562566659426795,0.5819632060956631,0.0,0.0,0.0,0.0,0.0,0.0,0.0,0.0,0.0,0.0,0.0,0.0,0.0,0.0,0.0,0.0,0.0,0.0,0.0,0.0,0.0,0.0,0.0,0.0,0.0,0.0,0.0,0.0,0.0,0.0,0.0,0.0,0.0,0.0,0.0,0.0,0.0,0.0,0.0,0.0,0.0,0.0,0.0,0.0,0.0,0.0,0.0,0.0,0.0,1.0,0.0
72.00990936247447,40.874705524813656,146.25020133884232,1196.0,359.0,2.4936765450273124,79.41565363788581,0.9417374484101037,1.3801937312302917,0.4151301355271162,6.639779396122748,4.0,1.0,12.0,5.026224316081255,0.9591835124026638,0.28525120423818107,0.7675528443215849,0.0,0.0,0.0,0.0,0.0,0.0,0.0,0.0,0.0,0.0,0.0,0.0,0.0,0.0,0.0,0.0,0.0,0.0,0.0,0.0,0.0,0.0,0.0,0.0,0.0,0.0,0.0,0.0,0.0,0.0,0.0,0.0,0.0,0.0,0.0,0.0,0.0,0.0,0.0,0.0,0.0,1.0,0.0,0.0,0.0,0.0,0.0,0.0,0.0,0.0,0.0
63.55200740263054,51.73224938253336,192.3859504006508,707.0,132.0,3.5633232423295365,75.5520997408353,0.7647414827780505,1.3894845503802575,0.6236868774092432,2.581506455018723,7.0,3.0,13.0,4.344436866886842,1.4534733572538108,0.39035973727873424,0.4995495622430045,0.0,0.0,1.0,0.0,0.0,0.0,0.0,0.0,0.0,0.0,0.0,0.0,0.0,0.0,0.0,0.0,0.0,0.0,0.0,0.0,0.0,0.0,0.0,0.0,0.0,0.0,0.0,0.0,0.0,0.0,0.0,0.0,0.0,0.0,0.0,0.0,0.0,0.0,0.0,0.0,0.0,0.0,0.0,0.0,0.0,0.0,0.0,0.0,0.0,0.0,0.0
83.66175144889601,30.164502867942275,164.55173539766938,823.0,280.0,5.887036518308236,74.21154152986696,0.9761212306031368,1.3808279157596886,0.5909125685688017,5.5471738568466735,5.0,3.0,8.0,4.169010918251521,1.5861410627509882,0.36936508284404107,0.6545337434058623,0.0,0.0,0.0,0.0,0.0,0.0,0.0,0.0,0.0,0.0,0.0,0.0,0.0,0.0,0.0,0.0,0.0,0.0,0.0,0.0,0.0,0.0,0.0,0.0,0.0,1.0,0.0,0.0,0.0,0.0,0.0,0.0,0.0,0.0,0.0,0.0,0.0,0.0,0.0,0.0,0.0,0.0,0.0,0.0,0.0,0.0,0.0,0.0,0.0,0.0,0.0
70.9356685539049,21.09604453735001,138.80503279487752,1068.0,247.0,6.136285655636358,76.6880360082533,0.8880926323313384,0.9436587468133476,0.7783973901359269,0.6363867992117278,4.0,4.0,18.0,4.757501703592566,0.9591835124026638,0.3362878334012534,0.1274596769132063,0.0,0.0,0.0,0.0,0.0,0.0,0.0,0.0,0.0,0.0,0.0,0.0,0.0,0.0,0.0,0.0,0.0,0.0,0.0,0.0,0.0,0.0,0.0,0.0,0.0,0.0,0.0,0.0,0.0,0.0,0.0,0.0,0.0,0.0,0.0,0.0,0.0,0.0,0.0,0.0,0.0,0.0,0.0,0.0,0.0,1.0,0.0,0.0,0.0,0.0,0.0
64.95306101944766,43.84674995735688,119.61494748662412,905.0,559.0,6.098004330752129,82.14946381274974,0.9093885287885556,1.2842539528523886,0.4256202737291221,8.346451821729627,5.0,2.0,12.0,4.45142697602216,1.3462059970749671,0.36173176968913273,0.8014219253262118,0.0,0.0,0.0,0.0,1.0,0.0,0.0,0.0,0.0,0.0,0.0,0.0,0.0,0.0,0.0,0.0,0.0,0.0,0.0,0.0,0.0,0.0,0.0,0.0,0.0,0.0,0.0,0.0,0.0,0.0,0.0,0.0,0.0,0.0,0.0,0.0,0.0,0.0,0.0,0.0,0.0,0.0,0.0,0.0,0.0,0.0,0.0,0.0,0.0,0.0,0.0
69.2481029890674,24.951000749100807,115.7897353781352,1235.0,121.0,2.38483617240048,87.40840919476256,0.7535080182763605,0.963404335780225,0.8698573687323834,5.297601981003076,6.0,1.0,12.0,4.394939752028614,1.328147835677714,0.3601819061972005,0.34002419094479885,0.0,0.0,0.0,0.0,0.0,1.0,0.0,0.0,0.0,0.0,0.0,0.0,0.0,0.0,0.0,0.0,0.0,0.0,0.0,0.0,0.0,0.0,0.0,0.0,0.0,0.0,0.0,0.0,0.0,0.0,0.0,0.0,0.0,0.0,0.0,0.0,0.0,0.0,0.0,0.0,0.0,0.0,0.0,0.0,0.0,0.0,0.0,0.0,0.0,0.0,0.0
69.8287243113643,22.28203129997182,110.31636192894574,1125.0,277.0,6.758346838466228,74.72682952646805,0.7533471519992831,0.9314999888758544,0.475255395028438,0.2215448884005555,6.0,4.0,2.0,4.575638032757554,1.4432679620142927,0.41221405957497437,0.20179976043139738,0.0,0.0,0.0,0.0,0.0,0.0,0.0,0.0,0.0,0.0,0.0,1.0,0.0,0.0,0.0,0.0,0.0,0.0,0.0,0.0,0.0,0.0,0.0,0.0,0.0,0.0,0.0,0.0,0.0,0.0,0.0,0.0,0.0,0.0,0.0,0.0,0.0,0.0,0.0,0.0,0.0,0.0,0.0,0.0,0.0,0.0,0.0,0.0,0.0,0.0,0.0
75.66451899388011,53.9698953374824,187.92362112738675,1083.0,189.0,2.4343869684884494,89.56105855463035,0.7530848927354701,1.3558408213012374,0.6009502400199818,7.466420371090234,6.0,4.0,21.0,4.779139157439155,1.4726366867486826,0.4030137857348887,0.7347008072424228,0.0,0.0,0.0,0.0,0.0,0.0,0.0,0.0,0.0,0.0,0.0,0.0,0.0,0.0,0.0,0.0,0.0,0.0,0.0,0.0,0.0,0.0,0.0,0.0,0.0,0.0,0.0,0.0,0.0,0.0,0.0,0.0,0.0,0.0,0.0,0.0,0.0,0.0,0.0,0.0,0.0,0.0,0.0,0.0,0.0,0.0,0.0,0.0,0.0,1.0,0.0
66.20598542312807,58.67372420989298,118.07725373027988,504.0,316.0,5.845306807705473,83.712163907163,0.9984002468458988,1.3389134124750066,0.8264686177899812,9.926973303569415,4.0,2.0,16.0,4.385845764215211,1.6310747310519578,0.37121965973474647,0.7740624781671486,0.0,0.0,0.0,0.0,0.0,0.0,0.0,0.0,0.0,0.0,0.0,0.0,0.0,0.0,0.0,0.0,0.0,0.0,0.0,0.0,0.0,0.0,0.0,1.0,0.0,0.0,0.0,0.0,0.0,0.0,0.0,0.0,0.0,0.0,0.0,0.0,0.0,0.0,0.0,0.0,0.0,0.0,0.0,0.0,0.0,0.0,0.0,0.0,0.0,0.0,0.0
76.97412351357838,44.1493694100203,50.12161983037161,1352.0,495.0,6.832843636271816,90.50842946431376,0.8969604795264714,1.0876674988273962,0.856863600832142,6.806396291257802,3.0,0.0,17.0,3.678582896934127,0.9687538175002383,0.26514412203819004,0.4820419792798373,0.0,0.0,0.0,0.0,0.0,0.0,0.0,0.0,0.0,0.0,0.0,0.0,0.0,0.0,0.0,0.0,0.0,0.0,0.0,0.0,0.0,0.0,0.0,0.0,1.0,0.0,0.0,0.0,0.0,0.0,0.0,0.0,0.0,0.0,0.0,0.0,0.0,0.0,0.0,0.0,0.0,0.0,0.0,0.0,0.0,0.0,0.0,0.0,0.0,0.0,0.0
72.11746737645873,55.1486633559091,117.0613799047404,415.0,168.0,4.661605954258768,78.63199639559778,0.9011362533520204,1.253967399428316,0.520876012315469,2.5792963868221963,6.0,1.0,18.0,4.372435015193372,1.721781765123772,0.3986045286455921,0.46592879810997967,0.0,0.0,0.0,0.0,0.0,0.0,0.0,0.0,0.0,0.0,0.0,0.0,0.0,0.0,0.0,0.0,0.0,0.0,0.0,0.0,0.0,0.0,0.0,0.0,0.0,0.0,0.0,0.0,0.0,0.0,0.0,0.0,0.0,0.0,1.0,0.0,0.0,0.0,0.0,0.0,0.0,0.0,0.0,0.0,0.0,0.0,0.0,0.0,0.0,0.0,0.0
72.73286220658451,22.475825949367,109.65773101514117,982.0,268.0,6.549699810452564,91.28369123149872,0.8214685222295578,1.083277709805028,0.5610723848770105,9.905090118920072,3.0,0.0,8.0,4.42816945166844,0.9591835124026638,0.26514412203819004,0.7336053179462546,0.0,0.0,0.0,0.0,0.0,0.0,0.0,0.0,0.0,0.0,0.0,1.0,0.0,0.0,0.0,0.0,0.0,0.0,0.0,0.0,0.0,0.0,0.0,0.0,0.0,0.0,0.0,0.0,0.0,0.0,0.0,0.0,0.0,0.0,0.0,0.0,0.0,0.0,0.0,0.0,0.0,0.0,0.0,0.0,0.0,0.0,0.0,0.0,0.0,0.0,0.0
69.74911616569688,46.40236791482391,63.3840597403664,681.0,514.0,4.143931958074739,72.00183734186967,0.7066208374053373,0.917236532014556,0.6259673499736684,0.4350194889974401,7.0,6.0,4.0,4.492697198193276,1.4142718220428767,0.4123795265815263,0.1550378199072559,0.0,0.0,0.0,0.0,0.0,0.0,1.0,0.0,0.0,0.0,0.0,0.0,0.0,0.0,0.0,0.0,0.0,0.0,0.0,0.0,0.0,0.0,0.0,0.0,0.0,0.0,0.0,0.0,0.0,0.0,0.0,0.0,0.0,0.0,0.0,0.0,0.0,0.0,0.0,0.0,0.0,0.0,0.0,0.0,0.0,0.0,0.0,0.0,0.0,0.0,0.0
68.28943165554409,45.14138705817935,77.5132329989078,493.0,115.0,5.800428664401215,88.00890915224996,0.7206137492068898,1.041506125231816,0.806367150360729,1.7596082867312746,6.0,1.0,4.0,4.811100544324482,1.5243290055406518,0.41707081531530227,0.2232930511226015,0.0,0.0,0.0,0.0,0.0,0.0,0.0,0.0,0.0,0.0,0.0,0.0,0.0,0.0,0.0,0.0,0.0,0.0,0.0,0.0,0.0,0.0,0.0,0.0,0.0,0.0,0.0,0.0,0.0,0.0,0.0,0.0,0.0,0.0,0.0,0.0,0.0,0.0,0.0,0.0,0.0,0.0,0.0,1.0,0.0,0.0,0.0,0.0,0.0,0.0,0.0
77.72670655584143,56.17092010698834,94.40618517690984,445.0,311.0,6.761705157532886,89.03326979735385,0.8770635986403015,1.371852208058642,0.6063827855259285,9.085551440184808,4.0,4.0,9.0,5.197788913897697,1.4239159503671113,0.42330509350891515,0.8219091906116142,0.0,0.0,0.0,0.0,0.0,0.0,0.0,0.0,0.0,0.0,0.0,0.0,0.0,0.0,0.0,0.0,0.0,0.0,0.0,0.0,0.0,0.0,0.0,0.0,0.0,0.0,0.0,0.0,0.0,0.0,0.0,0.0,0.0,0.0,0.0,1.0,0.0,0.0,0.0,0.0,0.0,0.0,0.0,0.0,0.0,0.0,0.0,0.0,0.0,0.0,0.0
71.51494619264218,36.99891702851268,92.90227042080298,1181.0,458.0,6.094616361456068,84.02885508675709,0.7715570695077408,0.921901805512804,0.7261816054326751,5.582731757736853,6.0,3.0,8.0,4.363743370318103,1.5332953045314308,0.3820192013856069,0.3814730683262427,0.0,0.0,0.0,0.0,0.0,0.0,0.0,0.0,0.0,0.0,0.0,0.0,0.0,0.0,0.0,0.0,0.0,0.0,0.0,0.0,0.0,0.0,0.0,0.0,0.0,1.0,0.0,0.0,0.0,0.0,0.0,0.0,0.0,0.0,0.0,0.0,0.0,0.0,0.0,0.0,0.0,0.0,0.0,0.0,0.0,0.0,0.0,0.0,0.0,0.0,0.0
71.83617959260816,58.3396260836894,81.19036074208387,659.0,199.0,6.000971753759501,80.96677767336611,0.8678484645741603,0.9817289644171104,0.9553813740817728,0.2711757248498414,4.0,4.0,3.0,3.678582896934127,1.0098868166668684,0.26514412203819004,0.06916893188485099,0.0,0.0,0.0,0.0,0.0,0.0,0.0,0.0,0.0,0.0,0.0,0.0,0.0,0.0,0.0,0.0,0.0,0.0,0.0,0.0,0.0,0.0,0.0,0.0,0.0,0.0,1.0,0.0,0.0,0.0,0.0,0.0,0.0,0.0,0.0,0.0,0.0,0.0,0.0,0.0,0.0,0.0,0.0,0.0,0.0,0.0,0.0,0.0,0.0,0.0,0.0
72.82121091301526,55.04299839817166,135.0118594857076,425.0,407.0,5.710849230582923,86.54485771173385,0.7494534526104354,1.0753901459030075,0.731817176543847,0.8249376066821168,4.0,3.0,2.0,4.79192901954874,1.3868241927073557,0.40232470132714243,0.21837142883871255,0.0,0.0,1.0,0.0,0.0,0.0,0.0,0.0,0.0,0.0,0.0,0.0,0.0,0.0,0.0,0.0,0.0,0.0,0.0,0.0,0.0,0.0,0.0,0.0,0.0,0.0,0.0,0.0,0.0,0.0,0.0,0.0,0.0,0.0,0.0,0.0,0.0,0.0,0.0,0.0,0.0,0.0,0.0,0.0,0.0,0.0,0.0,0.0,0.0,0.0,0.0
83.66175144889601,49.397866219855736,72.8012245996674,462.0,399.0,3.039519873104484,87.26542718791181,0.9085093377227154,1.161903809304882,0.6600397493132082,2.969151831245893,6.0,4.0,9.0,4.378583556068014,1.4746863995597501,0.3575412353632066,0.3929073714083748,0.0,0.0,0.0,0.0,0.0,0.0,0.0,0.0,0.0,0.0,0.0,0.0,0.0,0.0,0.0,0.0,0.0,0.0,0.0,0.0,0.0,0.0,0.0,0.0,1.0,0.0,0.0,0.0,0.0,0.0,0.0,0.0,0.0,0.0,0.0,0.0,0.0,0.0,0.0,0.0,0.0,0.0,0.0,0.0,0.0,0.0,0.0,0.0,0.0,0.0,0.0
62.73780459117844,26.285705568579097,70.16515851343624,827.0,298.0,3.0402471760401206,81.26436450972513,0.8498426422794385,1.3198327774226633,0.5457061501766796,3.2238440977337923,7.0,3.0,16.0,4.577859706448263,1.330084549225434,0.37887553634050236,0.5228543489982804,0.0,0.0,0.0,0.0,0.0,0.0,0.0,0.0,0.0,0.0,0.0,0.0,0.0,0.0,0.0,0.0,0.0,0.0,0.0,0.0,0.0,0.0,0.0,0.0,0.0,0.0,0.0,0.0,0.0,0.0,0.0,0.0,0.0,0.0,0.0,0.0,0.0,0.0,0.0,0.0,0.0,0.0,0.0,0.0,0.0,1.0,0.0,0.0,0.0,0.0,0.0
72.95907367561476,47.08292205310313,117.21570691976837,492.0,268.0,5.259423353132669,76.97159900704203,0.8507367366012348,1.2264834001639988,0.8354565627218682,2.049124494370027,7.0,3.0,3.0,4.441163035707244,1.372409755879288,0.3795649469828145,0.32064908971062384,0.0,0.0,0.0,0.0,0.0,0.0,0.0,0.0,0.0,0.0,0.0,0.0,0.0,0.0,0.0,0.0,0.0,0.0,0.0,0.0,0.0,0.0,0.0,0.0,0.0,0.0,0.0,1.0,0.0,0.0,0.0,0.0,0.0,0.0,0.0,0.0,0.0,0.0,0.0,0.0,0.0,0.0,0.0,0.0,0.0,0.0,0.0,0.0,0.0,0.0,0.0
72.35221320826865,56.280658076347606,135.40382655568095,330.0,263.0,4.722129374005718,92.97341801628184,0.8155435923534278,0.9376317834143342,0.6145989624662234,4.367232901457512,4.0,2.0,2.0,4.028446124475706,0.9591835124026638,0.26514412203819004,0.36577562063774904,0.0,0.0,0.0,0.0,0.0,0.0,0.0,0.0,0.0,0.0,0.0,0.0,0.0,0.0,0.0,0.0,0.0,0.0,0.0,0.0,0.0,0.0,0.0,0.0,0.0,0.0,0.0,0.0,0.0,0.0,0.0,0.0,0.0,0.0,0.0,0.0,0.0,0.0,0.0,0.0,0.0,0.0,0.0,0.0,0.0,0.0,0.0,0.0,0.0,0.0,1.0
68.83825988129344,24.55873328608041,133.74646319043146,1213.0,134.0,2.2048576708075367,90.99067200570504,0.963352875776017,1.1104909902148576,0.9714157398143696,2.191232133958858,7.0,2.0,7.0,4.276853155204744,1.3839996331741857,0.32713064573570577,0.2243257306211327,0.0,0.0,0.0,0.0,0.0,0.0,0.0,0.0,0.0,0.0,0.0,0.0,0.0,0.0,0.0,0.0,0.0,0.0,0.0,0.0,0.0,0.0,0.0,0.0,0.0,0.0,0.0,0.0,0.0,0.0,0.0,0.0,0.0,0.0,0.0,0.0,0.0,0.0,0.0,0.0,0.0,0.0,0.0,0.0,1.0,0.0,0.0,0.0,0.0,0.0,0.0
69.20234601849177,33.96770916402423,162.62187615298865,957.0,508.0,4.4561768773837525,74.77764327423378,0.7412596490426495,1.0930081869220551,0.6644957359013035,0.7026109322454865,4.0,1.0,6.0,4.331263803689489,1.2874160948928612,0.3772603728345182,0.2435390725480742,0.0,0.0,0.0,0.0,0.0,0.0,0.0,0.0,0.0,0.0,0.0,0.0,0.0,0.0,0.0,0.0,0.0,0.0,0.0,0.0,0.0,0.0,0.0,0.0,0.0,0.0,0.0,0.0,0.0,0.0,0.0,0.0,0.0,0.0,0.0,0.0,0.0,0.0,0.0,0.0,0.0,0.0,0.0,0.0,1.0,0.0,0.0,0.0,0.0,0.0,0.0
67.92512446288512,38.749264113850295,146.2123166206418,685.0,149.0,6.235778991370908,77.74472783832165,0.943721144742125,0.9688996870948232,0.8423022154866635,3.65450931614736,5.0,5.0,5.0,4.777595759138654,1.335076595627861,0.39431516764099317,0.2697649335357973,0.0,0.0,0.0,0.0,0.0,0.0,0.0,0.0,0.0,0.0,0.0,0.0,0.0,0.0,0.0,0.0,0.0,0.0,0.0,0.0,0.0,0.0,0.0,0.0,0.0,0.0,0.0,0.0,0.0,0.0,0.0,0.0,0.0,0.0,0.0,0.0,0.0,0.0,0.0,0.0,0.0,0.0,0.0,0.0,0.0,0.0,0.0,0.0,0.0,1.0,0.0
72.6332260528675,58.75929176728872,53.34559203687782,733.0,189.0,6.7951390240214655,83.06928463480705,0.7019135511824336,1.2951248192200904,0.4593647202598895,2.5734632090981013,6.0,1.0,1.0,4.312570492051497,1.448586590383802,0.37837965311488087,0.5067668987415609,0.0,0.0,0.0,0.0,0.0,0.0,0.0,0.0,0.0,0.0,0.0,0.0,0.0,0.0,0.0,0.0,0.0,0.0,0.0,0.0,0.0,0.0,0.0,0.0,0.0,0.0,1.0,0.0,0.0,0.0,0.0,0.0,0.0,0.0,0.0,0.0,0.0,0.0,0.0,0.0,0.0,0.0,0.0,0.0,0.0,0.0,0.0,0.0,0.0,0.0,0.0
79.60788339335582,59.78880319335647,180.901563006997,1498.0,471.0,2.2964282696875946,91.24650615751888,0.9818962359230324,1.234078615934252,0.8355180362561176,6.890082330148962,4.0,1.0,22.0,4.405179903816698,1.3967911688923027,0.33710831716774736,0.5666316377760173,0.0,0.0,0.0,0.0,0.0,0.0,0.0,0.0,0.0,0.0,1.0,0.0,0.0,0.0,0.0,0.0,0.0,0.0,0.0,0.0,0.0,0.0,0.0,0.0,0.0,0.0,0.0,0.0,0.0,0.0,0.0,0.0,0.0,0.0,0.0,0.0,0.0,0.0,0.0,0.0,0.0,0.0,0.0,0.0,0.0,0.0,0.0,0.0,0.0,0.0,0.0
78.83589306199869,49.266573981632085,170.71473196190357,564.0,533.0,2.6636960380028016,70.81363273975163,0.934983286729962,0.9347286698356128,0.5627018642278817,4.255986040255698,4.0,2.0,8.0,3.973691504723221,1.1173296523546714,0.3185850042958017,0.3760786235811824,0.0,0.0,0.0,0.0,0.0,0.0,0.0,0.0,0.0,0.0,1.0,0.0,0.0,0.0,0.0,0.0,0.0,0.0,0.0,0.0,0.0,0.0,0.0,0.0,0.0,0.0,0.0,0.0,0.0,0.0,0.0,0.0,0.0,0.0,0.0,0.0,0.0,0.0,0.0,0.0,0.0,0.0,0.0,0.0,0.0,0.0,0.0,0.0,0.0,0.0,0.0
75.06610747154541,37.16836334472267,90.17982974122896,778.0,429.0,3.799529348930719,90.0519370662918,0.7156441924147754,1.0092948355808116,0.9159782822977032,2.7581226988032936,6.0,1.0,3.0,4.4204652007639655,1.3760796756451608,0.36546999111924655,0.22054359753291153,1.0,0.0,0.0,0.0,0.0,0.0,0.0,0.0,0.0,0.0,0.0,0.0,0.0,0.0,0.0,0.0,0.0,0.0,0.0,0.0,0.0,0.0,0.0,0.0,0.0,0.0,0.0,0.0,0.0,0.0,0.0,0.0,0.0,0.0,0.0,0.0,0.0,0.0,0.0,0.0,0.0,0.0,0.0,0.0,0.0,0.0,0.0,0.0,0.0,0.0,0.0
71.95840033959975,44.08543922667948,162.86905470134514,1259.0,134.0,3.0761713656623173,87.8163173097235,0.9804168063994728,1.2906825294723483,0.5546148572530484,2.036003231103213,3.0,4.0,10.0,4.693592248625663,0.9591835124026638,0.30608792901847937,0.4458615066348328,0.0,0.0,0.0,0.0,0.0,0.0,0.0,0.0,0.0,0.0,0.0,0.0,0.0,0.0,0.0,0.0,0.0,0.0,0.0,0.0,0.0,0.0,0.0,0.0,0.0,0.0,0.0,0.0,0.0,0.0,0.0,0.0,0.0,0.0,0.0,0.0,0.0,0.0,0.0,0.0,1.0,0.0,0.0,0.0,0.0,0.0,0.0,0.0,0.0,0.0,0.0
80.86548530256673,35.156010152170936,151.3897732928275,591.0,552.0,5.85910090860181,77.44148006806937,0.9818379056186486,0.99724013033568,0.5352911645629631,9.887284191961069,3.0,3.0,16.0,4.42816945166844,0.9591835124026638,0.26514412203819004,0.6982581173975815,0.0,0.0,0.0,0.0,0.0,0.0,0.0,0.0,0.0,0.0,0.0,0.0,0.0,0.0,0.0,0.0,0.0,0.0,0.0,0.0,0.0,1.0,0.0,0.0,0.0,0.0,0.0,0.0,0.0,0.0,0.0,0.0,0.0,0.0,0.0,0.0,0.0,0.0,0.0,0.0,0.0,0.0,0.0,0.0,0.0,0.0,0.0,0.0,0.0,0.0,0.0
72.44663807124012,59.85353777096871,112.97113413057482,1099.0,432.0,6.570998590846759,80.40705945961156,0.8405849517430232,0.9943407424911136,0.7017918958358631,2.508360563919129,5.0,2.0,19.0,4.341511887075884,1.492933106988907,0.37657947189104873,0.27205283732173663,0.0,0.0,0.0,0.0,0.0,0.0,0.0,0.0,0.0,0.0,0.0,0.0,0.0,0.0,0.0,0.0,0.0,0.0,0.0,0.0,0.0,0.0,0.0,1.0,0.0,0.0,0.0,0.0,0.0,0.0,0.0,0.0,0.0,0.0,0.0,0.0,0.0,0.0,0.0,0.0,0.0,0.0,0.0,0.0,0.0,0.0,0.0,0.0,0.0,0.0,0.0
69.44912866887096,46.60082117092085,102.46205403002426,1427.0,100.0,5.431781356348949,70.69978286185594,0.9624850112322464,1.449635080243472,0.9957065927430344,0.1587017859997108,5.0,1.0,13.0,4.882296185118387,1.4190311260552353,0.4236190593882558,0.284267105774015,0.0,1.0,0.0,0.0,0.0,0.0,0.0,0.0,0.0,0.0,0.0,0.0,0.0,0.0,0.0,0.0,0.0,0.0,0.0,0.0,0.0,0.0,0.0,0.0,0.0,0.0,0.0,0.0,0.0,0.0,0.0,0.0,0.0,0.0,0.0,0.0,0.0,0.0,0.0,0.0,0.0,0.0,0.0,0.0,0.0,0.0,0.0,0.0,0.0,0.0,0.0
64.71644352413882,39.54612239127389,103.58857967385708,1418.0,383.0,5.0805812554207375,91.60737603560108,0.8397829717383377,1.3439346442296,0.4958405774455653,1.645445640344595,6.0,6.0,11.0,4.620870371521642,1.5812089975411319,0.3869000308767831,0.4725909624654884,0.0,0.0,0.0,0.0,0.0,0.0,0.0,0.0,0.0,0.0,0.0,0.0,0.0,0.0,0.0,0.0,0.0,0.0,0.0,0.0,0.0,0.0,0.0,0.0,0.0,0.0,0.0,0.0,0.0,0.0,0.0,0.0,0.0,0.0,0.0,0.0,0.0,0.0,0.0,0.0,0.0,0.0,1.0,0.0,0.0,0.0,0.0,0.0,0.0,0.0,0.0
79.87747881404101,21.865441181424856,167.17497567967504,690.0,325.0,4.233546005446537,76.2355364333077,0.8979938236743741,1.49167422451496,0.7289495090069956,3.18878052008406,4.0,6.0,5.0,3.91287396256137,1.3711115477884184,0.33039939183288247,0.5459441609425413,0.0,0.0,0.0,0.0,0.0,0.0,0.0,0.0,1.0,0.0,0.0,0.0,0.0,0.0,0.0,0.0,0.0,0.0,0.0,0.0,0.0,0.0,0.0,0.0,0.0,0.0,0.0,0.0,0.0,0.0,0.0,0.0,0.0,0.0,0.0,0.0,0.0,0.0,0.0,0.0,0.0,0.0,0.0,0.0,0.0,0.0,0.0,0.0,0.0,0.0,0.0
71.34743399527645,49.7886922289732,136.9692248505875,1498.0,207.0,2.014917432799581,70.17203813583887,0.8024477870953759,0.9789269823810436,0.7209952969593918,3.698550559505109,4.0,6.0,9.0,4.524065416102696,1.2217620505781288,0.390794846278647,0.3174760459711802,0.0,0.0,0.0,0.0,0.0,0.0,0.0,0.0,0.0,0.0,0.0,0.0,0.0,0.0,0.0,0.0,0.0,0.0,0.0,0.0,0.0,0.0,0.0,0.0,0.0,0.0,0.0,0.0,0.0,0.0,0.0,0.0,0.0,0.0,0.0,0.0,0.0,0.0,0.0,0.0,0.0,0.0,0.0,0.0,0.0,1.0,0.0,0.0,0.0,0.0,0.0
74.82928850375325,41.585087473757845,50.54842857214443,803.0,229.0,5.678357176027745,94.96427321255734,0.7577643187999917,1.3864354730714412,0.6943716020048838,3.6658210351684906,5.0,5.0,20.0,5.033949811412861,1.4166630195621224,0.40848021377838545,0.5286810038786146,0.0,0.0,0.0,0.0,0.0,0.0,0.0,0.0,0.0,0.0,0.0,0.0,0.0,1.0,0.0,0.0,0.0,0.0,0.0,0.0,0.0,0.0,0.0,0.0,0.0,0.0,0.0,0.0,0.0,0.0,0.0,0.0,0.0,0.0,0.0,0.0,0.0,0.0,0.0,0.0,0.0,0.0,0.0,0.0,0.0,0.0,0.0,0.0,0.0,0.0,0.0
74.31103161937698,30.12587870590484,133.20855025679475,1406.0,507.0,4.569950785182774,92.09362728854488,0.866967487607134,1.1624703127563016,0.5212616786731243,9.928387334439485,4.0,3.0,22.0,5.236687793744402,0.9591835124026638,0.3621197963998238,0.7876942236400615,0.0,0.0,0.0,0.0,0.0,0.0,0.0,0.0,0.0,0.0,0.0,0.0,0.0,0.0,0.0,0.0,0.0,0.0,0.0,0.0,0.0,0.0,0.0,0.0,0.0,0.0,0.0,0.0,0.0,0.0,0.0,0.0,0.0,0.0,0.0,0.0,0.0,0.0,0.0,0.0,0.0,0.0,0.0,1.0,0.0,0.0,0.0,0.0,0.0,0.0,0.0
66.10572312812351,39.23159662111946,72.71195983024231,1264.0,450.0,2.8955379163417536,80.3474315884681,0.9685852789080228,1.3083068467457604,0.48803831914845,6.659488502536684,5.0,6.0,22.0,4.205661097231676,1.6148237923804423,0.3637620061305093,0.7082250400005763,0.0,0.0,0.0,0.0,0.0,0.0,0.0,0.0,0.0,0.0,0.0,0.0,0.0,0.0,0.0,0.0,0.0,0.0,0.0,0.0,0.0,0.0,0.0,0.0,0.0,0.0,0.0,0.0,1.0,0.0,0.0,0.0,0.0,0.0,0.0,0.0,0.0,0.0,0.0,0.0,0.0,0.0,0.0,0.0,0.0,0.0,0.0,0.0,0.0,0.0,0.0
69.70660859015425,39.48764094567591,79.99676899819767,842.0,428.0,2.306213929752248,85.49250005845224,0.8269251878122558,1.463547106534688,0.7629139976949455,5.7619481738073,4.0,4.0,11.0,4.305163445484941,1.4379193905404384,0.35937159607618935,0.6492703523096834,0.0,0.0,0.0,0.0,0.0,0.0,0.0,0.0,0.0,0.0,0.0,0.0,0.0,0.0,0.0,0.0,0.0,0.0,0.0,0.0,0.0,0.0,0.0,0.0,1.0,0.0,0.0,0.0,0.0,0.0,0.0,0.0,0.0,0.0,0.0,0.0,0.0,0.0,0.0,0.0,0.0,0.0,0.0,0.0,0.0,0.0,0.0,0.0,0.0,0.0,0.0
71.44384159713327,43.69865268353793,180.07543402503842,653.0,201.0,4.155501445625434,83.2871673078462,0.9444334039661824,0.9958248190925616,0.9252813845984218,9.897502203819371,5.0,4.0,12.0,4.209214123242074,1.4724888585377458,0.3470158968802352,0.5678925865785523,0.0,0.0,0.0,0.0,0.0,0.0,0.0,0.0,0.0,0.0,0.0,0.0,0.0,0.0,0.0,0.0,0.0,0.0,0.0,0.0,0.0,0.0,0.0,0.0,0.0,0.0,1.0,0.0,0.0,0.0,0.0,0.0,0.0,0.0,0.0,0.0,0.0,0.0,0.0,0.0,0.0,0.0,0.0,0.0,0.0,0.0,0.0,0.0,0.0,0.0,0.0
75.803148435767,39.686088855775125,129.1646473255145,354.0,217.0,5.061413427925505,94.42960736770814,0.8222327621690279,1.4933215399357471,0.5449362009040524,6.022322591957618,5.0,2.0,5.0,4.393527753738541,1.7486554718194944,0.37929364424894557,0.7499545285617475,0.0,0.0,0.0,0.0,0.0,0.0,0.0,0.0,0.0,0.0,0.0,0.0,0.0,0.0,0.0,0.0,0.0,0.0,0.0,0.0,0.0,0.0,0.0,0.0,0.0,0.0,0.0,0.0,0.0,0.0,0.0,0.0,0.0,0.0,1.0,0.0,0.0,0.0,0.0,0.0,0.0,0.0,0.0,0.0,0.0,0.0,0.0,0.0,0.0,0.0,0.0
60.42679247288414,50.08833538562688,131.17595920354063,846.0,371.0,2.2268719580085534,77.12106165760866,0.8148846066576545,1.1945838894301022,0.6476753011821781,5.692172493840043,6.0,4.0,10.0,4.656503479722634,1.4577991633151688,0.4096680448584361,0.5496280780834997,0.0,0.0,0.0,0.0,0.0,0.0,0.0,0.0,0.0,0.0,0.0,0.0,0.0,0.0,0.0,0.0,0.0,0.0,0.0,0.0,0.0,0.0,0.0,0.0,0.0,0.0,0.0,0.0,0.0,0.0,0.0,0.0,0.0,0.0,0.0,0.0,0.0,0.0,0.0,0.0,0.0,1.0,0.0,0.0,0.0,0.0,0.0,0.0,0.0,0.0,0.0
66.87843176521585,20.80125188917008,195.55534527599093,477.0,503.0,2.6277474080940344,90.95988748755912,0.7264569653652505,0.9719535098382756,0.8209219301233115,4.45876809820966,5.0,4.0,15.0,4.3433402826678025,1.3813406731577995,0.3563905265086494,0.31866802216652146,0.0,0.0,0.0,0.0,0.0,0.0,0.0,0.0,0.0,0.0,0.0,0.0,0.0,0.0,0.0,0.0,0.0,0.0,0.0,0.0,0.0,0.0,0.0,0.0,0.0,0.0,0.0,0.0,0.0,0.0,1.0,0.0,0.0,0.0,0.0,0.0,0.0,0.0,0.0,0.0,0.0,0.0,0.0,0.0,0.0,0.0,0.0,0.0,0.0,0.0,0.0
68.28134522573994,29.32103858740869,112.46146682985464,525.0,241.0,4.901905031339165,77.51196917504544,0.9456903053073852,1.380404050164961,0.4307693044358372,4.329208261635491,5.0,4.0,0.0,4.620088135531192,1.5123104914204288,0.39785406051575173,0.6468362017366618,0.0,0.0,0.0,0.0,0.0,0.0,0.0,0.0,0.0,0.0,0.0,0.0,0.0,0.0,0.0,0.0,0.0,0.0,0.0,0.0,0.0,0.0,0.0,0.0,0.0,0.0,0.0,0.0,0.0,0.0,0.0,0.0,0.0,0.0,0.0,0.0,0.0,0.0,0.0,0.0,0.0,0.0,0.0,0.0,0.0,0.0,1.0,0.0,0.0,0.0,0.0
73.39525785698262,30.128723876982093,110.80754726944755,1111.0,380.0,6.530510383091748,93.41562629904836,0.9908935541343316,0.9748982560382388,0.6033276605019269,0.6357040788148294,4.0,5.0,20.0,3.678582896934127,1.4648148950537472,0.2741226848273063,0.2014943905285979,0.0,0.0,0.0,0.0,0.0,0.0,0.0,0.0,0.0,0.0,0.0,0.0,0.0,0.0,0.0,0.0,0.0,0.0,0.0,0.0,0.0,0.0,0.0,0.0,0.0,1.0,0.0,0.0,0.0,0.0,0.0,0.0,0.0,0.0,0.0,0.0,0.0,0.0,0.0,0.0,0.0,0.0,0.0,0.0,0.0,0.0,0.0,0.0,0.0,0.0,0.0
64.03999031179167,26.74546046511433,106.38779778807634,884.0,101.0,4.875124321914719,91.44175458870768,0.7079235184418434,1.2683612385427665,0.5968598792214802,0.628892671818746,5.0,1.0,14.0,4.386686958200665,1.5241912850903896,0.3746761023037371,0.35018929750146865,0.0,0.0,0.0,0.0,0.0,0.0,0.0,0.0,0.0,0.0,0.0,0.0,0.0,0.0,0.0,0.0,0.0,0.0,0.0,0.0,0.0,0.0,0.0,0.0,1.0,0.0,0.0,0.0,0.0,0.0,0.0,0.0,0.0,0.0,0.0,0.0,0.0,0.0,0.0,0.0,0.0,0.0,0.0,0.0,0.0,0.0,0.0,0.0,0.0,0.0,0.0
71.73116317527098,22.057967742702647,184.08495701275532,1479.0,153.0,3.915871030589935,81.87678078963825,0.7141570035461039,1.2483743525211064,0.526887468500444,2.107939037759904,5.0,0.0,9.0,3.8627816722529316,1.2111948713981875,0.3178905379340945,0.4375401952078397,0.0,0.0,0.0,0.0,0.0,0.0,0.0,1.0,0.0,0.0,0.0,0.0,0.0,0.0,0.0,0.0,0.0,0.0,0.0,0.0,0.0,0.0,0.0,0.0,0.0,0.0,0.0,0.0,0.0,0.0,0.0,0.0,0.0,0.0,0.0,0.0,0.0,0.0,0.0,0.0,0.0,0.0,0.0,0.0,0.0,0.0,0.0,0.0,0.0,0.0,0.0
71.55871644666435,37.903103437595455,123.48173809727204,662.0,361.0,4.18944809535953,90.50536309130489,0.9406365873061924,1.0168415790998215,0.857284844918539,1.5557130309132283,6.0,4.0,2.0,4.651035044701685,1.3323131032600317,0.357869195191706,0.1837523376103298,0.0,0.0,0.0,0.0,0.0,0.0,0.0,0.0,0.0,0.0,0.0,0.0,0.0,0.0,0.0,0.0,0.0,0.0,0.0,0.0,0.0,0.0,0.0,0.0,0.0,0.0,0.0,0.0,0.0,0.0,0.0,0.0,1.0,0.0,0.0,0.0,0.0,0.0,0.0,0.0,0.0,0.0,0.0,0.0,0.0,0.0,0.0,0.0,0.0,0.0,0.0
71.91690719434055,35.61545084025248,154.4694511052615,974.0,462.0,5.115149258323191,90.6711679202976,0.9215407266284904,1.3690760490810256,0.7161100047296518,6.985603951623254,6.0,5.0,19.0,4.371996191724104,1.461524287126659,0.34759898836093,0.6788316056839969,0.0,0.0,0.0,0.0,0.0,0.0,0.0,0.0,0.0,0.0,0.0,0.0,0.0,0.0,0.0,0.0,0.0,0.0,0.0,0.0,0.0,0.0,0.0,0.0,0.0,0.0,1.0,0.0,0.0,0.0,0.0,0.0,0.0,0.0,0.0,0.0,0.0,0.0,0.0,0.0,0.0,0.0,0.0,0.0,0.0,0.0,0.0,0.0,0.0,0.0,0.0
77.90499933245388,58.379920349890206,175.00275260999632,534.0,400.0,3.802893324646504,81.21781869917196,0.8465470272923119,1.0797582236593408,0.8118606226963374,9.143980052926253,6.0,0.0,15.0,4.540421059965078,1.3525609715373657,0.37819928747713516,0.6100576792892758,0.0,0.0,0.0,0.0,0.0,0.0,0.0,0.0,0.0,0.0,0.0,0.0,0.0,0.0,0.0,0.0,0.0,0.0,0.0,0.0,0.0,0.0,0.0,0.0,0.0,0.0,0.0,1.0,0.0,0.0,0.0,0.0,0.0,0.0,0.0,0.0,0.0,0.0,0.0,0.0,0.0,0.0,0.0,0.0,0.0,0.0,0.0,0.0,0.0,0.0,0.0
75.60494118357886,27.87396043125764,152.66796503336417,1052.0,368.0,5.74676769550744,74.99066436769024,0.7291638856510398,1.4924879470744323,0.7316873965487893,2.9959848842911683,5.0,3.0,10.0,4.336562035164408,1.4775658012855624,0.39665812279016355,0.535791684048237,0.0,0.0,0.0,0.0,0.0,0.0,0.0,0.0,0.0,0.0,0.0,1.0,0.0,0.0,0.0,0.0,0.0,0.0,0.0,0.0,0.0,0.0,0.0,0.0,0.0,0.0,0.0,0.0,0.0,0.0,0.0,0.0,0.0,0.0,0.0,0.0,0.0,0.0,0.0,0.0,0.0,0.0,0.0,0.0,0.0,0.0,0.0,0.0,0.0,0.0,0.0
67.12793776644904,39.58064672540509,139.06556473525782,326.0,176.0,6.696978035373896,71.77414805206797,0.745463077970461,1.3838114275649305,0.6967295056048366,0.4418410730877309,4.0,6.0,14.0,4.556659588642448,1.472738070196854,0.42007665507415987,0.3652792474076405,0.0,0.0,0.0,0.0,0.0,0.0,0.0,0.0,0.0,0.0,0.0,0.0,0.0,0.0,0.0,0.0,1.0,0.0,0.0,0.0,0.0,0.0,0.0,0.0,0.0,0.0,0.0,0.0,0.0,0.0,0.0,0.0,0.0,0.0,0.0,0.0,0.0,0.0,0.0,0.0,0.0,0.0,0.0,0.0,0.0,0.0,0.0,0.0,0.0,0.0,0.0
69.63797165795198,43.3162014084791,159.44926759392348,1184.0,250.0,2.0295029320284144,77.557831130826,0.8417970503469391,1.048034259314918,0.80111798149522,5.631048261071272,7.0,3.0,7.0,4.145454146814814,1.462986665540133,0.3623047366377207,0.42200738546160027,0.0,0.0,0.0,0.0,0.0,0.0,0.0,0.0,0.0,0.0,0.0,0.0,0.0,0.0,0.0,0.0,0.0,0.0,0.0,0.0,0.0,0.0,0.0,0.0,0.0,0.0,0.0,0.0,0.0,0.0,0.0,0.0,0.0,0.0,0.0,0.0,0.0,0.0,1.0,0.0,0.0,0.0,0.0,0.0,0.0,0.0,0.0,0.0,0.0,0.0,0.0
66.53657325826487,40.25257618286183,180.8782482598908,733.0,319.0,2.8955807531117137,78.83525627109964,0.8996219882714828,1.3800496150621897,0.547875583630324,9.815502396577395,6.0,3.0,12.0,4.62715111922979,1.5241146841447768,0.4015535170024113,0.8820608489172252,0.0,0.0,0.0,0.0,0.0,0.0,0.0,0.0,0.0,1.0,0.0,0.0,0.0,0.0,0.0,0.0,0.0,0.0,0.0,0.0,0.0,0.0,0.0,0.0,0.0,0.0,0.0,0.0,0.0,0.0,0.0,0.0,0.0,0.0,0.0,0.0,0.0,0.0,0.0,0.0,0.0,0.0,0.0,0.0,0.0,0.0,0.0,0.0,0.0,0.0,0.0
71.27293105721074,31.091585428118265,109.90633035305984,966.0,214.0,3.146344201620604,92.44831506340049,0.9481488028880124,1.1367407754793517,0.6661985122926251,8.157016946540603,5.0,0.0,23.0,4.831681343150037,1.3884515359582967,0.37424905094178357,0.6378158330007299,0.0,0.0,0.0,0.0,0.0,0.0,0.0,0.0,0.0,0.0,0.0,0.0,0.0,0.0,0.0,0.0,0.0,0.0,0.0,0.0,0.0,0.0,0.0,0.0,0.0,0.0,0.0,0.0,0.0,0.0,0.0,0.0,0.0,0.0,0.0,0.0,0.0,0.0,0.0,0.0,0.0,0.0,0.0,0.0,0.0,0.0,0.0,0.0,0.0,1.0,0.0
74.18374833846975,36.54777412489679,120.26402239080484,689.0,261.0,6.451386656243275,89.20112325419822,0.9418069269615382,1.347822443402626,0.5308519671586389,6.080692379879098,4.0,3.0,9.0,3.9973037432604364,1.18643727242215,0.28977240415827277,0.6847541645694455,0.0,0.0,0.0,0.0,0.0,0.0,0.0,0.0,0.0,0.0,1.0,0.0,0.0,0.0,0.0,0.0,0.0,0.0,0.0,0.0,0.0,0.0,0.0,0.0,0.0,0.0,0.0,0.0,0.0,0.0,0.0,0.0,0.0,0.0,0.0,0.0,0.0,0.0,0.0,0.0,0.0,0.0,0.0,0.0,0.0,0.0,0.0,0.0,0.0,0.0,0.0
65.09455421154489,51.68097396615307,81.88685449275496,1082.0,496.0,3.309691134637885,86.5165619620336,0.9082814344917044,1.124948991406279,0.8532234046677144,6.671236795160968,5.0,5.0,9.0,4.244531579235084,1.521145533417475,0.35187896363596105,0.49515393280801234,0.0,0.0,0.0,0.0,0.0,0.0,0.0,0.0,0.0,0.0,0.0,0.0,0.0,0.0,0.0,0.0,0.0,0.0,0.0,0.0,0.0,0.0,0.0,0.0,0.0,0.0,1.0,0.0,0.0,0.0,0.0,0.0,0.0,0.0,0.0,0.0,0.0,0.0,0.0,0.0,0.0,0.0,0.0,0.0,0.0,0.0,0.0,0.0,0.0,0.0,0.0
69.7238025533326,56.92928363783843,138.87720015331894,1251.0,570.0,2.5255614872358016,90.25852786136036,0.7244394063980585,1.4621411304988663,0.955345208458445,5.375188138400228,7.0,5.0,14.0,4.507576908185741,1.5362927151156636,0.38702418884992545,0.5649879400577996,0.0,0.0,0.0,0.0,0.0,0.0,0.0,0.0,0.0,0.0,0.0,0.0,0.0,0.0,0.0,0.0,0.0,0.0,0.0,0.0,0.0,0.0,1.0,0.0,0.0,0.0,0.0,0.0,0.0,0.0,0.0,0.0,0.0,0.0,0.0,0.0,0.0,0.0,0.0,0.0,0.0,0.0,0.0,0.0,0.0,0.0,0.0,0.0,0.0,0.0,0.0
60.975365382992806,30.27068829383828,81.70192353263005,377.0,560.0,2.7300396262728075,89.79283744889047,0.8303516093335289,1.34948099552052,0.71935021950491,3.287682894331062,5.0,4.0,10.0,4.955263580573466,1.4959365134410092,0.41231327044091876,0.48292933053949644,0.0,0.0,0.0,0.0,0.0,0.0,0.0,0.0,0.0,0.0,0.0,0.0,0.0,0.0,0.0,0.0,0.0,0.0,0.0,0.0,0.0,0.0,1.0,0.0,0.0,0.0,0.0,0.0,0.0,0.0,0.0,0.0,0.0,0.0,0.0,0.0,0.0,0.0,0.0,0.0,0.0,0.0,0.0,0.0,0.0,0.0,0.0,0.0,0.0,0.0,0.0
71.31796351485002,42.84291181698269,74.31759515240752,660.0,237.0,3.63026732265456,82.28034911193657,0.7070377173765559,1.0483213470818349,0.6638165212071143,0.8157091467843658,5.0,6.0,17.0,4.27941228047716,1.5112232192684538,0.38255159409604805,0.2270587154675211,0.0,0.0,1.0,0.0,0.0,0.0,0.0,0.0,0.0,0.0,0.0,0.0,0.0,0.0,0.0,0.0,0.0,0.0,0.0,0.0,0.0,0.0,0.0,0.0,0.0,0.0,0.0,0.0,0.0,0.0,0.0,0.0,0.0,0.0,0.0,0.0,0.0,0.0,0.0,0.0,0.0,0.0,0.0,0.0,0.0,0.0,0.0,0.0,0.0,0.0,0.0
67.0399806201729,49.87195564168384,155.03228682318922,650.0,377.0,4.696751007770657,80.01376835161626,0.7694025193265133,1.2617420817332443,0.4081469581491593,7.857865502408066,4.0,2.0,22.0,4.833885167699808,0.9591835124026638,0.358802176932193,0.7715421244983096,0.0,0.0,0.0,0.0,0.0,0.0,0.0,0.0,0.0,0.0,0.0,0.0,0.0,0.0,0.0,0.0,0.0,0.0,0.0,0.0,0.0,0.0,0.0,0.0,0.0,0.0,0.0,0.0,0.0,0.0,0.0,0.0,0.0,0.0,0.0,0.0,0.0,0.0,0.0,0.0,0.0,0.0,0.0,0.0,0.0,1.0,0.0,0.0,0.0,0.0,0.0
74.65338819012207,40.81279877704576,79.19319947119084,366.0,539.0,2.8455497458772765,88.68234370343454,0.8931085383302477,1.197676616243731,0.7315029298057908,8.964592228045747,4.0,1.0,13.0,4.9883386339074995,1.2927682132737661,0.3917272676490562,0.6869214886857922,0.0,0.0,0.0,0.0,0.0,0.0,0.0,0.0,0.0,0.0,0.0,0.0,0.0,0.0,0.0,0.0,0.0,0.0,0.0,0.0,0.0,0.0,0.0,0.0,0.0,0.0,0.0,0.0,0.0,0.0,0.0,1.0,0.0,0.0,0.0,0.0,0.0,0.0,0.0,0.0,0.0,0.0,0.0,0.0,0.0,0.0,0.0,0.0,0.0,0.0,0.0
68.03539333328547,46.07609314540524,53.97226243980735,1070.0,362.0,4.251266454678222,74.68603368133176,0.7625635687425757,1.329182544608162,0.4727286794938877,7.278472488734538,5.0,1.0,7.0,4.605572922647585,1.437996527525101,0.41346523191367696,0.7547520511745407,0.0,0.0,0.0,0.0,0.0,0.0,0.0,0.0,0.0,0.0,0.0,0.0,0.0,0.0,0.0,0.0,0.0,0.0,0.0,0.0,0.0,0.0,0.0,0.0,0.0,0.0,0.0,0.0,0.0,1.0,0.0,0.0,0.0,0.0,0.0,0.0,0.0,0.0,0.0,0.0,0.0,0.0,0.0,0.0,0.0,0.0,0.0,0.0,0.0,0.0,0.0
64.1166491744115,21.57849180491409,97.15039252803744,1453.0,246.0,6.240451370297999,74.0864647495631,0.8988495457624603,1.4222652973322507,0.8410302986894864,2.5618351368740444,4.0,6.0,19.0,4.382670937674493,0.9591835124026638,0.2676155543663571,0.44242851615485046,0.0,0.0,0.0,0.0,0.0,0.0,0.0,0.0,0.0,0.0,0.0,0.0,0.0,0.0,0.0,1.0,0.0,0.0,0.0,0.0,0.0,0.0,0.0,0.0,0.0,0.0,0.0,0.0,0.0,0.0,0.0,0.0,0.0,0.0,0.0,0.0,0.0,0.0,0.0,0.0,0.0,0.0,0.0,0.0,0.0,0.0,0.0,0.0,0.0,0.0,0.0
73.78935235924241,50.62758477970799,191.8511500449033,1334.0,462.0,6.038034598581694,75.4291282828749,0.9875344720561282,1.1743387767357218,0.8886681051726298,9.383294146200749,4.0,0.0,13.0,3.678582896934127,1.5468129495603824,0.31850474130911854,0.6437318321818357,0.0,0.0,0.0,0.0,0.0,0.0,0.0,0.0,0.0,0.0,0.0,0.0,0.0,0.0,0.0,0.0,0.0,0.0,0.0,0.0,0.0,0.0,0.0,0.0,0.0,0.0,0.0,0.0,1.0,0.0,0.0,0.0,0.0,0.0,0.0,0.0,0.0,0.0,0.0,0.0,0.0,0.0,0.0,0.0,0.0,0.0,0.0,0.0,0.0,0.0,0.0
66.07635523501636,54.44388855916751,190.93577844637164,996.0,520.0,2.787040812882786,85.25410044107691,0.9333498403970236,1.2332524267422975,0.8517205279053656,2.615497092744541,5.0,5.0,21.0,4.259969834118588,1.4936401869883698,0.3506089750536046,0.3469451011651762,0.0,0.0,0.0,0.0,0.0,0.0,0.0,0.0,0.0,0.0,0.0,0.0,0.0,0.0,0.0,0.0,0.0,0.0,0.0,0.0,0.0,0.0,0.0,0.0,1.0,0.0,0.0,0.0,0.0,0.0,0.0,0.0,0.0,0.0,0.0,0.0,0.0,0.0,0.0,0.0,0.0,0.0,0.0,0.0,0.0,0.0,0.0,0.0,0.0,0.0,0.0
67.42256066325942,47.68293053527194,77.31155229045072,1375.0,329.0,4.9369890378278125,94.96214569370088,0.7338223084274658,1.092127247402939,0.8523937543735092,6.977915564004656,3.0,5.0,16.0,5.236687793744402,0.9591835124026638,0.437063094273981,0.4943473929184985,0.0,0.0,0.0,0.0,0.0,0.0,0.0,0.0,0.0,0.0,0.0,0.0,0.0,0.0,0.0,0.0,0.0,0.0,0.0,0.0,0.0,0.0,0.0,1.0,0.0,0.0,0.0,0.0,0.0,0.0,0.0,0.0,0.0,0.0,0.0,0.0,0.0,0.0,0.0,0.0,0.0,0.0,0.0,0.0,0.0,0.0,0.0,0.0,0.0,0.0,0.0
66.64159770692929,23.493250053889835,153.47844906102162,890.0,342.0,4.800037012029376,74.14626164151596,0.7970724441995414,1.2080911088055877,0.4352204034594579,5.138933566482526,3.0,3.0,4.0,3.678582896934127,0.9591835124026638,0.26514412203819004,0.5996206719159844,0.0,0.0,0.0,1.0,0.0,0.0,0.0,0.0,0.0,0.0,0.0,0.0,0.0,0.0,0.0,0.0,0.0,0.0,0.0,0.0,0.0,0.0,0.0,0.0,0.0,0.0,0.0,0.0,0.0,0.0,0.0,0.0,0.0,0.0,0.0,0.0,0.0,0.0,0.0,0.0,0.0,0.0,0.0,0.0,0.0,0.0,0.0,0.0,0.0,0.0,0.0
68.76413530367505,27.43898827111164,179.41162081985564,1372.0,251.0,4.826066192324498,74.34845827156411,0.8426591603646609,1.0191429551965003,0.5920292028814701,1.2308409472716964,6.0,4.0,23.0,4.204804517242941,1.3330329339304186,0.36137365489585643,0.25718554330540583,0.0,0.0,0.0,0.0,0.0,0.0,0.0,0.0,0.0,0.0,0.0,0.0,0.0,0.0,0.0,0.0,0.0,0.0,0.0,0.0,0.0,0.0,0.0,0.0,0.0,0.0,0.0,0.0,0.0,0.0,0.0,0.0,0.0,0.0,0.0,0.0,0.0,0.0,0.0,0.0,0.0,0.0,0.0,0.0,0.0,0.0,0.0,0.0,1.0,0.0,0.0
65.8206023471027,49.86251031439693,118.99358186094928,1141.0,236.0,5.142389085384841,77.43384413594566,0.7967134650083915,1.3377471715008162,0.7450643356211233,3.847131730987428,4.0,3.0,17.0,4.921417019361617,1.5995967486483211,0.4473587258656786,0.4964641294487881,0.0,0.0,0.0,0.0,0.0,0.0,0.0,0.0,0.0,0.0,0.0,0.0,0.0,0.0,0.0,0.0,0.0,0.0,0.0,0.0,0.0,0.0,1.0,0.0,0.0,0.0,0.0,0.0,0.0,0.0,0.0,0.0,0.0,0.0,0.0,0.0,0.0,0.0,0.0,0.0,0.0,0.0,0.0,0.0,0.0,0.0,0.0,0.0,0.0,0.0,0.0
65.91066325865856,32.65531326958126,155.2887136227136,340.0,121.0,2.222295497747586,94.9417404524039,0.745190834508031,1.3405168493852118,0.7931345239104884,6.793761636740134,7.0,6.0,7.0,4.359472911670997,1.3319313953312917,0.3432342144681803,0.6292308992199558,0.0,0.0,0.0,0.0,0.0,1.0,0.0,0.0,0.0,0.0,0.0,0.0,0.0,0.0,0.0,0.0,0.0,0.0,0.0,0.0,0.0,0.0,0.0,0.0,0.0,0.0,0.0,0.0,0.0,0.0,0.0,0.0,0.0,0.0,0.0,0.0,0.0,0.0,0.0,0.0,0.0,0.0,0.0,0.0,0.0,0.0,0.0,0.0,0.0,0.0,0.0
73.07769440021647,58.64659551650295,112.06410629158296,767.0,250.0,2.8033121488754964,74.59483016654404,0.8390920734021221,1.4469206838259336,0.577820616558062,8.44746082790423,4.0,2.0,4.0,4.984140368701236,1.6621913078864141,0.4602116369557679,0.8370891209311093,0.0,0.0,0.0,0.0,0.0,0.0,0.0,0.0,0.0,1.0,0.0,0.0,0.0,0.0,0.0,0.0,0.0,0.0,0.0,0.0,0.0,0.0,0.0,0.0,0.0,0.0,0.0,0.0,0.0,0.0,0.0,0.0,0.0,0.0,0.0,0.0,0.0,0.0,0.0,0.0,0.0,0.0,0.0,0.0,0.0,0.0,0.0,0.0,0.0,0.0,0.0
68.32538862797222,37.86174980640857,116.451538726886,960.0,511.0,5.030685691805651,70.88603417400653,0.7557512824206513,0.905221430769867,0.7480406458165731,7.51276995783197,5.0,3.0,4.0,4.322224507946902,1.3441815829984847,0.38823079438622804,0.4623918760216743,0.0,0.0,0.0,0.0,0.0,1.0,0.0,0.0,0.0,0.0,0.0,0.0,0.0,0.0,0.0,0.0,0.0,0.0,0.0,0.0,0.0,0.0,0.0,0.0,0.0,0.0,0.0,0.0,0.0,0.0,0.0,0.0,0.0,0.0,0.0,0.0,0.0,0.0,0.0,0.0,0.0,0.0,0.0,0.0,0.0,0.0,0.0,0.0,0.0,0.0,0.0
67.9024849780064,22.15299813786007,62.76440045069647,1101.0,168.0,6.212738896362905,80.54593215664744,0.88452335310161,1.314813398795886,0.8478767612274437,0.3307577368871761,3.0,4.0,3.0,4.42816945166844,0.9591835124026638,0.26514412203819004,0.2747393964225616,0.0,0.0,0.0,0.0,0.0,0.0,0.0,1.0,0.0,0.0,0.0,0.0,0.0,0.0,0.0,0.0,0.0,0.0,0.0,0.0,0.0,0.0,0.0,0.0,0.0,0.0,0.0,0.0,0.0,0.0,0.0,0.0,0.0,0.0,0.0,0.0,0.0,0.0,0.0,0.0,0.0,0.0,0.0,0.0,0.0,0.0,0.0,0.0,0.0,0.0,0.0
66.96611127445618,50.609659592884185,133.92323908621665,418.0,591.0,3.02801001436124,82.36041154684298,0.896592825098137,1.1529034644254312,0.6098262298530268,3.36961512250622,6.0,3.0,9.0,4.571341035985275,1.2545084014103498,0.3642276192743915,0.42519856842078546,0.0,0.0,0.0,0.0,0.0,0.0,0.0,0.0,0.0,0.0,0.0,0.0,0.0,0.0,0.0,0.0,0.0,0.0,0.0,0.0,0.0,1.0,0.0,0.0,0.0,0.0,0.0,0.0,0.0,0.0,0.0,0.0,0.0,0.0,0.0,0.0,0.0,0.0,0.0,0.0,0.0,0.0,0.0,0.0,0.0,0.0,0.0,0.0,0.0,0.0,0.0
68.63321912227357,56.454199315477226,148.37125262108165,1146.0,407.0,2.079148630507182,87.7111064996439,0.7847131249798571,1.4400167810913969,0.9138443414273584,8.00773592492417,7.0,0.0,3.0,4.837724023285909,1.576865387524019,0.41858003976731223,0.6994777192454008,0.0,0.0,0.0,0.0,0.0,0.0,0.0,0.0,0.0,0.0,0.0,0.0,0.0,0.0,0.0,0.0,0.0,0.0,0.0,0.0,0.0,0.0,0.0,0.0,0.0,0.0,0.0,0.0,0.0,0.0,0.0,0.0,0.0,0.0,0.0,1.0,0.0,0.0,0.0,0.0,0.0,0.0,0.0,0.0,0.0,0.0,0.0,0.0,0.0,0.0,0.0
74.4981371748767,41.53659677922192,102.71070658698385,889.0,299.0,2.9297628913469675,83.76339376508074,0.8413267761451956,1.4909087721797416,0.9427103206618028,6.541598870712992,6.0,2.0,2.0,4.402203336222103,1.436974780400778,0.36971013011,0.6419608024713829,0.0,0.0,0.0,0.0,0.0,0.0,0.0,0.0,0.0,0.0,0.0,0.0,0.0,0.0,0.0,0.0,0.0,0.0,0.0,0.0,0.0,0.0,0.0,1.0,0.0,0.0,0.0,0.0,0.0,0.0,0.0,0.0,0.0,0.0,0.0,0.0,0.0,0.0,0.0,0.0,0.0,0.0,0.0,0.0,0.0,0.0,0.0,0.0,0.0,0.0,0.0
69.8580050439869,48.30073548169665,154.52794971509024,874.0,512.0,4.234601595281825,77.07477982491554,0.7430614429497012,1.1225572301624132,0.6679031154743789,1.7719265684567045,6.0,5.0,0.0,4.708731767251016,1.5583207290161476,0.4310672111201006,0.31069069968585666,0.0,0.0,0.0,0.0,0.0,0.0,0.0,0.0,0.0,0.0,0.0,0.0,0.0,0.0,0.0,0.0,0.0,0.0,0.0,0.0,0.0,0.0,0.0,0.0,0.0,0.0,0.0,0.0,0.0,0.0,0.0,0.0,0.0,0.0,0.0,0.0,0.0,0.0,0.0,0.0,0.0,0.0,1.0,0.0,0.0,0.0,0.0,0.0,0.0,0.0,0.0
70.3138140870835,30.913133813152484,77.36751592949629,1034.0,533.0,4.3120205025863445,85.46627112388879,0.9771883155420696,1.4652545775833086,0.7432246277201942,2.442512979563272,4.0,3.0,0.0,4.095625105117161,1.1907992743637361,0.3026421795761071,0.49061950188612163,0.0,0.0,0.0,1.0,0.0,0.0,0.0,0.0,0.0,0.0,0.0,0.0,0.0,0.0,0.0,0.0,0.0,0.0,0.0,0.0,0.0,0.0,0.0,0.0,0.0,0.0,0.0,0.0,0.0,0.0,0.0,0.0,0.0,0.0,0.0,0.0,0.0,0.0,0.0,0.0,0.0,0.0,0.0,0.0,0.0,0.0,0.0,0.0,0.0,0.0,0.0
68.76498083983628,42.60359654522821,161.0408879341132,946.0,100.0,4.405986083633673,86.15839795184243,0.9968673294427426,1.2000490047964667,0.7110162962966269,8.08953722611131,6.0,0.0,6.0,4.543166963837547,1.5118492040140974,0.3687325241638375,0.6511662023153015,0.0,0.0,0.0,0.0,0.0,0.0,0.0,0.0,0.0,0.0,0.0,0.0,0.0,0.0,0.0,0.0,0.0,0.0,0.0,0.0,0.0,0.0,0.0,0.0,0.0,0.0,0.0,0.0,0.0,0.0,0.0,0.0,0.0,0.0,0.0,0.0,0.0,0.0,0.0,0.0,0.0,1.0,0.0,0.0,0.0,0.0,0.0,0.0,0.0,0.0,0.0
68.05998861835955,34.450494230472216,160.389240201416,880.0,315.0,3.789489553562664,91.112656277218,0.8977686143633508,1.4992901037665145,0.8323461249183659,3.873348179971959,6.0,6.0,0.0,4.352832331395638,1.471917569287286,0.34842457118411535,0.5494949572383805,0.0,0.0,0.0,0.0,0.0,0.0,0.0,0.0,0.0,0.0,0.0,0.0,0.0,0.0,0.0,0.0,0.0,0.0,0.0,0.0,0.0,0.0,0.0,0.0,1.0,0.0,0.0,0.0,0.0,0.0,0.0,0.0,0.0,0.0,0.0,0.0,0.0,0.0,0.0,0.0,0.0,0.0,0.0,0.0,0.0,0.0,0.0,0.0,0.0,0.0,0.0
63.22896666998132,31.926047215310938,79.84244176296639,1219.0,235.0,2.3728358502850115,91.18374370840876,0.7631085058806145,1.1167187310433009,0.5342823705363337,1.6304805467473305,3.0,5.0,2.0,5.168384541861621,1.8473826609583988,0.4773822036608342,0.34529082495829666,0.0,0.0,0.0,0.0,0.0,0.0,0.0,0.0,0.0,0.0,0.0,0.0,0.0,0.0,0.0,0.0,0.0,0.0,0.0,0.0,0.0,0.0,0.0,0.0,0.0,0.0,0.0,0.0,0.0,0.0,0.0,0.0,0.0,1.0,0.0,0.0,0.0,0.0,0.0,0.0,0.0,0.0,0.0,0.0,0.0,0.0,0.0,0.0,0.0,0.0,0.0
69.69074912395168,27.84856027677927,158.17659555548468,796.0,495.0,2.8638805057129337,78.81712623491723,0.8871164129328835,0.9191353974418104,0.822122924025267,1.531068497861836,5.0,0.0,15.0,4.211259156428379,1.3074615062697088,0.3461085377639127,0.14535393512525857,0.0,0.0,0.0,0.0,0.0,0.0,0.0,0.0,0.0,0.0,0.0,0.0,0.0,0.0,0.0,0.0,0.0,0.0,0.0,0.0,0.0,0.0,0.0,0.0,0.0,0.0,0.0,0.0,0.0,0.0,1.0,0.0,0.0,0.0,0.0,0.0,0.0,0.0,0.0,0.0,0.0,0.0,0.0,0.0,0.0,0.0,0.0,0.0,0.0,0.0,0.0
72.63633456545487,21.79642339849128,134.50318260513342,978.0,228.0,2.9363209901898086,86.02365730164506,0.8676922249358968,1.0153457547369122,0.7838577716746844,7.588609653820002,5.0,3.0,10.0,4.624453510315886,1.3774522352280965,0.3761329291137762,0.5093481982194689,0.0,0.0,0.0,0.0,0.0,0.0,0.0,0.0,0.0,0.0,0.0,0.0,0.0,0.0,0.0,0.0,0.0,0.0,0.0,0.0,0.0,0.0,0.0,0.0,0.0,0.0,0.0,0.0,0.0,0.0,0.0,0.0,0.0,0.0,0.0,0.0,0.0,0.0,0.0,0.0,0.0,0.0,0.0,0.0,0.0,0.0,0.0,1.0,0.0,0.0,0.0
65.04944463862483,29.656488272051185,63.396924597957245,1306.0,373.0,3.03073286859248,71.41170567521381,0.8420900015968584,0.9386114822141371,0.7754818157269894,6.46159723578068,5.0,4.0,18.0,4.624722484343609,1.5065594459952623,0.4202671924377449,0.4173522802510466,0.0,0.0,0.0,0.0,0.0,0.0,0.0,0.0,0.0,0.0,0.0,0.0,0.0,0.0,0.0,0.0,0.0,0.0,0.0,0.0,0.0,0.0,1.0,0.0,0.0,0.0,0.0,0.0,0.0,0.0,0.0,0.0,0.0,0.0,0.0,0.0,0.0,0.0,0.0,0.0,0.0,0.0,0.0,0.0,0.0,0.0,0.0,0.0,0.0,0.0,0.0
71.28990308244738,22.46643757246683,173.99094105044583,1032.0,214.0,4.465419902428286,86.74842270206409,0.7670137064609194,1.2492246000520817,0.9472305913725476,9.713250951638074,4.0,5.0,11.0,4.830351466580815,0.9591835124026638,0.36215375100410563,0.6781735718923314,0.0,0.0,0.0,0.0,0.0,0.0,0.0,0.0,0.0,0.0,0.0,0.0,0.0,0.0,0.0,0.0,0.0,0.0,0.0,0.0,0.0,1.0,0.0,0.0,0.0,0.0,0.0,0.0,0.0,0.0,0.0,0.0,0.0,0.0,0.0,0.0,0.0,0.0,0.0,0.0,0.0,0.0,0.0,0.0,0.0,0.0,0.0,0.0,0.0,0.0,0.0
72.34613503828498,27.19305708080664,162.7516787781516,1426.0,368.0,5.269128577554303,87.8604033799464,0.8474614322710294,1.0002774512843928,0.574334911624092,5.03387477707932,4.0,0.0,14.0,4.606769397285313,1.3627319698761056,0.3715443405511658,0.443921846014424,0.0,1.0,0.0,0.0,0.0,0.0,0.0,0.0,0.0,0.0,0.0,0.0,0.0,0.0,0.0,0.0,0.0,0.0,0.0,0.0,0.0,0.0,0.0,0.0,0.0,0.0,0.0,0.0,0.0,0.0,0.0,0.0,0.0,0.0,0.0,0.0,0.0,0.0,0.0,0.0,0.0,0.0,0.0,0.0,0.0,0.0,0.0,0.0,0.0,0.0,0.0
69.9158252127014,50.68573218849952,116.06323458651018,571.0,237.0,6.043752702403773,76.84567300253255,0.7124927223628866,1.3273012135547622,0.6834047726211181,6.7847115122979655,4.0,0.0,5.0,5.236687793744402,0.9591835124026638,0.43633038152747045,0.6587886210873115,0.0,0.0,0.0,0.0,0.0,0.0,0.0,0.0,0.0,0.0,0.0,0.0,0.0,1.0,0.0,0.0,0.0,0.0,0.0,0.0,0.0,0.0,0.0,0.0,0.0,0.0,0.0,0.0,0.0,0.0,0.0,0.0,0.0,0.0,0.0,0.0,0.0,0.0,0.0,0.0,0.0,0.0,0.0,0.0,0.0,0.0,0.0,0.0,0.0,0.0,0.0
83.63277716067697,52.91707467544743,103.89414444532248,1135.0,279.0,6.159238350594899,71.01706384207326,0.8794448498140459,1.2666156570305986,0.7919766070379767,5.072348317937735,4.0,6.0,14.0,5.236687793744402,0.9591835124026638,0.4736923802644229,0.5065048053304311,0.0,0.0,0.0,0.0,0.0,0.0,0.0,0.0,0.0,0.0,0.0,0.0,0.0,0.0,0.0,0.0,0.0,0.0,0.0,0.0,0.0,0.0,0.0,0.0,0.0,0.0,0.0,0.0,0.0,0.0,0.0,0.0,0.0,0.0,0.0,0.0,1.0,0.0,0.0,0.0,0.0,0.0,0.0,0.0,0.0,0.0,0.0,0.0,0.0,0.0,0.0
60.920188762221926,41.19922421562968,182.02943839547945,678.0,254.0,4.692343617865356,81.74687159119807,0.7279099669852815,1.195671325526321,0.9976615649196257,9.459538718901596,3.0,6.0,0.0,5.210380050214058,1.8473826609583988,0.4787144763200408,0.6218442010708227,0.0,0.0,0.0,0.0,0.0,0.0,0.0,0.0,0.0,0.0,0.0,0.0,0.0,0.0,0.0,0.0,0.0,0.0,0.0,0.0,0.0,0.0,0.0,0.0,0.0,0.0,0.0,0.0,0.0,0.0,0.0,0.0,0.0,0.0,0.0,1.0,0.0,0.0,0.0,0.0,0.0,0.0,0.0,0.0,0.0,0.0,0.0,0.0,0.0,0.0,0.0
58.824524755465056,37.62051184707791,174.45870570216067,1456.0,123.0,6.282024843517169,93.27553460155116,0.7315742282137145,1.0297447731728784,0.768497936009034,4.901451038578895,5.0,4.0,17.0,4.384130455152555,1.2047276628542318,0.3379203265564039,0.38723824420813663,0.0,0.0,0.0,0.0,0.0,0.0,0.0,0.0,0.0,0.0,0.0,0.0,0.0,0.0,0.0,0.0,0.0,0.0,0.0,0.0,0.0,1.0,0.0,0.0,0.0,0.0,0.0,0.0,0.0,0.0,0.0,0.0,0.0,0.0,0.0,0.0,0.0,0.0,0.0,0.0,0.0,0.0,0.0,0.0,0.0,0.0,0.0,0.0,0.0,0.0,0.0
71.4063965061018,37.93243335969963,175.86334636087238,374.0,204.0,6.060421218430851,82.80953364672531,0.7188527578148186,1.0528442470438637,0.5100212894349581,1.3442716775873476,4.0,1.0,9.0,4.352680321130223,1.4195460289039212,0.3779089267532251,0.30710009853143183,0.0,0.0,0.0,0.0,0.0,0.0,0.0,0.0,0.0,0.0,0.0,0.0,0.0,0.0,0.0,0.0,0.0,0.0,0.0,0.0,0.0,0.0,0.0,0.0,1.0,0.0,0.0,0.0,0.0,0.0,0.0,0.0,0.0,0.0,0.0,0.0,0.0,0.0,0.0,0.0,0.0,0.0,0.0,0.0,0.0,0.0,0.0,0.0,0.0,0.0,0.0
78.95378776263496,25.345595081082514,69.64661478478644,715.0,264.0,6.205360729499216,92.79898976595284,0.7515022497448082,1.1628151347959996,0.4692550185259679,7.4980232156412,4.0,3.0,3.0,4.50103172312315,1.3179496917489708,0.3578228630344883,0.6836298289250575,0.0,0.0,0.0,0.0,0.0,0.0,0.0,0.0,0.0,0.0,0.0,0.0,0.0,0.0,0.0,0.0,0.0,0.0,0.0,0.0,0.0,0.0,0.0,0.0,0.0,0.0,0.0,0.0,0.0,0.0,0.0,0.0,0.0,0.0,0.0,0.0,0.0,0.0,0.0,0.0,0.0,0.0,0.0,0.0,0.0,0.0,0.0,1.0,0.0,0.0,0.0
70.00283465029352,59.99637409300711,183.89110329824337,822.0,518.0,3.653638818318924,85.81287648240333,0.8411450812363342,1.0146039560350544,0.5306872036231176,6.035513161096223,7.0,1.0,19.0,4.71520751879198,1.3417570849366274,0.38366698122315473,0.5157743885067301,0.0,0.0,0.0,0.0,0.0,0.0,0.0,0.0,0.0,0.0,0.0,0.0,0.0,0.0,0.0,1.0,0.0,0.0,0.0,0.0,0.0,0.0,0.0,0.0,0.0,0.0,0.0,0.0,0.0,0.0,0.0,0.0,0.0,0.0,0.0,0.0,0.0,0.0,0.0,0.0,0.0,0.0,0.0,0.0,0.0,0.0,0.0,0.0,0.0,0.0,0.0
56.6379018176842,52.21698304857009,148.21692167161538,886.0,437.0,2.566476128722352,85.79873368509578,0.8725653453187475,0.9765827530704032,0.4128382452994013,5.2644390140578405,6.0,6.0,5.0,4.7336705122279845,1.4447652682347363,0.39198842725111566,0.497501598774719,0.0,0.0,0.0,0.0,0.0,0.0,0.0,0.0,0.0,0.0,0.0,0.0,0.0,0.0,0.0,0.0,0.0,0.0,0.0,0.0,0.0,0.0,0.0,0.0,0.0,0.0,0.0,0.0,0.0,0.0,0.0,0.0,0.0,0.0,0.0,0.0,0.0,0.0,0.0,0.0,0.0,0.0,0.0,0.0,0.0,0.0,0.0,1.0,0.0,0.0,0.0
67.24630901992703,37.58838411511903,79.58164317994476,301.0,594.0,5.182573917423589,91.74479072010244,0.7106601723270368,1.3090202630160692,0.6590305187999413,4.50915538619486,5.0,4.0,7.0,4.2390843008567805,1.3938800149128605,0.3485615191704515,0.5439244631007452,0.0,0.0,0.0,0.0,0.0,0.0,0.0,0.0,0.0,0.0,0.0,0.0,0.0,0.0,0.0,0.0,0.0,0.0,0.0,0.0,0.0,0.0,0.0,0.0,0.0,0.0,1.0,0.0,0.0,0.0,0.0,0.0,0.0,0.0,0.0,0.0,0.0,0.0,0.0,0.0,0.0,0.0,0.0,0.0,0.0,0.0,0.0,0.0,0.0,0.0,0.0
64.61342210737672,56.01115424373345,86.35103113563306,971.0,417.0,4.827729868320484,77.7727363189232,0.9256426157902014,1.3080193513798988,0.9863192065522064,9.69619451857027,4.0,1.0,7.0,5.236687793744402,1.6142623620517491,0.4697871091925067,0.6936999765928853,0.0,0.0,0.0,0.0,0.0,0.0,0.0,0.0,0.0,0.0,0.0,0.0,1.0,0.0,0.0,0.0,0.0,0.0,0.0,0.0,0.0,0.0,0.0,0.0,0.0,0.0,0.0,0.0,0.0,0.0,0.0,0.0,0.0,0.0,0.0,0.0,0.0,0.0,0.0,0.0,0.0,0.0,0.0,0.0,0.0,0.0,0.0,0.0,0.0,0.0,0.0
66.13712490206987,49.58335026716232,156.3275445140597,1255.0,373.0,3.198138414281133,70.28706185147936,0.7442486342768727,1.3736403932408052,0.4581816176314676,3.4176955179671777,4.0,6.0,0.0,4.759078822103396,1.5574370942878473,0.44880325513131264,0.5886969208933056,0.0,0.0,0.0,0.0,0.0,0.0,0.0,0.0,0.0,1.0,0.0,0.0,0.0,0.0,0.0,0.0,0.0,0.0,0.0,0.0,0.0,0.0,0.0,0.0,0.0,0.0,0.0,0.0,0.0,0.0,0.0,0.0,0.0,0.0,0.0,0.0,0.0,0.0,0.0,0.0,0.0,0.0,0.0,0.0,0.0,0.0,0.0,0.0,0.0,0.0,0.0
67.97478011732574,54.15668472821294,118.63659993574753,990.0,528.0,3.64831979815724,82.82382520426364,0.8258042068772615,1.0677603007085823,0.6930521729091983,4.176838768203877,5.0,0.0,0.0,4.197067377555066,1.5149343972178824,0.36280530567241837,0.3951930077649657,0.0,0.0,0.0,0.0,0.0,0.0,0.0,0.0,0.0,0.0,0.0,0.0,0.0,0.0,0.0,0.0,0.0,0.0,0.0,0.0,0.0,0.0,0.0,0.0,0.0,0.0,0.0,0.0,0.0,0.0,0.0,0.0,0.0,0.0,0.0,0.0,0.0,0.0,1.0,0.0,0.0,0.0,0.0,0.0,0.0,0.0,0.0,0.0,0.0,0.0,0.0
79.07143681810877,29.579022064894787,177.2296211446737,699.0,236.0,6.119394312853429,80.20552822207677,0.9784759298092838,1.0353260632954515,0.566253431111255,8.534701189853868,3.0,4.0,1.0,4.42816945166844,0.9591835124026638,0.26514412203819004,0.6393134505912706,0.0,0.0,0.0,0.0,0.0,0.0,0.0,0.0,0.0,0.0,0.0,0.0,0.0,0.0,0.0,0.0,0.0,0.0,0.0,0.0,0.0,0.0,0.0,0.0,0.0,0.0,0.0,0.0,0.0,0.0,0.0,0.0,0.0,0.0,0.0,0.0,0.0,0.0,0.0,0.0,0.0,0.0,0.0,1.0,0.0,0.0,0.0,0.0,0.0,0.0,0.0
73.65905037371023,57.70911486542856,114.5242714438119,1032.0,265.0,6.243811838458366,89.63677099807857,0.9589593878753242,1.3161428979914995,0.8883555769918156,9.15592102212782,4.0,5.0,12.0,4.624172434040252,0.9591835124026638,0.3123246984509909,0.7034325987734595,0.0,0.0,0.0,0.0,0.0,0.0,0.0,0.0,0.0,0.0,0.0,0.0,0.0,0.0,0.0,0.0,0.0,0.0,0.0,0.0,0.0,1.0,0.0,0.0,0.0,0.0,0.0,0.0,0.0,0.0,0.0,0.0,0.0,0.0,0.0,0.0,0.0,0.0,0.0,0.0,0.0,0.0,0.0,0.0,0.0,0.0,0.0,0.0,0.0,0.0,0.0
74.23847545729978,36.54673595270584,107.36877759929178,658.0,379.0,2.2343582233740444,83.10665035067413,0.728634971210887,0.9490843929869917,0.6306966329844509,4.67491329935334,6.0,0.0,0.0,4.639413602990061,1.5244935548346707,0.41120842165870175,0.38152842036780066,0.0,0.0,0.0,0.0,0.0,0.0,0.0,0.0,0.0,0.0,1.0,0.0,0.0,0.0,0.0,0.0,0.0,0.0,0.0,0.0,0.0,0.0,0.0,0.0,0.0,0.0,0.0,0.0,0.0,0.0,0.0,0.0,0.0,0.0,0.0,0.0,0.0,0.0,0.0,0.0,0.0,0.0,0.0,0.0,0.0,0.0,0.0,0.0,0.0,0.0,0.0
68.86069755863471,59.735230922757694,158.96229651551374,907.0,323.0,3.837794808157222,89.55009781603295,0.9926442555264852,1.4314447119055171,0.9317088035336144,2.9236645408911146,6.0,5.0,10.0,4.435697665387683,1.451094882942228,0.34725615532336457,0.43485965677212557,0.0,0.0,0.0,0.0,0.0,0.0,0.0,0.0,0.0,0.0,0.0,0.0,0.0,0.0,0.0,0.0,0.0,0.0,0.0,0.0,0.0,0.0,0.0,0.0,0.0,0.0,1.0,0.0,0.0,0.0,0.0,0.0,0.0,0.0,0.0,0.0,0.0,0.0,0.0,0.0,0.0,0.0,0.0,0.0,0.0,0.0,0.0,0.0,0.0,0.0,0.0
74.18646047504718,29.630440228402502,90.57017758995408,1064.0,192.0,4.557521925192064,91.98072891911588,0.9885983825761564,1.4440478015819995,0.9609075443881496,5.386317165803547,6.0,0.0,12.0,4.4362319294970085,1.3542943896649304,0.3336035236350751,0.5546325539138568,0.0,0.0,0.0,0.0,0.0,1.0,0.0,0.0,0.0,0.0,0.0,0.0,0.0,0.0,0.0,0.0,0.0,0.0,0.0,0.0,0.0,0.0,0.0,0.0,0.0,0.0,0.0,0.0,0.0,0.0,0.0,0.0,0.0,0.0,0.0,0.0,0.0,0.0,0.0,0.0,0.0,0.0,0.0,0.0,0.0,0.0,0.0,0.0,0.0,0.0,0.0
60.36253302692224,36.873178630969846,122.576761484088,1080.0,445.0,5.690651764739222,94.69666298737886,0.9511045107241696,1.104766400988603,0.5765212188724977,2.8091532050128745,7.0,6.0,12.0,4.030458463181411,1.3691188889211618,0.2981671336154324,0.38418160945393465,0.0,0.0,0.0,0.0,0.0,0.0,0.0,0.0,0.0,0.0,0.0,0.0,0.0,0.0,0.0,0.0,0.0,0.0,0.0,0.0,0.0,0.0,0.0,0.0,0.0,0.0,0.0,0.0,0.0,0.0,0.0,1.0,0.0,0.0,0.0,0.0,0.0,0.0,0.0,0.0,0.0,0.0,0.0,0.0,0.0,0.0,0.0,0.0,0.0,0.0,0.0
70.76639446649688,49.38662362025856,136.30629066006333,1195.0,401.0,2.5246171992616526,77.12676639827811,0.8795466622006717,1.4143075376756569,0.4123135971658389,5.777502061213239,4.0,6.0,3.0,5.096438334622281,1.5828270407546432,0.4532579305664735,0.7424254765579259,0.0,0.0,0.0,0.0,0.0,0.0,0.0,0.0,0.0,0.0,0.0,0.0,0.0,0.0,0.0,0.0,0.0,0.0,0.0,0.0,0.0,0.0,0.0,0.0,0.0,0.0,0.0,0.0,0.0,0.0,0.0,0.0,0.0,0.0,0.0,1.0,0.0,0.0,0.0,0.0,0.0,0.0,0.0,0.0,0.0,0.0,0.0,0.0,0.0,0.0,0.0
57.696561469347934,54.192913499287336,170.08879905700485,806.0,350.0,6.615511476753729,92.19275876246289,0.9583373472441904,1.4104133492258182,0.6783844858625325,5.52348479973519,6.0,6.0,8.0,4.76097801842367,1.5147135567964687,0.37966846398666176,0.638960108395072,0.0,0.0,0.0,0.0,0.0,0.0,0.0,0.0,0.0,0.0,0.0,0.0,0.0,0.0,0.0,0.0,0.0,0.0,0.0,0.0,0.0,0.0,0.0,0.0,0.0,0.0,0.0,0.0,0.0,0.0,0.0,0.0,0.0,0.0,0.0,0.0,0.0,0.0,0.0,0.0,0.0,0.0,0.0,1.0,0.0,0.0,0.0,0.0,0.0,0.0,0.0
76.38665202277616,26.073621675759814,86.39536034239724,530.0,192.0,2.502767047303143,76.18329062688949,0.9323924825156502,1.181555323218273,0.6832603970170251,8.050018399833498,5.0,2.0,7.0,4.689969175777479,1.040771516907883,0.3628766183187456,0.6491971834565375,0.0,0.0,0.0,0.0,0.0,0.0,0.0,0.0,0.0,0.0,0.0,0.0,0.0,0.0,0.0,1.0,0.0,0.0,0.0,0.0,0.0,0.0,0.0,0.0,0.0,0.0,0.0,0.0,0.0,0.0,0.0,0.0,0.0,0.0,0.0,0.0,0.0,0.0,0.0,0.0,0.0,0.0,0.0,0.0,0.0,0.0,0.0,0.0,0.0,0.0,0.0
72.48836498258972,36.09982576257218,132.6566918457725,780.0,342.0,2.396884348769486,81.54999942490537,0.7887429957952685,1.3301967412777436,0.4484784572727408,1.6469564287539251,4.0,1.0,17.0,4.593407953587676,1.779312145277309,0.42865293126527054,0.48159901087170803,0.0,0.0,0.0,0.0,0.0,0.0,0.0,0.0,0.0,0.0,0.0,0.0,0.0,0.0,0.0,0.0,0.0,0.0,0.0,0.0,0.0,0.0,0.0,0.0,0.0,0.0,0.0,0.0,0.0,0.0,0.0,0.0,0.0,0.0,1.0,0.0,0.0,0.0,0.0,0.0,0.0,0.0,0.0,0.0,0.0,0.0,0.0,0.0,0.0,0.0,0.0
73.64080211110124,49.54284056087679,188.6149689375819,1463.0,258.0,5.5792841593334135,90.01079510324557,0.7664250484306665,1.2642429232141037,0.8472296796561829,0.6581242180142433,5.0,5.0,0.0,4.199233251726366,1.3941383412560906,0.34302370557417183,0.26602380146829163,0.0,0.0,0.0,0.0,0.0,0.0,0.0,0.0,0.0,0.0,0.0,0.0,0.0,0.0,0.0,0.0,0.0,0.0,0.0,0.0,0.0,0.0,0.0,0.0,0.0,0.0,0.0,0.0,0.0,0.0,0.0,0.0,0.0,0.0,0.0,0.0,0.0,0.0,0.0,0.0,0.0,0.0,0.0,0.0,0.0,0.0,0.0,0.0,1.0,0.0,0.0
70.49127267237489,38.003898111496405,194.3309576743543,1173.0,112.0,2.966249599963521,73.11794599076622,0.8326271566338331,1.4774235889336338,0.9715148071878702,0.9324995793596392,5.0,6.0,19.0,4.193493433638475,1.3939517069945324,0.36967389045952354,0.34496418193044043,0.0,0.0,0.0,1.0,0.0,0.0,0.0,0.0,0.0,0.0,0.0,0.0,0.0,0.0,0.0,0.0,0.0,0.0,0.0,0.0,0.0,0.0,0.0,0.0,0.0,0.0,0.0,0.0,0.0,0.0,0.0,0.0,0.0,0.0,0.0,0.0,0.0,0.0,0.0,0.0,0.0,0.0,0.0,0.0,0.0,0.0,0.0,0.0,0.0,0.0,0.0
59.32118577291572,31.80110046846032,127.89445029748846,497.0,542.0,5.303647815641944,79.66679106632695,0.9355772829660776,0.9290536087596044,0.5309282942397516,2.5491005276320013,5.0,3.0,5.0,4.915012545481556,1.3648589240881221,0.40603919475520645,0.2984449509104836,0.0,0.0,0.0,0.0,0.0,0.0,0.0,0.0,0.0,0.0,0.0,0.0,0.0,0.0,0.0,0.0,0.0,0.0,0.0,0.0,0.0,0.0,0.0,0.0,0.0,0.0,0.0,0.0,0.0,0.0,0.0,0.0,0.0,0.0,0.0,0.0,0.0,0.0,0.0,0.0,0.0,0.0,0.0,1.0,0.0,0.0,0.0,0.0,0.0,0.0,0.0
73.45000403246202,58.91553497063714,105.96338108678702,365.0,595.0,2.8819843145231387,73.88585148460379,0.7687626687837099,1.3260589814253811,0.7684953685301709,7.812793080298343,5.0,6.0,7.0,4.501618071394831,1.5569619343838517,0.41679419336429385,0.6812026454906317,0.0,0.0,1.0,0.0,0.0,0.0,0.0,0.0,0.0,0.0,0.0,0.0,0.0,0.0,0.0,0.0,0.0,0.0,0.0,0.0,0.0,0.0,0.0,0.0,0.0,0.0,0.0,0.0,0.0,0.0,0.0,0.0,0.0,0.0,0.0,0.0,0.0,0.0,0.0,0.0,0.0,0.0,0.0,0.0,0.0,0.0,0.0,0.0,0.0,0.0,0.0
68.2499466005591,45.51357981549968,111.20262205873054,1100.0,377.0,4.493720981315128,94.38170443532256,0.9082561515958342,1.3305548831453125,0.9016219014262769,2.558888375736518,5.0,3.0,12.0,4.55431982733417,1.3543191478311785,0.3470731076851545,0.37615655831218675,0.0,0.0,0.0,0.0,1.0,0.0,0.0,0.0,0.0,0.0,0.0,0.0,0.0,0.0,0.0,0.0,0.0,0.0,0.0,0.0,0.0,0.0,0.0,0.0,0.0,0.0,0.0,0.0,0.0,0.0,0.0,0.0,0.0,0.0,0.0,0.0,0.0,0.0,0.0,0.0,0.0,0.0,0.0,0.0,0.0,0.0,0.0,0.0,0.0,0.0,0.0
73.48982636302397,39.17169979903692,175.12086653446963,1267.0,338.0,3.525117368175388,82.7101286060767,0.9808996868559574,1.308233441723183,0.5771261228395387,0.1363003200038171,3.0,5.0,13.0,5.236687793744402,0.9591835124026638,0.4108278428224966,0.3520864952013151,0.0,0.0,0.0,0.0,0.0,0.0,0.0,0.0,0.0,0.0,0.0,0.0,0.0,0.0,0.0,0.0,0.0,0.0,0.0,0.0,0.0,0.0,0.0,0.0,0.0,0.0,0.0,0.0,0.0,0.0,0.0,1.0,0.0,0.0,0.0,0.0,0.0,0.0,0.0,0.0,0.0,0.0,0.0,0.0,0.0,0.0,0.0,0.0,0.0,0.0,0.0
74.64658898247099,50.862254026647584,189.5337875158117,384.0,452.0,4.856482727222174,83.51655494798014,0.8618251858710075,1.148003729112784,0.9371701533267842,7.707556860519443,4.0,1.0,3.0,3.678582896934127,0.9591835124026638,0.26514412203819004,0.5305224552446766,0.0,0.0,0.0,0.0,0.0,0.0,0.0,0.0,0.0,0.0,0.0,0.0,0.0,0.0,0.0,0.0,0.0,0.0,0.0,0.0,0.0,0.0,0.0,0.0,0.0,0.0,0.0,0.0,0.0,0.0,0.0,0.0,1.0,0.0,0.0,0.0,0.0,0.0,0.0,0.0,0.0,0.0,0.0,0.0,0.0,0.0,0.0,0.0,0.0,0.0,0.0
68.70425001660278,44.93637271274356,178.68691912348976,322.0,252.0,2.530252628072146,76.64159795916382,0.7363831878433988,1.238051153536163,0.6274727965938053,7.485648829553105,5.0,1.0,9.0,4.450538874965855,1.5063736175064217,0.4052634550858702,0.6678571089236987,0.0,0.0,0.0,0.0,0.0,0.0,0.0,0.0,0.0,0.0,0.0,0.0,0.0,0.0,0.0,0.0,0.0,0.0,0.0,0.0,0.0,0.0,0.0,0.0,0.0,0.0,1.0,0.0,0.0,0.0,0.0,0.0,0.0,0.0,0.0,0.0,0.0,0.0,0.0,0.0,0.0,0.0,0.0,0.0,0.0,0.0,0.0,0.0,0.0,0.0,0.0
72.46170980501826,23.439830986488293,184.39683907213688,980.0,426.0,5.702930361763801,71.69571864580465,0.8727574387281837,1.4957036616607122,0.94791227456094,9.91830696573642,5.0,2.0,6.0,4.224908425156081,1.3874719271510065,0.3706094533420626,0.8115670356418222,0.0,0.0,0.0,0.0,0.0,0.0,1.0,0.0,0.0,0.0,0.0,0.0,0.0,0.0,0.0,0.0,0.0,0.0,0.0,0.0,0.0,0.0,0.0,0.0,0.0,0.0,0.0,0.0,0.0,0.0,0.0,0.0,0.0,0.0,0.0,0.0,0.0,0.0,0.0,0.0,0.0,0.0,0.0,0.0,0.0,0.0,0.0,0.0,0.0,0.0,0.0
71.61269653804942,26.75567242590782,71.24252641196459,809.0,386.0,4.954360200285255,74.61340339250742,0.8132366229646106,1.2751405880844588,0.768693878311524,9.835900244764296,3.0,0.0,10.0,4.504755242202548,1.2144479262189338,0.3784612414268602,0.7568715930402996,0.0,0.0,0.0,0.0,0.0,0.0,0.0,0.0,0.0,0.0,0.0,0.0,0.0,0.0,0.0,0.0,0.0,0.0,0.0,0.0,0.0,1.0,0.0,0.0,0.0,0.0,0.0,0.0,0.0,0.0,0.0,0.0,0.0,0.0,0.0,0.0,0.0,0.0,0.0,0.0,0.0,0.0,0.0,0.0,0.0,0.0,0.0,0.0,0.0,0.0,0.0
71.66609252748131,41.203545456131735,84.07913874219693,312.0,501.0,5.703112689494756,90.00050705888638,0.7443091089790219,1.1924714986436382,0.9295975593500282,4.546414314116531,4.0,5.0,7.0,4.883006965006876,1.4613128862498805,0.4109337600892265,0.3971483472021774,0.0,0.0,0.0,0.0,0.0,0.0,0.0,0.0,0.0,0.0,0.0,0.0,0.0,0.0,0.0,0.0,1.0,0.0,0.0,0.0,0.0,0.0,0.0,0.0,0.0,0.0,0.0,0.0,0.0,0.0,0.0,0.0,0.0,0.0,0.0,0.0,0.0,0.0,0.0,0.0,0.0,0.0,0.0,0.0,0.0,0.0,0.0,0.0,0.0,0.0,0.0
71.41402185781917,58.276083067229074,173.71184621099252,969.0,518.0,5.373153606894547,81.87241278912677,0.8204621870978884,1.0989929934561231,0.7715796314414897,9.108711950648804,6.0,1.0,11.0,4.166712530832207,1.5392285402087866,0.3649309509266922,0.6313647978122345,0.0,0.0,0.0,0.0,0.0,0.0,0.0,0.0,0.0,0.0,0.0,0.0,0.0,0.0,0.0,0.0,0.0,0.0,0.0,0.0,0.0,0.0,0.0,0.0,0.0,1.0,0.0,0.0,0.0,0.0,0.0,0.0,0.0,0.0,0.0,0.0,0.0,0.0,0.0,0.0,0.0,0.0,0.0,0.0,0.0,0.0,0.0,0.0,0.0,0.0,0.0
69.72149308404478,38.727748500603006,182.2290520087144,1278.0,197.0,3.641418006955402,85.14222793132176,0.8749119826210922,1.091466420464539,0.6011000295027717,5.718216106975801,3.0,5.0,6.0,4.42816945166844,0.9591835124026638,0.26514412203819004,0.5148668420470381,0.0,0.0,0.0,0.0,0.0,0.0,0.0,0.0,0.0,0.0,0.0,0.0,0.0,0.0,0.0,0.0,0.0,0.0,0.0,0.0,0.0,0.0,0.0,0.0,0.0,0.0,0.0,0.0,0.0,0.0,0.0,0.0,0.0,0.0,0.0,0.0,0.0,0.0,0.0,0.0,0.0,0.0,0.0,0.0,0.0,0.0,1.0,0.0,0.0,0.0,0.0
60.38392799516559,52.87776230928476,131.7329815910748,852.0,533.0,6.923768953023068,82.86728894564057,0.8036546100897306,1.3057132193166203,0.5187680862374362,7.815741218378982,4.0,1.0,10.0,5.236687793744402,1.0963441996193783,0.4264982500985299,0.7545195304601355,0.0,0.0,0.0,0.0,0.0,0.0,0.0,0.0,0.0,0.0,0.0,0.0,0.0,0.0,0.0,0.0,0.0,0.0,0.0,0.0,0.0,0.0,0.0,0.0,0.0,0.0,0.0,0.0,0.0,0.0,0.0,0.0,0.0,0.0,0.0,1.0,0.0,0.0,0.0,0.0,0.0,0.0,0.0,0.0,0.0,0.0,0.0,0.0,0.0,0.0,0.0
67.37889086181627,38.69518888823315,80.01693615930188,922.0,162.0,2.4427090312199806,79.70441457126024,0.8903606844378906,1.098326060590474,0.8384615984159702,9.097902102577986,4.0,6.0,8.0,4.945082388054437,1.2959015390416737,0.40650795546302815,0.6081667371085249,0.0,0.0,1.0,0.0,0.0,0.0,0.0,0.0,0.0,0.0,0.0,0.0,0.0,0.0,0.0,0.0,0.0,0.0,0.0,0.0,0.0,0.0,0.0,0.0,0.0,0.0,0.0,0.0,0.0,0.0,0.0,0.0,0.0,0.0,0.0,0.0,0.0,0.0,0.0,0.0,0.0,0.0,0.0,0.0,0.0,0.0,0.0,0.0,0.0,0.0,0.0
73.25483837912243,26.64519495203391,117.03366701789705,1117.0,490.0,6.0456394097788815,79.65175382972446,0.7695427782559572,1.3560688557732918,0.5601444800215747,0.872896889450161,4.0,1.0,13.0,4.53094660718004,0.9591835124026638,0.3010297420625268,0.41854916081435756,0.0,0.0,0.0,0.0,0.0,0.0,0.0,0.0,0.0,0.0,0.0,0.0,0.0,0.0,0.0,0.0,0.0,0.0,0.0,0.0,0.0,0.0,0.0,0.0,0.0,0.0,0.0,0.0,0.0,0.0,0.0,0.0,0.0,0.0,0.0,0.0,0.0,0.0,0.0,0.0,0.0,0.0,0.0,0.0,0.0,1.0,0.0,0.0,0.0,0.0,0.0
73.77654753645771,22.19474742802831,88.60033052262654,1250.0,541.0,4.756098155558132,94.22470532879336,0.8136083880942223,1.358127436548351,0.4082330621893661,2.976666359487089,7.0,6.0,22.0,4.487167539689948,1.3535504253055362,0.3509582442665649,0.5755387889825415,0.0,0.0,0.0,0.0,0.0,0.0,0.0,0.0,0.0,0.0,0.0,0.0,0.0,0.0,0.0,0.0,0.0,0.0,0.0,0.0,0.0,1.0,0.0,0.0,0.0,0.0,0.0,0.0,0.0,0.0,0.0,0.0,0.0,0.0,0.0,0.0,0.0,0.0,0.0,0.0,0.0,0.0,0.0,0.0,0.0,0.0,0.0,0.0,0.0,0.0,0.0
78.04850367483623,37.04597186876928,117.34407487050102,1095.0,348.0,5.1483348831703815,86.6057325515263,0.8989111647800206,1.0288383307397275,0.8183615929390167,1.816546292530653,4.0,6.0,22.0,3.9627707841967896,1.560068194765366,0.33193303283136966,0.21579815847071754,0.0,0.0,0.0,0.0,0.0,0.0,0.0,0.0,0.0,0.0,0.0,0.0,0.0,0.0,0.0,0.0,0.0,0.0,0.0,0.0,0.0,0.0,0.0,0.0,0.0,0.0,0.0,0.0,0.0,0.0,0.0,0.0,0.0,0.0,0.0,0.0,0.0,0.0,0.0,0.0,0.0,0.0,0.0,0.0,0.0,0.0,0.0,0.0,1.0,0.0,0.0
66.89379970489732,44.8220798118074,183.5760600553126,1350.0,385.0,4.865460466633511,71.94105707495078,0.865160130040194,1.1646735889730315,0.716578320400203,5.720647718358939,4.0,1.0,8.0,4.621345550856898,1.4860107284865602,0.4146468514350991,0.5130847698300388,0.0,0.0,0.0,0.0,0.0,0.0,0.0,0.0,0.0,1.0,0.0,0.0,0.0,0.0,0.0,0.0,0.0,0.0,0.0,0.0,0.0,0.0,0.0,0.0,0.0,0.0,0.0,0.0,0.0,0.0,0.0,0.0,0.0,0.0,0.0,0.0,0.0,0.0,0.0,0.0,0.0,0.0,0.0,0.0,0.0,0.0,0.0,0.0,0.0,0.0,0.0
75.31629480814085,49.68434513972914,195.1966528790437,434.0,493.0,6.259704102436804,72.59064709955506,0.9636241393704046,1.2938044095472887,0.9650958476383422,9.605316662215335,6.0,2.0,22.0,4.5114083192248575,1.4279198403478208,0.38842639027782383,0.6891224759062382,0.0,0.0,0.0,0.0,0.0,0.0,0.0,0.0,0.0,0.0,0.0,0.0,0.0,0.0,0.0,0.0,0.0,0.0,0.0,0.0,0.0,0.0,0.0,0.0,0.0,0.0,0.0,0.0,0.0,0.0,0.0,0.0,0.0,0.0,0.0,0.0,0.0,0.0,0.0,0.0,0.0,1.0,0.0,0.0,0.0,0.0,0.0,0.0,0.0,0.0,0.0
71.4536204438313,21.84573263294576,130.89887725320978,1252.0,585.0,3.756062810432674,74.02983684053665,0.7077531927257144,1.3774344986714526,0.4103893890389658,7.090762092431042,6.0,0.0,14.0,4.524223391018262,1.4487445209523966,0.41423410409665334,0.7903176592540502,0.0,0.0,0.0,0.0,0.0,0.0,0.0,0.0,0.0,0.0,0.0,1.0,0.0,0.0,0.0,0.0,0.0,0.0,0.0,0.0,0.0,0.0,0.0,0.0,0.0,0.0,0.0,0.0,0.0,0.0,0.0,0.0,0.0,0.0,0.0,0.0,0.0,0.0,0.0,0.0,0.0,0.0,0.0,0.0,0.0,0.0,0.0,0.0,0.0,0.0,0.0
72.28868667389987,25.32503935251613,162.05634040716194,510.0,259.0,2.737738076171359,90.9619463786924,0.7306138792417048,1.3574382325884744,0.6882288708160809,7.714381539925084,4.0,4.0,4.0,5.236687793744402,1.504253665279472,0.445271180013775,0.7187749472428913,0.0,0.0,0.0,0.0,0.0,0.0,0.0,0.0,0.0,0.0,0.0,0.0,0.0,0.0,0.0,0.0,0.0,0.0,0.0,0.0,0.0,0.0,0.0,0.0,0.0,0.0,0.0,0.0,0.0,0.0,0.0,0.0,0.0,0.0,0.0,0.0,1.0,0.0,0.0,0.0,0.0,0.0,0.0,0.0,0.0,0.0,0.0,0.0,0.0,0.0,0.0
76.82257785094001,42.56451946063426,125.78428864772468,1304.0,582.0,5.821488855543852,72.71350550303823,0.9802946522865662,1.3074217924284393,0.8074887000394548,3.2413807257932725,6.0,2.0,15.0,4.088058301219024,1.3796748831952672,0.34521460334707715,0.43014401787653644,0.0,0.0,0.0,0.0,0.0,0.0,0.0,0.0,0.0,0.0,0.0,0.0,0.0,0.0,0.0,0.0,0.0,0.0,0.0,0.0,0.0,0.0,0.0,0.0,0.0,0.0,0.0,0.0,0.0,0.0,0.0,0.0,0.0,0.0,0.0,0.0,0.0,0.0,1.0,0.0,0.0,0.0,0.0,0.0,0.0,0.0,0.0,0.0,0.0,0.0,0.0
78.10566903500006,40.05455245131594,115.54682083914004,1397.0,371.0,6.290792640204687,92.44514848515854,0.8068310850726874,1.1136663280697483,0.9328945367440636,8.56596287154512,3.0,5.0,20.0,4.42816945166844,0.9591835124026638,0.26514412203819004,0.5577113990625951,1.0,0.0,0.0,0.0,0.0,0.0,0.0,0.0,0.0,0.0,0.0,0.0,0.0,0.0,0.0,0.0,0.0,0.0,0.0,0.0,0.0,0.0,0.0,0.0,0.0,0.0,0.0,0.0,0.0,0.0,0.0,0.0,0.0,0.0,0.0,0.0,0.0,0.0,0.0,0.0,0.0,0.0,0.0,0.0,0.0,0.0,0.0,0.0,0.0,0.0,0.0
61.48664860826864,54.77846071108636,124.2361790915791,1053.0,181.0,3.452621759012991,73.4258542994803,0.9667058142842576,1.490141061828501,0.9689427038940972,2.696398236136033,4.0,4.0,7.0,5.077612183148536,1.8473826609583988,0.4778334786528747,0.44043869446396294,0.0,0.0,0.0,0.0,0.0,0.0,0.0,0.0,0.0,0.0,0.0,0.0,0.0,0.0,0.0,0.0,0.0,0.0,0.0,0.0,0.0,0.0,0.0,0.0,0.0,0.0,0.0,0.0,0.0,0.0,0.0,0.0,0.0,0.0,0.0,0.0,0.0,0.0,0.0,0.0,0.0,1.0,0.0,0.0,0.0,0.0,0.0,0.0,0.0,0.0,0.0
70.94388557893402,39.8952412465445,163.11745743959693,697.0,219.0,2.7558677215047407,91.28605930926037,0.8111357102710927,1.0105559107964524,0.5913074744489359,1.4996630229083252,5.0,4.0,0.0,4.871046451699227,1.3651939915689377,0.39146616503618187,0.26657830409706207,0.0,0.0,0.0,0.0,0.0,0.0,0.0,0.0,0.0,0.0,0.0,0.0,0.0,0.0,0.0,0.0,0.0,0.0,0.0,0.0,0.0,0.0,0.0,0.0,0.0,0.0,0.0,0.0,0.0,0.0,0.0,0.0,0.0,0.0,0.0,0.0,0.0,0.0,0.0,0.0,0.0,0.0,0.0,0.0,0.0,0.0,0.0,0.0,0.0,1.0,0.0
79.41984071693172,40.18573186733165,179.5156953509488,387.0,391.0,3.886861927037388,87.34182959387432,0.8942476450949559,1.3814760508479058,0.5217725145178075,3.7172582625394632,5.0,1.0,4.0,4.48212779644042,1.3226649154265344,0.3532743947458244,0.5863813314604848,0.0,0.0,0.0,0.0,0.0,0.0,0.0,0.0,0.0,0.0,0.0,0.0,0.0,0.0,0.0,0.0,0.0,0.0,0.0,0.0,0.0,0.0,0.0,0.0,0.0,0.0,0.0,1.0,0.0,0.0,0.0,0.0,0.0,0.0,0.0,0.0,0.0,0.0,0.0,0.0,0.0,0.0,0.0,0.0,0.0,0.0,0.0,0.0,0.0,0.0,0.0
70.82771675976963,51.776800428811214,160.50525148326415,1188.0,538.0,3.654466059403496,71.95977672893989,0.9808221687851364,1.3166410631953478,0.9099245052433884,1.944149785188784,4.0,3.0,14.0,4.583074876641887,1.1937234445039613,0.3718193616562551,0.33566510363249513,0.0,0.0,0.0,0.0,0.0,0.0,0.0,0.0,0.0,0.0,0.0,0.0,0.0,0.0,0.0,0.0,0.0,0.0,1.0,0.0,0.0,0.0,0.0,0.0,0.0,0.0,0.0,0.0,0.0,0.0,0.0,0.0,0.0,0.0,0.0,0.0,0.0,0.0,0.0,0.0,0.0,0.0,0.0,0.0,0.0,0.0,0.0,0.0,0.0,0.0,0.0
71.37487295765193,29.460508843533933,101.68163552661444,1167.0,449.0,5.94644332717732,93.8414271413646,0.941780932890884,1.4246812910086764,0.7719737278969043,7.245459906054801,4.0,2.0,0.0,5.1267082190219595,1.642923358670682,0.4219665843140009,0.7010170058531915,0.0,0.0,0.0,0.0,0.0,0.0,0.0,0.0,0.0,0.0,0.0,0.0,0.0,0.0,0.0,0.0,0.0,0.0,0.0,0.0,0.0,0.0,0.0,0.0,0.0,0.0,0.0,0.0,0.0,0.0,0.0,0.0,0.0,0.0,0.0,1.0,0.0,0.0,0.0,0.0,0.0,0.0,0.0,0.0,0.0,0.0,0.0,0.0,0.0,0.0,0.0
79.94630198749317,33.63176603402347,195.3520378841916,1361.0,186.0,3.597921123372854,88.3250553268982,0.7186992174615049,1.3064118068971189,0.9305888888661172,5.000991832931204,5.0,1.0,4.0,4.676674090184154,1.5322811505227787,0.4057381783604268,0.47658740445349024,0.0,0.0,0.0,0.0,0.0,0.0,0.0,0.0,0.0,0.0,0.0,0.0,0.0,0.0,0.0,0.0,0.0,0.0,0.0,0.0,0.0,0.0,0.0,0.0,0.0,0.0,0.0,0.0,0.0,0.0,0.0,0.0,0.0,0.0,0.0,0.0,0.0,0.0,0.0,0.0,0.0,0.0,0.0,0.0,0.0,0.0,1.0,0.0,0.0,0.0,0.0
64.03987757790547,42.154565623814136,182.5630356773481,713.0,231.0,4.630686773476571,72.25853487683459,0.797466957291002,1.1557328696660774,0.8977687869444747,3.550578740667394,7.0,4.0,9.0,4.218239581869941,1.3801774746864681,0.37573840952557963,0.3395610096485211,0.0,0.0,0.0,1.0,0.0,0.0,0.0,0.0,0.0,0.0,0.0,0.0,0.0,0.0,0.0,0.0,0.0,0.0,0.0,0.0,0.0,0.0,0.0,0.0,0.0,0.0,0.0,0.0,0.0,0.0,0.0,0.0,0.0,0.0,0.0,0.0,0.0,0.0,0.0,0.0,0.0,0.0,0.0,0.0,0.0,0.0,0.0,0.0,0.0,0.0,0.0
70.58693749848699,52.75073290796348,138.39488361629097,1459.0,453.0,2.139523723400537,94.5905919911816,0.8618026744010661,1.4994007314236386,0.8914139508554746,9.896373320449912,5.0,4.0,1.0,4.252994799701761,1.2802334146370755,0.31811063543349144,0.8311776665300961,0.0,0.0,0.0,0.0,0.0,1.0,0.0,0.0,0.0,0.0,0.0,0.0,0.0,0.0,0.0,0.0,0.0,0.0,0.0,0.0,0.0,0.0,0.0,0.0,0.0,0.0,0.0,0.0,0.0,0.0,0.0,0.0,0.0,0.0,0.0,0.0,0.0,0.0,0.0,0.0,0.0,0.0,0.0,0.0,0.0,0.0,0.0,0.0,0.0,0.0,0.0
81.95644644681438,59.76943241450321,142.09978986890354,364.0,169.0,5.598461742177669,75.7565729073438,0.8099586707785358,1.3335699818784932,0.7170317040548222,1.0887086417261982,4.0,5.0,3.0,4.165110793582795,1.164099127451628,0.3422577624945836,0.3657212213175048,0.0,0.0,0.0,0.0,0.0,0.0,0.0,0.0,0.0,0.0,0.0,0.0,0.0,0.0,0.0,0.0,0.0,0.0,0.0,0.0,0.0,0.0,0.0,0.0,0.0,0.0,0.0,0.0,0.0,0.0,0.0,0.0,1.0,0.0,0.0,0.0,0.0,0.0,0.0,0.0,0.0,0.0,0.0,0.0,0.0,0.0,0.0,0.0,0.0,0.0,0.0
66.85261331847109,35.549206690776224,88.68793184417956,355.0,270.0,5.052204585589557,93.6756356560392,0.9989504722864768,1.4465526654401606,0.5888085536673452,7.196632887287427,6.0,2.0,20.0,4.551934740380659,1.6478967262660769,0.3672391259855223,0.7706563099239742,0.0,0.0,0.0,0.0,0.0,0.0,0.0,0.0,0.0,0.0,0.0,0.0,0.0,0.0,0.0,0.0,0.0,0.0,0.0,0.0,0.0,0.0,0.0,0.0,0.0,0.0,0.0,0.0,0.0,0.0,0.0,0.0,0.0,0.0,0.0,0.0,0.0,0.0,0.0,1.0,0.0,0.0,0.0,0.0,0.0,0.0,0.0,0.0,0.0,0.0,0.0
76.12165749279455,35.975813589204705,181.0534836426255,895.0,391.0,2.0349589589244736,74.98739228179313,0.9040417830280036,1.3305565631941705,0.5908028076746095,2.496146625118283,4.0,3.0,20.0,3.900147693055613,1.5319052125396948,0.3465400357706058,0.476761493734411,0.0,0.0,0.0,0.0,0.0,0.0,0.0,0.0,0.0,0.0,0.0,0.0,0.0,0.0,0.0,0.0,0.0,0.0,0.0,0.0,0.0,0.0,0.0,0.0,0.0,0.0,0.0,0.0,1.0,0.0,0.0,0.0,0.0,0.0,0.0,0.0,0.0,0.0,0.0,0.0,0.0,0.0,0.0,0.0,0.0,0.0,0.0,0.0,0.0,0.0,0.0
65.04854905348158,28.09513287263204,133.82011882572584,1380.0,534.0,3.703087218778368,79.1680709640017,0.7795333266849692,0.9902353464617762,0.8270520524466243,9.536844680132504,5.0,3.0,21.0,4.282279911482757,1.3704427042055185,0.3683337713188386,0.5798370932389683,1.0,0.0,0.0,0.0,0.0,0.0,0.0,0.0,0.0,0.0,0.0,0.0,0.0,0.0,0.0,0.0,0.0,0.0,0.0,0.0,0.0,0.0,0.0,0.0,0.0,0.0,0.0,0.0,0.0,0.0,0.0,0.0,0.0,0.0,0.0,0.0,0.0,0.0,0.0,0.0,0.0,0.0,0.0,0.0,0.0,0.0,0.0,0.0,0.0,0.0,0.0
69.33860300838892,39.94648130460537,199.0005989785476,1064.0,414.0,5.839193139182472,75.29501933228897,0.7724358720035099,1.1899188096199955,0.5776439579294007,2.603644706672111,6.0,5.0,8.0,4.557949869267497,1.2689545245998877,0.39099273473941165,0.41614331719935654,0.0,0.0,0.0,0.0,0.0,0.0,0.0,0.0,0.0,0.0,0.0,0.0,0.0,0.0,0.0,0.0,0.0,0.0,0.0,0.0,0.0,1.0,0.0,0.0,0.0,0.0,0.0,0.0,0.0,0.0,0.0,0.0,0.0,0.0,0.0,0.0,0.0,0.0,0.0,0.0,0.0,0.0,0.0,0.0,0.0,0.0,0.0,0.0,0.0,0.0,0.0
75.00706999545504,42.431451257569215,66.00752937621073,1470.0,520.0,5.2027413954572665,74.70353172293132,0.9661238727111414,1.2833324288903856,0.9992459952153608,8.294000173511836,4.0,0.0,4.0,4.170921079490865,1.4344938028686232,0.3550675051038448,0.6068753954923114,0.0,0.0,0.0,0.0,0.0,0.0,0.0,0.0,0.0,0.0,0.0,0.0,0.0,0.0,0.0,0.0,0.0,0.0,0.0,1.0,0.0,0.0,0.0,0.0,0.0,0.0,0.0,0.0,0.0,0.0,0.0,0.0,0.0,0.0,0.0,0.0,0.0,0.0,0.0,0.0,0.0,0.0,0.0,0.0,0.0,0.0,0.0,0.0,0.0,0.0,0.0
60.05171327915798,57.25664686314611,143.77840468639172,1286.0,293.0,2.691112755731385,80.9311031719065,0.7439943974547459,1.0026176840161962,0.7715397441124867,4.568211821826479,6.0,6.0,18.0,5.074736989505836,1.5941978032589117,0.45840922950986057,0.35597343337899034,0.0,0.0,0.0,0.0,0.0,0.0,0.0,0.0,0.0,0.0,0.0,0.0,0.0,0.0,0.0,0.0,0.0,0.0,0.0,0.0,0.0,0.0,0.0,0.0,0.0,0.0,0.0,0.0,0.0,0.0,0.0,0.0,0.0,0.0,0.0,1.0,0.0,0.0,0.0,0.0,0.0,0.0,0.0,0.0,0.0,0.0,0.0,0.0,0.0,0.0,0.0
67.30378084521558,39.77984724544203,87.82761412800558,1028.0,598.0,6.000637213747948,72.19892508772018,0.7557763053922747,1.005142655084824,0.4582076127101053,3.0016162547345826,4.0,4.0,0.0,4.163873964796356,1.404446257012456,0.3776318229965848,0.38343958014295765,0.0,0.0,0.0,0.0,0.0,0.0,0.0,0.0,0.0,0.0,0.0,0.0,0.0,0.0,0.0,0.0,0.0,0.0,0.0,0.0,0.0,0.0,0.0,0.0,1.0,0.0,0.0,0.0,0.0,0.0,0.0,0.0,0.0,0.0,0.0,0.0,0.0,0.0,0.0,0.0,0.0,0.0,0.0,0.0,0.0,0.0,0.0,0.0,0.0,0.0,0.0
69.23685775011322,35.150181961814056,83.68210656126415,895.0,161.0,4.616363073575703,70.67344801353579,0.9641215654871752,0.9228021747866472,0.8394279268985232,5.145701691564205,5.0,5.0,2.0,4.349533665707512,1.3580964300255278,0.37151443943480733,0.3222596903001167,0.0,0.0,0.0,0.0,0.0,0.0,1.0,0.0,0.0,0.0,0.0,0.0,0.0,0.0,0.0,0.0,0.0,0.0,0.0,0.0,0.0,0.0,0.0,0.0,0.0,0.0,0.0,0.0,0.0,0.0,0.0,0.0,0.0,0.0,0.0,0.0,0.0,0.0,0.0,0.0,0.0,0.0,0.0,0.0,0.0,0.0,0.0,0.0,0.0,0.0,0.0
75.84410454062248,37.38506148504466,65.86698803448472,1175.0,389.0,2.2369388838540294,86.19422545404855,0.9451170116877736,1.06618892926211,0.7928578339154285,6.388205865771664,4.0,2.0,7.0,4.927121534587624,1.4572618443061252,0.40190226056261286,0.47173267149056713,0.0,0.0,0.0,0.0,0.0,0.0,0.0,0.0,0.0,0.0,0.0,0.0,0.0,0.0,0.0,0.0,0.0,1.0,0.0,0.0,0.0,0.0,0.0,0.0,0.0,0.0,0.0,0.0,0.0,0.0,0.0,0.0,0.0,0.0,0.0,0.0,0.0,0.0,0.0,0.0,0.0,0.0,0.0,0.0,0.0,0.0,0.0,0.0,0.0,0.0,0.0
60.713840990359735,43.830436200463005,144.16412101641197,566.0,261.0,4.296614083345626,72.64123888767126,0.9269172304621672,0.9651935183005368,0.7895657201508588,5.7973031391850185,4.0,2.0,23.0,3.678582896934127,1.2976013160945234,0.292644057114348,0.39271982706414854,0.0,0.0,0.0,0.0,0.0,0.0,0.0,0.0,0.0,0.0,0.0,0.0,0.0,0.0,0.0,0.0,0.0,0.0,0.0,0.0,1.0,0.0,0.0,0.0,0.0,0.0,0.0,0.0,0.0,0.0,0.0,0.0,0.0,0.0,0.0,0.0,0.0,0.0,0.0,0.0,0.0,0.0,0.0,0.0,0.0,0.0,0.0,0.0,0.0,0.0,0.0
81.53933272388952,31.473570731397885,154.37003187670103,721.0,421.0,6.54091171533807,76.33917233229093,0.7304256296545386,1.013578879231375,0.4442142034797837,9.9492256453709,3.0,4.0,18.0,3.694608102573216,0.9591835124026638,0.26514412203819004,0.7399337049811254,0.0,0.0,0.0,0.0,0.0,0.0,0.0,0.0,0.0,0.0,0.0,0.0,0.0,0.0,0.0,0.0,0.0,0.0,0.0,0.0,0.0,0.0,0.0,0.0,0.0,0.0,0.0,0.0,0.0,1.0,0.0,0.0,0.0,0.0,0.0,0.0,0.0,0.0,0.0,0.0,0.0,0.0,0.0,0.0,0.0,0.0,0.0,0.0,0.0,0.0,0.0
78.52519662816167,37.842772449492266,122.67640297572277,616.0,332.0,6.676783458715105,72.79641699366998,0.7640659412609587,1.0123327086162637,0.744157243931834,4.538829561158666,5.0,1.0,18.0,4.1837725863929025,1.3387851168815088,0.37106337748708323,0.36850526632328795,0.0,0.0,0.0,0.0,0.0,0.0,0.0,0.0,0.0,0.0,0.0,0.0,0.0,0.0,0.0,0.0,0.0,0.0,0.0,1.0,0.0,0.0,0.0,0.0,0.0,0.0,0.0,0.0,0.0,0.0,0.0,0.0,0.0,0.0,0.0,0.0,0.0,0.0,0.0,0.0,0.0,0.0,0.0,0.0,0.0,0.0,0.0,0.0,0.0,0.0,0.0
70.00318843273574,39.863361290586994,81.6224000350961,1144.0,439.0,5.977708065135769,93.92585745127292,0.8973534248066398,1.0889160857478983,0.504469361857363,4.269436627792195,6.0,3.0,19.0,4.3887168407361346,1.3762248510274437,0.3368133851201255,0.4733581632503849,0.0,0.0,0.0,0.0,0.0,0.0,1.0,0.0,0.0,0.0,0.0,0.0,0.0,0.0,0.0,0.0,0.0,0.0,0.0,0.0,0.0,0.0,0.0,0.0,0.0,0.0,0.0,0.0,0.0,0.0,0.0,0.0,0.0,0.0,0.0,0.0,0.0,0.0,0.0,0.0,0.0,0.0,0.0,0.0,0.0,0.0,0.0,0.0,0.0,0.0,0.0
72.45798378227879,48.79568558925391,68.26641240905339,888.0,129.0,5.770229564302053,90.89627038396716,0.9767674049076532,1.0497111060079716,0.5008192060226601,1.705799646079793,6.0,5.0,14.0,4.196633621107573,1.3198540901803122,0.31290073378517114,0.32669127148291055,0.0,0.0,0.0,1.0,0.0,0.0,0.0,0.0,0.0,0.0,0.0,0.0,0.0,0.0,0.0,0.0,0.0,0.0,0.0,0.0,0.0,0.0,0.0,0.0,0.0,0.0,0.0,0.0,0.0,0.0,0.0,0.0,0.0,0.0,0.0,0.0,0.0,0.0,0.0,0.0,0.0,0.0,0.0,0.0,0.0,0.0,0.0,0.0,0.0,0.0,0.0
74.65771292128814,25.81332958055727,147.21964284464826,832.0,479.0,6.532869336373805,93.97322660449318,0.9677733258314084,1.2029120835198492,0.4827825822839934,5.755478451301947,6.0,4.0,17.0,4.476186828317711,1.610907762740228,0.359664802673212,0.6120004306368634,0.0,0.0,0.0,0.0,0.0,0.0,0.0,0.0,0.0,0.0,0.0,0.0,0.0,0.0,0.0,0.0,0.0,0.0,0.0,0.0,0.0,0.0,0.0,0.0,0.0,0.0,0.0,0.0,0.0,0.0,0.0,0.0,0.0,1.0,0.0,0.0,0.0,0.0,0.0,0.0,0.0,0.0,0.0,0.0,0.0,0.0,0.0,0.0,0.0,0.0,0.0
61.04014541208292,39.81425698117239,198.4942938583752,1015.0,227.0,3.70240786837913,70.3623983691924,0.8331171045022541,1.2667920090098168,0.8629315169759466,2.477451387521424,4.0,2.0,4.0,4.665349144171075,1.8358170522653228,0.45822097350743535,0.35308291103002865,0.0,0.0,0.0,0.0,0.0,0.0,0.0,0.0,0.0,0.0,0.0,1.0,0.0,0.0,0.0,0.0,0.0,0.0,0.0,0.0,0.0,0.0,0.0,0.0,0.0,0.0,0.0,0.0,0.0,0.0,0.0,0.0,0.0,0.0,0.0,0.0,0.0,0.0,0.0,0.0,0.0,0.0,0.0,0.0,0.0,0.0,0.0,0.0,0.0,0.0,0.0
72.34597668306026,54.7527996062301,135.12648440847067,649.0,465.0,3.659827389470349,73.6357389971137,0.7108253720317127,0.906783441712698,0.4402874408967521,0.5918326947144326,5.0,3.0,4.0,4.421183164765521,1.273844008319797,0.3890852977392081,0.2196267693896256,0.0,0.0,0.0,0.0,0.0,0.0,0.0,0.0,0.0,0.0,0.0,0.0,0.0,0.0,0.0,0.0,0.0,0.0,0.0,0.0,0.0,0.0,0.0,0.0,0.0,0.0,0.0,0.0,0.0,0.0,0.0,0.0,0.0,0.0,0.0,0.0,0.0,0.0,0.0,0.0,0.0,0.0,0.0,0.0,1.0,0.0,0.0,0.0,0.0,0.0,0.0
66.52323706406338,52.82379937705246,187.2513458093018,1292.0,121.0,5.558355303714125,74.63738406912474,0.8490824287209371,1.1820816561095262,0.4216283273096339,8.673228514634514,7.0,2.0,2.0,4.559004021885458,1.3358894788780669,0.39112549306447364,0.7679667670780301,0.0,0.0,0.0,0.0,0.0,0.0,0.0,0.0,0.0,0.0,0.0,0.0,0.0,0.0,0.0,0.0,0.0,0.0,0.0,0.0,0.0,0.0,0.0,0.0,0.0,0.0,0.0,0.0,0.0,0.0,0.0,0.0,0.0,0.0,0.0,0.0,0.0,0.0,0.0,0.0,0.0,0.0,0.0,0.0,0.0,1.0,0.0,0.0,0.0,0.0,0.0
75.41300200988582,24.93863450109872,122.18280217111996,532.0,255.0,6.117599917490362,76.98595861780383,0.7775329088868073,1.1286798752154272,0.9646627195098976,7.542409104988788,5.0,0.0,23.0,4.542158120279602,1.4827349487703454,0.4061436517375937,0.503412027536059,0.0,0.0,0.0,0.0,0.0,0.0,0.0,0.0,0.0,0.0,1.0,0.0,0.0,0.0,0.0,0.0,0.0,0.0,0.0,0.0,0.0,0.0,0.0,0.0,0.0,0.0,0.0,0.0,0.0,0.0,0.0,0.0,0.0,0.0,0.0,0.0,0.0,0.0,0.0,0.0,0.0,0.0,0.0,0.0,0.0,0.0,0.0,0.0,0.0,0.0,0.0
64.02292369243465,36.63171291794593,50.6501337664626,704.0,326.0,5.567033611523586,79.67677942232945,0.7447039762435267,1.31032865944598,0.7745318059720812,4.606143140435419,4.0,2.0,17.0,3.904924948291181,1.523171418364081,0.3526752175499753,0.5108805104428502,0.0,0.0,0.0,0.0,0.0,0.0,0.0,0.0,0.0,0.0,0.0,0.0,0.0,0.0,0.0,0.0,0.0,0.0,0.0,0.0,0.0,0.0,0.0,0.0,0.0,0.0,0.0,0.0,0.0,0.0,1.0,0.0,0.0,0.0,0.0,0.0,0.0,0.0,0.0,0.0,0.0,0.0,0.0,0.0,0.0,0.0,0.0,0.0,0.0,0.0,0.0
70.47132024033213,30.994664218699263,90.01805456047992,734.0,367.0,6.713960187904871,74.19109804227371,0.9792857199265876,1.0662887843539743,0.5900374664579503,3.596877073597742,5.0,3.0,14.0,3.8407756130028736,1.1659841638334807,0.3005251139846377,0.39982358827707987,0.0,0.0,0.0,0.0,0.0,0.0,0.0,1.0,0.0,0.0,0.0,0.0,0.0,0.0,0.0,0.0,0.0,0.0,0.0,0.0,0.0,0.0,0.0,0.0,0.0,0.0,0.0,0.0,0.0,0.0,0.0,0.0,0.0,0.0,0.0,0.0,0.0,0.0,0.0,0.0,0.0,0.0,0.0,0.0,0.0,0.0,0.0,0.0,0.0,0.0,0.0
68.91899884576368,38.21895979176534,90.6818050432974,623.0,511.0,6.239739834491576,87.2418143495039,0.8399261202665973,1.313305492673285,0.5295164677804665,3.382273015820064,6.0,3.0,11.0,4.370740192319707,1.3645665362649704,0.3532530185784315,0.5329176382227179,1.0,0.0,0.0,0.0,0.0,0.0,0.0,0.0,0.0,0.0,0.0,0.0,0.0,0.0,0.0,0.0,0.0,0.0,0.0,0.0,0.0,0.0,0.0,0.0,0.0,0.0,0.0,0.0,0.0,0.0,0.0,0.0,0.0,0.0,0.0,0.0,0.0,0.0,0.0,0.0,0.0,0.0,0.0,0.0,0.0,0.0,0.0,0.0,0.0,0.0,0.0
72.11991999105973,43.79374385028012,143.21537968503603,905.0,479.0,4.297044266227379,71.71124465423675,0.8407612127482154,1.2782876257662772,0.5063613808936976,1.135037650037907,5.0,5.0,14.0,4.567154630608247,1.389047377616398,0.40359170513464493,0.4106867400953401,0.0,0.0,0.0,0.0,1.0,0.0,0.0,0.0,0.0,0.0,0.0,0.0,0.0,0.0,0.0,0.0,0.0,0.0,0.0,0.0,0.0,0.0,0.0,0.0,0.0,0.0,0.0,0.0,0.0,0.0,0.0,0.0,0.0,0.0,0.0,0.0,0.0,0.0,0.0,0.0,0.0,0.0,0.0,0.0,0.0,0.0,0.0,0.0,0.0,0.0,0.0
71.51321351575865,28.860044636604503,117.55624489336051,1040.0,276.0,4.758725418589414,70.24202340590598,0.8928306527977943,1.356327791952686,0.912864543033552,3.101263736437161,6.0,2.0,23.0,4.725849334963002,1.4977237105744852,0.42545377390526434,0.4124392888648676,0.0,0.0,0.0,0.0,0.0,0.0,0.0,0.0,0.0,0.0,0.0,0.0,0.0,0.0,0.0,0.0,0.0,0.0,0.0,0.0,0.0,0.0,0.0,0.0,0.0,0.0,0.0,0.0,0.0,0.0,0.0,0.0,0.0,0.0,0.0,0.0,0.0,0.0,0.0,0.0,0.0,0.0,0.0,0.0,0.0,0.0,0.0,0.0,0.0,1.0,0.0
67.78198495175253,20.930203335898213,68.81893627676975,969.0,472.0,2.5130920938514243,90.5127113235286,0.9866620984398184,1.0097527510890163,0.7472207052708413,6.61954840117189,6.0,2.0,1.0,4.221019184107571,1.4941279228896265,0.3314311533512643,0.4702935556432043,0.0,0.0,0.0,0.0,0.0,0.0,0.0,0.0,0.0,0.0,0.0,0.0,0.0,0.0,0.0,0.0,0.0,0.0,0.0,0.0,0.0,0.0,0.0,0.0,0.0,1.0,0.0,0.0,0.0,0.0,0.0,0.0,0.0,0.0,0.0,0.0,0.0,0.0,0.0,0.0,0.0,0.0,0.0,0.0,0.0,0.0,0.0,0.0,0.0,0.0,0.0
64.02791736963852,47.16782361300707,68.40836802886359,1310.0,137.0,4.3594729429570345,83.46454071520594,0.9423838379078436,0.9244623451738156,0.461866784028103,3.1597234698515697,4.0,2.0,15.0,4.590447743671918,1.4314136465919638,0.3759867405035046,0.3497484928546518,0.0,0.0,0.0,0.0,0.0,0.0,0.0,0.0,0.0,0.0,0.0,0.0,0.0,0.0,0.0,0.0,0.0,0.0,0.0,0.0,0.0,0.0,0.0,0.0,0.0,0.0,0.0,0.0,0.0,0.0,0.0,0.0,0.0,0.0,0.0,0.0,0.0,0.0,0.0,0.0,0.0,0.0,0.0,0.0,0.0,0.0,0.0,1.0,0.0,0.0,0.0
78.99857825792374,27.463205896498803,132.60088087014236,778.0,276.0,3.1264713577448133,72.4178283643452,0.7988877631504364,1.2696143999262115,0.528570548750175,2.4742590519604404,4.0,4.0,13.0,4.889766002388926,1.32126949646185,0.4278560898375822,0.46593661616317816,0.0,0.0,0.0,0.0,0.0,0.0,0.0,0.0,0.0,0.0,0.0,0.0,0.0,0.0,0.0,0.0,0.0,0.0,0.0,0.0,0.0,0.0,0.0,0.0,0.0,0.0,0.0,0.0,0.0,0.0,1.0,0.0,0.0,0.0,0.0,0.0,0.0,0.0,0.0,0.0,0.0,0.0,0.0,0.0,0.0,0.0,0.0,0.0,0.0,0.0,0.0
68.4187263503709,44.79064403132506,161.70718130056898,1222.0,221.0,6.756452424241662,81.99742162334104,0.8592352489663883,1.3757245828879006,0.8098908453061024,1.1858416785251946,4.0,6.0,4.0,4.317406357554996,1.0953502668120938,0.3314842472523084,0.36068522963295535,0.0,0.0,0.0,0.0,0.0,0.0,0.0,0.0,0.0,0.0,0.0,0.0,0.0,0.0,0.0,0.0,0.0,0.0,0.0,0.0,0.0,0.0,0.0,0.0,0.0,0.0,0.0,0.0,0.0,0.0,0.0,0.0,0.0,0.0,0.0,0.0,0.0,0.0,0.0,0.0,0.0,0.0,0.0,0.0,0.0,1.0,0.0,0.0,0.0,0.0,0.0
77.77858702124108,46.81843625520341,177.80269746115198,710.0,137.0,6.257346939467807,94.92630788981518,0.7604721423480723,1.1600070026820886,0.613206261720984,8.091026252402946,6.0,6.0,14.0,4.4500315112873485,1.4829525428974233,0.3640049813080964,0.6638462538286485,0.0,0.0,0.0,0.0,0.0,0.0,0.0,0.0,0.0,0.0,0.0,0.0,0.0,0.0,0.0,0.0,0.0,0.0,0.0,0.0,0.0,0.0,0.0,0.0,0.0,0.0,0.0,0.0,0.0,0.0,0.0,0.0,0.0,0.0,0.0,0.0,0.0,0.0,0.0,0.0,0.0,0.0,0.0,0.0,0.0,0.0,0.0,1.0,0.0,0.0,0.0
62.3701627131596,34.787207538524704,88.7174610325336,1376.0,302.0,2.843765349988526,87.71999839782744,0.8721920577528683,1.0760429048904565,0.4602599267208633,8.587137675233459,4.0,3.0,14.0,5.236687793744402,1.217304725540404,0.41847992658578875,0.6976933617507728,0.0,0.0,0.0,0.0,0.0,0.0,0.0,0.0,0.0,0.0,0.0,0.0,0.0,0.0,0.0,0.0,0.0,0.0,0.0,0.0,0.0,0.0,0.0,1.0,0.0,0.0,0.0,0.0,0.0,0.0,0.0,0.0,0.0,0.0,0.0,0.0,0.0,0.0,0.0,0.0,0.0,0.0,0.0,0.0,0.0,0.0,0.0,0.0,0.0,0.0,0.0
72.82913181172736,35.24402213226999,111.85001899874108,626.0,287.0,6.462535781269449,91.92428207014687,0.754431303268094,1.2777913160119256,0.6763828658501106,3.5497929241645387,4.0,4.0,16.0,4.341659913859008,1.2290524000704355,0.33697856866443415,0.4745041571083584,0.0,1.0,0.0,0.0,0.0,0.0,0.0,0.0,0.0,0.0,0.0,0.0,0.0,0.0,0.0,0.0,0.0,0.0,0.0,0.0,0.0,0.0,0.0,0.0,0.0,0.0,0.0,0.0,0.0,0.0,0.0,0.0,0.0,0.0,0.0,0.0,0.0,0.0,0.0,0.0,0.0,0.0,0.0,0.0,0.0,0.0,0.0,0.0,0.0,0.0,0.0
66.04843054399353,48.67519974072661,110.35336748978648,1282.0,561.0,5.411476505182263,80.53108335928032,0.8040457395548251,1.0631373737114331,0.902104448925629,4.309788151989112,5.0,1.0,6.0,4.452063100537854,1.3435762499707504,0.37530686238132743,0.3297548375070638,0.0,0.0,0.0,0.0,0.0,0.0,0.0,0.0,0.0,0.0,0.0,0.0,0.0,0.0,0.0,0.0,0.0,0.0,0.0,0.0,0.0,0.0,0.0,0.0,0.0,0.0,0.0,0.0,0.0,0.0,0.0,0.0,0.0,0.0,0.0,0.0,0.0,0.0,0.0,0.0,0.0,0.0,0.0,0.0,0.0,1.0,0.0,0.0,0.0,0.0,0.0
67.09074450223042,46.95189911145005,98.37512034043138,1305.0,260.0,3.043757964939997,75.26623091534246,0.932988295266986,1.4920615333255485,0.6354085383751569,9.71133270268198,6.0,6.0,5.0,4.42180863216602,1.3992754445394702,0.3756381038919584,0.9036943420878261,0.0,0.0,0.0,0.0,0.0,0.0,0.0,0.0,0.0,0.0,0.0,0.0,1.0,0.0,0.0,0.0,0.0,0.0,0.0,0.0,0.0,0.0,0.0,0.0,0.0,0.0,0.0,0.0,0.0,0.0,0.0,0.0,0.0,0.0,0.0,0.0,0.0,0.0,0.0,0.0,0.0,0.0,0.0,0.0,0.0,0.0,0.0,0.0,0.0,0.0,0.0
74.7660933685833,38.08475862660504,111.30818607452278,1336.0,214.0,3.392502058285951,70.04588068813766,0.9624468043009042,1.1104935273619183,0.9362779057844904,2.3219062910890464,5.0,5.0,9.0,5.160215023191854,1.3900999654855526,0.4462562726821234,0.2425929376731265,0.0,0.0,0.0,0.0,0.0,0.0,0.0,0.0,0.0,0.0,0.0,0.0,0.0,1.0,0.0,0.0,0.0,0.0,0.0,0.0,0.0,0.0,0.0,0.0,0.0,0.0,0.0,0.0,0.0,0.0,0.0,0.0,0.0,0.0,0.0,0.0,0.0,0.0,0.0,0.0,0.0,0.0,0.0,0.0,0.0,0.0,0.0,0.0,0.0,0.0,0.0
68.17197430331375,29.45350236933725,86.02757599307992,1097.0,332.0,2.3475337271261125,86.00365473769313,0.9740096105801788,1.3854855321360502,0.5640057608925925,6.890092203440318,4.0,4.0,8.0,4.237855112714804,1.3027632951637103,0.32490272020330035,0.7330342223550785,0.0,0.0,0.0,0.0,0.0,0.0,0.0,0.0,0.0,0.0,0.0,0.0,0.0,0.0,0.0,0.0,0.0,0.0,0.0,0.0,0.0,0.0,0.0,0.0,0.0,0.0,0.0,0.0,0.0,0.0,0.0,0.0,0.0,0.0,0.0,0.0,0.0,0.0,0.0,0.0,0.0,0.0,0.0,0.0,0.0,0.0,0.0,0.0,1.0,0.0,0.0
66.37025892204925,45.11075775886019,110.41020205183624,803.0,139.0,4.965651364476972,89.8580989538838,0.9514476225783884,1.464603366300916,0.7064372189452541,7.228688942794148,4.0,2.0,17.0,3.847062642893984,1.1107350705336931,0.26724479151658537,0.7420330959796118,0.0,0.0,0.0,0.0,0.0,0.0,0.0,1.0,0.0,0.0,0.0,0.0,0.0,0.0,0.0,0.0,0.0,0.0,0.0,0.0,0.0,0.0,0.0,0.0,0.0,0.0,0.0,0.0,0.0,0.0,0.0,0.0,0.0,0.0,0.0,0.0,0.0,0.0,0.0,0.0,0.0,0.0,0.0,0.0,0.0,0.0,0.0,0.0,0.0,0.0,0.0
72.50926531382488,44.72365973346782,166.38330948285522,917.0,110.0,3.092705103390621,72.44779381203375,0.7942705346054934,0.934357576868616,0.4180802512598114,6.7019486545107645,6.0,4.0,9.0,4.043837257072012,1.3870730681996861,0.3612220591977932,0.5465395962530548,0.0,0.0,0.0,0.0,0.0,0.0,0.0,0.0,0.0,0.0,0.0,0.0,0.0,0.0,0.0,0.0,0.0,0.0,0.0,0.0,0.0,0.0,0.0,0.0,0.0,0.0,0.0,0.0,0.0,0.0,0.0,1.0,0.0,0.0,0.0,0.0,0.0,0.0,0.0,0.0,0.0,0.0,0.0,0.0,0.0,0.0,0.0,0.0,0.0,0.0,0.0
64.31768187262702,33.333101209055656,188.69767211826243,364.0,409.0,3.5891644687234603,94.61639904234548,0.8543861761235108,0.9829332797586958,0.7483568069488287,6.238958403791511,6.0,5.0,23.0,4.396292232573263,1.3794012416835562,0.340688876967492,0.4374497370462405,0.0,0.0,0.0,0.0,0.0,1.0,0.0,0.0,0.0,0.0,0.0,0.0,0.0,0.0,0.0,0.0,0.0,0.0,0.0,0.0,0.0,0.0,0.0,0.0,0.0,0.0,0.0,0.0,0.0,0.0,0.0,0.0,0.0,0.0,0.0,0.0,0.0,0.0,0.0,0.0,0.0,0.0,0.0,0.0,0.0,0.0,0.0,0.0,0.0,0.0,0.0
69.10936448505893,24.027046085314137,159.77355910350815,952.0,450.0,2.031079117396187,88.22451358885219,0.7182064013321221,1.061769170444101,0.9074629682365016,9.90389099141142,4.0,5.0,15.0,4.595883561614908,1.3837643584787869,0.38480624144318276,0.6071643991123622,0.0,0.0,0.0,0.0,0.0,0.0,0.0,0.0,0.0,0.0,0.0,0.0,0.0,0.0,0.0,0.0,0.0,0.0,0.0,0.0,0.0,0.0,0.0,0.0,0.0,0.0,0.0,0.0,0.0,0.0,1.0,0.0,0.0,0.0,0.0,0.0,0.0,0.0,0.0,0.0,0.0,0.0,0.0,0.0,0.0,0.0,0.0,0.0,0.0,0.0,0.0
75.00455740006818,52.18887086790089,65.72109082760878,1329.0,430.0,3.6649583281238014,87.84077647169266,0.770364387937263,1.0864923383958272,0.5110304977862755,9.211673546204652,4.0,2.0,19.0,4.393568442928774,0.9591835124026638,0.31484598294881,0.7172240216021633,0.0,0.0,0.0,0.0,0.0,0.0,0.0,0.0,0.0,0.0,0.0,0.0,0.0,0.0,0.0,0.0,0.0,0.0,0.0,0.0,0.0,0.0,0.0,0.0,0.0,0.0,0.0,0.0,0.0,0.0,0.0,0.0,0.0,0.0,0.0,0.0,0.0,0.0,0.0,0.0,0.0,0.0,0.0,0.0,0.0,0.0,0.0,0.0,0.0,0.0,1.0
68.49482702767465,49.390658616417774,188.0287119556296,1172.0,224.0,4.898558128850199,84.54676434679092,0.99438543286611,1.3729609676796484,0.5148484585232531,3.716503640004076,5.0,0.0,12.0,4.215196023866103,1.3709036660226097,0.33032087144531797,0.5843928814141516,0.0,0.0,0.0,0.0,0.0,0.0,1.0,0.0,0.0,0.0,0.0,0.0,0.0,0.0,0.0,0.0,0.0,0.0,0.0,0.0,0.0,0.0,0.0,0.0,0.0,0.0,0.0,0.0,0.0,0.0,0.0,0.0,0.0,0.0,0.0,0.0,0.0,0.0,0.0,0.0,0.0,0.0,0.0,0.0,0.0,0.0,0.0,0.0,0.0,0.0,0.0
71.96227179640253,48.58717152502908,56.26218571711475,681.0,515.0,5.494346287907463,70.720796581702,0.910115237314519,1.4588314721906133,0.4897584767423662,7.499848893495308,5.0,2.0,0.0,4.325378627349609,1.5924409701547644,0.3971014179751418,0.8250325224439271,0.0,0.0,0.0,0.0,0.0,0.0,0.0,0.0,0.0,0.0,0.0,0.0,0.0,0.0,1.0,0.0,0.0,0.0,0.0,0.0,0.0,0.0,0.0,0.0,0.0,0.0,0.0,0.0,0.0,0.0,0.0,0.0,0.0,0.0,0.0,0.0,0.0,0.0,0.0,0.0,0.0,0.0,0.0,0.0,0.0,0.0,0.0,0.0,0.0,0.0,0.0
70.5800779167253,26.372850215823604,143.58019493892078,326.0,135.0,3.3192980975794253,83.1219215242177,0.8102138127261957,1.1832457636456486,0.7515121496482438,3.8163175567403727,6.0,4.0,19.0,4.398441287370081,1.3826099304766963,0.3685876892081701,0.41544306366549877,0.0,0.0,0.0,0.0,0.0,0.0,1.0,0.0,0.0,0.0,0.0,0.0,0.0,0.0,0.0,0.0,0.0,0.0,0.0,0.0,0.0,0.0,0.0,0.0,0.0,0.0,0.0,0.0,0.0,0.0,0.0,0.0,0.0,0.0,0.0,0.0,0.0,0.0,0.0,0.0,0.0,0.0,0.0,0.0,0.0,0.0,0.0,0.0,0.0,0.0,0.0
66.35646001683493,33.5728318472259,141.46975933085696,739.0,258.0,6.136332079948117,91.33057530058096,0.8035954671019655,1.170453576434264,0.8539118205881855,7.439727147158256,3.0,3.0,21.0,4.42816945166844,0.9591835124026638,0.26514412203819004,0.5561479339981962,0.0,0.0,0.0,0.0,0.0,0.0,0.0,0.0,0.0,0.0,0.0,0.0,0.0,0.0,0.0,0.0,0.0,0.0,0.0,0.0,0.0,0.0,0.0,0.0,0.0,0.0,0.0,0.0,0.0,0.0,0.0,0.0,0.0,0.0,0.0,0.0,0.0,1.0,0.0,0.0,0.0,0.0,0.0,0.0,0.0,0.0,0.0,0.0,0.0,0.0,0.0
69.24712361751035,29.80944152587479,127.56780268518165,788.0,147.0,5.614171640240664,89.80846084505652,0.7803644801332493,1.1897371882108452,0.9204273603961918,6.016107777330065,7.0,2.0,14.0,4.140378857771333,1.5555986788325369,0.3523492046730983,0.47237197332820774,0.0,0.0,0.0,0.0,0.0,0.0,0.0,0.0,0.0,0.0,0.0,0.0,0.0,0.0,0.0,0.0,0.0,0.0,0.0,0.0,0.0,0.0,0.0,0.0,0.0,0.0,0.0,0.0,1.0,0.0,0.0,0.0,0.0,0.0,0.0,0.0,0.0,0.0,0.0,0.0,0.0,0.0,0.0,0.0,0.0,0.0,0.0,0.0,0.0,0.0,0.0
75.12504827927926,49.51597155788994,51.29185151614659,787.0,426.0,6.566988838349973,86.49198207029448,0.7695385583031072,1.3025934614738812,0.7766607038674742,8.565049978131166,6.0,5.0,20.0,4.126957119920969,1.4145099540139094,0.34543067233911157,0.7043696293725864,0.0,0.0,0.0,0.0,0.0,0.0,0.0,0.0,0.0,0.0,0.0,0.0,0.0,0.0,0.0,0.0,0.0,0.0,0.0,0.0,0.0,0.0,0.0,0.0,0.0,0.0,0.0,0.0,0.0,0.0,0.0,0.0,0.0,0.0,0.0,0.0,0.0,0.0,1.0,0.0,0.0,0.0,0.0,0.0,0.0,0.0,0.0,0.0,0.0,0.0,0.0
68.06268382212622,22.016146818300697,121.49810524557992,744.0,308.0,5.413716032226316,72.41420880032994,0.9696426870138376,1.0002252414764057,0.4356720887148174,5.505160479740569,7.0,4.0,0.0,4.346234512147408,1.5319261237379098,0.38379167356422356,0.5137569487893412,0.0,0.0,0.0,0.0,0.0,0.0,0.0,0.0,0.0,0.0,0.0,0.0,0.0,0.0,0.0,0.0,0.0,0.0,0.0,0.0,0.0,0.0,0.0,0.0,0.0,1.0,0.0,0.0,0.0,0.0,0.0,0.0,0.0,0.0,0.0,0.0,0.0,0.0,0.0,0.0,0.0,0.0,0.0,0.0,0.0,0.0,0.0,0.0,0.0,0.0,0.0
74.27987131485122,41.79371311322901,51.66571833172696,1268.0,475.0,5.840220253030867,76.24807313505045,0.8038326946948351,1.1528635126674454,0.8332687383293511,3.653101945082353,6.0,0.0,0.0,4.752846863177419,1.3460864774492647,0.41020347390629847,0.3647827334139022,0.0,1.0,0.0,0.0,0.0,0.0,0.0,0.0,0.0,0.0,0.0,0.0,0.0,0.0,0.0,0.0,0.0,0.0,0.0,0.0,0.0,0.0,0.0,0.0,0.0,0.0,0.0,0.0,0.0,0.0,0.0,0.0,0.0,0.0,0.0,0.0,0.0,0.0,0.0,0.0,0.0,0.0,0.0,0.0,0.0,0.0,0.0,0.0,0.0,0.0,0.0
69.80459545859935,55.5332416425729,146.53129748130112,1490.0,106.0,3.5825796902933003,89.23879166802624,0.8801886907757235,1.2021770298577468,0.9744116903015256,4.954012391549886,5.0,0.0,19.0,4.36191635416391,1.2654209328620951,0.3350018568944397,0.40744100706127245,0.0,0.0,0.0,0.0,0.0,0.0,0.0,0.0,0.0,0.0,0.0,0.0,0.0,0.0,0.0,0.0,0.0,0.0,1.0,0.0,0.0,0.0,0.0,0.0,0.0,0.0,0.0,0.0,0.0,0.0,0.0,0.0,0.0,0.0,0.0,0.0,0.0,0.0,0.0,0.0,0.0,0.0,0.0,0.0,0.0,0.0,0.0,0.0,0.0,0.0,0.0
69.52209933422101,39.16759522644623,54.78125241912077,638.0,345.0,2.051435143293668,85.4174171544593,0.976302195776065,1.0092579160078494,0.496339155202445,2.8058607220054057,6.0,4.0,1.0,4.6922435723057525,1.5420079856387265,0.388071292746123,0.3629779557137358,0.0,0.0,0.0,0.0,0.0,0.0,0.0,0.0,0.0,0.0,0.0,0.0,0.0,0.0,0.0,0.0,0.0,0.0,0.0,0.0,0.0,0.0,0.0,0.0,0.0,0.0,0.0,0.0,0.0,0.0,0.0,0.0,0.0,0.0,0.0,0.0,0.0,0.0,0.0,0.0,0.0,0.0,1.0,0.0,0.0,0.0,0.0,0.0,0.0,0.0,0.0
75.25756554717049,24.90869090235488,181.077697121598,379.0,478.0,6.518249910276618,76.0122468610692,0.773093927291269,1.299900310100011,0.7346841134672999,8.194137536420637,6.0,0.0,11.0,4.4915098646650495,1.5140272043449448,0.4071328775324287,0.6984749859897623,0.0,0.0,0.0,0.0,0.0,0.0,0.0,0.0,0.0,0.0,0.0,0.0,0.0,0.0,0.0,0.0,0.0,0.0,0.0,0.0,0.0,0.0,1.0,0.0,0.0,0.0,0.0,0.0,0.0,0.0,0.0,0.0,0.0,0.0,0.0,0.0,0.0,0.0,0.0,0.0,0.0,0.0,0.0,0.0,0.0,0.0,0.0,0.0,0.0,0.0,0.0
65.31302441951385,58.92734403256202,123.19691007242427,970.0,218.0,2.5290038391425083,87.84041492984667,0.923724594873381,0.9710378663390132,0.75287915816096,5.425249261637941,5.0,5.0,17.0,4.476852728328252,1.596059200778167,0.3749753116061703,0.3892753848987518,0.0,0.0,0.0,0.0,0.0,0.0,0.0,0.0,0.0,0.0,0.0,0.0,0.0,0.0,0.0,0.0,0.0,0.0,0.0,0.0,0.0,0.0,0.0,0.0,0.0,0.0,0.0,0.0,0.0,0.0,0.0,0.0,0.0,0.0,0.0,0.0,1.0,0.0,0.0,0.0,0.0,0.0,0.0,0.0,0.0,0.0,0.0,0.0,0.0,0.0,0.0
62.96975421147645,26.48897475310481,143.29181552396778,780.0,582.0,5.152086982116138,74.55976454137341,0.7407149924927261,1.4865283919077037,0.925046653942864,1.8292086878589744,5.0,6.0,6.0,4.132803655123689,1.3753450127731308,0.3689448284766211,0.4098948782383203,0.0,0.0,0.0,0.0,0.0,0.0,1.0,0.0,0.0,0.0,0.0,0.0,0.0,0.0,0.0,0.0,0.0,0.0,0.0,0.0,0.0,0.0,0.0,0.0,0.0,0.0,0.0,0.0,0.0,0.0,0.0,0.0,0.0,0.0,0.0,0.0,0.0,0.0,0.0,0.0,0.0,0.0,0.0,0.0,0.0,0.0,0.0,0.0,0.0,0.0,0.0
61.42081667930437,45.77506322548858,56.42312375172741,398.0,568.0,6.575236746903589,74.16707503953116,0.728396641598279,1.0080624921600074,0.9336488648720958,9.301719772028004,5.0,3.0,15.0,4.21993087577188,1.48227607285286,0.3887230612064047,0.5414165941956999,0.0,0.0,1.0,0.0,0.0,0.0,0.0,0.0,0.0,0.0,0.0,0.0,0.0,0.0,0.0,0.0,0.0,0.0,0.0,0.0,0.0,0.0,0.0,0.0,0.0,0.0,0.0,0.0,0.0,0.0,0.0,0.0,0.0,0.0,0.0,0.0,0.0,0.0,0.0,0.0,0.0,0.0,0.0,0.0,0.0,0.0,0.0,0.0,0.0,0.0,0.0
74.93231790163486,26.09382387686829,74.01205372771787,675.0,287.0,5.329018933894569,91.08561709339084,0.7948698660281427,1.1111542875934963,0.7502685912817765,3.858444658584385,6.0,6.0,10.0,4.287222354060433,1.321313709728857,0.3387026876179581,0.38188436033060424,0.0,0.0,0.0,0.0,0.0,0.0,0.0,0.0,0.0,0.0,0.0,0.0,0.0,0.0,0.0,0.0,0.0,0.0,0.0,0.0,0.0,0.0,0.0,0.0,0.0,0.0,0.0,0.0,0.0,0.0,0.0,0.0,0.0,0.0,0.0,0.0,0.0,0.0,0.0,0.0,1.0,0.0,0.0,0.0,0.0,0.0,0.0,0.0,0.0,0.0,0.0
74.89260153990827,46.13134033273113,155.1922847039939,361.0,382.0,4.395062112035093,70.83960050978226,0.7099802232836848,1.2689403171330638,0.6100923365089727,1.6522303112632308,6.0,6.0,15.0,4.24619025621069,1.4682702836179975,0.39815837583590236,0.3972618748126341,0.0,0.0,0.0,0.0,0.0,0.0,0.0,0.0,0.0,0.0,0.0,0.0,0.0,0.0,0.0,0.0,0.0,0.0,0.0,0.0,0.0,0.0,0.0,0.0,1.0,0.0,0.0,0.0,0.0,0.0,0.0,0.0,0.0,0.0,0.0,0.0,0.0,0.0,0.0,0.0,0.0,0.0,0.0,0.0,0.0,0.0,0.0,0.0,0.0,0.0,0.0
61.99453605979696,54.5182250809834,175.8974834269898,1485.0,299.0,3.1423193322468923,73.96927193884325,0.7079488770115562,1.3627578473686317,0.79764708498709,8.914962895371074,6.0,2.0,13.0,4.281642700355576,1.1658781684311792,0.3663032889099142,0.7449837025856252,0.0,0.0,0.0,0.0,0.0,0.0,0.0,0.0,0.0,0.0,0.0,0.0,0.0,0.0,0.0,0.0,0.0,0.0,1.0,0.0,0.0,0.0,0.0,0.0,0.0,0.0,0.0,0.0,0.0,0.0,0.0,0.0,0.0,0.0,0.0,0.0,0.0,0.0,0.0,0.0,0.0,0.0,0.0,0.0,0.0,0.0,0.0,0.0,0.0,0.0,0.0
68.76921598813306,25.00364350347049,118.0085834059431,489.0,227.0,2.714444220017535,73.03653654161545,0.8612519927616233,1.3548999686600975,0.773489348982934,7.206433819925085,6.0,1.0,9.0,4.2790853327728575,1.3214932983686394,0.3674745284685911,0.6636333454906104,0.0,0.0,0.0,0.0,0.0,0.0,0.0,0.0,0.0,0.0,0.0,0.0,0.0,0.0,0.0,0.0,0.0,0.0,0.0,0.0,0.0,0.0,0.0,0.0,0.0,0.0,0.0,0.0,0.0,0.0,1.0,0.0,0.0,0.0,0.0,0.0,0.0,0.0,0.0,0.0,0.0,0.0,0.0,0.0,0.0,0.0,0.0,0.0,0.0,0.0,0.0
76.50117004330185,53.17324949425656,188.3933516459485,708.0,334.0,4.795880987323661,92.81390859187924,0.9657281794152984,1.420765101227754,0.9764987257690326,7.80427579123385,5.0,1.0,5.0,4.14803995831718,1.3871370483815593,0.3123816602189331,0.6587504952199901,0.0,0.0,0.0,1.0,0.0,0.0,0.0,0.0,0.0,0.0,0.0,0.0,0.0,0.0,0.0,0.0,0.0,0.0,0.0,0.0,0.0,0.0,0.0,0.0,0.0,0.0,0.0,0.0,0.0,0.0,0.0,0.0,0.0,0.0,0.0,0.0,0.0,0.0,0.0,0.0,0.0,0.0,0.0,0.0,0.0,0.0,0.0,0.0,0.0,0.0,0.0
70.98327040900016,43.725856070438894,102.6807684982524,980.0,343.0,2.0786604868752363,78.01273784662615,0.7042901262498724,1.450284198201287,0.9050363385311494,1.1842704066141652,5.0,6.0,6.0,4.350709024410834,0.9591835124026638,0.3364516776320507,0.36616632865390075,0.0,0.0,0.0,0.0,0.0,0.0,0.0,0.0,0.0,0.0,0.0,0.0,0.0,0.0,0.0,0.0,0.0,0.0,0.0,0.0,0.0,0.0,0.0,0.0,0.0,0.0,0.0,0.0,0.0,0.0,0.0,0.0,0.0,0.0,0.0,0.0,0.0,0.0,0.0,0.0,0.0,0.0,0.0,0.0,0.0,0.0,0.0,0.0,0.0,0.0,1.0
78.38252174677511,26.50923379237647,102.20895683924748,1009.0,193.0,3.109835929301531,80.4173508241804,0.8873097212781442,1.2017176147123048,0.6858836543611957,3.238712201404331,4.0,4.0,21.0,3.786334605765193,0.9591835124026638,0.26514412203819004,0.4176945764562194,0.0,0.0,0.0,0.0,0.0,0.0,0.0,0.0,0.0,0.0,1.0,0.0,0.0,0.0,0.0,0.0,0.0,0.0,0.0,0.0,0.0,0.0,0.0,0.0,0.0,0.0,0.0,0.0,0.0,0.0,0.0,0.0,0.0,0.0,0.0,0.0,0.0,0.0,0.0,0.0,0.0,0.0,0.0,0.0,0.0,0.0,0.0,0.0,0.0,0.0,0.0
64.43598624805836,22.515795418094218,102.87316755563768,813.0,130.0,4.975231474505401,92.36980416634714,0.9074264812216783,0.9439601257691574,0.6315741502469775,5.637344107406231,6.0,0.0,1.0,4.290446487599073,1.4136481961149654,0.3339739547719563,0.4268229732981579,0.0,0.0,0.0,0.0,0.0,0.0,0.0,0.0,0.0,0.0,0.0,0.0,0.0,0.0,0.0,0.0,0.0,0.0,0.0,0.0,0.0,0.0,0.0,0.0,0.0,0.0,0.0,0.0,0.0,0.0,1.0,0.0,0.0,0.0,0.0,0.0,0.0,0.0,0.0,0.0,0.0,0.0,0.0,0.0,0.0,0.0,0.0,0.0,0.0,0.0,0.0
70.79701737124583,42.259120551258455,51.83521313226191,488.0,234.0,6.809106447792903,73.03890249341494,0.9155542139067904,0.9973463217060412,0.9963617951649296,0.6430982785841655,6.0,4.0,8.0,4.715111575194086,1.4716763427945578,0.414170057598403,0.08191511555330255,0.0,0.0,0.0,0.0,0.0,0.0,0.0,0.0,0.0,0.0,0.0,0.0,0.0,0.0,0.0,0.0,0.0,0.0,0.0,0.0,0.0,0.0,0.0,0.0,0.0,0.0,0.0,0.0,0.0,0.0,0.0,0.0,0.0,0.0,0.0,0.0,0.0,0.0,0.0,0.0,0.0,0.0,0.0,0.0,0.0,0.0,0.0,1.0,0.0,0.0,0.0
76.12788749849001,30.64093086234719,166.45449718570012,1148.0,381.0,3.844344771494995,71.00283909069555,0.8109988384433708,1.2293026899620385,0.401602608668187,1.414016475357832,4.0,5.0,5.0,3.678582896934127,1.3842238197872005,0.32822328606190476,0.43509350357862436,0.0,0.0,0.0,0.0,0.0,0.0,0.0,1.0,0.0,0.0,0.0,0.0,0.0,0.0,0.0,0.0,0.0,0.0,0.0,0.0,0.0,0.0,0.0,0.0,0.0,0.0,0.0,0.0,0.0,0.0,0.0,0.0,0.0,0.0,0.0,0.0,0.0,0.0,0.0,0.0,0.0,0.0,0.0,0.0,0.0,0.0,0.0,0.0,0.0,0.0,0.0
67.75438404731482,22.876583275871404,58.40320600782606,993.0,576.0,5.194359730047061,74.80362594960413,0.9435976852010972,1.3402327629553876,0.5612794568335602,7.470567578758912,5.0,1.0,16.0,4.248188165429614,1.4140047713340174,0.3618606102793588,0.7403375914694087,0.0,0.0,0.0,0.0,0.0,0.0,0.0,0.0,0.0,0.0,0.0,0.0,0.0,0.0,0.0,0.0,0.0,0.0,0.0,0.0,0.0,0.0,0.0,0.0,0.0,0.0,0.0,0.0,0.0,0.0,0.0,0.0,0.0,0.0,0.0,0.0,0.0,0.0,1.0,0.0,0.0,0.0,0.0,0.0,0.0,0.0,0.0,0.0,0.0,0.0,0.0
65.82517801815469,40.464822408635264,74.71949465990552,997.0,597.0,2.2861336605377374,74.4782558353726,0.9643529890079444,0.9075255317938894,0.806659867676071,8.33424334644252,5.0,6.0,11.0,4.268568351374493,1.3813200750317334,0.3590815665256487,0.48507929433016533,0.0,0.0,0.0,0.0,0.0,0.0,0.0,0.0,0.0,0.0,0.0,0.0,0.0,0.0,0.0,0.0,0.0,0.0,0.0,0.0,0.0,0.0,0.0,0.0,0.0,0.0,1.0,0.0,0.0,0.0,0.0,0.0,0.0,0.0,0.0,0.0,0.0,0.0,0.0,0.0,0.0,0.0,0.0,0.0,0.0,0.0,0.0,0.0,0.0,0.0,0.0
65.5924795962186,46.10658282050928,98.73208599927489,1138.0,425.0,2.98998361699123,94.10349651807864,0.7822441526506134,1.2301498971017195,0.7515914132972605,8.286217986940729,6.0,4.0,20.0,4.519874509069539,1.6248529913018919,0.3830751459899412,0.6625289534361082,0.0,0.0,0.0,0.0,0.0,0.0,0.0,0.0,0.0,0.0,0.0,0.0,0.0,0.0,0.0,0.0,0.0,0.0,0.0,0.0,0.0,0.0,0.0,0.0,0.0,0.0,0.0,0.0,0.0,0.0,0.0,0.0,0.0,0.0,1.0,0.0,0.0,0.0,0.0,0.0,0.0,0.0,0.0,0.0,0.0,0.0,0.0,0.0,0.0,0.0,0.0
76.74275922194909,58.25859316185538,64.7711198480126,496.0,326.0,3.127995964908174,87.5229444282881,0.7152708084034738,1.0792144491536977,0.868077686926477,5.600509485875592,4.0,4.0,15.0,4.703635630887036,1.7180275863751648,0.42775665244470346,0.4137356480662888,0.0,0.0,0.0,0.0,0.0,0.0,0.0,0.0,0.0,0.0,0.0,0.0,0.0,0.0,0.0,0.0,0.0,0.0,0.0,0.0,0.0,0.0,0.0,0.0,0.0,0.0,0.0,0.0,0.0,0.0,0.0,0.0,0.0,1.0,0.0,0.0,0.0,0.0,0.0,0.0,0.0,0.0,0.0,0.0,0.0,0.0,0.0,0.0,0.0,0.0,0.0
70.70732127045383,57.33997987953711,81.5875633456177,1444.0,392.0,6.7651269670626775,78.99911914535028,0.913632158223178,1.2983023497108892,0.5476512883736486,3.4587622965136147,4.0,4.0,4.0,4.687309268974329,1.6047874743993562,0.4127412496360885,0.5231826035060523,0.0,0.0,0.0,0.0,0.0,0.0,0.0,0.0,0.0,1.0,0.0,0.0,0.0,0.0,0.0,0.0,0.0,0.0,0.0,0.0,0.0,0.0,0.0,0.0,0.0,0.0,0.0,0.0,0.0,0.0,0.0,0.0,0.0,0.0,0.0,0.0,0.0,0.0,0.0,0.0,0.0,0.0,0.0,0.0,0.0,0.0,0.0,0.0,0.0,0.0,0.0
68.83932148282767,34.73204196078751,143.3084776637357,1121.0,300.0,5.80890429907524,89.62454917533617,0.9170588795103304,1.1774270780845415,0.5272394660620445,6.0465933600086,6.0,6.0,15.0,4.743664053245546,1.349793127063495,0.3716859096013784,0.5989717635484243,0.0,1.0,0.0,0.0,0.0,0.0,0.0,0.0,0.0,0.0,0.0,0.0,0.0,0.0,0.0,0.0,0.0,0.0,0.0,0.0,0.0,0.0,0.0,0.0,0.0,0.0,0.0,0.0,0.0,0.0,0.0,0.0,0.0,0.0,0.0,0.0,0.0,0.0,0.0,0.0,0.0,0.0,0.0,0.0,0.0,0.0,0.0,0.0,0.0,0.0,0.0
65.52764552093618,37.66563416194502,104.92601830028102,713.0,206.0,5.756079776172587,74.82563301350683,0.7268476889682153,1.194529336404008,0.7766350954143326,7.418731676383686,4.0,0.0,21.0,4.241761140671392,1.460062943745712,0.38733206694042843,0.5929402270801682,0.0,0.0,0.0,0.0,0.0,0.0,0.0,0.0,0.0,0.0,0.0,0.0,0.0,0.0,0.0,0.0,0.0,0.0,0.0,0.0,0.0,0.0,0.0,0.0,1.0,0.0,0.0,0.0,0.0,0.0,0.0,0.0,0.0,0.0,0.0,0.0,0.0,0.0,0.0,0.0,0.0,0.0,0.0,0.0,0.0,0.0,0.0,0.0,0.0,0.0,0.0
76.39080563329122,56.16126945856236,95.94406207072356,1096.0,329.0,4.260249554904446,91.60847061860495,0.9027698749903044,1.2436889764882648,0.5530425629699237,8.475525003358799,6.0,3.0,3.0,4.43793680454442,1.6120333953171437,0.367686915211587,0.7450469117301366,0.0,0.0,0.0,0.0,0.0,0.0,0.0,0.0,0.0,0.0,0.0,0.0,0.0,0.0,0.0,0.0,0.0,0.0,0.0,0.0,0.0,0.0,0.0,0.0,0.0,0.0,0.0,0.0,0.0,0.0,0.0,0.0,0.0,0.0,1.0,0.0,0.0,0.0,0.0,0.0,0.0,0.0,0.0,0.0,0.0,0.0,0.0,0.0,0.0,0.0,0.0
75.68938603557032,33.42773206046208,134.15406564212202,469.0,262.0,6.567467005096545,77.41389596905293,0.7704874828076533,1.4919733774793658,0.6041976303921831,4.715792292482383,4.0,3.0,22.0,5.199887838070793,1.4413107706415071,0.4590441841042066,0.664131859824617,0.0,0.0,0.0,0.0,0.0,0.0,0.0,0.0,0.0,0.0,0.0,0.0,0.0,0.0,0.0,0.0,0.0,0.0,0.0,0.0,0.0,0.0,0.0,0.0,0.0,0.0,0.0,0.0,0.0,0.0,0.0,0.0,0.0,0.0,0.0,0.0,0.0,0.0,0.0,0.0,0.0,0.0,0.0,0.0,0.0,0.0,1.0,0.0,0.0,0.0,0.0
68.2096068950552,38.59750880318893,109.12632294493358,957.0,501.0,5.348164678230466,79.71929457412654,0.7835251500396735,1.4684782614918463,0.7377255426519084,0.0100839546488418,5.0,3.0,2.0,4.443520972107222,1.5235409795843295,0.3954247036205139,0.37236965793025456,0.0,0.0,0.0,0.0,0.0,0.0,0.0,0.0,0.0,0.0,0.0,0.0,0.0,0.0,0.0,0.0,0.0,1.0,0.0,0.0,0.0,0.0,0.0,0.0,0.0,0.0,0.0,0.0,0.0,0.0,0.0,0.0,0.0,0.0,0.0,0.0,0.0,0.0,0.0,0.0,0.0,0.0,0.0,0.0,0.0,0.0,0.0,0.0,0.0,0.0,0.0
65.3413370107721,51.69411279768153,82.55812918795317,883.0,461.0,3.5914459454776337,77.8082603832523,0.9549295456360622,1.0893003779364336,0.4530387902962797,4.725092004164154,7.0,3.0,14.0,4.493574262410696,1.3271028278109311,0.367689154978345,0.5135139069525363,0.0,0.0,0.0,0.0,0.0,0.0,0.0,0.0,0.0,0.0,0.0,0.0,0.0,0.0,0.0,0.0,0.0,0.0,0.0,0.0,0.0,1.0,0.0,0.0,0.0,0.0,0.0,0.0,0.0,0.0,0.0,0.0,0.0,0.0,0.0,0.0,0.0,0.0,0.0,0.0,0.0,0.0,0.0,0.0,0.0,0.0,0.0,0.0,0.0,0.0,0.0
70.53888906382,51.96728490281977,61.962841485696,524.0,509.0,5.213912207143485,79.41499948119912,0.766091818857408,1.3836212322016643,0.7839851695106822,4.51131106852028,6.0,0.0,5.0,5.022919071380304,1.6150863893147076,0.45673490588265,0.5396632189726158,0.0,0.0,0.0,0.0,0.0,0.0,0.0,0.0,0.0,0.0,0.0,0.0,0.0,0.0,0.0,0.0,0.0,0.0,0.0,0.0,0.0,0.0,0.0,0.0,0.0,0.0,0.0,0.0,0.0,0.0,0.0,0.0,0.0,0.0,0.0,1.0,0.0,0.0,0.0,0.0,0.0,0.0,0.0,0.0,0.0,0.0,0.0,0.0,0.0,0.0,0.0
65.73130352149276,44.66326940358053,115.7828689101606,702.0,469.0,6.858282256815526,93.68949587324316,0.9368652943747744,0.963849084064228,0.5467217990080818,3.9038133840260105,4.0,1.0,1.0,4.815808472538903,1.3150667823078064,0.3645127142370758,0.3783671621005105,0.0,0.0,0.0,0.0,0.0,0.0,0.0,0.0,0.0,0.0,0.0,0.0,0.0,0.0,0.0,0.0,0.0,0.0,0.0,0.0,0.0,0.0,0.0,0.0,0.0,0.0,0.0,0.0,0.0,0.0,0.0,0.0,0.0,0.0,0.0,0.0,0.0,0.0,0.0,0.0,0.0,0.0,0.0,0.0,0.0,0.0,0.0,0.0,0.0,1.0,0.0
83.45265424211702,56.8923835515033,186.6214561579203,566.0,256.0,4.04084981899072,76.09664455929847,0.9161576664201704,1.3841635700440518,0.6768709360207446,4.98503969458949,5.0,6.0,9.0,4.267399728938322,1.3253966473461334,0.35522360880425946,0.5993880310145483,0.0,0.0,0.0,0.0,0.0,0.0,0.0,0.0,0.0,0.0,0.0,0.0,0.0,0.0,0.0,0.0,0.0,0.0,0.0,0.0,0.0,0.0,0.0,0.0,0.0,0.0,0.0,0.0,0.0,0.0,0.0,0.0,0.0,0.0,0.0,0.0,0.0,1.0,0.0,0.0,0.0,0.0,0.0,0.0,0.0,0.0,0.0,0.0,0.0,0.0,0.0
69.07030229193555,55.99971010158329,88.9489126208451,944.0,116.0,5.032819125400573,78.0220638271242,0.9698707840127672,1.1314912774225043,0.8208405388401183,9.410780582127153,6.0,1.0,14.0,4.499715644623385,1.3767127785266449,0.37103634266816415,0.646301088015413,0.0,0.0,0.0,0.0,1.0,0.0,0.0,0.0,0.0,0.0,0.0,0.0,0.0,0.0,0.0,0.0,0.0,0.0,0.0,0.0,0.0,0.0,0.0,0.0,0.0,0.0,0.0,0.0,0.0,0.0,0.0,0.0,0.0,0.0,0.0,0.0,0.0,0.0,0.0,0.0,0.0,0.0,0.0,0.0,0.0,0.0,0.0,0.0,0.0,0.0,0.0
70.50799606191667,27.2322504175266,72.13649293641052,377.0,222.0,2.839211377140254,89.3451190766337,0.7016224135044548,1.307215313514869,0.5577623632520954,9.723859885539188,5.0,3.0,23.0,4.478171020243676,1.4784713156634437,0.38306339133128,0.8377226222437109,0.0,0.0,0.0,0.0,0.0,0.0,0.0,0.0,0.0,1.0,0.0,0.0,0.0,0.0,0.0,0.0,0.0,0.0,0.0,0.0,0.0,0.0,0.0,0.0,0.0,0.0,0.0,0.0,0.0,0.0,0.0,0.0,0.0,0.0,0.0,0.0,0.0,0.0,0.0,0.0,0.0,0.0,0.0,0.0,0.0,0.0,0.0,0.0,0.0,0.0,0.0
68.54919938456531,27.47936620135465,113.21737952207631,468.0,245.0,3.918870974181055,83.82532821629869,0.8058591132231462,1.1365050797836107,0.8319001121195917,4.719564865610925,4.0,5.0,4.0,4.970655691445587,1.499190627178686,0.4283423023920285,0.41040925030958475,0.0,0.0,0.0,0.0,0.0,0.0,0.0,0.0,0.0,0.0,0.0,0.0,0.0,0.0,0.0,0.0,1.0,0.0,0.0,0.0,0.0,0.0,0.0,0.0,0.0,0.0,0.0,0.0,0.0,0.0,0.0,0.0,0.0,0.0,0.0,0.0,0.0,0.0,0.0,0.0,0.0,0.0,0.0,0.0,0.0,0.0,0.0,0.0,0.0,0.0,0.0
76.03950626970992,28.72055242537272,191.30062165233505,426.0,246.0,6.874567138820803,74.32657289795134,0.9783529630075232,1.174249717549742,0.9121304187117464,8.042938678605763,5.0,1.0,11.0,4.221405609474615,1.561342518431961,0.37108531319861915,0.5687958020467122,0.0,0.0,0.0,0.0,0.0,0.0,0.0,0.0,0.0,0.0,0.0,0.0,0.0,0.0,1.0,0.0,0.0,0.0,0.0,0.0,0.0,0.0,0.0,0.0,0.0,0.0,0.0,0.0,0.0,0.0,0.0,0.0,0.0,0.0,0.0,0.0,0.0,0.0,0.0,0.0,0.0,0.0,0.0,0.0,0.0,0.0,0.0,0.0,0.0,0.0,0.0
75.08015528639362,31.261969976918284,59.26562392224438,480.0,429.0,3.3346160063486927,90.6555356138137,0.878537884905114,1.1282063916189955,0.9946413947446556,1.4389781025601522,6.0,5.0,5.0,4.473269334306903,1.4896025755754685,0.3633889549171031,0.18780350079242092,0.0,0.0,0.0,0.0,0.0,0.0,0.0,0.0,0.0,0.0,0.0,0.0,0.0,0.0,0.0,0.0,0.0,0.0,0.0,0.0,0.0,0.0,0.0,0.0,0.0,0.0,0.0,0.0,0.0,0.0,0.0,0.0,0.0,0.0,0.0,0.0,0.0,0.0,0.0,0.0,0.0,0.0,0.0,0.0,0.0,0.0,0.0,1.0,0.0,0.0,0.0
69.98698448429073,41.93718116323505,52.25404786086765,647.0,536.0,5.010720065477156,86.286426000108,0.7884826411888386,0.985190108563396,0.4979507478758614,8.891999323379288,7.0,6.0,20.0,4.471206860953867,1.5519800472638539,0.3869095801455482,0.6548945116513429,0.0,0.0,0.0,0.0,0.0,0.0,0.0,0.0,0.0,0.0,0.0,0.0,0.0,0.0,0.0,0.0,0.0,1.0,0.0,0.0,0.0,0.0,0.0,0.0,0.0,0.0,0.0,0.0,0.0,0.0,0.0,0.0,0.0,0.0,0.0,0.0,0.0,0.0,0.0,0.0,0.0,0.0,0.0,0.0,0.0,0.0,0.0,0.0,0.0,0.0,0.0
72.7851564664348,59.15443717800967,181.04140986643225,300.0,282.0,2.173965162058636,73.20460985029376,0.9512288907353796,0.9018081123672104,0.524240010201127,4.722323918716185,4.0,2.0,18.0,3.968526308171429,1.4420269897114921,0.3427320787449344,0.3957712882169683,0.0,0.0,0.0,0.0,0.0,0.0,0.0,0.0,0.0,0.0,0.0,0.0,0.0,0.0,0.0,0.0,0.0,0.0,0.0,0.0,0.0,0.0,0.0,0.0,0.0,0.0,0.0,0.0,1.0,0.0,0.0,0.0,0.0,0.0,0.0,0.0,0.0,0.0,0.0,0.0,0.0,0.0,0.0,0.0,0.0,0.0,0.0,0.0,0.0,0.0,0.0
69.80987147570859,21.958439996923623,55.55276225365471,633.0,104.0,5.964973511701693,88.90004857101688,0.9552341800343525,1.3880244629065108,0.4511054504632394,1.2029363151533412,5.0,3.0,6.0,4.475829839147014,1.1913046734149821,0.3309715061531941,0.4874495953852742,0.0,0.0,0.0,0.0,0.0,0.0,0.0,0.0,0.0,0.0,0.0,0.0,0.0,0.0,0.0,0.0,0.0,0.0,0.0,0.0,0.0,1.0,0.0,0.0,0.0,0.0,0.0,0.0,0.0,0.0,0.0,0.0,0.0,0.0,0.0,0.0,0.0,0.0,0.0,0.0,0.0,0.0,0.0,0.0,0.0,0.0,0.0,0.0,0.0,0.0,0.0
73.93637021074566,57.90108580763702,65.69873415087646,920.0,155.0,5.481408970353716,92.55124974432582,0.7691305984069657,0.9858813798596284,0.6274660836682237,7.997133840030727,6.0,2.0,20.0,4.316196731703109,1.342001392688643,0.3428318315205934,0.5672399984200268,1.0,0.0,0.0,0.0,0.0,0.0,0.0,0.0,0.0,0.0,0.0,0.0,0.0,0.0,0.0,0.0,0.0,0.0,0.0,0.0,0.0,0.0,0.0,0.0,0.0,0.0,0.0,0.0,0.0,0.0,0.0,0.0,0.0,0.0,0.0,0.0,0.0,0.0,0.0,0.0,0.0,0.0,0.0,0.0,0.0,0.0,0.0,0.0,0.0,0.0,0.0
72.41819318500647,24.93393692351608,129.77760773229292,591.0,299.0,3.0011540708514834,92.71733408736348,0.7980716704849307,0.958982779617152,0.4250186447339865,0.6595984756054263,4.0,3.0,20.0,4.6291524671625695,1.2590240337859175,0.358807679583062,0.25423906775651195,0.0,0.0,0.0,0.0,0.0,0.0,0.0,0.0,0.0,0.0,0.0,0.0,0.0,0.0,0.0,0.0,0.0,0.0,1.0,0.0,0.0,0.0,0.0,0.0,0.0,0.0,0.0,0.0,0.0,0.0,0.0,0.0,0.0,0.0,0.0,0.0,0.0,0.0,0.0,0.0,0.0,0.0,0.0,0.0,0.0,0.0,0.0,0.0,0.0,0.0,0.0
68.18218086706443,39.72772081936997,89.68113273158878,860.0,549.0,3.71270937061696,80.5066985894887,0.7100278610336652,1.1781489975053003,0.4810428290607199,5.9119509717408185,6.0,1.0,14.0,4.68700688076184,1.3238861680620502,0.4032405759652635,0.6080158968824619,0.0,0.0,0.0,0.0,0.0,0.0,0.0,0.0,0.0,0.0,0.0,0.0,0.0,0.0,0.0,0.0,0.0,0.0,0.0,0.0,0.0,0.0,0.0,0.0,0.0,0.0,0.0,0.0,0.0,1.0,0.0,0.0,0.0,0.0,0.0,0.0,0.0,0.0,0.0,0.0,0.0,0.0,0.0,0.0,0.0,0.0,0.0,0.0,0.0,0.0,0.0
73.73798905219756,23.257684584825377,149.97252442276607,1159.0,573.0,6.549127131540894,75.3858010024925,0.7911574297021562,1.0012170928541573,0.864164761167171,9.008738664849837,3.0,6.0,2.0,5.037701239431157,1.6384761558770968,0.4658011409469356,0.546524090728471,0.0,0.0,0.0,0.0,0.0,0.0,0.0,0.0,0.0,0.0,0.0,0.0,0.0,0.0,0.0,0.0,0.0,0.0,0.0,0.0,0.0,0.0,0.0,0.0,0.0,0.0,0.0,0.0,0.0,0.0,0.0,0.0,0.0,0.0,0.0,1.0,0.0,0.0,0.0,0.0,0.0,0.0,0.0,0.0,0.0,0.0,0.0,0.0,0.0,0.0,0.0
73.95829682389801,40.56958586372511,75.91145902508045,662.0,185.0,4.07921740469109,85.08041949757198,0.7149606566840471,1.0027156427663195,0.9583834973534489,5.899568188200091,4.0,6.0,23.0,4.152815004924439,1.2559658650684489,0.34081536694440995,0.3602690856432413,0.0,0.0,0.0,1.0,0.0,0.0,0.0,0.0,0.0,0.0,0.0,0.0,0.0,0.0,0.0,0.0,0.0,0.0,0.0,0.0,0.0,0.0,0.0,0.0,0.0,0.0,0.0,0.0,0.0,0.0,0.0,0.0,0.0,0.0,0.0,0.0,0.0,0.0,0.0,0.0,0.0,0.0,0.0,0.0,0.0,0.0,0.0,0.0,0.0,0.0,0.0
68.14563650153215,51.77058355630649,156.0732059064534,1495.0,219.0,2.718286691360599,81.37831144782959,0.8426157643035332,1.2066943830135668,0.555808048931406,2.437627040768351,5.0,2.0,19.0,4.530440702139273,1.5053349081255663,0.3919928712299884,0.4235215070129606,0.0,0.0,0.0,0.0,0.0,0.0,0.0,0.0,0.0,0.0,1.0,0.0,0.0,0.0,0.0,0.0,0.0,0.0,0.0,0.0,0.0,0.0,0.0,0.0,0.0,0.0,0.0,0.0,0.0,0.0,0.0,0.0,0.0,0.0,0.0,0.0,0.0,0.0,0.0,0.0,0.0,0.0,0.0,0.0,0.0,0.0,0.0,0.0,0.0,0.0,0.0
80.47593262158993,35.35469021789493,82.58700046391252,393.0,173.0,3.5102910810564216,70.13150750497059,0.8172612008927063,1.1138296697657852,0.6243297181487156,0.7497498304901073,4.0,0.0,22.0,4.155469554128671,1.0745568959321594,0.34339274955351606,0.2697249269885633,0.0,0.0,0.0,1.0,0.0,0.0,0.0,0.0,0.0,0.0,0.0,0.0,0.0,0.0,0.0,0.0,0.0,0.0,0.0,0.0,0.0,0.0,0.0,0.0,0.0,0.0,0.0,0.0,0.0,0.0,0.0,0.0,0.0,0.0,0.0,0.0,0.0,0.0,0.0,0.0,0.0,0.0,0.0,0.0,0.0,0.0,0.0,0.0,0.0,0.0,0.0
71.02570718055705,53.523765557153816,162.70414793076975,564.0,203.0,4.699904646792805,76.43789699961057,0.9991904815893607,1.4507742870576696,0.8160806888637429,9.108099535998116,7.0,5.0,0.0,4.5952050341841,1.4766037199369177,0.3890863210408966,0.7925458596517633,0.0,0.0,0.0,0.0,0.0,0.0,0.0,0.0,0.0,0.0,0.0,0.0,0.0,0.0,0.0,0.0,0.0,0.0,0.0,0.0,0.0,0.0,0.0,0.0,0.0,0.0,0.0,0.0,0.0,0.0,0.0,0.0,0.0,0.0,0.0,0.0,0.0,0.0,0.0,0.0,0.0,1.0,0.0,0.0,0.0,0.0,0.0,0.0,0.0,0.0,0.0
71.7836889259443,25.242551162226658,66.83179521763869,661.0,417.0,4.784913295978806,81.00210225427348,0.8716692843757241,1.1444470118305643,0.4336204309793647,0.2033217159827838,4.0,2.0,6.0,4.557225894975925,1.2980251936297218,0.37236807202282163,0.32136370983547063,0.0,0.0,0.0,0.0,0.0,0.0,0.0,0.0,0.0,0.0,0.0,0.0,0.0,0.0,0.0,0.0,0.0,0.0,0.0,0.0,0.0,0.0,0.0,0.0,0.0,0.0,0.0,0.0,0.0,0.0,0.0,0.0,0.0,0.0,0.0,0.0,0.0,0.0,0.0,0.0,0.0,0.0,0.0,0.0,1.0,0.0,0.0,0.0,0.0,0.0,0.0
72.81363229186005,37.3558038138582,62.64539974017104,915.0,175.0,5.0464827701542445,89.23665052330159,0.8646353409509594,0.9101485901406652,0.4115468662499963,4.703095573799918,3.0,5.0,14.0,4.42816945166844,0.9591835124026638,0.26514412203819004,0.43659761676411857,0.0,0.0,0.0,0.0,0.0,0.0,0.0,0.0,0.0,0.0,0.0,0.0,0.0,0.0,0.0,0.0,0.0,0.0,0.0,0.0,0.0,0.0,0.0,0.0,0.0,0.0,0.0,0.0,0.0,0.0,1.0,0.0,0.0,0.0,0.0,0.0,0.0,0.0,0.0,0.0,0.0,0.0,0.0,0.0,0.0,0.0,0.0,0.0,0.0,0.0,0.0
69.5731492615324,41.8922455599225,191.56213804005185,754.0,115.0,5.192073943941476,88.0567456951623,0.7867547796771108,0.9976981271627238,0.9509790547299116,3.317954015877236,5.0,2.0,4.0,4.449984363136653,1.3930589131088873,0.3665289424573692,0.23106651862214503,0.0,0.0,0.0,0.0,1.0,0.0,0.0,0.0,0.0,0.0,0.0,0.0,0.0,0.0,0.0,0.0,0.0,0.0,0.0,0.0,0.0,0.0,0.0,0.0,0.0,0.0,0.0,0.0,0.0,0.0,0.0,0.0,0.0,0.0,0.0,0.0,0.0,0.0,0.0,0.0,0.0,0.0,0.0,0.0,0.0,0.0,0.0,0.0,0.0,0.0,0.0
76.15810605563607,37.9933695006725,97.58990410307376,969.0,287.0,3.31332347286843,79.87803165565747,0.9249456666815434,1.1876873550530718,0.4020844942581703,0.2821559072409896,6.0,5.0,13.0,4.575935828741933,1.4615774038985325,0.3865257530290431,0.35747538368689036,0.0,0.0,0.0,0.0,0.0,0.0,0.0,0.0,0.0,0.0,0.0,0.0,0.0,0.0,0.0,0.0,0.0,0.0,0.0,0.0,0.0,0.0,1.0,0.0,0.0,0.0,0.0,0.0,0.0,0.0,0.0,0.0,0.0,0.0,0.0,0.0,0.0,0.0,0.0,0.0,0.0,0.0,0.0,0.0,0.0,0.0,0.0,0.0,0.0,0.0,0.0
71.05242178481356,49.28239474528674,64.5138374593177,376.0,160.0,3.458709934311184,91.4461727298084,0.8862122454394125,0.9340296625755355,0.6592279923128568,4.171399399533435,4.0,6.0,0.0,3.848375794971102,1.110534282306327,0.2706868248273094,0.3392788908972228,0.0,0.0,0.0,0.0,0.0,0.0,0.0,1.0,0.0,0.0,0.0,0.0,0.0,0.0,0.0,0.0,0.0,0.0,0.0,0.0,0.0,0.0,0.0,0.0,0.0,0.0,0.0,0.0,0.0,0.0,0.0,0.0,0.0,0.0,0.0,0.0,0.0,0.0,0.0,0.0,0.0,0.0,0.0,0.0,0.0,0.0,0.0,0.0,0.0,0.0,0.0
64.1941403702544,23.394583473306987,111.93366994061556,1168.0,385.0,6.52543139572698,84.73739572023942,0.8526584410036407,0.9672233250829424,0.6128580434688891,0.0308668804333067,4.0,2.0,6.0,4.664672599272394,1.7964419176823696,0.4236987706641827,0.1642110561378617,0.0,0.0,0.0,0.0,0.0,0.0,0.0,0.0,0.0,0.0,0.0,0.0,0.0,0.0,0.0,0.0,0.0,0.0,0.0,0.0,0.0,0.0,0.0,0.0,0.0,0.0,0.0,0.0,0.0,0.0,0.0,0.0,0.0,1.0,0.0,0.0,0.0,0.0,0.0,0.0,0.0,0.0,0.0,0.0,0.0,0.0,0.0,0.0,0.0,0.0,0.0
68.08423609816795,26.06594448835652,69.18008092080265,771.0,558.0,2.351201239397039,71.53355250471925,0.9390251490483524,1.0389116645172116,0.7371758834772577,5.81617528878188,6.0,6.0,11.0,4.814639647156981,1.2512933788155611,0.4024183898408471,0.4480459779340954,0.0,0.0,0.0,0.0,0.0,0.0,0.0,0.0,0.0,0.0,0.0,0.0,0.0,0.0,0.0,1.0,0.0,0.0,0.0,0.0,0.0,0.0,0.0,0.0,0.0,0.0,0.0,0.0,0.0,0.0,0.0,0.0,0.0,0.0,0.0,0.0,0.0,0.0,0.0,0.0,0.0,0.0,0.0,0.0,0.0,0.0,0.0,0.0,0.0,0.0,0.0
67.38983335139353,59.64302945797662,170.88979408892249,1037.0,591.0,5.041009802896747,83.41350385048774,0.737507025203008,1.025736835767871,0.4185142530214139,6.593724682934665,4.0,6.0,20.0,4.832372906763555,0.9591835124026638,0.35441486365284347,0.5867150143433245,0.0,0.0,0.0,0.0,0.0,0.0,0.0,0.0,0.0,0.0,0.0,0.0,0.0,0.0,0.0,0.0,0.0,0.0,0.0,0.0,0.0,0.0,0.0,0.0,0.0,0.0,0.0,0.0,0.0,0.0,0.0,0.0,0.0,0.0,0.0,0.0,0.0,0.0,0.0,0.0,0.0,0.0,0.0,0.0,0.0,1.0,0.0,0.0,0.0,0.0,0.0
69.79416185180072,33.485175943227674,120.527815741211,381.0,426.0,6.203075326437297,89.37822945868105,0.8999538735982902,1.1943233511397522,0.551820904693966,1.9362321645731493,4.0,1.0,0.0,5.236687793744402,1.1322360447220974,0.40634020223355033,0.39357498986214007,0.0,0.0,0.0,0.0,0.0,0.0,0.0,0.0,0.0,0.0,0.0,0.0,0.0,1.0,0.0,0.0,0.0,0.0,0.0,0.0,0.0,0.0,0.0,0.0,0.0,0.0,0.0,0.0,0.0,0.0,0.0,0.0,0.0,0.0,0.0,0.0,0.0,0.0,0.0,0.0,0.0,0.0,0.0,0.0,0.0,0.0,0.0,0.0,0.0,0.0,0.0
68.82252308600243,26.04931873485475,170.2218304104663,959.0,359.0,6.971985435473946,83.84149042422646,0.8308693246573359,1.1096483257641705,0.8588676981696239,0.0239250976584226,7.0,3.0,20.0,4.762016011084945,1.4293449603855355,0.40105699362410924,0.15303532447919033,0.0,0.0,0.0,0.0,0.0,0.0,0.0,0.0,0.0,0.0,0.0,0.0,0.0,0.0,0.0,0.0,0.0,0.0,0.0,0.0,0.0,0.0,0.0,0.0,0.0,0.0,0.0,0.0,0.0,0.0,0.0,0.0,0.0,0.0,0.0,0.0,0.0,0.0,0.0,0.0,0.0,0.0,0.0,0.0,0.0,0.0,0.0,0.0,0.0,1.0,0.0
70.65154915104588,36.00424593998828,159.04323711739113,1152.0,366.0,5.992056436077852,80.48150376798242,0.9018389647220174,1.0922646564356682,0.6766832334059485,3.844659179773222,3.0,5.0,12.0,5.236687793744402,0.9591835124026638,0.4321228088678153,0.3963013140211694,0.0,0.0,0.0,0.0,0.0,0.0,0.0,0.0,0.0,0.0,0.0,0.0,0.0,0.0,0.0,0.0,0.0,0.0,0.0,0.0,0.0,0.0,0.0,1.0,0.0,0.0,0.0,0.0,0.0,0.0,0.0,0.0,0.0,0.0,0.0,0.0,0.0,0.0,0.0,0.0,0.0,0.0,0.0,0.0,0.0,0.0,0.0,0.0,0.0,0.0,0.0
64.00713660437223,22.836788759708845,162.41225717990113,859.0,201.0,4.454060794112861,82.67270044675894,0.8130398991301941,1.0872553637877551,0.770560507471567,6.446182303179159,5.0,4.0,19.0,4.681471821505071,1.4168140288295936,0.39700014585412824,0.49261924887645037,0.0,0.0,0.0,0.0,0.0,0.0,0.0,0.0,0.0,0.0,0.0,0.0,0.0,0.0,0.0,0.0,1.0,0.0,0.0,0.0,0.0,0.0,0.0,0.0,0.0,0.0,0.0,0.0,0.0,0.0,0.0,0.0,0.0,0.0,0.0,0.0,0.0,0.0,0.0,0.0,0.0,0.0,0.0,0.0,0.0,0.0,0.0,0.0,0.0,0.0,0.0
59.86913324092125,36.91026280943856,61.275565330713846,1447.0,136.0,3.029019348183372,91.6498324058382,0.7788107665106814,1.3537595644278306,0.8042627385520242,9.080565770934502,5.0,1.0,10.0,4.881725851027934,1.3752205064110008,0.39585402708463313,0.7465573772792804,0.0,0.0,0.0,0.0,0.0,0.0,0.0,0.0,0.0,0.0,0.0,0.0,0.0,0.0,0.0,0.0,0.0,0.0,0.0,0.0,0.0,0.0,0.0,0.0,0.0,0.0,0.0,0.0,0.0,0.0,0.0,0.0,0.0,0.0,0.0,0.0,0.0,0.0,0.0,0.0,0.0,0.0,0.0,0.0,0.0,0.0,0.0,0.0,0.0,1.0,0.0
67.19906360496408,51.12568356936811,170.3898656428691,1432.0,276.0,6.197612651257186,74.53295874658048,0.8049062122328066,1.2246843025323253,0.5880151688606864,3.897270422588811,6.0,2.0,7.0,4.284445914413262,1.4536304052821216,0.383196987831686,0.494804042472358,0.0,0.0,0.0,0.0,0.0,0.0,0.0,0.0,0.0,0.0,0.0,0.0,0.0,0.0,0.0,0.0,0.0,0.0,0.0,0.0,0.0,0.0,0.0,0.0,1.0,0.0,0.0,0.0,0.0,0.0,0.0,0.0,0.0,0.0,0.0,0.0,0.0,0.0,0.0,0.0,0.0,0.0,0.0,0.0,0.0,0.0,0.0,0.0,0.0,0.0,0.0
67.75319459610809,27.58006171125099,59.12341525209451,1353.0,465.0,6.623727171035182,78.69347962659519,0.8835536452001505,0.98947865439395,0.6131216842013096,0.3304971257877109,6.0,5.0,2.0,4.453499773118173,1.6277928109144766,0.398292066805151,0.19025278521675126,0.0,0.0,0.0,0.0,0.0,0.0,0.0,0.0,0.0,0.0,0.0,0.0,0.0,0.0,0.0,0.0,0.0,0.0,0.0,0.0,0.0,0.0,0.0,0.0,0.0,0.0,0.0,0.0,0.0,0.0,0.0,0.0,0.0,0.0,0.0,0.0,1.0,0.0,0.0,0.0,0.0,0.0,0.0,0.0,0.0,0.0,0.0,0.0,0.0,0.0,0.0
62.19677183305215,33.40231409893859,62.2431333274976,1098.0,111.0,5.097576631631024,93.14203627142578,0.7255466443066733,1.11382859686302,0.7962020787819983,8.501292345152311,5.0,3.0,18.0,4.517652139137108,1.4430588054788942,0.37311795712811097,0.6001813524363949,0.0,0.0,0.0,0.0,0.0,0.0,0.0,0.0,0.0,0.0,0.0,0.0,0.0,0.0,0.0,0.0,0.0,0.0,0.0,0.0,0.0,0.0,0.0,0.0,0.0,0.0,0.0,0.0,0.0,0.0,0.0,0.0,0.0,0.0,0.0,0.0,0.0,0.0,0.0,0.0,1.0,0.0,0.0,0.0,0.0,0.0,0.0,0.0,0.0,0.0,0.0
73.58755676077097,45.42668453483712,180.86987308939223,995.0,466.0,4.80051920901959,71.20331289640048,0.9399681682091618,1.0091503806176605,0.7364329695971598,0.1897302370101061,4.0,5.0,22.0,4.664753793629363,1.3197920662865843,0.3965336963553548,0.15189754129132113,0.0,0.0,0.0,0.0,0.0,0.0,0.0,0.0,0.0,0.0,0.0,0.0,0.0,0.0,0.0,0.0,0.0,0.0,0.0,0.0,0.0,0.0,0.0,0.0,0.0,0.0,0.0,0.0,0.0,0.0,0.0,0.0,0.0,0.0,0.0,0.0,0.0,0.0,0.0,0.0,1.0,0.0,0.0,0.0,0.0,0.0,0.0,0.0,0.0,0.0,0.0
63.76378928260449,31.819237752509544,133.0688416946415,592.0,170.0,5.499805411265097,85.63857766557594,0.7616042822513063,1.1149542449047858,0.4821391214682173,8.180635681202292,6.0,4.0,6.0,4.299664373424741,1.486823636328064,0.36980416614768763,0.6895276046124761,0.0,0.0,0.0,0.0,0.0,0.0,0.0,0.0,0.0,0.0,0.0,0.0,0.0,0.0,0.0,0.0,0.0,0.0,0.0,0.0,0.0,0.0,0.0,0.0,0.0,0.0,1.0,0.0,0.0,0.0,0.0,0.0,0.0,0.0,0.0,0.0,0.0,0.0,0.0,0.0,0.0,0.0,0.0,0.0,0.0,0.0,0.0,0.0,0.0,0.0,0.0
72.57666830818972,44.69953675390733,142.41480873348306,1467.0,332.0,6.69934801024143,79.01637330230267,0.8574165532006492,0.9448762015899768,0.8890774349491183,3.103836700595984,3.0,3.0,3.0,4.42816945166844,0.9591835124026638,0.26514412203819004,0.2145778309165412,0.0,0.0,0.0,0.0,0.0,0.0,0.0,0.0,0.0,0.0,0.0,0.0,0.0,0.0,0.0,0.0,0.0,0.0,0.0,0.0,0.0,0.0,0.0,1.0,0.0,0.0,0.0,0.0,0.0,0.0,0.0,0.0,0.0,0.0,0.0,0.0,0.0,0.0,0.0,0.0,0.0,0.0,0.0,0.0,0.0,0.0,0.0,0.0,0.0,0.0,0.0
69.22898865977658,51.18468957420095,140.49749561411664,646.0,220.0,6.51426703955974,88.18075494051931,0.9620385824267724,1.280749609863559,0.5722394224814844,7.645357902831495,6.0,4.0,9.0,4.204555848645931,1.3907573513948717,0.3272609459112935,0.7156534608969928,0.0,0.0,0.0,0.0,0.0,0.0,0.0,0.0,0.0,0.0,0.0,0.0,0.0,0.0,0.0,0.0,0.0,0.0,0.0,0.0,0.0,0.0,0.0,0.0,0.0,0.0,1.0,0.0,0.0,0.0,0.0,0.0,0.0,0.0,0.0,0.0,0.0,0.0,0.0,0.0,0.0,0.0,0.0,0.0,0.0,0.0,0.0,0.0,0.0,0.0,0.0
75.88461081041808,22.36518846071337,172.06120831843282,1413.0,383.0,4.8778320570580735,88.14953563118875,0.8516036240953698,1.077332328438093,0.6686877336556328,2.388172076243181,4.0,0.0,2.0,4.47592491629233,1.55646195675049,0.37770810845314734,0.31862580663007717,0.0,0.0,1.0,0.0,0.0,0.0,0.0,0.0,0.0,0.0,0.0,0.0,0.0,0.0,0.0,0.0,0.0,0.0,0.0,0.0,0.0,0.0,0.0,0.0,0.0,0.0,0.0,0.0,0.0,0.0,0.0,0.0,0.0,0.0,0.0,0.0,0.0,0.0,0.0,0.0,0.0,0.0,0.0,0.0,0.0,0.0,0.0,0.0,0.0,0.0,0.0
63.68370161904389,53.6743949626128,187.08330209910164,531.0,450.0,3.1202752446737536,70.52083783746603,0.9330868883254848,1.2404046935053077,0.6191908373868564,2.087890461035329,5.0,1.0,16.0,4.584284422447011,1.6457985309669212,0.42273857063543735,0.401739932349164,0.0,0.0,0.0,0.0,0.0,0.0,0.0,0.0,0.0,0.0,0.0,0.0,0.0,0.0,0.0,0.0,0.0,0.0,0.0,0.0,0.0,0.0,0.0,0.0,0.0,0.0,0.0,0.0,0.0,0.0,0.0,0.0,0.0,0.0,0.0,0.0,0.0,0.0,0.0,0.0,0.0,0.0,1.0,0.0,0.0,0.0,0.0,0.0,0.0,0.0,0.0
66.43569205408734,45.453221995185416,182.99448026315173,1188.0,401.0,4.02274903625184,89.31553249605003,0.9045631399730142,0.900157570253883,0.8793820897078497,5.57496234591834,4.0,0.0,15.0,5.223328142934479,1.4665784979322525,0.42627746791198,0.3190671965001726,0.0,0.0,0.0,0.0,0.0,0.0,0.0,0.0,0.0,0.0,0.0,0.0,0.0,0.0,0.0,0.0,0.0,0.0,0.0,0.0,0.0,0.0,0.0,0.0,0.0,0.0,0.0,0.0,0.0,0.0,0.0,0.0,0.0,0.0,0.0,1.0,0.0,0.0,0.0,0.0,0.0,0.0,0.0,0.0,0.0,0.0,0.0,0.0,0.0,0.0,0.0
81.05178187538058,24.84707374370976,102.43523825942552,1004.0,434.0,2.976503696195641,71.82643225708762,0.8503009091133067,1.3610722231205843,0.9568966788755942,1.8199118181395435,4.0,0.0,6.0,4.671922203767884,0.9591835124026638,0.3562172278395696,0.3360087897684874,0.0,0.0,0.0,0.0,0.0,0.0,0.0,0.0,0.0,0.0,0.0,0.0,0.0,0.0,0.0,0.0,0.0,0.0,0.0,0.0,0.0,0.0,0.0,0.0,0.0,0.0,0.0,0.0,0.0,0.0,0.0,0.0,0.0,0.0,0.0,0.0,0.0,0.0,0.0,0.0,0.0,0.0,0.0,0.0,0.0,1.0,0.0,0.0,0.0,0.0,0.0
68.2280323800546,28.807407743910744,80.4449016766116,687.0,238.0,3.112308128440686,70.20252315061067,0.7095955130107249,1.4297147823273657,0.8787999211318206,2.9621357557824126,6.0,2.0,9.0,4.35381825055506,1.3456780006981945,0.3970945694131388,0.45357820035449353,1.0,0.0,0.0,0.0,0.0,0.0,0.0,0.0,0.0,0.0,0.0,0.0,0.0,0.0,0.0,0.0,0.0,0.0,0.0,0.0,0.0,0.0,0.0,0.0,0.0,0.0,0.0,0.0,0.0,0.0,0.0,0.0,0.0,0.0,0.0,0.0,0.0,0.0,0.0,0.0,0.0,0.0,0.0,0.0,0.0,0.0,0.0,0.0,0.0,0.0,0.0
64.80667395438549,35.49832664092372,70.25661084105732,796.0,542.0,6.099010445848244,93.43398519402469,0.7579209026141625,1.3064289888675549,0.6761976058917827,1.344852764195813,5.0,6.0,10.0,4.255476049467396,1.28910218952583,0.33187384966312533,0.37858195862651617,0.0,0.0,0.0,0.0,0.0,0.0,0.0,0.0,0.0,0.0,0.0,0.0,0.0,0.0,0.0,0.0,0.0,0.0,0.0,0.0,0.0,0.0,0.0,0.0,0.0,0.0,0.0,0.0,0.0,0.0,0.0,0.0,0.0,0.0,0.0,0.0,0.0,1.0,0.0,0.0,0.0,0.0,0.0,0.0,0.0,0.0,0.0,0.0,0.0,0.0,0.0
66.7192622335726,32.58276617438313,77.66200998835698,1481.0,439.0,3.4019625404635767,90.00228103398356,0.9747596536508556,1.0075308291553484,0.6956766857537506,1.8642143880980435,5.0,3.0,9.0,4.2471508850199635,1.2382490812763576,0.3114764975734612,0.24846773813081263,0.0,0.0,0.0,0.0,0.0,0.0,0.0,0.0,0.0,0.0,0.0,0.0,0.0,0.0,0.0,0.0,0.0,0.0,1.0,0.0,0.0,0.0,0.0,0.0,0.0,0.0,0.0,0.0,0.0,0.0,0.0,0.0,0.0,0.0,0.0,0.0,0.0,0.0,0.0,0.0,0.0,0.0,0.0,0.0,0.0,0.0,0.0,0.0,0.0,0.0,0.0
69.03315848335373,40.54459165679283,118.4778736894328,308.0,351.0,5.769552183867493,94.30468009133972,0.9970253459791852,1.0074039686781917,0.4711542729315474,5.103620390819113,4.0,1.0,15.0,4.78585847972224,1.8473826609583988,0.4114596530084632,0.4854170953846807,0.0,0.0,0.0,0.0,0.0,0.0,0.0,0.0,0.0,0.0,0.0,0.0,0.0,0.0,0.0,0.0,0.0,0.0,0.0,0.0,0.0,0.0,0.0,0.0,0.0,0.0,0.0,0.0,0.0,0.0,0.0,0.0,0.0,0.0,0.0,0.0,0.0,1.0,0.0,0.0,0.0,0.0,0.0,0.0,0.0,0.0,0.0,0.0,0.0,0.0,0.0
66.62655546859047,25.43961867175528,188.76035886899652,697.0,208.0,3.60909405216576,77.62923504070116,0.7288536995466496,1.1285454278357576,0.5072539358235694,3.5631002088489505,5.0,4.0,22.0,4.652196080158436,1.2674278102803382,0.3987052884148451,0.45692379396373395,0.0,0.0,0.0,0.0,0.0,0.0,0.0,0.0,0.0,0.0,0.0,0.0,0.0,0.0,0.0,0.0,0.0,0.0,0.0,0.0,0.0,0.0,0.0,0.0,0.0,0.0,0.0,0.0,0.0,0.0,0.0,0.0,1.0,0.0,0.0,0.0,0.0,0.0,0.0,0.0,0.0,0.0,0.0,0.0,0.0,0.0,0.0,0.0,0.0,0.0,0.0
69.13366172178173,56.89669915124144,103.1113380483814,584.0,376.0,6.272153335182993,80.47026941705694,0.7730436380422263,1.2642506585445028,0.50295786076261,1.1442176896830714,6.0,0.0,9.0,4.520635157907553,1.5998681912301291,0.4089420942371648,0.4052565987799473,0.0,0.0,0.0,0.0,0.0,0.0,0.0,0.0,0.0,0.0,0.0,0.0,0.0,0.0,0.0,0.0,0.0,0.0,0.0,0.0,0.0,0.0,0.0,0.0,0.0,0.0,0.0,0.0,0.0,0.0,0.0,0.0,0.0,0.0,0.0,0.0,1.0,0.0,0.0,0.0,0.0,0.0,0.0,0.0,0.0,0.0,0.0,0.0,0.0,0.0,0.0
61.28720479323525,44.66228353363543,78.41563547441338,784.0,583.0,2.4176173386516324,70.3354360047401,0.7006535015437779,1.1436470926826343,0.6086150534966508,5.072795867513767,4.0,6.0,19.0,4.460267492613367,1.7595498851154068,0.446464569442154,0.5061832032705245,0.0,0.0,0.0,0.0,0.0,0.0,0.0,0.0,0.0,0.0,0.0,0.0,0.0,0.0,0.0,0.0,0.0,0.0,0.0,0.0,0.0,0.0,0.0,0.0,0.0,0.0,0.0,0.0,0.0,0.0,0.0,0.0,0.0,0.0,0.0,0.0,0.0,0.0,0.0,0.0,0.0,0.0,1.0,0.0,0.0,0.0,0.0,0.0,0.0,0.0,0.0
66.5890554167913,22.447519466294487,55.70294876737906,664.0,380.0,2.768958976029981,70.53433693513959,0.867747963253408,1.1878717380028718,0.5185462704131723,2.027035304360321,4.0,4.0,3.0,4.3546212232769275,1.5876680813653556,0.4037898841602603,0.40599521904526076,0.0,0.0,0.0,0.0,0.0,0.0,0.0,0.0,0.0,0.0,0.0,0.0,0.0,0.0,0.0,0.0,0.0,0.0,0.0,0.0,0.0,0.0,0.0,0.0,0.0,0.0,0.0,0.0,0.0,0.0,0.0,0.0,0.0,0.0,0.0,0.0,0.0,0.0,0.0,0.0,0.0,1.0,0.0,0.0,0.0,0.0,0.0,0.0,0.0,0.0,0.0
64.15150735753161,48.01379648793143,99.75314571263776,488.0,182.0,2.893909612872973,77.98584694370706,0.7681376609179132,1.1358055299167096,0.5266362498867858,1.845195105146096,6.0,5.0,2.0,4.17352802579366,1.2738789070869891,0.3531923477920324,0.3681383051128203,0.0,0.0,0.0,0.0,0.0,0.0,0.0,0.0,0.0,0.0,0.0,0.0,0.0,0.0,0.0,0.0,0.0,0.0,1.0,0.0,0.0,0.0,0.0,0.0,0.0,0.0,0.0,0.0,0.0,0.0,0.0,0.0,0.0,0.0,0.0,0.0,0.0,0.0,0.0,0.0,0.0,0.0,0.0,0.0,0.0,0.0,0.0,0.0,0.0,0.0,0.0
68.40011246669614,54.0980872666355,68.55862912261759,349.0,174.0,2.7102339886858084,90.65277795881218,0.8311436113217885,1.074280009356899,0.8877949435410558,2.2639518187821563,5.0,3.0,5.0,4.605846016990005,1.1062872539916635,0.34302665867403,0.23775099559875107,0.0,0.0,0.0,0.0,0.0,0.0,0.0,0.0,0.0,0.0,0.0,0.0,0.0,0.0,0.0,1.0,0.0,0.0,0.0,0.0,0.0,0.0,0.0,0.0,0.0,0.0,0.0,0.0,0.0,0.0,0.0,0.0,0.0,0.0,0.0,0.0,0.0,0.0,0.0,0.0,0.0,0.0,0.0,0.0,0.0,0.0,0.0,0.0,0.0,0.0,0.0
69.4949543594638,42.46522189204428,161.3651012627207,1126.0,492.0,2.2672146945100047,71.44196633793236,0.975655041912828,1.168769890758515,0.8029186184180372,0.4868482209640523,4.0,1.0,16.0,4.1484857343224775,1.216214716756721,0.3378522693345432,0.2244605889514615,0.0,0.0,0.0,1.0,0.0,0.0,0.0,0.0,0.0,0.0,0.0,0.0,0.0,0.0,0.0,0.0,0.0,0.0,0.0,0.0,0.0,0.0,0.0,0.0,0.0,0.0,0.0,0.0,0.0,0.0,0.0,0.0,0.0,0.0,0.0,0.0,0.0,0.0,0.0,0.0,0.0,0.0,0.0,0.0,0.0,0.0,0.0,0.0,0.0,0.0,0.0
70.49709943121518,55.947231233651216,145.36389991101333,1027.0,174.0,6.521282518570946,72.79881930624288,0.8774739395006648,1.122637393631272,0.7060403789666208,7.120715242748671,6.0,3.0,5.0,3.970971219969101,1.3382120708841099,0.3412190790339045,0.5656109842126484,0.0,0.0,0.0,0.0,0.0,0.0,0.0,0.0,0.0,0.0,0.0,0.0,0.0,0.0,0.0,0.0,0.0,0.0,0.0,0.0,0.0,0.0,0.0,0.0,0.0,0.0,0.0,0.0,0.0,0.0,0.0,1.0,0.0,0.0,0.0,0.0,0.0,0.0,0.0,0.0,0.0,0.0,0.0,0.0,0.0,0.0,0.0,0.0,0.0,0.0,0.0
75.6574191798145,28.274564410402924,56.65921567521368,381.0,140.0,4.427314245371042,73.79319980760276,0.8709369307645479,0.9991023304551812,0.6343420524994914,1.1522557051360394,4.0,6.0,7.0,4.7360087108771385,1.4692691102825912,0.418704557437266,0.22910063302088784,0.0,0.0,0.0,0.0,0.0,0.0,0.0,0.0,0.0,0.0,0.0,0.0,0.0,0.0,0.0,0.0,0.0,0.0,1.0,0.0,0.0,0.0,0.0,0.0,0.0,0.0,0.0,0.0,0.0,0.0,0.0,0.0,0.0,0.0,0.0,0.0,0.0,0.0,0.0,0.0,0.0,0.0,0.0,0.0,0.0,0.0,0.0,0.0,0.0,0.0,0.0
68.37497184213308,27.44427058317189,160.60577018221875,782.0,319.0,6.8266990635496345,81.60563845104133,0.766678522631657,1.304902088932296,0.4558061875047805,9.497636743607876,5.0,2.0,1.0,5.20557811802876,1.6012979115347965,0.46680994635511286,0.8592767883418615,0.0,0.0,0.0,0.0,0.0,0.0,0.0,0.0,0.0,0.0,0.0,0.0,0.0,0.0,0.0,0.0,0.0,0.0,0.0,0.0,0.0,0.0,0.0,0.0,0.0,0.0,0.0,0.0,0.0,0.0,0.0,0.0,0.0,0.0,0.0,1.0,0.0,0.0,0.0,0.0,0.0,0.0,0.0,0.0,0.0,0.0,0.0,0.0,0.0,0.0,0.0
70.6332218703947,45.98116604375719,111.14688763069192,1070.0,551.0,2.830543719553087,81.09216102117344,0.7224626257821678,1.491010635800115,0.686915320711428,5.5747675167089685,5.0,1.0,9.0,4.252141669410948,1.3535924490936193,0.36597169182343153,0.6790170910613303,0.0,0.0,0.0,0.0,0.0,0.0,0.0,0.0,0.0,0.0,0.0,0.0,0.0,0.0,0.0,0.0,0.0,0.0,0.0,0.0,0.0,0.0,0.0,0.0,0.0,0.0,0.0,0.0,0.0,0.0,0.0,0.0,0.0,0.0,0.0,0.0,0.0,0.0,0.0,0.0,0.0,1.0,0.0,0.0,0.0,0.0,0.0,0.0,0.0,0.0,0.0
69.00659406175772,43.07345064152311,181.0776272079908,763.0,337.0,2.3788759299150044,73.04629941636777,0.7746255595373478,1.4293697109697316,0.7122964455119017,4.554220670887421,6.0,1.0,22.0,4.3737732478560005,1.5328836613552559,0.4045074735110329,0.5886347688932357,0.0,0.0,0.0,0.0,0.0,0.0,0.0,0.0,0.0,0.0,0.0,0.0,0.0,0.0,1.0,0.0,0.0,0.0,0.0,0.0,0.0,0.0,0.0,0.0,0.0,0.0,0.0,0.0,0.0,0.0,0.0,0.0,0.0,0.0,0.0,0.0,0.0,0.0,0.0,0.0,0.0,0.0,0.0,0.0,0.0,0.0,0.0,0.0,0.0,0.0,0.0
66.94973899650601,24.55593833563737,54.17247243965805,538.0,222.0,2.855790139754047,74.96603368102095,0.8449355142673077,1.3226001175866586,0.4035427943567399,1.3501862194015923,6.0,6.0,11.0,4.551423525653237,1.3379925970045854,0.3904266666644786,0.47794732854454597,0.0,0.0,0.0,0.0,0.0,0.0,0.0,0.0,0.0,0.0,0.0,0.0,0.0,0.0,0.0,0.0,0.0,0.0,0.0,0.0,0.0,0.0,0.0,0.0,0.0,0.0,0.0,0.0,0.0,0.0,0.0,0.0,0.0,0.0,0.0,0.0,0.0,1.0,0.0,0.0,0.0,0.0,0.0,0.0,0.0,0.0,0.0,0.0,0.0,0.0,0.0
71.92007656749513,50.83628878280513,194.9171971349469,1244.0,361.0,5.112769107222299,75.63115154396958,0.988639995909379,1.4356082490534274,0.8536564469519095,7.048976834126392,5.0,3.0,22.0,4.5280341264211925,1.3615391251380091,0.3749469321345094,0.6693919770684484,0.0,0.0,0.0,0.0,0.0,0.0,0.0,0.0,0.0,0.0,0.0,0.0,0.0,0.0,0.0,0.0,0.0,0.0,0.0,0.0,0.0,0.0,0.0,0.0,0.0,0.0,0.0,0.0,0.0,0.0,0.0,0.0,0.0,0.0,0.0,0.0,0.0,1.0,0.0,0.0,0.0,0.0,0.0,0.0,0.0,0.0,0.0,0.0,0.0,0.0,0.0
73.20684730111522,54.05546575018875,52.86270444637879,336.0,592.0,4.986175716527499,92.37036919201152,0.7543515180000762,1.2459950000783322,0.8855480660012897,8.00784118328073,4.0,6.0,9.0,5.236687793744402,1.3784563636426856,0.4341217555335349,0.6118204923378042,0.0,0.0,0.0,0.0,0.0,0.0,0.0,0.0,0.0,0.0,0.0,0.0,0.0,0.0,0.0,0.0,0.0,0.0,0.0,0.0,0.0,0.0,0.0,0.0,0.0,0.0,0.0,0.0,0.0,0.0,0.0,0.0,0.0,0.0,0.0,1.0,0.0,0.0,0.0,0.0,0.0,0.0,0.0,0.0,0.0,0.0,0.0,0.0,0.0,0.0,0.0
77.95600935001693,26.57297845946176,142.45988206409038,1184.0,276.0,2.6469653940273963,87.54527416958541,0.8985826818368693,0.984072514223116,0.6668876855887585,1.1938110355933862,4.0,1.0,7.0,4.062169892574154,1.5482773532259275,0.3375761866193803,0.21279449378431603,0.0,0.0,0.0,0.0,0.0,0.0,0.0,0.0,0.0,0.0,0.0,0.0,0.0,0.0,0.0,0.0,0.0,0.0,0.0,0.0,0.0,0.0,0.0,0.0,0.0,0.0,0.0,0.0,0.0,0.0,1.0,0.0,0.0,0.0,0.0,0.0,0.0,0.0,0.0,0.0,0.0,0.0,0.0,0.0,0.0,0.0,0.0,0.0,0.0,0.0,0.0
69.15049540460333,56.463726016181546,181.08484708073945,1263.0,453.0,3.853618402770061,83.97119420346269,0.8867059101413337,0.9155563154357164,0.5869082091724496,2.909449254087021,5.0,3.0,15.0,4.218977940201417,1.2264587927214692,0.32877652554207537,0.29103388864239876,0.0,0.0,0.0,0.0,0.0,0.0,0.0,0.0,0.0,0.0,0.0,0.0,0.0,0.0,0.0,0.0,0.0,0.0,1.0,0.0,0.0,0.0,0.0,0.0,0.0,0.0,0.0,0.0,0.0,0.0,0.0,0.0,0.0,0.0,0.0,0.0,0.0,0.0,0.0,0.0,0.0,0.0,0.0,0.0,0.0,0.0,0.0,0.0,0.0,0.0,0.0
66.8541164764374,34.29983618717862,106.38969831202137,737.0,122.0,5.1182058155626855,80.69711373696433,0.8208148289820286,1.0507855749871482,0.9249331021701422,9.489666779628616,6.0,2.0,10.0,4.67015890860894,1.3019922988551962,0.3882304261591438,0.5751117197149869,0.0,0.0,0.0,0.0,0.0,0.0,0.0,0.0,0.0,0.0,0.0,0.0,0.0,0.0,0.0,0.0,0.0,0.0,0.0,0.0,0.0,0.0,0.0,0.0,0.0,0.0,0.0,0.0,0.0,0.0,0.0,0.0,1.0,0.0,0.0,0.0,0.0,0.0,0.0,0.0,0.0,0.0,0.0,0.0,0.0,0.0,0.0,0.0,0.0,0.0,0.0
67.22262780851412,56.26945015658925,56.404413476627326,638.0,595.0,5.052378597640804,75.14383524867958,0.7762712629353443,1.3904455968625238,0.8531153328826114,7.902070749080174,4.0,1.0,14.0,4.42816945166844,0.9591835124026638,0.26514412203819004,0.6896506792174317,0.0,0.0,0.0,0.0,0.0,0.0,0.0,0.0,0.0,0.0,0.0,0.0,0.0,1.0,0.0,0.0,0.0,0.0,0.0,0.0,0.0,0.0,0.0,0.0,0.0,0.0,0.0,0.0,0.0,0.0,0.0,0.0,0.0,0.0,0.0,0.0,0.0,0.0,0.0,0.0,0.0,0.0,0.0,0.0,0.0,0.0,0.0,0.0,0.0,0.0,0.0
67.90640572363588,22.809118977444943,100.52472446303562,589.0,464.0,4.55616238754632,85.37298668883145,0.7738475531478128,0.901271830124221,0.8993386952131569,8.332216061712646,4.0,4.0,12.0,4.361812935307738,1.7493043562627764,0.39955856449418714,0.45091417951468765,0.0,0.0,0.0,0.0,0.0,0.0,1.0,0.0,0.0,0.0,0.0,0.0,0.0,0.0,0.0,0.0,0.0,0.0,0.0,0.0,0.0,0.0,0.0,0.0,0.0,0.0,0.0,0.0,0.0,0.0,0.0,0.0,0.0,0.0,0.0,0.0,0.0,0.0,0.0,0.0,0.0,0.0,0.0,0.0,0.0,0.0,0.0,0.0,0.0,0.0,0.0
66.66826445870272,47.10362865107753,121.0661887052676,983.0,477.0,3.195599834258851,72.57927236196191,0.8426125218599796,1.0993071946200796,0.7544914304783377,3.754725696762594,6.0,1.0,18.0,4.3603121945893815,1.4750525411681186,0.39195456418182845,0.3693562277374661,0.0,0.0,0.0,0.0,0.0,0.0,0.0,0.0,0.0,0.0,0.0,0.0,0.0,0.0,0.0,0.0,0.0,0.0,0.0,0.0,0.0,0.0,0.0,0.0,0.0,0.0,1.0,0.0,0.0,0.0,0.0,0.0,0.0,0.0,0.0,0.0,0.0,0.0,0.0,0.0,0.0,0.0,0.0,0.0,0.0,0.0,0.0,0.0,0.0,0.0,0.0
73.49820334759876,33.6037454851087,189.39890862686136,852.0,130.0,3.903667078981649,76.12957359802736,0.9187963560449114,1.1092511152975633,0.9083050729640904,1.90954844532712,3.0,6.0,1.0,3.678582896934127,0.9591835124026638,0.26514412203819004,0.2306767127818562,0.0,0.0,0.0,0.0,0.0,0.0,0.0,0.0,0.0,0.0,0.0,0.0,0.0,0.0,0.0,0.0,0.0,0.0,0.0,0.0,0.0,0.0,0.0,0.0,0.0,0.0,0.0,0.0,0.0,0.0,0.0,0.0,1.0,0.0,0.0,0.0,0.0,0.0,0.0,0.0,0.0,0.0,0.0,0.0,0.0,0.0,0.0,0.0,0.0,0.0,0.0
66.27948400567807,55.898528940112925,134.1786835529732,627.0,300.0,5.4773060861164495,88.05276795862436,0.8536431279303955,0.9308715857340452,0.7253250477666915,1.219640570180286,4.0,0.0,7.0,4.160364800692388,1.4769260611093407,0.3427534934065515,0.1679551199943748,0.0,0.0,0.0,0.0,0.0,0.0,0.0,0.0,0.0,0.0,0.0,0.0,0.0,0.0,0.0,0.0,0.0,0.0,0.0,0.0,0.0,0.0,0.0,0.0,0.0,0.0,0.0,0.0,0.0,0.0,0.0,0.0,0.0,0.0,0.0,0.0,0.0,0.0,0.0,0.0,0.0,0.0,0.0,0.0,0.0,0.0,0.0,0.0,1.0,0.0,0.0
70.10877660524925,58.22312130459131,57.34552856621597,1266.0,528.0,2.9363874209223706,77.97927253993336,0.9601700481164684,1.1402135450412607,0.7538246309391499,6.10087973817277,3.0,4.0,15.0,5.236687793744402,0.9591835124026638,0.4215388426338541,0.507434476567231,0.0,0.0,0.0,0.0,0.0,0.0,0.0,0.0,0.0,0.0,0.0,0.0,0.0,0.0,0.0,0.0,0.0,0.0,0.0,0.0,0.0,0.0,0.0,0.0,0.0,0.0,0.0,0.0,0.0,0.0,0.0,0.0,0.0,1.0,0.0,0.0,0.0,0.0,0.0,0.0,0.0,0.0,0.0,0.0,0.0,0.0,0.0,0.0,0.0,0.0,0.0
74.57450422967175,25.57425614319793,197.3217236392393,1384.0,221.0,4.565648486238731,85.73307575474763,0.7561835829103636,1.047108305359411,0.4640860206454058,2.0910373699632845,4.0,5.0,0.0,4.62931201103445,1.328585196341831,0.38362035431694735,0.3569232706441988,0.0,0.0,0.0,0.0,1.0,0.0,0.0,0.0,0.0,0.0,0.0,0.0,0.0,0.0,0.0,0.0,0.0,0.0,0.0,0.0,0.0,0.0,0.0,0.0,0.0,0.0,0.0,0.0,0.0,0.0,0.0,0.0,0.0,0.0,0.0,0.0,0.0,0.0,0.0,0.0,0.0,0.0,0.0,0.0,0.0,0.0,0.0,0.0,0.0,0.0,0.0
69.80210987866704,22.268413171771325,155.88502127269246,848.0,131.0,6.7155769597315125,87.14608544049102,0.9471943438459972,1.4448696306615862,0.6748599708315104,0.97549043762174,6.0,5.0,2.0,4.2247033571097266,1.4479308215299485,0.3380197155979248,0.429837500904454,0.0,0.0,0.0,0.0,0.0,0.0,0.0,1.0,0.0,0.0,0.0,0.0,0.0,0.0,0.0,0.0,0.0,0.0,0.0,0.0,0.0,0.0,0.0,0.0,0.0,0.0,0.0,0.0,0.0,0.0,0.0,0.0,0.0,0.0,0.0,0.0,0.0,0.0,0.0,0.0,0.0,0.0,0.0,0.0,0.0,0.0,0.0,0.0,0.0,0.0,0.0
61.93940759888344,38.48020606099401,114.7235466738407,912.0,265.0,3.190928062386725,86.93208142111794,0.7120870275811949,1.4671719986172749,0.4263521513993061,7.424140377987854,3.0,2.0,18.0,3.685830397879312,1.4170878268485403,0.31230829366395235,0.8465824386307894,0.0,0.0,0.0,0.0,0.0,0.0,0.0,0.0,0.0,0.0,0.0,0.0,0.0,0.0,0.0,0.0,0.0,0.0,0.0,0.0,0.0,0.0,0.0,0.0,1.0,0.0,0.0,0.0,0.0,0.0,0.0,0.0,0.0,0.0,0.0,0.0,0.0,0.0,0.0,0.0,0.0,0.0,0.0,0.0,0.0,0.0,0.0,0.0,0.0,0.0,0.0
70.72272933759453,51.52940549561837,124.2013547001892,334.0,152.0,3.3905507597928324,89.62173069173134,0.9052855451262952,1.1625807281638745,0.6663952797288093,9.44492600126858,4.0,1.0,12.0,4.698854257046612,1.8473826609583988,0.4360478932397742,0.7151193099079064,0.0,0.0,0.0,0.0,0.0,0.0,0.0,0.0,0.0,0.0,0.0,0.0,0.0,0.0,1.0,0.0,0.0,0.0,0.0,0.0,0.0,0.0,0.0,0.0,0.0,0.0,0.0,0.0,0.0,0.0,0.0,0.0,0.0,0.0,0.0,0.0,0.0,0.0,0.0,0.0,0.0,0.0,0.0,0.0,0.0,0.0,0.0,0.0,0.0,0.0,0.0
78.66588877764246,46.11686575131988,72.82337085887926,1130.0,530.0,3.5994330621670896,76.38341297420897,0.9825076499408848,1.2384437033840154,0.7099209966795232,8.919432014446064,3.0,5.0,7.0,5.236687793744402,0.9591835124026638,0.44282432322255866,0.7122692665862782,0.0,0.0,0.0,0.0,0.0,0.0,0.0,0.0,0.0,0.0,0.0,0.0,0.0,0.0,0.0,0.0,0.0,0.0,0.0,0.0,0.0,0.0,0.0,0.0,0.0,0.0,0.0,0.0,0.0,0.0,0.0,0.0,0.0,0.0,0.0,1.0,0.0,0.0,0.0,0.0,0.0,0.0,0.0,0.0,0.0,0.0,0.0,0.0,0.0,0.0,0.0
67.9470515767307,46.210343254769526,108.56342776390852,453.0,255.0,6.463194466912862,92.22875938902312,0.931862720486902,0.9863501994366184,0.9187825969964628,6.8096316095251215,5.0,1.0,2.0,4.647148157719529,1.2237619198574199,0.34459871548987403,0.4108280696848254,0.0,0.0,0.0,0.0,0.0,0.0,0.0,0.0,0.0,0.0,0.0,0.0,0.0,0.0,0.0,0.0,0.0,0.0,0.0,0.0,0.0,0.0,0.0,0.0,0.0,0.0,0.0,0.0,0.0,0.0,0.0,0.0,1.0,0.0,0.0,0.0,0.0,0.0,0.0,0.0,0.0,0.0,0.0,0.0,0.0,0.0,0.0,0.0,0.0,0.0,0.0
66.12960834783108,32.257094972403,152.05011334479903,1350.0,116.0,6.025553073815261,87.40262605351447,0.9520927764771332,1.2849509306522886,0.4702071271370446,3.094758561558797,5.0,1.0,20.0,4.347919059947169,1.264997286626769,0.33023015340050627,0.524137334409727,0.0,0.0,0.0,0.0,0.0,0.0,0.0,0.0,0.0,0.0,0.0,0.0,0.0,0.0,0.0,0.0,0.0,0.0,0.0,0.0,0.0,0.0,0.0,0.0,0.0,0.0,0.0,0.0,0.0,0.0,0.0,0.0,0.0,0.0,0.0,0.0,0.0,1.0,0.0,0.0,0.0,0.0,0.0,0.0,0.0,0.0,0.0,0.0,0.0,0.0,0.0
60.549857749752434,37.875040033455,172.87494664104184,1188.0,557.0,6.94952834206803,90.24910334034116,0.7111244775126213,1.3553412213384943,0.6449281393437128,4.954106326289827,4.0,3.0,10.0,4.64299042457216,1.4427571271793842,0.3911805920108029,0.5940765811675095,0.0,0.0,0.0,0.0,0.0,0.0,0.0,0.0,0.0,0.0,0.0,0.0,0.0,0.0,0.0,0.0,1.0,0.0,0.0,0.0,0.0,0.0,0.0,0.0,0.0,0.0,0.0,0.0,0.0,0.0,0.0,0.0,0.0,0.0,0.0,0.0,0.0,0.0,0.0,0.0,0.0,0.0,0.0,0.0,0.0,0.0,0.0,0.0,0.0,0.0,0.0
64.28391376234906,55.839351638183054,87.36934183408124,604.0,365.0,6.598416862946361,87.9669629054317,0.7737526879827308,1.4756571829958998,0.806321416639364,2.5226501110842903,4.0,5.0,8.0,3.9623480650343024,0.9594559461489118,0.28434486568090883,0.47877532652198185,0.0,0.0,0.0,0.0,0.0,0.0,0.0,0.0,0.0,0.0,0.0,0.0,0.0,0.0,0.0,0.0,0.0,0.0,0.0,0.0,0.0,0.0,0.0,0.0,0.0,0.0,0.0,0.0,0.0,0.0,0.0,0.0,0.0,0.0,0.0,0.0,0.0,0.0,0.0,0.0,0.0,0.0,0.0,0.0,1.0,0.0,0.0,0.0,0.0,0.0,0.0
66.79997694773286,31.56144968523405,92.8398594319232,472.0,550.0,5.198109500016971,71.22082035418029,0.712166871317832,1.423797610576791,0.683012981566147,7.6228567094096,4.0,3.0,1.0,4.011658738125283,0.9591835124026638,0.3049321496233237,0.7491492975034816,0.0,0.0,0.0,0.0,0.0,0.0,0.0,0.0,0.0,0.0,0.0,0.0,0.0,0.0,0.0,0.0,0.0,0.0,0.0,0.0,0.0,0.0,0.0,0.0,0.0,0.0,0.0,0.0,0.0,0.0,0.0,0.0,0.0,0.0,0.0,0.0,0.0,0.0,0.0,0.0,0.0,0.0,0.0,0.0,1.0,0.0,0.0,0.0,0.0,0.0,0.0
70.62490901414903,28.519479262390387,190.95538178543143,848.0,570.0,6.977766731576495,79.91735371737832,0.7265230167146082,1.3512466365366358,0.5572505296158206,1.0935403748762862,5.0,3.0,12.0,4.53563816408985,1.1445026686130628,0.3725232011737491,0.42814076980676896,0.0,0.0,0.0,0.0,0.0,0.0,0.0,0.0,0.0,0.0,0.0,0.0,0.0,0.0,0.0,1.0,0.0,0.0,0.0,0.0,0.0,0.0,0.0,0.0,0.0,0.0,0.0,0.0,0.0,0.0,0.0,0.0,0.0,0.0,0.0,0.0,0.0,0.0,0.0,0.0,0.0,0.0,0.0,0.0,0.0,0.0,0.0,0.0,0.0,0.0,0.0
70.60128407261098,21.4994192539623,156.5879847912163,1469.0,565.0,3.1174687872185385,82.78820518826834,0.7230625985129878,1.253232258945487,0.6260696696666369,1.1377386009966417,6.0,0.0,18.0,4.440563715057546,1.3291759003737684,0.37651934636975465,0.3583263195920002,0.0,0.0,0.0,0.0,0.0,1.0,0.0,0.0,0.0,0.0,0.0,0.0,0.0,0.0,0.0,0.0,0.0,0.0,0.0,0.0,0.0,0.0,0.0,0.0,0.0,0.0,0.0,0.0,0.0,0.0,0.0,0.0,0.0,0.0,0.0,0.0,0.0,0.0,0.0,0.0,0.0,0.0,0.0,0.0,0.0,0.0,0.0,0.0,0.0,0.0,0.0
62.87800062885114,50.36773009995077,160.3042635473211,561.0,523.0,5.701111456656551,70.87732363643427,0.9328985947873843,0.9080895836008694,0.6536238054457715,0.430024008858213,4.0,5.0,11.0,4.755374250535532,1.184791475242563,0.3928574044729887,0.14097888829633573,0.0,1.0,0.0,0.0,0.0,0.0,0.0,0.0,0.0,0.0,0.0,0.0,0.0,0.0,0.0,0.0,0.0,0.0,0.0,0.0,0.0,0.0,0.0,0.0,0.0,0.0,0.0,0.0,0.0,0.0,0.0,0.0,0.0,0.0,0.0,0.0,0.0,0.0,0.0,0.0,0.0,0.0,0.0,0.0,0.0,0.0,0.0,0.0,0.0,0.0,0.0
71.94918657750218,51.3643934340484,53.33213857176342,1336.0,445.0,4.166083574804709,85.44454237768016,0.918190750906587,1.4286187630247134,0.8668208444799423,9.150446453599676,6.0,1.0,6.0,4.245562005534531,1.297784439064143,0.331795436512153,0.766640090418343,0.0,0.0,0.0,0.0,0.0,0.0,0.0,0.0,0.0,0.0,0.0,0.0,0.0,0.0,0.0,0.0,0.0,0.0,0.0,0.0,0.0,0.0,0.0,0.0,0.0,0.0,0.0,0.0,0.0,0.0,0.0,0.0,0.0,0.0,0.0,0.0,0.0,0.0,0.0,0.0,1.0,0.0,0.0,0.0,0.0,0.0,0.0,0.0,0.0,0.0,0.0
69.58730050987357,50.46085837151019,185.769138231482,584.0,278.0,4.543997446781443,82.27129056243363,0.8692995683674434,1.4715319972479914,0.5941152976185817,6.652941840267967,4.0,4.0,8.0,5.136452362949519,1.5411840965608792,0.4434857375179526,0.754185278070591,0.0,0.0,0.0,0.0,0.0,0.0,0.0,0.0,0.0,0.0,0.0,0.0,0.0,0.0,0.0,0.0,0.0,0.0,0.0,0.0,0.0,0.0,0.0,0.0,0.0,0.0,0.0,0.0,0.0,0.0,0.0,1.0,0.0,0.0,0.0,0.0,0.0,0.0,0.0,0.0,0.0,0.0,0.0,0.0,0.0,0.0,0.0,0.0,0.0,0.0,0.0
62.24466013374377,47.07376630781184,128.59080442121444,1151.0,276.0,4.10252172117458,87.54222363038369,0.8617913081632717,1.397989930401407,0.5681379208642379,0.193350906740527,4.0,4.0,7.0,4.132512710417477,1.3757537970099212,0.33088609155837695,0.40286358475675776,0.0,0.0,0.0,0.0,0.0,0.0,0.0,0.0,0.0,0.0,0.0,0.0,0.0,0.0,0.0,0.0,0.0,0.0,0.0,0.0,0.0,0.0,0.0,0.0,0.0,0.0,0.0,0.0,0.0,0.0,1.0,0.0,0.0,0.0,0.0,0.0,0.0,0.0,0.0,0.0,0.0,0.0,0.0,0.0,0.0,0.0,0.0,0.0,0.0,0.0,0.0
69.37374857880648,21.09561950498047,84.3366071957701,1099.0,307.0,2.2812088553301013,94.80629986303924,0.7398820756908998,1.3770583847010327,0.8407265550568987,9.75737765299597,5.0,6.0,1.0,4.209773344643018,1.4874492831832868,0.3459096165456794,0.7799097750620727,0.0,0.0,0.0,0.0,0.0,0.0,0.0,0.0,1.0,0.0,0.0,0.0,0.0,0.0,0.0,0.0,0.0,0.0,0.0,0.0,0.0,0.0,0.0,0.0,0.0,0.0,0.0,0.0,0.0,0.0,0.0,0.0,0.0,0.0,0.0,0.0,0.0,0.0,0.0,0.0,0.0,0.0,0.0,0.0,0.0,0.0,0.0,0.0,0.0,0.0,0.0
71.05569629740378,26.06343410607594,136.7371720159444,1308.0,400.0,5.237483235722006,85.6216687128076,0.7701683995994975,1.0738719339362404,0.7752952334204473,0.7242823884842486,5.0,0.0,8.0,4.1647881081787235,1.47285445973687,0.35595779685625445,0.1980637886165395,0.0,0.0,0.0,0.0,0.0,0.0,0.0,0.0,0.0,0.0,0.0,0.0,0.0,0.0,0.0,0.0,0.0,0.0,0.0,0.0,0.0,0.0,0.0,0.0,0.0,0.0,0.0,0.0,0.0,0.0,0.0,0.0,0.0,0.0,0.0,0.0,0.0,0.0,1.0,0.0,0.0,0.0,0.0,0.0,0.0,0.0,0.0,0.0,0.0,0.0,0.0
62.02900859467786,52.7973203272815,144.07949909414896,1382.0,458.0,2.4376705350850525,85.84197879855394,0.7277206300458356,1.0429795980469112,0.8978931593232432,9.24208491813493,4.0,1.0,8.0,4.366449920155864,1.1565198826753393,0.3470376304497946,0.5678431201321582,0.0,0.0,0.0,1.0,0.0,0.0,0.0,0.0,0.0,0.0,0.0,0.0,0.0,0.0,0.0,0.0,0.0,0.0,0.0,0.0,0.0,0.0,0.0,0.0,0.0,0.0,0.0,0.0,0.0,0.0,0.0,0.0,0.0,0.0,0.0,0.0,0.0,0.0,0.0,0.0,0.0,0.0,0.0,0.0,0.0,0.0,0.0,0.0,0.0,0.0,0.0
71.87560317732455,21.31881367502328,163.89117212542703,617.0,264.0,4.7841833153692,83.63935102816657,0.7265203292523975,0.95367525107565,0.5553571192740561,2.479979058399929,4.0,1.0,22.0,5.236687793744402,1.121671601812763,0.44063330028461456,0.29915600971039624,0.0,0.0,0.0,0.0,0.0,0.0,0.0,0.0,0.0,0.0,0.0,0.0,0.0,0.0,0.0,0.0,0.0,0.0,1.0,0.0,0.0,0.0,0.0,0.0,0.0,0.0,0.0,0.0,0.0,0.0,0.0,0.0,0.0,0.0,0.0,0.0,0.0,0.0,0.0,0.0,0.0,0.0,0.0,0.0,0.0,0.0,0.0,0.0,0.0,0.0,0.0
74.47044363507608,39.98882786638432,102.22532123130507,1054.0,176.0,2.965464930924653,73.20467311174167,0.8976596717310961,1.4223062533323336,0.8437614959536601,3.699865506783265,5.0,2.0,21.0,4.383990090613197,1.540662986197029,0.39351558199665393,0.49847508820872777,0.0,0.0,0.0,0.0,0.0,0.0,0.0,0.0,0.0,0.0,0.0,0.0,0.0,0.0,1.0,0.0,0.0,0.0,0.0,0.0,0.0,0.0,0.0,0.0,0.0,0.0,0.0,0.0,0.0,0.0,0.0,0.0,0.0,0.0,0.0,0.0,0.0,0.0,0.0,0.0,0.0,0.0,0.0,0.0,0.0,0.0,0.0,0.0,0.0,0.0,0.0
68.5525785568417,28.047976454529376,63.68174598638559,324.0,489.0,5.109904514096517,75.0035400814566,0.8948224804314718,1.2423474105707375,0.98456789454982,4.195775800120403,7.0,4.0,5.0,4.856097110237782,1.5945386450251362,0.4362640717880983,0.38622031284362224,0.0,0.0,0.0,0.0,0.0,0.0,0.0,0.0,0.0,0.0,0.0,0.0,0.0,0.0,0.0,0.0,0.0,0.0,0.0,0.0,0.0,0.0,0.0,0.0,0.0,0.0,0.0,0.0,0.0,0.0,0.0,0.0,0.0,0.0,0.0,1.0,0.0,0.0,0.0,0.0,0.0,0.0,0.0,0.0,0.0,0.0,0.0,0.0,0.0,0.0,0.0
75.53560674688605,52.43702704954363,137.2811615528936,1301.0,558.0,5.35307838901441,71.46346090603106,0.907594081648926,1.479817606393723,0.9026052530862696,3.827054558288948,4.0,5.0,19.0,4.16238133721832,1.4812087326177314,0.3711206884563891,0.5139822720581895,0.0,0.0,0.0,0.0,0.0,0.0,0.0,0.0,0.0,0.0,0.0,0.0,0.0,0.0,0.0,0.0,0.0,0.0,0.0,0.0,0.0,0.0,0.0,0.0,1.0,0.0,0.0,0.0,0.0,0.0,0.0,0.0,0.0,0.0,0.0,0.0,0.0,0.0,0.0,0.0,0.0,0.0,0.0,0.0,0.0,0.0,0.0,0.0,0.0,0.0,0.0
73.70416629000601,33.71784361292569,130.70540603198597,969.0,361.0,5.587648576480098,71.23024835235644,0.8441040782270306,1.1371709504551653,0.765461304124974,6.766254046586897,5.0,3.0,2.0,4.496185720974992,1.3278878581617999,0.39222901954965317,0.5353175135178767,0.0,0.0,0.0,0.0,0.0,0.0,0.0,0.0,0.0,0.0,0.0,0.0,0.0,0.0,0.0,0.0,0.0,0.0,0.0,0.0,0.0,0.0,0.0,0.0,0.0,0.0,0.0,0.0,0.0,0.0,0.0,0.0,0.0,0.0,0.0,0.0,0.0,0.0,0.0,0.0,1.0,0.0,0.0,0.0,0.0,0.0,0.0,0.0,0.0,0.0,0.0
74.42522620800167,52.48926335025918,143.04433475954707,384.0,426.0,2.516124729856016,76.18392738108788,0.723331767071555,1.08737833992694,0.8036670970928788,7.80628465907827,6.0,6.0,14.0,4.704964090332508,1.3232527679069384,0.41205164477343986,0.5496790255327645,0.0,0.0,0.0,0.0,0.0,0.0,0.0,0.0,0.0,0.0,0.0,0.0,0.0,0.0,0.0,0.0,0.0,0.0,0.0,0.0,0.0,0.0,0.0,0.0,0.0,0.0,0.0,0.0,0.0,1.0,0.0,0.0,0.0,0.0,0.0,0.0,0.0,0.0,0.0,0.0,0.0,0.0,0.0,0.0,0.0,0.0,0.0,0.0,0.0,0.0,0.0
59.753617509042805,59.94303488070628,133.95577365720757,1401.0,245.0,5.838643866564148,80.31034996702188,0.7363701500713923,1.241744459270912,0.8102789892176245,1.903283108362901,4.0,1.0,1.0,4.499370277313736,1.1860222998894645,0.37157326249601097,0.3293940859103882,0.0,0.0,0.0,0.0,0.0,0.0,0.0,0.0,0.0,0.0,0.0,0.0,0.0,0.0,0.0,0.0,0.0,0.0,1.0,0.0,0.0,0.0,0.0,0.0,0.0,0.0,0.0,0.0,0.0,0.0,0.0,0.0,0.0,0.0,0.0,0.0,0.0,0.0,0.0,0.0,0.0,0.0,0.0,0.0,0.0,0.0,0.0,0.0,0.0,0.0,0.0
76.3120505301274,53.151669054562014,161.55403165198993,894.0,587.0,3.789360329985886,71.36231262443579,0.7430839090210735,0.997569679390126,0.4769651822015307,5.935788478632733,7.0,2.0,3.0,4.5197500705281115,1.5465587219434653,0.4249874168634013,0.5201903930782572,0.0,0.0,0.0,0.0,0.0,0.0,0.0,0.0,0.0,0.0,0.0,0.0,0.0,0.0,0.0,0.0,0.0,0.0,0.0,0.0,0.0,0.0,1.0,0.0,0.0,0.0,0.0,0.0,0.0,0.0,0.0,0.0,0.0,0.0,0.0,0.0,0.0,0.0,0.0,0.0,0.0,0.0,0.0,0.0,0.0,0.0,0.0,0.0,0.0,0.0,0.0
74.14880005566228,23.2703824828714,95.19804599453876,673.0,186.0,6.391262055481175,87.42650592536526,0.9261222337782122,1.315828077293816,0.9040855951898152,3.765423869772496,5.0,0.0,0.0,4.841200069981575,1.3566312652398045,0.38428221816526614,0.4283286493992324,0.0,0.0,0.0,0.0,0.0,0.0,0.0,0.0,0.0,0.0,0.0,0.0,0.0,0.0,0.0,0.0,0.0,0.0,0.0,0.0,0.0,0.0,0.0,0.0,0.0,0.0,0.0,0.0,0.0,0.0,0.0,0.0,0.0,0.0,0.0,0.0,0.0,0.0,0.0,0.0,0.0,0.0,0.0,1.0,0.0,0.0,0.0,0.0,0.0,0.0,0.0
67.04766082838837,55.94596432853673,118.09483203453888,1015.0,378.0,4.182179009357908,81.0886591929313,0.771348163303597,1.285172358668391,0.8521428749014899,3.528203238163934,5.0,0.0,11.0,4.3287788020191735,1.3972274089074157,0.3718986112360112,0.4184541333196464,0.0,0.0,0.0,0.0,0.0,0.0,0.0,0.0,0.0,0.0,0.0,0.0,0.0,0.0,0.0,0.0,0.0,0.0,0.0,0.0,0.0,0.0,0.0,0.0,0.0,0.0,0.0,0.0,0.0,0.0,0.0,0.0,0.0,0.0,0.0,0.0,0.0,0.0,0.0,0.0,0.0,0.0,0.0,0.0,0.0,0.0,0.0,0.0,1.0,0.0,0.0
73.60401995581476,41.51945442550229,140.49071402335545,1416.0,151.0,2.2651752626503283,94.68516335148894,0.71168017069048,1.3329967236266294,0.7771623322170071,5.439393444105115,5.0,5.0,6.0,4.5632931180623215,1.4973331102492353,0.3805561296705546,0.5630367644724963,0.0,0.0,0.0,0.0,0.0,0.0,0.0,0.0,0.0,0.0,0.0,0.0,0.0,0.0,0.0,0.0,0.0,0.0,0.0,0.0,1.0,0.0,0.0,0.0,0.0,0.0,0.0,0.0,0.0,0.0,0.0,0.0,0.0,0.0,0.0,0.0,0.0,0.0,0.0,0.0,0.0,0.0,0.0,0.0,0.0,0.0,0.0,0.0,0.0,0.0,0.0
64.43039698207433,34.05414414571634,137.44160629683876,890.0,508.0,2.5669737297026827,82.28142829868357,0.8064576884983002,1.2731853215651672,0.7197487783048737,2.999425687206434,5.0,0.0,7.0,4.427053424935411,1.2893696783877848,0.36422182749490867,0.4301886374995533,0.0,0.0,0.0,0.0,0.0,0.0,0.0,0.0,0.0,0.0,0.0,0.0,0.0,0.0,0.0,0.0,0.0,0.0,0.0,0.0,0.0,0.0,0.0,0.0,0.0,0.0,0.0,0.0,0.0,0.0,0.0,0.0,0.0,0.0,0.0,0.0,0.0,0.0,0.0,0.0,1.0,0.0,0.0,0.0,0.0,0.0,0.0,0.0,0.0,0.0,0.0
61.47875832209986,56.31972625668384,179.92850796479823,1168.0,105.0,5.485118626502448,73.33301191432234,0.9992262236569204,1.4306240411169229,0.6209483154492009,8.066050736021042,6.0,3.0,23.0,4.447343037891595,1.694606283783022,0.4032913049825809,0.7954552183623044,0.0,0.0,0.0,0.0,0.0,0.0,0.0,0.0,0.0,0.0,0.0,0.0,0.0,0.0,0.0,0.0,0.0,0.0,0.0,0.0,0.0,0.0,0.0,0.0,0.0,0.0,0.0,0.0,0.0,0.0,0.0,0.0,0.0,0.0,0.0,0.0,0.0,0.0,0.0,1.0,0.0,0.0,0.0,0.0,0.0,0.0,0.0,0.0,0.0,0.0,0.0
69.87605150119786,58.82295403460501,108.31011312070872,357.0,373.0,6.403198056038157,74.97062791839826,0.7893695402653708,1.093060303002838,0.629674741021048,3.217023314082033,5.0,4.0,23.0,4.624087184222314,1.4517350623830796,0.41313183972433554,0.38098798643875487,0.0,0.0,0.0,0.0,0.0,0.0,0.0,0.0,0.0,0.0,0.0,0.0,0.0,0.0,0.0,0.0,0.0,0.0,0.0,0.0,1.0,0.0,0.0,0.0,0.0,0.0,0.0,0.0,0.0,0.0,0.0,0.0,0.0,0.0,0.0,0.0,0.0,0.0,0.0,0.0,0.0,0.0,0.0,0.0,0.0,0.0,0.0,0.0,0.0,0.0,0.0
72.65104445159315,34.83394647553329,174.59866484244026,1259.0,407.0,5.689557970841989,77.11662623810595,0.7581760450026329,1.2080903510642949,0.6545591212913565,0.7573063194350804,4.0,4.0,13.0,4.520915882998884,1.8473826609583988,0.449680532301024,0.3071902704224331,0.0,0.0,0.0,0.0,0.0,0.0,0.0,0.0,0.0,0.0,0.0,0.0,0.0,0.0,0.0,0.0,0.0,0.0,0.0,0.0,0.0,0.0,0.0,0.0,0.0,0.0,0.0,0.0,0.0,0.0,0.0,0.0,0.0,0.0,1.0,0.0,0.0,0.0,0.0,0.0,0.0,0.0,0.0,0.0,0.0,0.0,0.0,0.0,0.0,0.0,0.0
68.46783087018613,33.1966239272782,197.3969961906876,1393.0,558.0,4.846685819956521,71.70420398673932,0.8243918425246741,1.3097380064324935,0.9179966537574232,4.254481922129903,4.0,6.0,8.0,4.004097120346786,1.4958646027209237,0.366639876045701,0.4451058938743304,0.0,0.0,0.0,0.0,0.0,0.0,0.0,0.0,0.0,0.0,0.0,0.0,0.0,0.0,0.0,0.0,0.0,0.0,0.0,0.0,0.0,0.0,0.0,0.0,1.0,0.0,0.0,0.0,0.0,0.0,0.0,0.0,0.0,0.0,0.0,0.0,0.0,0.0,0.0,0.0,0.0,0.0,0.0,0.0,0.0,0.0,0.0,0.0,0.0,0.0,0.0
70.62960047864482,21.440956871330577,78.20986077952621,468.0,409.0,3.800453079056508,74.33090531669751,0.9819389461410716,1.006385569749417,0.9591224922207722,6.898282765874987,5.0,0.0,11.0,4.70249510579015,1.454830768756364,0.40224570829830164,0.41182667008660256,0.0,0.0,0.0,0.0,0.0,0.0,0.0,0.0,0.0,0.0,0.0,0.0,0.0,0.0,0.0,0.0,0.0,0.0,0.0,0.0,0.0,0.0,0.0,0.0,0.0,0.0,0.0,0.0,0.0,0.0,0.0,0.0,0.0,0.0,0.0,0.0,0.0,0.0,0.0,0.0,0.0,0.0,0.0,0.0,0.0,0.0,0.0,1.0,0.0,0.0,0.0
71.00248464567773,55.73094121621821,58.21277086370987,782.0,160.0,6.470946993454955,70.06335578712972,0.712494629156964,0.9199526662710856,0.6331019693613579,7.620312617246528,6.0,0.0,9.0,4.498743004295819,1.460599569889319,0.42061636882454706,0.5135088275459074,0.0,0.0,0.0,0.0,0.0,0.0,0.0,0.0,0.0,0.0,0.0,0.0,0.0,0.0,0.0,0.0,0.0,0.0,0.0,0.0,0.0,0.0,0.0,0.0,0.0,0.0,0.0,0.0,0.0,0.0,0.0,0.0,0.0,0.0,0.0,0.0,0.0,0.0,0.0,0.0,0.0,1.0,0.0,0.0,0.0,0.0,0.0,0.0,0.0,0.0,0.0
76.8153512481868,31.79667004970661,73.8551693088103,1148.0,101.0,6.063954653278347,83.90239932906837,0.8594755243753712,0.9145872874596755,0.645230933258677,6.788636028347326,5.0,3.0,13.0,4.66341884392208,1.26984901945511,0.37430065079204927,0.46516489983593823,0.0,0.0,0.0,0.0,1.0,0.0,0.0,0.0,0.0,0.0,0.0,0.0,0.0,0.0,0.0,0.0,0.0,0.0,0.0,0.0,0.0,0.0,0.0,0.0,0.0,0.0,0.0,0.0,0.0,0.0,0.0,0.0,0.0,0.0,0.0,0.0,0.0,0.0,0.0,0.0,0.0,0.0,0.0,0.0,0.0,0.0,0.0,0.0,0.0,0.0,0.0
65.1828743028411,55.91880953748262,171.91151065109068,1363.0,335.0,5.816824179395674,82.79604813469007,0.9475720020053564,1.2240151894602171,0.5705416312159866,7.958462048063667,5.0,3.0,5.0,4.7018280133235635,1.5820597781714782,0.40084179794464053,0.7034899680498784,0.0,0.0,0.0,0.0,0.0,0.0,0.0,0.0,0.0,0.0,0.0,0.0,0.0,0.0,0.0,0.0,0.0,0.0,0.0,0.0,0.0,0.0,0.0,0.0,0.0,0.0,0.0,0.0,0.0,1.0,0.0,0.0,0.0,0.0,0.0,0.0,0.0,0.0,0.0,0.0,0.0,0.0,0.0,0.0,0.0,0.0,0.0,0.0,0.0,0.0,0.0
62.55147825583396,58.226142500109205,132.6120829558265,1092.0,140.0,5.079081798272658,76.91455078102246,0.8190772715672272,1.1828904046075537,0.4192421365902152,0.14074294617885,6.0,3.0,22.0,4.342478753987116,1.5592931997820374,0.39213494918521624,0.3422726241232682,0.0,0.0,0.0,0.0,0.0,0.0,0.0,0.0,0.0,0.0,0.0,0.0,0.0,0.0,0.0,0.0,0.0,0.0,0.0,0.0,0.0,0.0,0.0,0.0,0.0,1.0,0.0,0.0,0.0,0.0,0.0,0.0,0.0,0.0,0.0,0.0,0.0,0.0,0.0,0.0,0.0,0.0,0.0,0.0,0.0,0.0,0.0,0.0,0.0,0.0,0.0
68.47755750818638,47.65264367194486,79.95696942027374,669.0,121.0,3.3195058719267747,89.44343625985357,0.9742301346783782,1.2714323030006958,0.5984748670872522,8.02434496366924,5.0,4.0,12.0,4.729116455230073,1.3708584446909058,0.3670813987944142,0.7211948880144493,0.0,1.0,0.0,0.0,0.0,0.0,0.0,0.0,0.0,0.0,0.0,0.0,0.0,0.0,0.0,0.0,0.0,0.0,0.0,0.0,0.0,0.0,0.0,0.0,0.0,0.0,0.0,0.0,0.0,0.0,0.0,0.0,0.0,0.0,0.0,0.0,0.0,0.0,0.0,0.0,0.0,0.0,0.0,0.0,0.0,0.0,0.0,0.0,0.0,0.0,0.0
66.66257078017043,23.392295154558752,92.40280270587952,604.0,532.0,4.003309006429897,84.35364002793993,0.7499485363051295,1.322312221121874,0.9645986883171412,7.358288120507889,6.0,5.0,4.0,4.324667311713081,1.4810862864617467,0.37515889041259426,0.5911336298877452,0.0,0.0,0.0,0.0,0.0,0.0,0.0,0.0,0.0,0.0,0.0,0.0,0.0,0.0,0.0,0.0,0.0,0.0,0.0,0.0,0.0,0.0,0.0,0.0,0.0,0.0,1.0,0.0,0.0,0.0,0.0,0.0,0.0,0.0,0.0,0.0,0.0,0.0,0.0,0.0,0.0,0.0,0.0,0.0,0.0,0.0,0.0,0.0,0.0,0.0,0.0
72.26406314742515,41.24591286569459,74.71874208188453,381.0,338.0,6.5632152558681165,83.97374014147762,0.9179185117567494,1.3938632618767346,0.4279593680707115,0.0447483097104062,7.0,3.0,5.0,4.727377564069884,1.420650882011233,0.3882552937781123,0.4401512399550628,0.0,0.0,0.0,0.0,0.0,0.0,0.0,0.0,0.0,0.0,0.0,0.0,0.0,0.0,0.0,0.0,0.0,0.0,0.0,0.0,0.0,0.0,0.0,0.0,0.0,0.0,0.0,0.0,0.0,0.0,0.0,0.0,0.0,0.0,0.0,0.0,0.0,0.0,0.0,0.0,0.0,0.0,0.0,0.0,0.0,0.0,0.0,0.0,0.0,1.0,0.0
70.11494384617659,32.4740554155476,129.7958374854124,1032.0,444.0,5.114750069120058,83.10007557255841,0.9232027991188824,0.9733418165739008,0.7178189275850391,9.421283687351435,4.0,0.0,15.0,4.09386838174733,1.396236801692101,0.3322355109637118,0.6020593573331104,0.0,0.0,0.0,0.0,0.0,1.0,0.0,0.0,0.0,0.0,0.0,0.0,0.0,0.0,0.0,0.0,0.0,0.0,0.0,0.0,0.0,0.0,0.0,0.0,0.0,0.0,0.0,0.0,0.0,0.0,0.0,0.0,0.0,0.0,0.0,0.0,0.0,0.0,0.0,0.0,0.0,0.0,0.0,0.0,0.0,0.0,0.0,0.0,0.0,0.0,0.0
76.18956129385751,42.78534364199187,83.28702870056031,1469.0,275.0,6.362638303085827,89.37501320061898,0.8726092398461511,1.285467107457325,0.9977781262288248,9.069975611164978,4.0,1.0,18.0,4.302490501979137,1.1572410298789078,0.32000804491987866,0.6472571539059145,0.0,0.0,0.0,0.0,0.0,0.0,0.0,0.0,0.0,0.0,0.0,0.0,0.0,0.0,0.0,0.0,0.0,0.0,0.0,0.0,0.0,1.0,0.0,0.0,0.0,0.0,0.0,0.0,0.0,0.0,0.0,0.0,0.0,0.0,0.0,0.0,0.0,0.0,0.0,0.0,0.0,0.0,0.0,0.0,0.0,0.0,0.0,0.0,0.0,0.0,0.0
72.86871711312793,31.608644116598374,140.11878043795377,937.0,105.0,5.53919845636724,87.19060817480516,0.8461676414376733,1.4017454404463274,0.7294842619931965,8.879210437989514,5.0,6.0,4.0,4.41730011961337,1.6764776925149574,0.38654721088789673,0.7854590047619263,0.0,0.0,0.0,0.0,0.0,0.0,0.0,0.0,0.0,0.0,0.0,0.0,0.0,0.0,0.0,0.0,0.0,0.0,0.0,0.0,0.0,0.0,0.0,0.0,0.0,0.0,0.0,0.0,0.0,0.0,0.0,0.0,0.0,0.0,0.0,0.0,1.0,0.0,0.0,0.0,0.0,0.0,0.0,0.0,0.0,0.0,0.0,0.0,0.0,0.0,0.0
67.35592284072862,59.825882871919234,153.7652797691789,417.0,238.0,5.5767296459859335,82.49730481158916,0.930324096801183,1.4924829713203482,0.4860066811533119,7.190189635774749,6.0,2.0,14.0,4.346168687007479,1.3184262010070902,0.34716721065167966,0.8276343971608289,0.0,0.0,0.0,0.0,0.0,0.0,0.0,0.0,0.0,0.0,0.0,0.0,0.0,0.0,0.0,0.0,0.0,0.0,0.0,0.0,0.0,0.0,0.0,0.0,0.0,0.0,0.0,0.0,0.0,0.0,0.0,0.0,0.0,0.0,0.0,0.0,0.0,1.0,0.0,0.0,0.0,0.0,0.0,0.0,0.0,0.0,0.0,0.0,0.0,0.0,0.0
72.91718933562522,51.60170455605832,112.28644347124252,803.0,124.0,5.229297459537613,81.69397986766894,0.7920377751907477,1.3100356957402846,0.9264235415256068,9.978206829497877,6.0,2.0,19.0,4.350163217596054,1.3491108370097609,0.365878398097457,0.7288103088885556,1.0,0.0,0.0,0.0,0.0,0.0,0.0,0.0,0.0,0.0,0.0,0.0,0.0,0.0,0.0,0.0,0.0,0.0,0.0,0.0,0.0,0.0,0.0,0.0,0.0,0.0,0.0,0.0,0.0,0.0,0.0,0.0,0.0,0.0,0.0,0.0,0.0,0.0,0.0,0.0,0.0,0.0,0.0,0.0,0.0,0.0,0.0,0.0,0.0,0.0,0.0
65.38242580376775,36.21238955322618,135.3099579628825,674.0,352.0,6.285952924408004,78.18141536374647,0.9042888539570604,1.4927486787326418,0.8627566798688868,8.794124225219704,6.0,3.0,5.0,4.1255545646436005,1.5678984416579802,0.3631003526575499,0.7822659067395062,0.0,0.0,0.0,0.0,0.0,0.0,0.0,0.0,1.0,0.0,0.0,0.0,0.0,0.0,0.0,0.0,0.0,0.0,0.0,0.0,0.0,0.0,0.0,0.0,0.0,0.0,0.0,0.0,0.0,0.0,0.0,0.0,0.0,0.0,0.0,0.0,0.0,0.0,0.0,0.0,0.0,0.0,0.0,0.0,0.0,0.0,0.0,0.0,0.0,0.0,0.0
64.39844061352501,52.120127474763706,102.10011047915104,427.0,128.0,2.5358435385117675,70.57153215614599,0.8012792390168431,1.0997499941765294,0.6750364055911865,2.62065226695164,5.0,5.0,0.0,4.693937477478622,1.6675676700743778,0.44740028948687044,0.33935812606759247,0.0,0.0,0.0,0.0,0.0,0.0,0.0,0.0,0.0,0.0,0.0,0.0,0.0,0.0,0.0,0.0,0.0,0.0,0.0,0.0,0.0,0.0,0.0,0.0,0.0,0.0,0.0,0.0,0.0,0.0,0.0,0.0,0.0,0.0,0.0,0.0,0.0,0.0,0.0,0.0,0.0,0.0,1.0,0.0,0.0,0.0,0.0,0.0,0.0,0.0,0.0
74.6895786057973,59.344513453753606,171.30559528395847,809.0,229.0,6.135415430024779,73.09448073880156,0.9614389333842552,1.116473202854137,0.8426404891448467,3.391105910105805,4.0,2.0,19.0,3.8053843857975385,1.4711443880004034,0.33057150369437277,0.3303333772338227,0.0,0.0,0.0,0.0,0.0,0.0,0.0,0.0,0.0,0.0,0.0,0.0,0.0,0.0,0.0,0.0,0.0,0.0,0.0,0.0,0.0,0.0,0.0,0.0,0.0,0.0,0.0,0.0,1.0,0.0,0.0,0.0,0.0,0.0,0.0,0.0,0.0,0.0,0.0,0.0,0.0,0.0,0.0,0.0,0.0,0.0,0.0,0.0,0.0,0.0,0.0
71.8954546196681,56.73635039540552,76.15844484592566,1061.0,244.0,3.1215416740335984,90.28812494571248,0.8297602363407297,1.3323202590950511,0.49765998121939,8.562767245128308,5.0,6.0,4.0,4.248028056595171,1.830146877464261,0.38199366048010885,0.812256596939243,0.0,0.0,0.0,0.0,0.0,0.0,0.0,0.0,0.0,0.0,0.0,0.0,0.0,0.0,0.0,0.0,0.0,0.0,0.0,0.0,0.0,0.0,0.0,0.0,0.0,0.0,0.0,0.0,0.0,0.0,0.0,0.0,0.0,0.0,1.0,0.0,0.0,0.0,0.0,0.0,0.0,0.0,0.0,0.0,0.0,0.0,0.0,0.0,0.0,0.0,0.0
78.45523721767105,59.85618712760169,167.3731884167048,1050.0,303.0,2.24345035627922,79.99045770290104,0.9596146402418811,0.9125677543656392,0.9766946498800028,4.541634041926415,7.0,3.0,8.0,4.591408072650668,1.51086990185319,0.3888813395390091,0.2410988399393288,0.0,0.0,0.0,0.0,0.0,0.0,0.0,0.0,0.0,1.0,0.0,0.0,0.0,0.0,0.0,0.0,0.0,0.0,0.0,0.0,0.0,0.0,0.0,0.0,0.0,0.0,0.0,0.0,0.0,0.0,0.0,0.0,0.0,0.0,0.0,0.0,0.0,0.0,0.0,0.0,0.0,0.0,0.0,0.0,0.0,0.0,0.0,0.0,0.0,0.0,0.0
69.95894612279558,25.23142830555913,101.7572102162316,1230.0,403.0,2.690258585412445,81.94455065720787,0.9643542615179622,1.115503298065125,0.7327450383181298,9.330247420045408,6.0,4.0,15.0,4.367054679863651,1.2852155839609152,0.34350907476600817,0.6636739017703738,0.0,0.0,0.0,0.0,0.0,0.0,0.0,0.0,0.0,0.0,0.0,0.0,0.0,0.0,0.0,0.0,0.0,0.0,0.0,1.0,0.0,0.0,0.0,0.0,0.0,0.0,0.0,0.0,0.0,0.0,0.0,0.0,0.0,0.0,0.0,0.0,0.0,0.0,0.0,0.0,0.0,0.0,0.0,0.0,0.0,0.0,0.0,0.0,0.0,0.0,0.0
70.3035888381072,29.27875869520449,157.52025989689724,640.0,586.0,3.4967840520095206,92.56416950977746,0.7130422542453907,1.3375886632266512,0.6122718139256031,2.564633300341841,6.0,3.0,12.0,4.25418798834554,1.5193237742250527,0.3599706727317845,0.4765417529717495,0.0,0.0,0.0,0.0,0.0,0.0,0.0,0.0,0.0,0.0,0.0,0.0,0.0,0.0,0.0,0.0,0.0,0.0,0.0,0.0,0.0,0.0,0.0,0.0,1.0,0.0,0.0,0.0,0.0,0.0,0.0,0.0,0.0,0.0,0.0,0.0,0.0,0.0,0.0,0.0,0.0,0.0,0.0,0.0,0.0,0.0,0.0,0.0,0.0,0.0,0.0
70.9968401715824,55.8837974463021,96.2514059818549,1156.0,335.0,4.719371382502521,86.06095312148784,0.9946045661964008,1.109240755451899,0.6288853387340927,4.5244344071768605,4.0,5.0,16.0,3.678582896934127,1.283341456724629,0.27219616402470453,0.4547618052027116,0.0,0.0,0.0,0.0,0.0,0.0,0.0,1.0,0.0,0.0,0.0,0.0,0.0,0.0,0.0,0.0,0.0,0.0,0.0,0.0,0.0,0.0,0.0,0.0,0.0,0.0,0.0,0.0,0.0,0.0,0.0,0.0,0.0,0.0,0.0,0.0,0.0,0.0,0.0,0.0,0.0,0.0,0.0,0.0,0.0,0.0,0.0,0.0,0.0,0.0,0.0
67.1302035829388,49.25439666159805,144.39788417601977,1191.0,400.0,5.016331425695029,70.02735303130368,0.8870971449358097,1.3039442759587532,0.8560195212684232,7.912917223958807,6.0,3.0,18.0,4.378256597653487,1.385391246010057,0.38560459262792807,0.6459304794118753,0.0,0.0,0.0,0.0,0.0,0.0,1.0,0.0,0.0,0.0,0.0,0.0,0.0,0.0,0.0,0.0,0.0,0.0,0.0,0.0,0.0,0.0,0.0,0.0,0.0,0.0,0.0,0.0,0.0,0.0,0.0,0.0,0.0,0.0,0.0,0.0,0.0,0.0,0.0,0.0,0.0,0.0,0.0,0.0,0.0,0.0,0.0,0.0,0.0,0.0,0.0
66.79485694112857,30.643712369730164,123.34263223739268,1303.0,446.0,3.785905927280936,81.24386348896941,0.7926656487983113,1.4301438644192077,0.4369046121322901,2.866856144243828,6.0,1.0,9.0,4.53716309789548,1.5224809956068308,0.3994764885395613,0.596518888365993,0.0,0.0,0.0,0.0,0.0,0.0,0.0,0.0,0.0,0.0,0.0,0.0,0.0,0.0,0.0,0.0,0.0,0.0,0.0,0.0,0.0,0.0,1.0,0.0,0.0,0.0,0.0,0.0,0.0,0.0,0.0,0.0,0.0,0.0,0.0,0.0,0.0,0.0,0.0,0.0,0.0,0.0,0.0,0.0,0.0,0.0,0.0,0.0,0.0,0.0,0.0
56.6379018176842,41.7879588897249,157.80087967424168,1101.0,580.0,2.1955702358535656,87.74594583085286,0.9980880482652024,1.0645309652549264,0.8577062498485996,6.091621607557213,4.0,2.0,23.0,4.682559475430025,1.6028622782874697,0.3862065190090596,0.43441954965500146,0.0,0.0,0.0,0.0,0.0,0.0,0.0,0.0,0.0,0.0,0.0,0.0,0.0,0.0,0.0,0.0,0.0,1.0,0.0,0.0,0.0,0.0,0.0,0.0,0.0,0.0,0.0,0.0,0.0,0.0,0.0,0.0,0.0,0.0,0.0,0.0,0.0,0.0,0.0,0.0,0.0,0.0,0.0,0.0,0.0,0.0,0.0,0.0,0.0,0.0,0.0
66.72321450602504,31.44866692770693,175.4042957503719,1179.0,178.0,3.401285023230064,78.62516802478727,0.9810535765517694,1.3185525363280468,0.6594276674636456,3.4297487191683382,4.0,2.0,2.0,4.241186292401533,1.8473826609583988,0.4016889336542748,0.4945581385418012,1.0,0.0,0.0,0.0,0.0,0.0,0.0,0.0,0.0,0.0,0.0,0.0,0.0,0.0,0.0,0.0,0.0,0.0,0.0,0.0,0.0,0.0,0.0,0.0,0.0,0.0,0.0,0.0,0.0,0.0,0.0,0.0,0.0,0.0,0.0,0.0,0.0,0.0,0.0,0.0,0.0,0.0,0.0,0.0,0.0,0.0,0.0,0.0,0.0,0.0,0.0
65.18715518905489,47.347869064072135,179.32641408667217,1357.0,333.0,5.694633352310359,77.3688690218374,0.7682561920073528,1.446675681055729,0.8561526795725729,5.182560232157973,4.0,3.0,16.0,4.563193175924793,1.2879569148329306,0.3895317521895332,0.580717873078757,0.0,0.0,0.0,0.0,0.0,0.0,0.0,0.0,0.0,0.0,0.0,0.0,0.0,0.0,0.0,0.0,0.0,0.0,0.0,0.0,0.0,0.0,0.0,0.0,0.0,0.0,0.0,0.0,0.0,0.0,0.0,0.0,1.0,0.0,0.0,0.0,0.0,0.0,0.0,0.0,0.0,0.0,0.0,0.0,0.0,0.0,0.0,0.0,0.0,0.0,0.0
78.75972959680671,31.659424217476296,170.680798759176,493.0,140.0,4.479825392877599,82.02545698637002,0.9206534187088108,1.398562582151921,0.4387741172661276,9.468270247903511,5.0,1.0,11.0,4.743011940765178,1.0635449371171952,0.35913787743121,0.9103690451749964,0.0,0.0,0.0,0.0,0.0,0.0,0.0,0.0,0.0,0.0,0.0,0.0,0.0,0.0,0.0,1.0,0.0,0.0,0.0,0.0,0.0,0.0,0.0,0.0,0.0,0.0,0.0,0.0,0.0,0.0,0.0,0.0,0.0,0.0,0.0,0.0,0.0,0.0,0.0,0.0,0.0,0.0,0.0,0.0,0.0,0.0,0.0,0.0,0.0,0.0,0.0
70.97141702945413,49.2238489704528,104.1907535875464,598.0,555.0,5.312469754903014,80.99229414075195,0.7384098302922515,1.106775039237442,0.4841306022927982,8.020817060521471,5.0,5.0,8.0,4.41635158575189,1.4088130247711872,0.3840814729304867,0.6767732363216558,0.0,0.0,0.0,0.0,0.0,0.0,0.0,0.0,0.0,0.0,0.0,0.0,1.0,0.0,0.0,0.0,0.0,0.0,0.0,0.0,0.0,0.0,0.0,0.0,0.0,0.0,0.0,0.0,0.0,0.0,0.0,0.0,0.0,0.0,0.0,0.0,0.0,0.0,0.0,0.0,0.0,0.0,0.0,0.0,0.0,0.0,0.0,0.0,0.0,0.0,0.0
66.47912853520674,38.59121933777565,90.01951868570059,868.0,389.0,2.134513795900346,72.02837705896037,0.8431130681913246,1.182486874291255,0.9273222753170092,7.183182308823456,7.0,5.0,8.0,4.536802691985183,1.592575413355047,0.4195239173720938,0.5248326894083426,0.0,0.0,0.0,0.0,0.0,0.0,0.0,0.0,0.0,0.0,0.0,0.0,0.0,0.0,0.0,0.0,0.0,0.0,0.0,0.0,0.0,0.0,0.0,0.0,0.0,0.0,0.0,0.0,0.0,0.0,0.0,0.0,0.0,0.0,0.0,0.0,1.0,0.0,0.0,0.0,0.0,0.0,0.0,0.0,0.0,0.0,0.0,0.0,0.0,0.0,0.0
72.5952459612284,27.560413318629763,136.16983693163434,1092.0,210.0,4.038985155611957,80.27989647427583,0.8150025220001751,1.365579837421712,0.6227426761129159,2.5187243026251585,6.0,0.0,22.0,4.454500738137496,1.6622277697719188,0.4053488628547189,0.4847594066319735,0.0,0.0,0.0,0.0,0.0,0.0,0.0,0.0,0.0,0.0,0.0,0.0,0.0,0.0,0.0,0.0,0.0,0.0,0.0,0.0,0.0,0.0,0.0,0.0,0.0,0.0,0.0,0.0,0.0,0.0,0.0,0.0,0.0,0.0,0.0,0.0,1.0,0.0,0.0,0.0,0.0,0.0,0.0,0.0,0.0,0.0,0.0,0.0,0.0,0.0,0.0
68.07393344867415,40.8242486753265,88.0788019845952,1374.0,395.0,2.6504922220972564,83.26671884532705,0.9987717119588102,1.3657159471417797,0.9965643388983998,4.016387337797144,5.0,0.0,19.0,4.403113486664525,1.5793706136694086,0.36863345990389823,0.43498649997934036,0.0,0.0,0.0,0.0,0.0,0.0,0.0,0.0,0.0,0.0,0.0,0.0,0.0,0.0,0.0,0.0,0.0,1.0,0.0,0.0,0.0,0.0,0.0,0.0,0.0,0.0,0.0,0.0,0.0,0.0,0.0,0.0,0.0,0.0,0.0,0.0,0.0,0.0,0.0,0.0,0.0,0.0,0.0,0.0,0.0,0.0,0.0,0.0,0.0,0.0,0.0
64.96777964937539,55.42015317694649,60.53645412436569,1241.0,223.0,3.772454369746445,83.81645831835591,0.9847456871314296,1.4368402706635313,0.9089715385057592,3.018897102549404,6.0,4.0,11.0,4.541345821546903,1.641268535834869,0.3868273507555126,0.4499138601364986,0.0,0.0,0.0,0.0,0.0,0.0,0.0,0.0,0.0,0.0,0.0,0.0,0.0,0.0,0.0,0.0,0.0,0.0,0.0,0.0,0.0,0.0,0.0,0.0,0.0,0.0,0.0,0.0,0.0,0.0,0.0,0.0,0.0,1.0,0.0,0.0,0.0,0.0,0.0,0.0,0.0,0.0,0.0,0.0,0.0,0.0,0.0,0.0,0.0,0.0,0.0
65.98506948082998,40.2505618812439,59.19425990342623,999.0,194.0,4.937524639139114,84.30543463164857,0.7641695693792933,1.1921438697780251,0.9063030240139844,7.846772463889349,4.0,0.0,11.0,4.367155279865097,1.4414395808287952,0.37373036155066097,0.5698822325261705,0.0,0.0,0.0,0.0,0.0,0.0,0.0,0.0,0.0,0.0,1.0,0.0,0.0,0.0,0.0,0.0,0.0,0.0,0.0,0.0,0.0,0.0,0.0,0.0,0.0,0.0,0.0,0.0,0.0,0.0,0.0,0.0,0.0,0.0,0.0,0.0,0.0,0.0,0.0,0.0,0.0,0.0,0.0,0.0,0.0,0.0,0.0,0.0,0.0,0.0,0.0
65.00444286674833,24.34393345985676,148.7267637081693,354.0,298.0,3.727820595211184,70.15473586420606,0.9639449449684484,1.1499044161178669,0.59521097839815,6.693313254480101,4.0,3.0,16.0,4.077039192983368,0.9591835124026638,0.31056360710175435,0.59486624590133,0.0,0.0,0.0,0.0,0.0,0.0,0.0,0.0,0.0,0.0,0.0,0.0,0.0,0.0,0.0,0.0,1.0,0.0,0.0,0.0,0.0,0.0,0.0,0.0,0.0,0.0,0.0,0.0,0.0,0.0,0.0,0.0,0.0,0.0,0.0,0.0,0.0,0.0,0.0,0.0,0.0,0.0,0.0,0.0,0.0,0.0,0.0,0.0,0.0,0.0,0.0
71.66205805177391,35.21966536745047,168.208065781659,725.0,140.0,5.825961288753416,82.95514905539495,0.7456639304548833,1.4267107328378232,0.8000969897328395,5.508628378198088,5.0,5.0,4.0,4.0627422647922495,1.3435138718375923,0.34254762909722825,0.6057491755543363,0.0,0.0,0.0,0.0,0.0,0.0,1.0,0.0,0.0,0.0,0.0,0.0,0.0,0.0,0.0,0.0,0.0,0.0,0.0,0.0,0.0,0.0,0.0,0.0,0.0,0.0,0.0,0.0,0.0,0.0,0.0,0.0,0.0,0.0,0.0,0.0,0.0,0.0,0.0,0.0,0.0,0.0,0.0,0.0,0.0,0.0,0.0,0.0,0.0,0.0,0.0
64.70128829892849,50.68738641033574,104.7113933100784,1225.0,527.0,5.27493260489514,94.5531633610513,0.8692025223908701,1.268625346945281,0.4625849317500641,3.8426172218665378,3.0,6.0,19.0,4.2975654418458875,1.2303419979060823,0.3165450429414364,0.5559272323866896,0.0,0.0,0.0,0.0,1.0,0.0,0.0,0.0,0.0,0.0,0.0,0.0,0.0,0.0,0.0,0.0,0.0,0.0,0.0,0.0,0.0,0.0,0.0,0.0,0.0,0.0,0.0,0.0,0.0,0.0,0.0,0.0,0.0,0.0,0.0,0.0,0.0,0.0,0.0,0.0,0.0,0.0,0.0,0.0,0.0,0.0,0.0,0.0,0.0,0.0,0.0
79.19483080922302,58.192184739824974,145.83725547300995,1430.0,403.0,5.237257758746976,92.6306991843322,0.7182274127672365,0.9032034299124446,0.4236674416664331,9.697573376273592,7.0,5.0,20.0,4.6550868331992605,1.5172989671470902,0.3938725937698973,0.6789586384497343,0.0,0.0,0.0,0.0,0.0,0.0,0.0,0.0,0.0,0.0,0.0,0.0,0.0,1.0,0.0,0.0,0.0,0.0,0.0,0.0,0.0,0.0,0.0,0.0,0.0,0.0,0.0,0.0,0.0,0.0,0.0,0.0,0.0,0.0,0.0,0.0,0.0,0.0,0.0,0.0,0.0,0.0,0.0,0.0,0.0,0.0,0.0,0.0,0.0,0.0,0.0
75.17727493746462,27.083695241429304,168.62690443321958,1039.0,435.0,3.7251121978935817,78.91801154936427,0.757888715925606,1.4299538666473728,0.91351763366121,6.807782730910264,3.0,0.0,2.0,3.678582896934127,1.1684025770784565,0.26514412203819004,0.6345145380589006,0.0,0.0,0.0,0.0,0.0,0.0,0.0,0.0,0.0,0.0,0.0,0.0,0.0,0.0,0.0,0.0,0.0,0.0,0.0,0.0,0.0,0.0,0.0,0.0,0.0,0.0,1.0,0.0,0.0,0.0,0.0,0.0,0.0,0.0,0.0,0.0,0.0,0.0,0.0,0.0,0.0,0.0,0.0,0.0,0.0,0.0,0.0,0.0,0.0,0.0,0.0
70.45327903182407,44.01322723159994,58.46132791385431,1184.0,280.0,4.119836481281294,71.96743889404662,0.8147477405549708,1.3314455498772944,0.5986430679523145,3.658905560373863,6.0,6.0,18.0,4.660093470460741,1.4879508659839773,0.4231789368918202,0.532764445479745,0.0,0.0,0.0,0.0,0.0,0.0,0.0,0.0,0.0,0.0,0.0,0.0,0.0,0.0,0.0,0.0,0.0,0.0,0.0,0.0,0.0,0.0,0.0,0.0,0.0,0.0,0.0,0.0,0.0,0.0,0.0,0.0,0.0,0.0,0.0,0.0,0.0,0.0,0.0,0.0,0.0,1.0,0.0,0.0,0.0,0.0,0.0,0.0,0.0,0.0,0.0
59.51997386087714,50.14081924698427,164.89377175656546,662.0,518.0,3.785479595616384,91.79522694742704,0.701024164811377,1.1336483244696858,0.5980441241810497,9.649681811847206,6.0,4.0,7.0,4.257755929088215,1.2930658352933366,0.34141708104233476,0.7336968703006753,0.0,0.0,0.0,0.0,0.0,0.0,0.0,0.0,0.0,0.0,0.0,0.0,0.0,0.0,0.0,0.0,0.0,0.0,0.0,0.0,0.0,0.0,0.0,0.0,0.0,0.0,0.0,0.0,0.0,0.0,0.0,0.0,0.0,0.0,0.0,0.0,0.0,0.0,0.0,0.0,0.0,0.0,0.0,0.0,0.0,0.0,0.0,0.0,1.0,0.0,0.0
62.83466881515243,27.806137668195152,162.40494627456604,911.0,287.0,3.800143900015657,88.08669375454234,0.9239875069016296,0.9489866299966624,0.8604306166582827,8.397406471171836,5.0,5.0,8.0,4.262792105096789,1.64504510152883,0.36058038713018375,0.4910433020353987,0.0,0.0,0.0,0.0,0.0,0.0,0.0,0.0,0.0,0.0,0.0,0.0,0.0,0.0,1.0,0.0,0.0,0.0,0.0,0.0,0.0,0.0,0.0,0.0,0.0,0.0,0.0,0.0,0.0,0.0,0.0,0.0,0.0,0.0,0.0,0.0,0.0,0.0,0.0,0.0,0.0,0.0,0.0,0.0,0.0,0.0,0.0,0.0,0.0,0.0,0.0
65.92940559198807,34.48336709138543,119.02450665849126,454.0,144.0,2.1248836075429742,75.49184577312685,0.8041822164576575,1.1069936573578996,0.5932005208912021,2.96511541204581,6.0,2.0,12.0,4.244218326071611,1.4166335050119527,0.37433262719681315,0.38753229788449717,0.0,0.0,0.0,0.0,0.0,0.0,0.0,0.0,0.0,0.0,0.0,0.0,0.0,0.0,0.0,0.0,0.0,0.0,0.0,0.0,0.0,0.0,0.0,0.0,0.0,0.0,0.0,0.0,0.0,0.0,0.0,0.0,0.0,0.0,0.0,0.0,0.0,0.0,1.0,0.0,0.0,0.0,0.0,0.0,0.0,0.0,0.0,0.0,0.0,0.0,0.0
71.07422011808113,51.17505917776897,92.74852082447153,993.0,594.0,3.7409972971055065,71.86324642862797,0.772588380334862,1.1023269150294948,0.5434665936842376,8.524378091941108,5.0,2.0,8.0,4.403867436216086,1.4734193168121188,0.4040081265209855,0.6799362389121106,0.0,0.0,0.0,0.0,0.0,0.0,0.0,0.0,0.0,1.0,0.0,0.0,0.0,0.0,0.0,0.0,0.0,0.0,0.0,0.0,0.0,0.0,0.0,0.0,0.0,0.0,0.0,0.0,0.0,0.0,0.0,0.0,0.0,0.0,0.0,0.0,0.0,0.0,0.0,0.0,0.0,0.0,0.0,0.0,0.0,0.0,0.0,0.0,0.0,0.0,0.0
72.03983952694102,31.44113873382658,82.26260339826639,1055.0,333.0,5.9410247620788255,80.69992536449345,0.7962989046635373,1.0543945387301392,0.5914664813092516,5.498061860580031,4.0,4.0,23.0,4.927331480917252,1.0595822350015098,0.3898214394816262,0.4885132460253141,0.0,0.0,0.0,0.0,0.0,0.0,0.0,0.0,0.0,0.0,0.0,0.0,0.0,0.0,0.0,0.0,0.0,0.0,0.0,0.0,0.0,0.0,0.0,0.0,0.0,0.0,0.0,0.0,0.0,0.0,0.0,0.0,0.0,0.0,0.0,0.0,0.0,0.0,0.0,0.0,0.0,0.0,0.0,1.0,0.0,0.0,0.0,0.0,0.0,0.0,0.0
76.10686074564427,36.982134688731456,158.58283664727847,363.0,311.0,4.888651546980034,80.62439963472028,0.7925427198511914,0.9743096579770574,0.5154274890273151,8.83322741728366,5.0,5.0,12.0,4.204353363210548,1.3659274199595821,0.35693499477486285,0.6406751588984183,0.0,0.0,0.0,0.0,0.0,0.0,0.0,0.0,0.0,0.0,0.0,0.0,0.0,0.0,0.0,0.0,0.0,0.0,0.0,0.0,0.0,0.0,0.0,0.0,0.0,0.0,0.0,0.0,0.0,0.0,0.0,1.0,0.0,0.0,0.0,0.0,0.0,0.0,0.0,0.0,0.0,0.0,0.0,0.0,0.0,0.0,0.0,0.0,0.0,0.0,0.0
72.07192110279772,38.27082317158566,162.9449279715263,1342.0,457.0,4.10897020076197,94.8106198498816,0.8067199333783495,1.4354775536999824,0.5595098792795838,3.4148883629518254,6.0,0.0,4.0,4.298378441279382,1.4885621581894843,0.3470030515923641,0.5856850100969944,0.0,0.0,1.0,0.0,0.0,0.0,0.0,0.0,0.0,0.0,0.0,0.0,0.0,0.0,0.0,0.0,0.0,0.0,0.0,0.0,0.0,0.0,0.0,0.0,0.0,0.0,0.0,0.0,0.0,0.0,0.0,0.0,0.0,0.0,0.0,0.0,0.0,0.0,0.0,0.0,0.0,0.0,0.0,0.0,0.0,0.0,0.0,0.0,0.0,0.0,0.0
78.15118163905468,36.775094796292606,82.33327984577645,1356.0,199.0,4.659229640856179,84.477472640458,0.8057308718743617,1.125443232882566,0.8283107457146415,1.6175328279607448,4.0,6.0,11.0,4.389085172179928,1.265940722227788,0.35437468857900817,0.2508707234504456,0.0,0.0,0.0,0.0,0.0,0.0,0.0,0.0,0.0,0.0,0.0,0.0,0.0,0.0,0.0,0.0,0.0,0.0,0.0,0.0,0.0,0.0,0.0,0.0,0.0,0.0,0.0,1.0,0.0,0.0,0.0,0.0,0.0,0.0,0.0,0.0,0.0,0.0,0.0,0.0,0.0,0.0,0.0,0.0,0.0,0.0,0.0,0.0,0.0,0.0,0.0
62.52875278530422,55.31543041060316,73.56830121340187,1356.0,558.0,2.6347876599620026,70.35171551547553,0.7455089958681975,1.3793305163360725,0.8848412194740267,7.878407599646145,5.0,2.0,20.0,4.727706146703405,1.3667102410559062,0.4276186596621008,0.6723144614142945,0.0,0.0,0.0,0.0,0.0,0.0,0.0,0.0,0.0,0.0,0.0,0.0,0.0,0.0,0.0,0.0,1.0,0.0,0.0,0.0,0.0,0.0,0.0,0.0,0.0,0.0,0.0,0.0,0.0,0.0,0.0,0.0,0.0,0.0,0.0,0.0,0.0,0.0,0.0,0.0,0.0,0.0,0.0,0.0,0.0,0.0,0.0,0.0,0.0,0.0,0.0
74.36564568279641,40.02962281426542,70.289757635306,1353.0,172.0,4.143217384198854,88.2782914003713,0.9784186779276348,1.375390765792448,0.5460647872085269,2.7003953060256167,5.0,6.0,12.0,4.416169921397944,1.4451545262659111,0.3489626416785844,0.5243521018131875,0.0,0.0,0.0,0.0,0.0,0.0,0.0,0.0,0.0,0.0,0.0,0.0,0.0,0.0,0.0,0.0,0.0,0.0,0.0,0.0,0.0,0.0,0.0,0.0,0.0,0.0,0.0,0.0,0.0,0.0,0.0,0.0,0.0,0.0,0.0,0.0,0.0,0.0,0.0,0.0,0.0,1.0,0.0,0.0,0.0,0.0,0.0,0.0,0.0,0.0,0.0
77.72615851205501,37.2809661690889,139.52403233437784,837.0,146.0,2.125977295053519,80.29716163061661,0.9809420943456922,1.1614770836362176,0.5533038089343055,6.946726948746589,6.0,2.0,5.0,4.256505602082888,1.2678968573053915,0.33390998059724275,0.6273245530159988,0.0,0.0,0.0,0.0,0.0,0.0,0.0,0.0,0.0,0.0,0.0,0.0,0.0,0.0,0.0,0.0,0.0,0.0,0.0,0.0,0.0,0.0,0.0,0.0,0.0,0.0,0.0,0.0,0.0,0.0,0.0,0.0,0.0,0.0,0.0,0.0,0.0,0.0,0.0,0.0,1.0,0.0,0.0,0.0,0.0,0.0,0.0,0.0,0.0,0.0,0.0
70.64219767871273,57.11050215089293,149.0101708444962,1422.0,399.0,3.9982427906991846,71.55997079173493,0.9657869476967132,1.3117856090650597,0.7638648442269607,7.145851186768438,4.0,6.0,21.0,4.728062154856942,0.9591835124026638,0.35094459994403215,0.6422361481024279,0.0,0.0,0.0,0.0,0.0,0.0,0.0,0.0,0.0,0.0,0.0,0.0,0.0,0.0,0.0,0.0,0.0,0.0,0.0,0.0,0.0,0.0,0.0,0.0,0.0,0.0,0.0,0.0,0.0,0.0,0.0,0.0,0.0,0.0,0.0,0.0,0.0,0.0,0.0,0.0,0.0,0.0,0.0,0.0,0.0,1.0,0.0,0.0,0.0,0.0,0.0
67.51128733285896,25.69895947289528,130.8262990597956,856.0,463.0,6.16315345989144,80.762600164412,0.8596045874715958,1.2692951000157224,0.9300738305198928,9.939376423513464,5.0,6.0,20.0,4.428198781006596,1.428287936598783,0.3753076232699164,0.7052586979139909,0.0,0.0,0.0,0.0,0.0,0.0,0.0,0.0,0.0,0.0,0.0,0.0,0.0,0.0,0.0,0.0,0.0,0.0,0.0,0.0,0.0,0.0,0.0,0.0,0.0,0.0,0.0,0.0,0.0,0.0,0.0,0.0,0.0,0.0,0.0,0.0,0.0,0.0,0.0,0.0,0.0,0.0,0.0,0.0,0.0,0.0,0.0,1.0,0.0,0.0,0.0
73.44033225869993,35.251687943101025,139.97669655188605,588.0,518.0,5.390401323866966,91.9843462214342,0.9850562148152652,1.2871599794175594,0.5880921198082869,2.563024444435553,6.0,6.0,20.0,4.479296671482998,1.5946537509229515,0.3606319204253894,0.4592924677514821,0.0,0.0,0.0,0.0,0.0,0.0,0.0,0.0,0.0,0.0,0.0,0.0,0.0,0.0,0.0,0.0,0.0,0.0,0.0,0.0,0.0,0.0,0.0,0.0,0.0,0.0,0.0,0.0,0.0,0.0,0.0,0.0,0.0,0.0,1.0,0.0,0.0,0.0,0.0,0.0,0.0,0.0,0.0,0.0,0.0,0.0,0.0,0.0,0.0,0.0,0.0
72.58172579404798,29.07894719313347,70.98841610781695,1316.0,156.0,3.089260038890008,91.15561242764316,0.8056172047898551,1.3563434120187825,0.7523253391289981,3.6622387838285233,4.0,5.0,23.0,5.236687793744402,0.9591835124026638,0.4300382802434783,0.4940974131192653,0.0,0.0,0.0,0.0,0.0,0.0,0.0,0.0,0.0,0.0,0.0,0.0,0.0,0.0,0.0,0.0,0.0,0.0,0.0,0.0,0.0,0.0,0.0,0.0,0.0,0.0,0.0,0.0,0.0,0.0,0.0,0.0,0.0,0.0,1.0,0.0,0.0,0.0,0.0,0.0,0.0,0.0,0.0,0.0,0.0,0.0,0.0,0.0,0.0,0.0,0.0
71.69053615020303,58.14518229519318,137.1560753133445,887.0,576.0,2.9212982601416857,94.79785454927774,0.9969961062011116,1.467429740320411,0.5987424205659057,7.022465079746914,7.0,5.0,15.0,4.457355661610687,1.3795187414253314,0.3313686985486688,0.7690756078390145,0.0,0.0,0.0,0.0,0.0,0.0,0.0,0.0,0.0,0.0,0.0,0.0,0.0,0.0,0.0,0.0,0.0,0.0,0.0,0.0,0.0,0.0,0.0,0.0,0.0,0.0,0.0,0.0,0.0,0.0,0.0,0.0,0.0,0.0,0.0,0.0,0.0,1.0,0.0,0.0,0.0,0.0,0.0,0.0,0.0,0.0,0.0,0.0,0.0,0.0,0.0
73.62362478558786,28.28660772875645,182.17896497377788,471.0,277.0,2.252163953647237,70.88378189409356,0.988735186119414,1.0476081267720734,0.4270604809943479,7.358956374866308,4.0,6.0,8.0,4.8041442003451325,1.4711516147243167,0.4188287630999069,0.6330948908745214,0.0,0.0,0.0,0.0,0.0,0.0,0.0,0.0,0.0,0.0,0.0,0.0,0.0,0.0,0.0,0.0,0.0,0.0,0.0,0.0,0.0,0.0,0.0,0.0,0.0,0.0,0.0,0.0,0.0,0.0,0.0,0.0,0.0,0.0,0.0,0.0,0.0,0.0,0.0,0.0,0.0,0.0,0.0,0.0,0.0,0.0,1.0,0.0,0.0,0.0,0.0
75.79976722605343,55.17392281950571,187.6522952189392,1088.0,129.0,6.217946404233536,82.33850061623191,0.855321376402799,1.3393755784225303,0.4946231591162753,7.951944429123764,7.0,1.0,18.0,4.291421989709993,1.4977078948930074,0.36735742566113755,0.7862408163296162,0.0,0.0,0.0,0.0,0.0,0.0,0.0,1.0,0.0,0.0,0.0,0.0,0.0,0.0,0.0,0.0,0.0,0.0,0.0,0.0,0.0,0.0,0.0,0.0,0.0,0.0,0.0,0.0,0.0,0.0,0.0,0.0,0.0,0.0,0.0,0.0,0.0,0.0,0.0,0.0,0.0,0.0,0.0,0.0,0.0,0.0,0.0,0.0,0.0,0.0,0.0
66.47294563816884,35.19034727528741,199.2286237989424,863.0,228.0,2.490369216965948,75.78907799878021,0.7074916192373354,1.4192162819432763,0.6554414823988564,4.362752488451914,4.0,1.0,2.0,3.678582896934127,0.9798708980746096,0.26763253732670944,0.5929502102530175,0.0,0.0,0.0,0.0,0.0,0.0,0.0,0.0,0.0,0.0,0.0,0.0,0.0,0.0,0.0,0.0,0.0,0.0,0.0,0.0,0.0,0.0,0.0,0.0,0.0,0.0,1.0,0.0,0.0,0.0,0.0,0.0,0.0,0.0,0.0,0.0,0.0,0.0,0.0,0.0,0.0,0.0,0.0,0.0,0.0,0.0,0.0,0.0,0.0,0.0,0.0
69.70217370704916,31.1218726554793,96.18143030863384,340.0,593.0,6.759984131044926,94.31057414532272,0.8077213751918898,1.3743631987067904,0.8892552671699792,1.806222473025232,5.0,4.0,15.0,3.888898705363767,1.0538562972750052,0.27090785377655263,0.3645528722990227,0.0,0.0,0.0,0.0,0.0,0.0,0.0,1.0,0.0,0.0,0.0,0.0,0.0,0.0,0.0,0.0,0.0,0.0,0.0,0.0,0.0,0.0,0.0,0.0,0.0,0.0,0.0,0.0,0.0,0.0,0.0,0.0,0.0,0.0,0.0,0.0,0.0,0.0,0.0,0.0,0.0,0.0,0.0,0.0,0.0,0.0,0.0,0.0,0.0,0.0,0.0
75.86317045167053,25.08072945816133,133.12337315384246,653.0,528.0,6.259233025678418,89.44310860665277,0.8129640019271431,1.0050229366772807,0.477133049366961,0.6479302692762801,5.0,3.0,0.0,4.5805465237669925,1.5021822986055502,0.38287023622181265,0.25930377390284337,0.0,0.0,0.0,0.0,0.0,0.0,0.0,0.0,0.0,0.0,0.0,0.0,0.0,0.0,0.0,0.0,0.0,0.0,0.0,0.0,0.0,0.0,1.0,0.0,0.0,0.0,0.0,0.0,0.0,0.0,0.0,0.0,0.0,0.0,0.0,0.0,0.0,0.0,0.0,0.0,0.0,0.0,0.0,0.0,0.0,0.0,0.0,0.0,0.0,0.0,0.0
69.242809114892,45.12042285004526,56.984268803440926,1409.0,435.0,2.121735892773111,83.5866576905236,0.7131460469965735,1.430042350280737,0.5333783408347685,2.505867941797879,5.0,5.0,15.0,4.345780457287821,1.0634783276965958,0.3423308924715311,0.5462068281830499,0.0,0.0,0.0,0.0,0.0,0.0,0.0,0.0,0.0,0.0,0.0,0.0,0.0,0.0,0.0,0.0,0.0,0.0,0.0,0.0,0.0,0.0,0.0,0.0,0.0,0.0,0.0,0.0,0.0,0.0,0.0,0.0,0.0,0.0,0.0,0.0,0.0,0.0,0.0,0.0,0.0,0.0,0.0,0.0,0.0,0.0,0.0,0.0,0.0,0.0,1.0
64.56005186495932,38.48669917637642,173.68093075676327,571.0,451.0,5.799046431610283,78.44289388375519,0.8622556013819087,1.4059992688388228,0.9740535446207684,7.853182670280884,6.0,5.0,11.0,4.7313189209040525,1.5261844615908966,0.41530095907736314,0.6546232961092036,0.0,0.0,0.0,0.0,0.0,0.0,0.0,0.0,0.0,0.0,0.0,0.0,0.0,0.0,0.0,0.0,0.0,0.0,0.0,0.0,0.0,0.0,0.0,0.0,0.0,0.0,0.0,0.0,0.0,0.0,0.0,0.0,0.0,0.0,0.0,0.0,0.0,0.0,0.0,0.0,0.0,0.0,0.0,1.0,0.0,0.0,0.0,0.0,0.0,0.0,0.0
79.32499634077564,58.16483497582193,122.20145140333793,847.0,385.0,4.305792507382873,92.8312171004402,0.804655067845693,1.22118968174373,0.8520259500475595,6.925537854221044,6.0,0.0,16.0,4.521982866582113,1.3401908913682152,0.35638254272800124,0.5564447820127979,0.0,0.0,0.0,0.0,0.0,0.0,0.0,0.0,0.0,0.0,0.0,0.0,0.0,0.0,0.0,0.0,0.0,0.0,0.0,0.0,0.0,0.0,0.0,0.0,0.0,0.0,0.0,1.0,0.0,0.0,0.0,0.0,0.0,0.0,0.0,0.0,0.0,0.0,0.0,0.0,0.0,0.0,0.0,0.0,0.0,0.0,0.0,0.0,0.0,0.0,0.0
71.26511759215285,42.67639686300508,198.3317590395592,1153.0,113.0,4.630183505690802,85.08768423330609,0.8500324760415711,1.0852173700125678,0.871274605576225,4.6998038425738775,4.0,3.0,3.0,4.478424425966809,1.2838620349683505,0.3581784233424282,0.3706091379806326,0.0,0.0,0.0,0.0,0.0,0.0,0.0,0.0,0.0,0.0,0.0,0.0,0.0,0.0,0.0,0.0,0.0,0.0,0.0,1.0,0.0,0.0,0.0,0.0,0.0,0.0,0.0,0.0,0.0,0.0,0.0,0.0,0.0,0.0,0.0,0.0,0.0,0.0,0.0,0.0,0.0,0.0,0.0,0.0,0.0,0.0,0.0,0.0,0.0,0.0,0.0
72.16924244701632,58.67626145031437,193.5580380204092,601.0,147.0,3.3841694330529988,79.1994236173305,0.9859685086577246,1.0147023520564518,0.5825851357593945,4.856042316027345,5.0,4.0,13.0,4.466926933298002,1.6193347977459969,0.38739490576405444,0.4394904656610482,0.0,0.0,0.0,0.0,0.0,0.0,0.0,0.0,0.0,0.0,0.0,0.0,0.0,0.0,0.0,0.0,0.0,0.0,0.0,0.0,0.0,0.0,0.0,1.0,0.0,0.0,0.0,0.0,0.0,0.0,0.0,0.0,0.0,0.0,0.0,0.0,0.0,0.0,0.0,0.0,0.0,0.0,0.0,0.0,0.0,0.0,0.0,0.0,0.0,0.0,0.0
68.38972869558462,39.62074347380238,51.6180849620577,449.0,266.0,5.275131203618588,81.0146402471947,0.9110617145320816,0.9746726142840164,0.8827616705155443,8.171009350689737,4.0,2.0,17.0,4.6324097801106445,1.2130679189212261,0.3668086097149687,0.48511846029630146,0.0,1.0,0.0,0.0,0.0,0.0,0.0,0.0,0.0,0.0,0.0,0.0,0.0,0.0,0.0,0.0,0.0,0.0,0.0,0.0,0.0,0.0,0.0,0.0,0.0,0.0,0.0,0.0,0.0,0.0,0.0,0.0,0.0,0.0,0.0,0.0,0.0,0.0,0.0,0.0,0.0,0.0,0.0,0.0,0.0,0.0,0.0,0.0,0.0,0.0,0.0
71.22590677453971,59.81587237121811,125.2319320007443,691.0,349.0,5.586018901263046,91.0592060687771,0.7691554615071644,1.3652904434493474,0.67246815351817,7.160615010911496,4.0,4.0,19.0,5.0240840209662725,1.2277532039769166,0.39625951880331783,0.7002595333792214,0.0,0.0,0.0,0.0,0.0,0.0,0.0,0.0,0.0,0.0,0.0,0.0,0.0,0.0,0.0,0.0,0.0,1.0,0.0,0.0,0.0,0.0,0.0,0.0,0.0,0.0,0.0,0.0,0.0,0.0,0.0,0.0,0.0,0.0,0.0,0.0,0.0,0.0,0.0,0.0,0.0,0.0,0.0,0.0,0.0,0.0,0.0,0.0,0.0,0.0,0.0
67.94976591457733,53.06358536129051,121.81494578707677,504.0,212.0,4.494546362251645,79.0768777388816,0.8520377706869665,1.483428317801463,0.9169581095824256,0.5316639823904279,6.0,2.0,8.0,4.771706031210271,1.4913677545358555,0.4152310078044627,0.34612458689318665,0.0,0.0,0.0,0.0,0.0,0.0,0.0,0.0,0.0,0.0,0.0,0.0,0.0,0.0,0.0,0.0,0.0,0.0,0.0,0.0,0.0,0.0,0.0,0.0,0.0,0.0,0.0,0.0,0.0,0.0,0.0,0.0,0.0,0.0,0.0,0.0,0.0,0.0,0.0,0.0,0.0,0.0,0.0,0.0,0.0,0.0,0.0,1.0,0.0,0.0,0.0
71.36870132039638,21.261399383353027,69.95619577996887,1211.0,197.0,4.747263008924831,73.52418323340146,0.819293402711638,1.0946003894125595,0.9762562672921954,9.939250646518374,4.0,5.0,12.0,3.789170976334291,1.4877828915171245,0.34411000011359644,0.6024040046953008,0.0,0.0,0.0,0.0,0.0,0.0,0.0,0.0,0.0,0.0,0.0,0.0,0.0,0.0,0.0,0.0,0.0,0.0,0.0,0.0,0.0,0.0,0.0,0.0,0.0,1.0,0.0,0.0,0.0,0.0,0.0,0.0,0.0,0.0,0.0,0.0,0.0,0.0,0.0,0.0,0.0,0.0,0.0,0.0,0.0,0.0,0.0,0.0,0.0,0.0,0.0
74.98066013204298,38.479129820865694,141.42780409628108,1164.0,255.0,4.209208337698191,92.28175426217572,0.787971118441331,1.3206263971451198,0.6773878075820841,1.6676447772761271,5.0,6.0,23.0,4.434413438813804,1.3096659619096482,0.34864557886893865,0.40144029677760207,0.0,0.0,0.0,0.0,0.0,0.0,0.0,0.0,0.0,0.0,0.0,0.0,0.0,0.0,0.0,0.0,0.0,0.0,0.0,0.0,0.0,0.0,0.0,0.0,0.0,0.0,0.0,0.0,0.0,0.0,0.0,0.0,0.0,0.0,0.0,0.0,0.0,0.0,0.0,0.0,0.0,0.0,0.0,0.0,0.0,1.0,0.0,0.0,0.0,0.0,0.0
77.97939834578753,55.85391724963445,141.5892929617965,1297.0,382.0,5.108391128412223,79.15723466341832,0.8891479393291895,1.030035413258205,0.6337861320336309,8.325120899206528,3.0,6.0,11.0,3.678582896934127,0.9591835124026638,0.26514412203819004,0.6036392049358603,0.0,0.0,0.0,0.0,0.0,0.0,0.0,0.0,1.0,0.0,0.0,0.0,0.0,0.0,0.0,0.0,0.0,0.0,0.0,0.0,0.0,0.0,0.0,0.0,0.0,0.0,0.0,0.0,0.0,0.0,0.0,0.0,0.0,0.0,0.0,0.0,0.0,0.0,0.0,0.0,0.0,0.0,0.0,0.0,0.0,0.0,0.0,0.0,0.0,0.0,0.0
66.68043211941063,21.840230088448035,83.09005516065582,1235.0,567.0,5.0277756498175705,75.78646842319446,0.9278406649467424,1.3877403928599086,0.400732518314021,7.159707395242866,6.0,1.0,21.0,4.751846861770156,1.5327592859207504,0.4164622545716853,0.8021483766483759,0.0,0.0,0.0,0.0,0.0,0.0,0.0,0.0,0.0,0.0,0.0,0.0,0.0,1.0,0.0,0.0,0.0,0.0,0.0,0.0,0.0,0.0,0.0,0.0,0.0,0.0,0.0,0.0,0.0,0.0,0.0,0.0,0.0,0.0,0.0,0.0,0.0,0.0,0.0,0.0,0.0,0.0,0.0,0.0,0.0,0.0,0.0,0.0,0.0,0.0,0.0
66.86427031091297,52.814377523419445,144.03364086380208,1334.0,299.0,6.211068863961923,83.7475851279353,0.7178136749112102,1.346168066391741,0.7208202673124117,3.968766708565599,5.0,4.0,13.0,4.204240235673823,1.442998795402499,0.36551030039135585,0.514856390744418,0.0,0.0,0.0,0.0,0.0,0.0,0.0,0.0,0.0,0.0,0.0,1.0,0.0,0.0,0.0,0.0,0.0,0.0,0.0,0.0,0.0,0.0,0.0,0.0,0.0,0.0,0.0,0.0,0.0,0.0,0.0,0.0,0.0,0.0,0.0,0.0,0.0,0.0,0.0,0.0,0.0,0.0,0.0,0.0,0.0,0.0,0.0,0.0,0.0,0.0,0.0
68.33892473900224,29.926267795146494,115.1559572362523,1216.0,325.0,6.955573400345818,78.51185869326305,0.9784157799367454,1.3729252185175105,0.9246509006327528,3.157215286506899,5.0,2.0,21.0,4.306940411755437,1.6225726918174903,0.37596805663567573,0.41961160853728363,0.0,0.0,0.0,0.0,0.0,0.0,0.0,0.0,0.0,0.0,0.0,0.0,0.0,0.0,0.0,0.0,0.0,0.0,0.0,0.0,0.0,0.0,0.0,0.0,0.0,0.0,0.0,0.0,0.0,0.0,0.0,0.0,0.0,0.0,0.0,0.0,1.0,0.0,0.0,0.0,0.0,0.0,0.0,0.0,0.0,0.0,0.0,0.0,0.0,0.0,0.0
61.25638144366751,35.87348717161294,184.43753201281191,425.0,199.0,2.716589798988481,71.58119047823027,0.958152740712182,1.389005651498243,0.9122636404384424,9.694218440088523,5.0,3.0,19.0,4.407423241407628,1.5016372278356271,0.38901816587713905,0.7588521786975794,0.0,0.0,1.0,0.0,0.0,0.0,0.0,0.0,0.0,0.0,0.0,0.0,0.0,0.0,0.0,0.0,0.0,0.0,0.0,0.0,0.0,0.0,0.0,0.0,0.0,0.0,0.0,0.0,0.0,0.0,0.0,0.0,0.0,0.0,0.0,0.0,0.0,0.0,0.0,0.0,0.0,0.0,0.0,0.0,0.0,0.0,0.0,0.0,0.0,0.0,0.0
69.02043280346304,36.72701592833356,114.11906694117272,532.0,327.0,3.6136033543222994,90.11982060837818,0.9934868547065052,1.1150190212915638,0.9464909719411644,8.779486620904049,5.0,4.0,1.0,4.373478796814369,1.4032986000734042,0.33607633178105384,0.5645332576690029,1.0,0.0,0.0,0.0,0.0,0.0,0.0,0.0,0.0,0.0,0.0,0.0,0.0,0.0,0.0,0.0,0.0,0.0,0.0,0.0,0.0,0.0,0.0,0.0,0.0,0.0,0.0,0.0,0.0,0.0,0.0,0.0,0.0,0.0,0.0,0.0,0.0,0.0,0.0,0.0,0.0,0.0,0.0,0.0,0.0,0.0,0.0,0.0,0.0,0.0,0.0
74.77191577608397,29.93992292104693,53.87987692822244,1061.0,274.0,5.092046913839655,73.34927164325879,0.9460773150335258,1.1763357756759347,0.6085621527641885,8.413443328483567,4.0,0.0,15.0,5.236687793744402,1.05231915973717,0.4562799672417485,0.6896999100548431,0.0,0.0,0.0,0.0,0.0,0.0,0.0,0.0,0.0,0.0,0.0,0.0,0.0,0.0,0.0,0.0,0.0,0.0,0.0,0.0,0.0,0.0,0.0,1.0,0.0,0.0,0.0,0.0,0.0,0.0,0.0,0.0,0.0,0.0,0.0,0.0,0.0,0.0,0.0,0.0,0.0,0.0,0.0,0.0,0.0,0.0,0.0,0.0,0.0,0.0,0.0
66.47489447243393,43.11586002139749,79.61404392531705,1177.0,316.0,4.80352905763741,94.95977624152964,0.7656176192632005,1.3414020119172114,0.9142108593872236,2.34617582175768,6.0,2.0,11.0,4.157361175711683,1.4783703414896956,0.3376195928460778,0.36674125177531625,0.0,0.0,0.0,0.0,0.0,0.0,0.0,0.0,0.0,0.0,0.0,0.0,0.0,0.0,0.0,0.0,0.0,0.0,0.0,0.0,0.0,0.0,0.0,0.0,1.0,0.0,0.0,0.0,0.0,0.0,0.0,0.0,0.0,0.0,0.0,0.0,0.0,0.0,0.0,0.0,0.0,0.0,0.0,0.0,0.0,0.0,0.0,0.0,0.0,0.0,0.0
72.89367287564342,55.40280307332756,107.66697557036868,1426.0,306.0,3.994356773619732,71.61273725341087,0.913453784691764,1.1280908447524105,0.7260542490616997,7.810638881498031,4.0,4.0,2.0,4.338950374765614,1.4862370699939191,0.3860199004516455,0.5961784144969227,0.0,0.0,0.0,0.0,0.0,0.0,0.0,0.0,0.0,0.0,0.0,0.0,0.0,0.0,0.0,0.0,0.0,0.0,0.0,0.0,0.0,0.0,0.0,0.0,0.0,0.0,1.0,0.0,0.0,0.0,0.0,0.0,0.0,0.0,0.0,0.0,0.0,0.0,0.0,0.0,0.0,0.0,0.0,0.0,0.0,0.0,0.0,0.0,0.0,0.0,0.0
76.75576891076358,58.96833099795538,107.57485851554598,526.0,404.0,3.701632458361146,94.57774046974666,0.9716118569641724,0.9202817673715702,0.8469325634127675,4.068079184669578,5.0,5.0,20.0,4.331087592217905,1.2914948262326684,0.3149991118008174,0.26457802617685583,0.0,0.0,0.0,0.0,0.0,0.0,0.0,0.0,0.0,0.0,0.0,0.0,0.0,0.0,0.0,0.0,0.0,0.0,0.0,0.0,0.0,0.0,0.0,0.0,0.0,0.0,0.0,0.0,0.0,0.0,0.0,0.0,0.0,0.0,0.0,0.0,0.0,0.0,0.0,0.0,1.0,0.0,0.0,0.0,0.0,0.0,0.0,0.0,0.0,0.0,0.0
83.00544383713968,55.97907657252806,60.53018594514376,970.0,322.0,3.556829994508905,91.53736738516864,0.9943089290488768,1.1070764990698925,0.6141001308242859,1.956604771709756,7.0,1.0,1.0,4.3327142915361945,1.54410974099217,0.3430701642612363,0.3301404503777454,0.0,0.0,0.0,0.0,0.0,0.0,0.0,0.0,0.0,0.0,0.0,0.0,0.0,0.0,0.0,0.0,0.0,0.0,0.0,0.0,0.0,0.0,0.0,0.0,0.0,1.0,0.0,0.0,0.0,0.0,0.0,0.0,0.0,0.0,0.0,0.0,0.0,0.0,0.0,0.0,0.0,0.0,0.0,0.0,0.0,0.0,0.0,0.0,0.0,0.0,0.0
71.0254391620525,54.53893849231325,120.27106850873852,1466.0,567.0,6.080585641929382,82.04613913540456,0.8183139520697955,1.1995744466894167,0.7142497216405657,7.619367428793707,4.0,1.0,22.0,3.678582896934127,1.2844265313332046,0.27996951009066207,0.6263260287137014,0.0,0.0,0.0,0.0,0.0,1.0,0.0,0.0,0.0,0.0,0.0,0.0,0.0,0.0,0.0,0.0,0.0,0.0,0.0,0.0,0.0,0.0,0.0,0.0,0.0,0.0,0.0,0.0,0.0,0.0,0.0,0.0,0.0,0.0,0.0,0.0,0.0,0.0,0.0,0.0,0.0,0.0,0.0,0.0,0.0,0.0,0.0,0.0,0.0,0.0,0.0
72.86278085319694,35.47451153016123,72.35114707433348,1072.0,487.0,5.288383780863529,91.55664125579344,0.999700857033066,1.4862441924703198,0.7411147913174025,2.8691028128764264,4.0,4.0,13.0,5.236687793744402,1.4304805860492964,0.41630341339579763,0.5231719633247631,0.0,0.0,0.0,0.0,0.0,0.0,0.0,0.0,0.0,0.0,0.0,0.0,0.0,0.0,0.0,0.0,0.0,0.0,0.0,0.0,0.0,0.0,0.0,0.0,0.0,0.0,0.0,0.0,0.0,0.0,0.0,0.0,0.0,0.0,0.0,1.0,0.0,0.0,0.0,0.0,0.0,0.0,0.0,0.0,0.0,0.0,0.0,0.0,0.0,0.0,0.0
74.1614366498936,48.30044836702376,134.76294362446623,384.0,389.0,5.943536689757588,92.74648493706276,0.8832429227110807,1.463675508615878,0.8879486261991767,7.5745945700903,6.0,6.0,3.0,4.4442487354928435,1.6764485533575633,0.3740608452660105,0.6982912815874764,0.0,0.0,0.0,0.0,0.0,0.0,0.0,0.0,0.0,0.0,0.0,0.0,0.0,0.0,0.0,0.0,0.0,0.0,0.0,0.0,0.0,0.0,0.0,0.0,0.0,0.0,0.0,0.0,0.0,0.0,0.0,0.0,0.0,0.0,1.0,0.0,0.0,0.0,0.0,0.0,0.0,0.0,0.0,0.0,0.0,0.0,0.0,0.0,0.0,0.0,0.0
60.432790392863375,22.520480101320373,131.88905079370784,807.0,307.0,6.963778135413346,85.12617312087487,0.9945229173477594,1.2397689747892693,0.5387396468370342,8.4880808222267,5.0,6.0,5.0,4.310000471060189,1.4478163423555073,0.34470864862502787,0.7484870924581005,0.0,0.0,0.0,0.0,0.0,0.0,0.0,0.0,0.0,0.0,0.0,0.0,0.0,0.0,0.0,0.0,0.0,0.0,0.0,0.0,0.0,0.0,0.0,0.0,0.0,0.0,0.0,0.0,0.0,0.0,0.0,0.0,0.0,0.0,0.0,0.0,0.0,0.0,0.0,0.0,0.0,1.0,0.0,0.0,0.0,0.0,0.0,0.0,0.0,0.0,0.0
69.74489487623617,32.831903076249965,103.51990472051904,1374.0,304.0,4.072557837037556,77.11975297349896,0.7519920198816363,1.3811443250810278,0.9813664067199136,6.481412867911914,4.0,5.0,23.0,4.255244598135643,1.256018176799404,0.3619163653329736,0.5711105947609669,0.0,0.0,0.0,0.0,0.0,0.0,0.0,0.0,0.0,0.0,0.0,0.0,0.0,0.0,0.0,0.0,0.0,0.0,0.0,0.0,0.0,0.0,0.0,0.0,0.0,0.0,0.0,0.0,0.0,0.0,0.0,0.0,0.0,0.0,0.0,0.0,0.0,0.0,0.0,0.0,0.0,0.0,0.0,0.0,1.0,0.0,0.0,0.0,0.0,0.0,0.0
73.73237618348936,24.1342997873269,156.87067781731542,402.0,127.0,4.391427718469933,88.15047349497192,0.8635215690966209,1.3283899774731294,0.4700591327871679,1.1564141846706033,6.0,2.0,17.0,4.036396592599525,1.3619265817675636,0.31984577498976696,0.4489489788122461,0.0,0.0,0.0,0.0,0.0,0.0,0.0,0.0,0.0,0.0,0.0,0.0,0.0,0.0,0.0,0.0,0.0,0.0,0.0,0.0,0.0,0.0,0.0,0.0,0.0,0.0,0.0,0.0,0.0,0.0,0.0,1.0,0.0,0.0,0.0,0.0,0.0,0.0,0.0,0.0,0.0,0.0,0.0,0.0,0.0,0.0,0.0,0.0,0.0,0.0,0.0
64.75741971626299,22.564161837522924,70.61028578632326,565.0,206.0,3.0076310838872256,71.87977143702221,0.853429223904645,1.3195244809157076,0.8789599468431015,2.9080694683426387,6.0,5.0,16.0,4.771702152197492,1.5444004940104092,0.4345491687452525,0.3956699992849083,0.0,0.0,0.0,0.0,0.0,0.0,0.0,0.0,0.0,0.0,0.0,0.0,0.0,0.0,0.0,0.0,0.0,0.0,0.0,0.0,0.0,0.0,0.0,0.0,0.0,0.0,0.0,0.0,0.0,0.0,0.0,0.0,0.0,0.0,0.0,0.0,0.0,0.0,0.0,0.0,0.0,0.0,1.0,0.0,0.0,0.0,0.0,0.0,0.0,0.0,0.0
68.68875181790845,44.37316307888411,179.92392341703228,1166.0,548.0,6.186035073800351,79.31963771281005,0.9492852535268124,1.1870077969327495,0.7603253127088807,2.7210127164246103,5.0,5.0,16.0,4.6407786443434045,1.4617440709033434,0.3908445702729699,0.35958430328087465,0.0,0.0,0.0,0.0,0.0,0.0,0.0,0.0,0.0,0.0,0.0,0.0,0.0,0.0,0.0,0.0,0.0,0.0,0.0,0.0,0.0,0.0,0.0,0.0,0.0,0.0,0.0,0.0,0.0,0.0,0.0,0.0,0.0,0.0,0.0,0.0,0.0,0.0,0.0,0.0,0.0,0.0,0.0,0.0,0.0,0.0,1.0,0.0,0.0,0.0,0.0
75.60608259812426,31.039113740143087,178.19840398939863,798.0,531.0,2.59170020405908,88.32283328262788,0.7134789346374206,0.9778756522640896,0.6424633664859587,9.653471332253453,6.0,0.0,23.0,4.158734526352954,1.398701978178956,0.34861984779906274,0.6410969701302978,0.0,0.0,0.0,0.0,0.0,0.0,0.0,0.0,0.0,0.0,0.0,0.0,0.0,0.0,0.0,0.0,0.0,0.0,0.0,0.0,0.0,0.0,0.0,0.0,0.0,0.0,0.0,0.0,0.0,0.0,0.0,0.0,0.0,0.0,0.0,0.0,0.0,0.0,1.0,0.0,0.0,0.0,0.0,0.0,0.0,0.0,0.0,0.0,0.0,0.0,0.0
66.88572508656316,47.60762945059562,57.96248489076909,694.0,386.0,5.585886507900978,87.64286753276284,0.8981380469341304,1.4302185574509223,0.5606444134135231,0.5581093966682205,6.0,6.0,20.0,4.515109872947277,1.55308226387009,0.37714156776145447,0.4397445169655273,0.0,0.0,0.0,0.0,0.0,0.0,0.0,0.0,0.0,0.0,1.0,0.0,0.0,0.0,0.0,0.0,0.0,0.0,0.0,0.0,0.0,0.0,0.0,0.0,0.0,0.0,0.0,0.0,0.0,0.0,0.0,0.0,0.0,0.0,0.0,0.0,0.0,0.0,0.0,0.0,0.0,0.0,0.0,0.0,0.0,0.0,0.0,0.0,0.0,0.0,0.0
75.94432721962649,28.749441079013764,137.4910285528663,899.0,259.0,2.155458036551326,80.83223736769474,0.7363135118428081,0.9344661018200988,0.9300382016447456,9.345705271666985,5.0,3.0,12.0,4.145156410089467,1.1542637787488204,0.336802403567512,0.5079877437390673,0.0,0.0,0.0,0.0,0.0,0.0,0.0,0.0,0.0,0.0,0.0,0.0,0.0,0.0,0.0,0.0,0.0,0.0,0.0,0.0,0.0,0.0,0.0,0.0,0.0,0.0,0.0,0.0,0.0,0.0,0.0,0.0,0.0,0.0,0.0,0.0,0.0,0.0,0.0,0.0,0.0,0.0,0.0,0.0,0.0,0.0,0.0,0.0,0.0,0.0,1.0
70.54483948131654,59.80790146730348,102.55597301625426,456.0,385.0,5.822582330114817,91.15497612963298,0.8220043616879062,1.3647436797808885,0.9840449203947246,9.450635059358,6.0,4.0,7.0,4.980427083612288,1.4897221171123294,0.41201136158116847,0.7105635728771436,0.0,0.0,0.0,0.0,0.0,0.0,0.0,0.0,0.0,0.0,0.0,0.0,0.0,1.0,0.0,0.0,0.0,0.0,0.0,0.0,0.0,0.0,0.0,0.0,0.0,0.0,0.0,0.0,0.0,0.0,0.0,0.0,0.0,0.0,0.0,0.0,0.0,0.0,0.0,0.0,0.0,0.0,0.0,0.0,0.0,0.0,0.0,0.0,0.0,0.0,0.0
75.21335635476524,23.79977488934289,51.39406757305987,982.0,560.0,3.306996083008412,87.42459486082815,0.7559566280564334,1.3924780249518565,0.5169885237446176,0.2773431101673529,4.0,2.0,18.0,5.236687793744402,0.9591835124026638,0.34295475023777067,0.4213794923345848,0.0,0.0,0.0,0.0,0.0,0.0,0.0,0.0,0.0,0.0,0.0,0.0,0.0,0.0,0.0,0.0,0.0,1.0,0.0,0.0,0.0,0.0,0.0,0.0,0.0,0.0,0.0,0.0,0.0,0.0,0.0,0.0,0.0,0.0,0.0,0.0,0.0,0.0,0.0,0.0,0.0,0.0,0.0,0.0,0.0,0.0,0.0,0.0,0.0,0.0,0.0
72.69504089527166,59.491587396915165,153.08222634186615,975.0,559.0,6.239256466687038,82.22486834035982,0.8915974831920284,1.0162716933570424,0.5266075658841345,5.607417720235242,6.0,4.0,13.0,4.350294261570363,1.3437822808424538,0.3543632513652182,0.4965523854585271,0.0,0.0,0.0,0.0,0.0,0.0,0.0,0.0,0.0,0.0,0.0,0.0,0.0,0.0,0.0,0.0,0.0,0.0,0.0,0.0,0.0,0.0,0.0,0.0,0.0,0.0,0.0,0.0,0.0,0.0,0.0,0.0,0.0,0.0,0.0,0.0,0.0,1.0,0.0,0.0,0.0,0.0,0.0,0.0,0.0,0.0,0.0,0.0,0.0,0.0,0.0
65.14855283386531,46.2287296375468,70.97772503912773,1159.0,248.0,2.9169648899586447,72.79088245539532,0.8608169188073278,1.342859662851685,0.4868566256358762,8.420470375925321,6.0,1.0,16.0,4.611742544892071,1.4693662237694363,0.4109600327173235,0.8140180310896588,0.0,0.0,0.0,0.0,0.0,0.0,0.0,0.0,0.0,0.0,0.0,1.0,0.0,0.0,0.0,0.0,0.0,0.0,0.0,0.0,0.0,0.0,0.0,0.0,0.0,0.0,0.0,0.0,0.0,0.0,0.0,0.0,0.0,0.0,0.0,0.0,0.0,0.0,0.0,0.0,0.0,0.0,0.0,0.0,0.0,0.0,0.0,0.0,0.0,0.0,0.0
69.59618413168238,55.62591711921601,94.52564081264124,591.0,432.0,3.5182775762186145,88.87482101652577,0.9640827400868036,1.4433834396453376,0.5342311978633469,6.103941114221777,7.0,5.0,18.0,4.860473099959484,1.5808408988515674,0.40066693533748404,0.7326172966064379,0.0,0.0,0.0,0.0,0.0,0.0,0.0,0.0,0.0,0.0,0.0,0.0,0.0,0.0,0.0,0.0,0.0,0.0,0.0,0.0,0.0,0.0,0.0,0.0,0.0,0.0,0.0,0.0,0.0,0.0,0.0,0.0,0.0,0.0,0.0,1.0,0.0,0.0,0.0,0.0,0.0,0.0,0.0,0.0,0.0,0.0,0.0,0.0,0.0,0.0,0.0
75.31758064400188,24.23149629033753,190.3474720357028,971.0,278.0,3.746415755760258,77.6432911471491,0.738136526551565,1.4789615083370222,0.8663629449823371,3.188541379536205,4.0,4.0,17.0,4.6644086722041225,1.2976955391454155,0.40169727185361304,0.49370457542406954,0.0,0.0,0.0,0.0,0.0,0.0,0.0,0.0,0.0,0.0,0.0,0.0,0.0,0.0,0.0,0.0,0.0,0.0,0.0,0.0,0.0,0.0,0.0,0.0,0.0,0.0,0.0,0.0,0.0,0.0,0.0,0.0,0.0,0.0,0.0,0.0,0.0,0.0,0.0,0.0,0.0,0.0,0.0,0.0,0.0,0.0,0.0,0.0,0.0,1.0,0.0
71.81491084841004,49.36464603605658,187.64039669484265,360.0,289.0,3.61051768460059,89.90417598623469,0.8320349600377902,1.2033696937387135,0.7575176381285103,5.965048289091529,4.0,0.0,19.0,4.055103318244309,1.4950438539586355,0.333818081118091,0.5310153326821656,1.0,0.0,0.0,0.0,0.0,0.0,0.0,0.0,0.0,0.0,0.0,0.0,0.0,0.0,0.0,0.0,0.0,0.0,0.0,0.0,0.0,0.0,0.0,0.0,0.0,0.0,0.0,0.0,0.0,0.0,0.0,0.0,0.0,0.0,0.0,0.0,0.0,0.0,0.0,0.0,0.0,0.0,0.0,0.0,0.0,0.0,0.0,0.0,0.0,0.0,0.0
72.7153754632506,56.05079661810977,171.30442211389254,385.0,341.0,4.82780841340116,71.87622333011814,0.98797804568481,0.9622515355483904,0.4851512821688511,9.992064940862,5.0,3.0,9.0,4.421063855084024,1.3077954110180425,0.3681203136616769,0.7027242113295662,0.0,0.0,0.0,0.0,0.0,0.0,0.0,0.0,0.0,0.0,0.0,0.0,0.0,0.0,0.0,0.0,0.0,0.0,0.0,0.0,0.0,0.0,0.0,0.0,0.0,0.0,0.0,1.0,0.0,0.0,0.0,0.0,0.0,0.0,0.0,0.0,0.0,0.0,0.0,0.0,0.0,0.0,0.0,0.0,0.0,0.0,0.0,0.0,0.0,0.0,0.0
66.83688254543104,59.34916055632564,68.29287267099346,405.0,427.0,4.795930376963694,76.38689086022131,0.9491976478265094,1.0218660106896242,0.8415460073952583,6.804060914061207,5.0,0.0,1.0,4.574563638955973,1.523043765207188,0.39683255610927964,0.45410439027779514,0.0,0.0,0.0,0.0,0.0,0.0,0.0,0.0,0.0,0.0,0.0,0.0,0.0,0.0,0.0,0.0,0.0,0.0,0.0,0.0,0.0,0.0,1.0,0.0,0.0,0.0,0.0,0.0,0.0,0.0,0.0,0.0,0.0,0.0,0.0,0.0,0.0,0.0,0.0,0.0,0.0,0.0,0.0,0.0,0.0,0.0,0.0,0.0,0.0,0.0,0.0
69.31656422777816,50.26075580803678,101.19861142910202,858.0,292.0,2.076468003482572,79.29195861041487,0.8182499356448205,1.4470830002195785,0.8230050895832732,2.809015810743045,4.0,2.0,22.0,4.582634371069003,1.4877496389658071,0.4014469080400783,0.4732328902190302,0.0,0.0,1.0,0.0,0.0,0.0,0.0,0.0,0.0,0.0,0.0,0.0,0.0,0.0,0.0,0.0,0.0,0.0,0.0,0.0,0.0,0.0,0.0,0.0,0.0,0.0,0.0,0.0,0.0,0.0,0.0,0.0,0.0,0.0,0.0,0.0,0.0,0.0,0.0,0.0,0.0,0.0,0.0,0.0,0.0,0.0,0.0,0.0,0.0,0.0,0.0
65.5648562715375,37.97684908501729,74.72995311786275,818.0,506.0,4.672239025381655,94.6730265601607,0.8194566208236791,1.0777753519547857,0.8718619303757607,7.654980841727259,5.0,0.0,18.0,4.361528387671677,1.4308847211174818,0.3459710260184936,0.5145411468299188,1.0,0.0,0.0,0.0,0.0,0.0,0.0,0.0,0.0,0.0,0.0,0.0,0.0,0.0,0.0,0.0,0.0,0.0,0.0,0.0,0.0,0.0,0.0,0.0,0.0,0.0,0.0,0.0,0.0,0.0,0.0,0.0,0.0,0.0,0.0,0.0,0.0,0.0,0.0,0.0,0.0,0.0,0.0,0.0,0.0,0.0,0.0,0.0,0.0,0.0,0.0
75.72329411214149,43.34455442995747,111.16475471298683,1214.0,554.0,3.404142072155909,73.34986874492812,0.9590675148045824,1.3635820655951243,0.4208170861304532,5.333868581073632,5.0,3.0,6.0,4.5709589821668635,1.2516506194156758,0.3756952687388524,0.6920035950181536,0.0,0.0,0.0,0.0,0.0,0.0,0.0,0.0,0.0,0.0,0.0,0.0,0.0,0.0,0.0,0.0,0.0,0.0,0.0,0.0,0.0,0.0,0.0,0.0,0.0,0.0,0.0,0.0,0.0,0.0,0.0,0.0,0.0,0.0,0.0,0.0,0.0,0.0,0.0,0.0,0.0,0.0,0.0,0.0,1.0,0.0,0.0,0.0,0.0,0.0,0.0
81.02543597499766,23.63463035817094,92.873293679626,828.0,468.0,2.9069697747533345,92.88036140723372,0.9019374901952264,1.3454497525764424,0.8162111154742666,0.802528325406392,5.0,5.0,8.0,4.000966431119629,1.2754939812254877,0.29522123106239534,0.3242454268571554,0.0,0.0,0.0,0.0,0.0,0.0,0.0,1.0,0.0,0.0,0.0,0.0,0.0,0.0,0.0,0.0,0.0,0.0,0.0,0.0,0.0,0.0,0.0,0.0,0.0,0.0,0.0,0.0,0.0,0.0,0.0,0.0,0.0,0.0,0.0,0.0,0.0,0.0,0.0,0.0,0.0,0.0,0.0,0.0,0.0,0.0,0.0,0.0,0.0,0.0,0.0
71.35366482753385,22.936267533794613,50.85560892926888,1376.0,208.0,4.885737654475985,78.20941527245779,0.8417722989296759,1.0905523935108308,0.9403989619895864,3.193295854760475,6.0,1.0,6.0,4.239026933960858,1.2813532662614566,0.3517723201129676,0.27483415260617916,0.0,0.0,0.0,0.0,0.0,0.0,0.0,0.0,0.0,0.0,0.0,0.0,0.0,0.0,0.0,0.0,0.0,0.0,0.0,0.0,0.0,0.0,0.0,0.0,0.0,0.0,0.0,0.0,0.0,0.0,0.0,0.0,0.0,0.0,0.0,0.0,0.0,0.0,0.0,0.0,1.0,0.0,0.0,0.0,0.0,0.0,0.0,0.0,0.0,0.0,0.0
74.20903739148383,28.67805678630647,100.0314445581097,371.0,562.0,4.220903197886733,72.97101239994228,0.9427761697007172,1.071786724074633,0.8893609456531599,8.277249355010017,3.0,3.0,12.0,4.317469729981285,0.9591835124026638,0.26514412203819004,0.5368363535072879,0.0,0.0,0.0,0.0,0.0,0.0,0.0,0.0,0.0,0.0,0.0,0.0,0.0,0.0,0.0,0.0,0.0,0.0,0.0,0.0,0.0,0.0,0.0,0.0,0.0,0.0,0.0,0.0,0.0,0.0,0.0,0.0,0.0,0.0,0.0,0.0,0.0,0.0,0.0,0.0,1.0,0.0,0.0,0.0,0.0,0.0,0.0,0.0,0.0,0.0,0.0
74.89134567523914,20.847916987953653,62.40088840207076,1140.0,468.0,6.146999235477247,71.44848519860881,0.9633453112830606,1.4522832578695513,0.6995425585789625,7.157848167019491,6.0,0.0,16.0,4.542585369234113,1.333532489569804,0.38442892108913623,0.7346239018230308,0.0,0.0,0.0,0.0,0.0,0.0,0.0,0.0,0.0,0.0,0.0,0.0,0.0,0.0,0.0,0.0,0.0,0.0,0.0,0.0,0.0,0.0,0.0,0.0,0.0,0.0,0.0,1.0,0.0,0.0,0.0,0.0,0.0,0.0,0.0,0.0,0.0,0.0,0.0,0.0,0.0,0.0,0.0,0.0,0.0,0.0,0.0,0.0,0.0,0.0,0.0
65.61378733991094,22.8840184876511,194.5306149555695,1087.0,237.0,4.582688146333754,82.02180096954697,0.8311450957876563,1.1630735351123078,0.4683893141311626,5.705151392451385,5.0,3.0,21.0,4.7637016340761855,1.373588534207541,0.39949141174149905,0.594347553579383,0.0,0.0,0.0,0.0,0.0,0.0,0.0,0.0,0.0,0.0,0.0,0.0,0.0,0.0,0.0,0.0,0.0,0.0,0.0,0.0,0.0,0.0,0.0,0.0,0.0,0.0,0.0,0.0,0.0,0.0,0.0,0.0,0.0,0.0,0.0,0.0,0.0,0.0,0.0,0.0,0.0,0.0,0.0,0.0,0.0,0.0,0.0,0.0,0.0,1.0,0.0
71.56919491577601,52.175258419697215,148.58343715508036,563.0,319.0,5.848999465941338,85.53332557027957,0.9500159395792612,1.1348798853533384,0.9811264735997912,5.967777927434439,4.0,4.0,11.0,3.9502069237811748,1.4444642531134626,0.316840863138982,0.42223835362259543,1.0,0.0,0.0,0.0,0.0,0.0,0.0,0.0,0.0,0.0,0.0,0.0,0.0,0.0,0.0,0.0,0.0,0.0,0.0,0.0,0.0,0.0,0.0,0.0,0.0,0.0,0.0,0.0,0.0,0.0,0.0,0.0,0.0,0.0,0.0,0.0,0.0,0.0,0.0,0.0,0.0,0.0,0.0,0.0,0.0,0.0,0.0,0.0,0.0,0.0,0.0
70.6239442474215,45.72352687859117,156.51107796438367,1367.0,219.0,3.190324255552992,85.05064395892227,0.7802850714832987,1.1106399602976922,0.6249048773345449,7.114589895357678,4.0,4.0,15.0,4.762343866590664,1.1415927557783467,0.3762516858502083,0.5863807401299118,0.0,0.0,0.0,1.0,0.0,0.0,0.0,0.0,0.0,0.0,0.0,0.0,0.0,0.0,0.0,0.0,0.0,0.0,0.0,0.0,0.0,0.0,0.0,0.0,0.0,0.0,0.0,0.0,0.0,0.0,0.0,0.0,0.0,0.0,0.0,0.0,0.0,0.0,0.0,0.0,0.0,0.0,0.0,0.0,0.0,0.0,0.0,0.0,0.0,0.0,0.0
62.47421959174125,48.18260533498791,143.60152380957294,372.0,515.0,3.5950303751977573,76.59138630439061,0.8279023471622897,1.0544705274179378,0.8642033601523104,3.9987599514675214,7.0,1.0,17.0,4.762614863081466,1.3299272905926063,0.4064136595190185,0.3225062065652873,0.0,1.0,0.0,0.0,0.0,0.0,0.0,0.0,0.0,0.0,0.0,0.0,0.0,0.0,0.0,0.0,0.0,0.0,0.0,0.0,0.0,0.0,0.0,0.0,0.0,0.0,0.0,0.0,0.0,0.0,0.0,0.0,0.0,0.0,0.0,0.0,0.0,0.0,0.0,0.0,0.0,0.0,0.0,0.0,0.0,0.0,0.0,0.0,0.0,0.0,0.0
65.51054633570352,58.53382473065763,97.47395098311236,874.0,542.0,2.238731698697541,82.6876338717072,0.9879471808715864,1.1796065241612934,0.9511142667771402,1.0010285414633968,5.0,5.0,14.0,4.092114776297691,1.319514056621617,0.31910867639784873,0.2061458483634325,0.0,0.0,0.0,1.0,0.0,0.0,0.0,0.0,0.0,0.0,0.0,0.0,0.0,0.0,0.0,0.0,0.0,0.0,0.0,0.0,0.0,0.0,0.0,0.0,0.0,0.0,0.0,0.0,0.0,0.0,0.0,0.0,0.0,0.0,0.0,0.0,0.0,0.0,0.0,0.0,0.0,0.0,0.0,0.0,0.0,0.0,0.0,0.0,0.0,0.0,0.0
77.37844219177505,35.17416834986045,195.29942120062955,643.0,363.0,6.401722216084737,72.79589205022933,0.8192729160940991,1.2602850410429003,0.5645589517862313,3.8932622355875934,6.0,6.0,10.0,4.37845715422581,1.3773553803153247,0.38610007633770765,0.5202505809044999,0.0,0.0,0.0,0.0,0.0,0.0,1.0,0.0,0.0,0.0,0.0,0.0,0.0,0.0,0.0,0.0,0.0,0.0,0.0,0.0,0.0,0.0,0.0,0.0,0.0,0.0,0.0,0.0,0.0,0.0,0.0,0.0,0.0,0.0,0.0,0.0,0.0,0.0,0.0,0.0,0.0,0.0,0.0,0.0,0.0,0.0,0.0,0.0,0.0,0.0,0.0
73.88565946373991,34.86440409622588,143.77761395680218,349.0,491.0,3.373011896863656,86.70315900962515,0.918390591790231,1.4390793777376962,0.9911519966891644,3.979616508169304,5.0,4.0,21.0,4.64372866648464,1.5522456542124763,0.38806353792881093,0.4716713579041949,0.0,0.0,1.0,0.0,0.0,0.0,0.0,0.0,0.0,0.0,0.0,0.0,0.0,0.0,0.0,0.0,0.0,0.0,0.0,0.0,0.0,0.0,0.0,0.0,0.0,0.0,0.0,0.0,0.0,0.0,0.0,0.0,0.0,0.0,0.0,0.0,0.0,0.0,0.0,0.0,0.0,0.0,0.0,0.0,0.0,0.0,0.0,0.0,0.0,0.0,0.0
68.41226191487809,55.17652220223232,125.59517575520738,1142.0,417.0,4.32352676707149,88.80881482700052,0.8229862965356092,1.417182640357861,0.7690806853352425,2.292577027799356,6.0,3.0,6.0,4.905980600651315,1.5556452818476056,0.41644721836957993,0.4504280827842405,0.0,0.0,0.0,0.0,0.0,0.0,0.0,0.0,0.0,0.0,0.0,0.0,0.0,0.0,0.0,0.0,0.0,0.0,0.0,0.0,0.0,0.0,0.0,0.0,0.0,0.0,0.0,0.0,0.0,0.0,0.0,0.0,0.0,0.0,0.0,0.0,0.0,0.0,0.0,0.0,0.0,0.0,0.0,1.0,0.0,0.0,0.0,0.0,0.0,0.0,0.0
73.41780462785464,54.45303500521993,112.97750669677086,683.0,202.0,4.997024035699729,89.61260915160545,0.976404706405505,1.0223721643935568,0.8529895287987038,6.163694681613868,4.0,1.0,21.0,4.4229556556176055,1.4760780913083702,0.3500360410581322,0.41849951702980204,0.0,0.0,0.0,0.0,0.0,0.0,0.0,0.0,0.0,0.0,0.0,0.0,0.0,0.0,0.0,0.0,0.0,0.0,0.0,1.0,0.0,0.0,0.0,0.0,0.0,0.0,0.0,0.0,0.0,0.0,0.0,0.0,0.0,0.0,0.0,0.0,0.0,0.0,0.0,0.0,0.0,0.0,0.0,0.0,0.0,0.0,0.0,0.0,0.0,0.0,0.0
67.74961590096214,27.362255677461054,129.12309846357164,791.0,385.0,6.131203134511726,84.57092753413244,0.8453131118767894,1.094855557282509,0.4269276416813582,7.137894783316442,5.0,5.0,23.0,4.41392124988463,1.5329710733770343,0.3778775270597108,0.6457262553511895,0.0,0.0,1.0,0.0,0.0,0.0,0.0,0.0,0.0,0.0,0.0,0.0,0.0,0.0,0.0,0.0,0.0,0.0,0.0,0.0,0.0,0.0,0.0,0.0,0.0,0.0,0.0,0.0,0.0,0.0,0.0,0.0,0.0,0.0,0.0,0.0,0.0,0.0,0.0,0.0,0.0,0.0,0.0,0.0,0.0,0.0,0.0,0.0,0.0,0.0,0.0
68.57197314603054,23.362237153600283,167.466465381286,426.0,381.0,6.607002367468194,90.90712025566334,0.8240861811913576,1.1525656887129534,0.8605338094628615,6.936996839999768,5.0,0.0,23.0,5.211344653369946,1.6101460444969318,0.4438108127216775,0.5198323935684452,0.0,0.0,0.0,0.0,0.0,0.0,0.0,0.0,0.0,0.0,0.0,0.0,0.0,0.0,0.0,0.0,0.0,0.0,0.0,0.0,0.0,0.0,0.0,0.0,0.0,0.0,0.0,0.0,0.0,0.0,0.0,0.0,0.0,0.0,0.0,1.0,0.0,0.0,0.0,0.0,0.0,0.0,0.0,0.0,0.0,0.0,0.0,0.0,0.0,0.0,0.0
70.28320676926151,30.470493749430386,68.29102109440242,1433.0,137.0,4.351298133199764,81.39358957773702,0.8143389413800407,1.001278689553973,0.4271491091360923,4.403296653606432,6.0,4.0,11.0,4.754268537571107,1.3668061221903014,0.4009632946280162,0.46200074078803677,0.0,1.0,0.0,0.0,0.0,0.0,0.0,0.0,0.0,0.0,0.0,0.0,0.0,0.0,0.0,0.0,0.0,0.0,0.0,0.0,0.0,0.0,0.0,0.0,0.0,0.0,0.0,0.0,0.0,0.0,0.0,0.0,0.0,0.0,0.0,0.0,0.0,0.0,0.0,0.0,0.0,0.0,0.0,0.0,0.0,0.0,0.0,0.0,0.0,0.0,0.0
69.80481533299498,29.699586023406614,154.27069123137014,1402.0,449.0,2.216791433709662,91.72679915028256,0.7526579896438613,1.401516326825072,0.7678410842071217,8.578596708349943,5.0,5.0,5.0,4.368305086361137,1.30159024760522,0.3467859914185251,0.7575016064523811,0.0,0.0,0.0,0.0,0.0,0.0,0.0,0.0,0.0,0.0,0.0,0.0,0.0,0.0,0.0,0.0,0.0,0.0,0.0,0.0,0.0,0.0,0.0,0.0,0.0,0.0,0.0,0.0,0.0,0.0,0.0,0.0,0.0,0.0,0.0,0.0,0.0,0.0,0.0,0.0,0.0,0.0,0.0,0.0,1.0,0.0,0.0,0.0,0.0,0.0,0.0
67.77560453548163,23.3380160847092,195.54292813461748,1211.0,418.0,6.164966110822906,73.90671135334527,0.7607167946679488,1.494288236871288,0.730338038105907,8.034015554956401,5.0,6.0,17.0,4.587649084785734,1.195407420178651,0.39049326857453864,0.7892046986871853,0.0,0.0,0.0,0.0,0.0,0.0,0.0,0.0,0.0,0.0,0.0,0.0,0.0,0.0,0.0,0.0,0.0,0.0,0.0,0.0,0.0,0.0,0.0,0.0,0.0,0.0,0.0,1.0,0.0,0.0,0.0,0.0,0.0,0.0,0.0,0.0,0.0,0.0,0.0,0.0,0.0,0.0,0.0,0.0,0.0,0.0,0.0,0.0,0.0,0.0,0.0
71.39809504273121,25.076196953530783,127.79402425450785,1162.0,535.0,4.224410901057979,72.16172386057927,0.900990901349754,1.3017211979619172,0.6612634587745634,1.4705290869960386,5.0,6.0,2.0,4.139403961486214,1.3631412580149944,0.3571201994133546,0.3874981616904707,0.0,0.0,0.0,0.0,0.0,0.0,1.0,0.0,0.0,0.0,0.0,0.0,0.0,0.0,0.0,0.0,0.0,0.0,0.0,0.0,0.0,0.0,0.0,0.0,0.0,0.0,0.0,0.0,0.0,0.0,0.0,0.0,0.0,0.0,0.0,0.0,0.0,0.0,0.0,0.0,0.0,0.0,0.0,0.0,0.0,0.0,0.0,0.0,0.0,0.0,0.0
77.49999559138938,22.23219772266244,108.45410217460694,1267.0,588.0,2.091817085419359,79.58109655058603,0.9692036208579674,1.0044823066232915,0.5649675111551301,3.996946064470461,6.0,5.0,13.0,4.58252015137917,1.2820714087750507,0.3661257343909504,0.3972735674062895,0.0,0.0,0.0,0.0,0.0,0.0,0.0,0.0,0.0,0.0,0.0,0.0,0.0,0.0,0.0,0.0,0.0,0.0,0.0,0.0,0.0,1.0,0.0,0.0,0.0,0.0,0.0,0.0,0.0,0.0,0.0,0.0,0.0,0.0,0.0,0.0,0.0,0.0,0.0,0.0,0.0,0.0,0.0,0.0,0.0,0.0,0.0,0.0,0.0,0.0,0.0
66.83677471932899,37.8849694273782,86.8651028409055,1263.0,351.0,4.966198236892238,90.26554987802068,0.7942579457923413,1.3909845917298016,0.9072125566003,9.571966197589434,4.0,2.0,22.0,4.048103259794226,1.3900430943061797,0.3262411206285482,0.7554120511891025,0.0,0.0,0.0,0.0,0.0,0.0,1.0,0.0,0.0,0.0,0.0,0.0,0.0,0.0,0.0,0.0,0.0,0.0,0.0,0.0,0.0,0.0,0.0,0.0,0.0,0.0,0.0,0.0,0.0,0.0,0.0,0.0,0.0,0.0,0.0,0.0,0.0,0.0,0.0,0.0,0.0,0.0,0.0,0.0,0.0,0.0,0.0,0.0,0.0,0.0,0.0
68.30312763568843,30.21717374131641,55.304891616615095,1491.0,425.0,2.978628173936177,91.889994196037,0.92869289017046,1.2269366473581522,0.9447244748853874,9.147909417065868,5.0,3.0,9.0,4.721266765397046,1.3552511409263228,0.364571511496209,0.6395699875158617,0.0,0.0,0.0,0.0,0.0,0.0,0.0,0.0,0.0,0.0,0.0,0.0,0.0,0.0,0.0,0.0,0.0,0.0,0.0,0.0,0.0,0.0,0.0,0.0,0.0,0.0,0.0,0.0,0.0,0.0,0.0,0.0,0.0,0.0,0.0,0.0,0.0,0.0,0.0,0.0,0.0,0.0,0.0,0.0,0.0,0.0,0.0,1.0,0.0,0.0,0.0
65.63108579762935,53.62353835807748,121.43839041781652,524.0,582.0,5.216679080618405,78.4018296978557,0.8439299604473487,1.0627881690313186,0.5996642461519248,2.148057757714507,4.0,2.0,1.0,3.9039890102568844,1.5674242268116352,0.34944654326900326,0.32237138550587247,0.0,0.0,0.0,0.0,0.0,1.0,0.0,0.0,0.0,0.0,0.0,0.0,0.0,0.0,0.0,0.0,0.0,0.0,0.0,0.0,0.0,0.0,0.0,0.0,0.0,0.0,0.0,0.0,0.0,0.0,0.0,0.0,0.0,0.0,0.0,0.0,0.0,0.0,0.0,0.0,0.0,0.0,0.0,0.0,0.0,0.0,0.0,0.0,0.0,0.0,0.0
78.39388754101186,22.83294896785454,164.6466391508591,1225.0,220.0,2.291419986431153,93.78786448845666,0.984284714462028,1.2155426613056757,0.7949910829491003,1.3197325739337007,4.0,6.0,10.0,4.50719867725644,1.7657717341897172,0.37585827045576004,0.2921868334971848,0.0,0.0,0.0,0.0,0.0,0.0,0.0,0.0,0.0,0.0,0.0,0.0,0.0,0.0,0.0,0.0,0.0,0.0,0.0,0.0,0.0,0.0,0.0,0.0,0.0,0.0,0.0,0.0,0.0,0.0,0.0,0.0,0.0,0.0,1.0,0.0,0.0,0.0,0.0,0.0,0.0,0.0,0.0,0.0,0.0,0.0,0.0,0.0,0.0,0.0,0.0
70.60899490736224,34.62456027530434,113.67224722005014,1326.0,276.0,5.660481222311098,80.26834626870946,0.8400411027399788,0.9987552371172516,0.7468761956040029,2.79748113212704,4.0,6.0,10.0,4.309107590969953,0.9591835124026638,0.31200188061251977,0.27367954204385125,0.0,0.0,0.0,0.0,0.0,0.0,0.0,0.0,0.0,0.0,0.0,0.0,0.0,0.0,0.0,0.0,0.0,0.0,0.0,0.0,0.0,0.0,0.0,0.0,0.0,0.0,0.0,0.0,0.0,0.0,0.0,0.0,0.0,0.0,0.0,0.0,0.0,0.0,0.0,0.0,0.0,0.0,0.0,0.0,0.0,0.0,0.0,0.0,0.0,0.0,1.0
76.71977561931746,53.62709434586655,124.60390186610807,1262.0,200.0,5.291624188856067,78.08998846298573,0.7290984950004425,0.9356394909519028,0.7566040390949206,3.876876328297354,4.0,1.0,19.0,4.342891132151933,1.350429624396728,0.37887593508643386,0.29284754841823246,0.0,0.0,0.0,0.0,0.0,0.0,0.0,0.0,0.0,0.0,0.0,0.0,0.0,0.0,0.0,0.0,0.0,0.0,0.0,1.0,0.0,0.0,0.0,0.0,0.0,0.0,0.0,0.0,0.0,0.0,0.0,0.0,0.0,0.0,0.0,0.0,0.0,0.0,0.0,0.0,0.0,0.0,0.0,0.0,0.0,0.0,0.0,0.0,0.0,0.0,0.0
71.55072372035374,24.32151244949245,91.19509549973054,411.0,344.0,2.03131767390617,71.63897094950036,0.8382672979337292,1.2496709853418322,0.5710589052972803,9.12115489522427,4.0,6.0,16.0,4.911338794777068,1.7335906149538058,0.46671297664815314,0.7743295100316395,0.0,0.0,0.0,0.0,0.0,0.0,0.0,0.0,0.0,0.0,0.0,0.0,0.0,0.0,0.0,0.0,0.0,0.0,0.0,0.0,0.0,0.0,0.0,0.0,0.0,0.0,0.0,0.0,0.0,0.0,0.0,0.0,0.0,0.0,0.0,0.0,0.0,0.0,0.0,0.0,0.0,0.0,1.0,0.0,0.0,0.0,0.0,0.0,0.0,0.0,0.0
63.557572166727326,24.35157372472881,183.73095634855324,1117.0,443.0,5.940770442683988,94.68350627646858,0.7241102169749213,1.049387228429132,0.453599483991752,6.733119108501796,4.0,4.0,18.0,4.873644216321748,1.5434625745949282,0.4106196014301741,0.5938155606691666,0.0,0.0,0.0,0.0,0.0,0.0,0.0,0.0,0.0,0.0,0.0,0.0,0.0,0.0,0.0,0.0,1.0,0.0,0.0,0.0,0.0,0.0,0.0,0.0,0.0,0.0,0.0,0.0,0.0,0.0,0.0,0.0,0.0,0.0,0.0,0.0,0.0,0.0,0.0,0.0,0.0,0.0,0.0,0.0,0.0,0.0,0.0,0.0,0.0,0.0,0.0
71.76164317488313,30.244535746351275,127.43713993465008,503.0,161.0,2.802612448263533,94.67875650899497,0.9949677824772596,1.063207990013944,0.8017672313362081,6.216363929667813,4.0,6.0,4.0,4.147889935458658,1.3326501809279727,0.30051273498498987,0.4586694474908009,0.0,0.0,0.0,0.0,0.0,0.0,0.0,0.0,0.0,0.0,0.0,0.0,0.0,0.0,0.0,0.0,0.0,0.0,0.0,0.0,1.0,0.0,0.0,0.0,0.0,0.0,0.0,0.0,0.0,0.0,0.0,0.0,0.0,0.0,0.0,0.0,0.0,0.0,0.0,0.0,0.0,0.0,0.0,0.0,0.0,0.0,0.0,0.0,0.0,0.0,0.0
68.84011046014614,22.909771359562217,156.99167240430967,1050.0,345.0,2.241477460656005,91.35946563183728,0.9414421679809062,1.075537185291196,0.7629967421625974,6.343023277006157,6.0,0.0,1.0,4.186209283798407,1.586800764509019,0.3400907492027386,0.484117708167877,0.0,0.0,0.0,0.0,0.0,0.0,0.0,0.0,0.0,0.0,0.0,0.0,0.0,0.0,0.0,0.0,0.0,0.0,0.0,0.0,0.0,0.0,0.0,0.0,0.0,0.0,0.0,0.0,1.0,0.0,0.0,0.0,0.0,0.0,0.0,0.0,0.0,0.0,0.0,0.0,0.0,0.0,0.0,0.0,0.0,0.0,0.0,0.0,0.0,0.0,0.0
72.20876963761579,40.04843330492498,74.10817481702666,901.0,375.0,5.404388913310962,73.69365088889012,0.9857750880954146,1.0826478974914455,0.876574697791288,4.302822832235408,4.0,3.0,2.0,4.874091825840586,1.5353914502885249,0.4257010101987998,0.34769243503015335,0.0,0.0,0.0,0.0,0.0,0.0,0.0,0.0,0.0,0.0,0.0,0.0,0.0,0.0,0.0,0.0,0.0,1.0,0.0,0.0,0.0,0.0,0.0,0.0,0.0,0.0,0.0,0.0,0.0,0.0,0.0,0.0,0.0,0.0,0.0,0.0,0.0,0.0,0.0,0.0,0.0,0.0,0.0,0.0,0.0,0.0,0.0,0.0,0.0,0.0,0.0
79.20775315430038,36.49722070842118,150.19991620401046,1369.0,186.0,6.067266521627502,78.62614718270461,0.7308138996773176,1.0434438121696317,0.8976777342799669,1.6989059671216789,5.0,2.0,10.0,4.804529746742744,1.3971491372395548,0.42210401072460674,0.1907487574739469,0.0,0.0,0.0,0.0,0.0,0.0,0.0,0.0,0.0,0.0,0.0,0.0,0.0,0.0,0.0,0.0,0.0,0.0,0.0,0.0,0.0,0.0,0.0,0.0,0.0,0.0,0.0,0.0,0.0,0.0,0.0,0.0,0.0,0.0,0.0,0.0,0.0,0.0,0.0,0.0,0.0,0.0,0.0,0.0,0.0,0.0,0.0,0.0,0.0,1.0,0.0
70.63878063695623,36.667473994918645,188.3891647514487,1414.0,592.0,5.31129584875666,93.26193344262936,0.7013141815661708,1.2266276444503792,0.8968134562726422,4.3106314615966825,6.0,2.0,5.0,4.7576682981594445,1.3709759376221182,0.3892218711800859,0.4133891774984269,0.0,1.0,0.0,0.0,0.0,0.0,0.0,0.0,0.0,0.0,0.0,0.0,0.0,0.0,0.0,0.0,0.0,0.0,0.0,0.0,0.0,0.0,0.0,0.0,0.0,0.0,0.0,0.0,0.0,0.0,0.0,0.0,0.0,0.0,0.0,0.0,0.0,0.0,0.0,0.0,0.0,0.0,0.0,0.0,0.0,0.0,0.0,0.0,0.0,0.0,0.0
64.17715545563496,32.05717373716753,151.4003544901728,727.0,599.0,2.231133717040501,89.00622949925821,0.7062361038114418,1.3367367417195606,0.408381752520044,8.470928450064088,3.0,6.0,3.0,3.678582896934127,0.9591835124026638,0.26514412203819004,0.8396708757961922,0.0,0.0,0.0,0.0,0.0,0.0,0.0,0.0,1.0,0.0,0.0,0.0,0.0,0.0,0.0,0.0,0.0,0.0,0.0,0.0,0.0,0.0,0.0,0.0,0.0,0.0,0.0,0.0,0.0,0.0,0.0,0.0,0.0,0.0,0.0,0.0,0.0,0.0,0.0,0.0,0.0,0.0,0.0,0.0,0.0,0.0,0.0,0.0,0.0,0.0,0.0
66.97313273065267,30.917637329622345,150.83775233365117,660.0,301.0,2.220400095182475,81.06836588115311,0.8130244058789153,1.4739583284492808,0.6318367773934366,3.1730145453012937,4.0,5.0,20.0,4.510699542658804,0.9788574691427978,0.3435941720495633,0.568702289892811,0.0,0.0,0.0,0.0,0.0,0.0,0.0,0.0,0.0,0.0,0.0,0.0,0.0,0.0,0.0,0.0,0.0,0.0,0.0,0.0,0.0,1.0,0.0,0.0,0.0,0.0,0.0,0.0,0.0,0.0,0.0,0.0,0.0,0.0,0.0,0.0,0.0,0.0,0.0,0.0,0.0,0.0,0.0,0.0,0.0,0.0,0.0,0.0,0.0,0.0,0.0
64.50685731787541,42.92341095433234,99.31610175849436,750.0,588.0,4.129148568318463,91.7722347963918,0.9505437780813996,1.00147348273968,0.9560041814344328,0.4597263061989742,6.0,3.0,6.0,4.549312337351181,1.4754468222972346,0.3591942332027733,0.08827661858601214,0.0,0.0,0.0,0.0,0.0,0.0,0.0,0.0,0.0,0.0,0.0,0.0,0.0,0.0,0.0,0.0,0.0,0.0,0.0,0.0,0.0,0.0,0.0,0.0,0.0,0.0,0.0,0.0,0.0,0.0,0.0,0.0,0.0,0.0,0.0,0.0,0.0,0.0,0.0,0.0,0.0,1.0,0.0,0.0,0.0,0.0,0.0,0.0,0.0,0.0,0.0
70.13407685046651,59.7882529799401,145.64610024931702,902.0,269.0,4.636297928051008,71.14766617755856,0.7032835958490483,0.9106418334809974,0.7366435592464986,7.50942145815098,5.0,4.0,6.0,4.684891335638864,1.290014573949989,0.4192157352964183,0.4687412775682494,0.0,0.0,0.0,0.0,0.0,0.0,0.0,0.0,0.0,0.0,0.0,0.0,0.0,0.0,0.0,0.0,0.0,0.0,0.0,0.0,0.0,0.0,0.0,0.0,0.0,0.0,0.0,0.0,0.0,0.0,0.0,0.0,1.0,0.0,0.0,0.0,0.0,0.0,0.0,0.0,0.0,0.0,0.0,0.0,0.0,0.0,0.0,0.0,0.0,0.0,0.0
70.83689337455125,43.44818100564518,127.5207328527742,857.0,599.0,5.065653339330142,81.80974352757217,0.8987611892116895,1.3624279919090267,0.4257250420271875,2.190971128696112,5.0,4.0,5.0,4.147321245886699,1.3326937247940487,0.3358262881053448,0.5325431146159216,0.0,0.0,0.0,0.0,0.0,1.0,0.0,0.0,0.0,0.0,0.0,0.0,0.0,0.0,0.0,0.0,0.0,0.0,0.0,0.0,0.0,0.0,0.0,0.0,0.0,0.0,0.0,0.0,0.0,0.0,0.0,0.0,0.0,0.0,0.0,0.0,0.0,0.0,0.0,0.0,0.0,0.0,0.0,0.0,0.0,0.0,0.0,0.0,0.0,0.0,0.0
60.61014266211656,24.3710480789596,155.36894718085367,1285.0,517.0,3.563830039064768,70.64541979541694,0.7865817035830768,0.9073460862480924,0.9633266398315554,0.0062771389880644,4.0,4.0,16.0,4.3284741324705305,1.7693514067553482,0.4267647738916828,0.016035367076069198,0.0,0.0,0.0,0.0,0.0,0.0,0.0,0.0,0.0,0.0,0.0,0.0,0.0,0.0,0.0,0.0,0.0,0.0,0.0,0.0,0.0,0.0,0.0,0.0,0.0,0.0,0.0,0.0,0.0,0.0,0.0,0.0,0.0,0.0,0.0,0.0,0.0,0.0,0.0,0.0,0.0,0.0,1.0,0.0,0.0,0.0,0.0,0.0,0.0,0.0,0.0
72.79951853349317,27.31956828002318,122.20571055643012,1064.0,492.0,2.727303747579682,90.95717459360532,0.8334134227859376,1.1102480274957849,0.4219715581988944,8.923267946824927,5.0,5.0,13.0,4.6439667661103465,1.5309873960444647,0.38604417636764116,0.7444097091730827,0.0,0.0,0.0,0.0,0.0,0.0,0.0,0.0,0.0,0.0,0.0,0.0,0.0,0.0,0.0,0.0,0.0,0.0,0.0,0.0,0.0,0.0,1.0,0.0,0.0,0.0,0.0,0.0,0.0,0.0,0.0,0.0,0.0,0.0,0.0,0.0,0.0,0.0,0.0,0.0,0.0,0.0,0.0,0.0,0.0,0.0,0.0,0.0,0.0,0.0,0.0
73.82916283437206,20.914157149587087,97.2985640994971,1471.0,459.0,5.504429366019152,81.50786102142344,0.8751795146721288,1.0983005868682472,0.6930551662524174,5.672832204038775,5.0,6.0,7.0,4.142945917301704,1.3332913679673033,0.3384660622744207,0.4853244874963357,0.0,0.0,0.0,0.0,0.0,0.0,1.0,0.0,0.0,0.0,0.0,0.0,0.0,0.0,0.0,0.0,0.0,0.0,0.0,0.0,0.0,0.0,0.0,0.0,0.0,0.0,0.0,0.0,0.0,0.0,0.0,0.0,0.0,0.0,0.0,0.0,0.0,0.0,0.0,0.0,0.0,0.0,0.0,0.0,0.0,0.0,0.0,0.0,0.0,0.0,0.0
70.8390384768152,29.564753716815225,54.69735670028405,353.0,368.0,3.918092641605973,76.76371008028929,0.8114262576508425,1.0810065630544394,0.9320015273487016,3.34751998246832,5.0,2.0,2.0,4.530191196231994,1.3606527580353889,0.3905055190046336,0.28057545422358265,0.0,0.0,0.0,0.0,0.0,0.0,0.0,0.0,0.0,0.0,0.0,0.0,0.0,0.0,0.0,0.0,0.0,0.0,0.0,0.0,0.0,0.0,0.0,0.0,0.0,0.0,0.0,0.0,0.0,0.0,0.0,0.0,0.0,0.0,0.0,0.0,0.0,0.0,0.0,0.0,1.0,0.0,0.0,0.0,0.0,0.0,0.0,0.0,0.0,0.0,0.0
74.05588736138564,39.90692931913067,136.23588921302326,691.0,195.0,3.361210401092867,85.62985468771275,0.8186856665657245,1.0281925694299463,0.8040520422054223,5.24776032883509,6.0,6.0,4.0,4.6207465445894105,1.2667838663549016,0.37093356714180714,0.39192082196583755,0.0,0.0,0.0,0.0,0.0,0.0,0.0,0.0,0.0,0.0,0.0,0.0,0.0,0.0,0.0,0.0,0.0,0.0,0.0,0.0,0.0,1.0,0.0,0.0,0.0,0.0,0.0,0.0,0.0,0.0,0.0,0.0,0.0,0.0,0.0,0.0,0.0,0.0,0.0,0.0,0.0,0.0,0.0,0.0,0.0,0.0,0.0,0.0,0.0,0.0,0.0
71.594601033611,23.753340592853768,151.45725965351244,693.0,376.0,4.307433455089626,88.5030730093363,0.9629906377684624,1.2221182004299134,0.6093422458456883,2.8705672711575403,6.0,0.0,13.0,4.534374195762163,1.29881677050739,0.34632896387613943,0.4350335296240708,0.0,0.0,0.0,0.0,0.0,0.0,0.0,0.0,0.0,0.0,0.0,0.0,0.0,0.0,0.0,0.0,0.0,0.0,0.0,0.0,0.0,1.0,0.0,0.0,0.0,0.0,0.0,0.0,0.0,0.0,0.0,0.0,0.0,0.0,0.0,0.0,0.0,0.0,0.0,0.0,0.0,0.0,0.0,0.0,0.0,0.0,0.0,0.0,0.0,0.0,0.0
72.99857743904373,50.19916629863332,51.75376041710638,1382.0,197.0,4.049581150244691,73.5019028742641,0.878812936217031,0.9017831841297478,0.4911525106951704,2.189990354504534,5.0,4.0,8.0,4.235564514707298,1.3284561465284408,0.36168044750937106,0.28010540878967105,0.0,0.0,0.0,0.0,0.0,0.0,0.0,0.0,0.0,0.0,0.0,0.0,0.0,0.0,0.0,0.0,0.0,0.0,0.0,0.0,0.0,0.0,0.0,0.0,0.0,0.0,0.0,0.0,0.0,0.0,0.0,0.0,0.0,0.0,0.0,0.0,0.0,0.0,0.0,0.0,0.0,0.0,0.0,0.0,0.0,0.0,0.0,0.0,1.0,0.0,0.0
66.08964950031915,49.27248866655386,54.91861527676672,444.0,597.0,5.9934744305760645,86.68824411008939,0.8389695001120049,1.1036031278519498,0.8803323568756478,0.4950488317469281,4.0,4.0,17.0,3.8505897576317754,1.3801523178500439,0.3108612838916547,0.1664165504350844,0.0,0.0,0.0,0.0,0.0,0.0,0.0,0.0,0.0,0.0,0.0,0.0,0.0,0.0,0.0,0.0,0.0,0.0,0.0,0.0,0.0,0.0,0.0,0.0,0.0,0.0,0.0,0.0,1.0,0.0,0.0,0.0,0.0,0.0,0.0,0.0,0.0,0.0,0.0,0.0,0.0,0.0,0.0,0.0,0.0,0.0,0.0,0.0,0.0,0.0,0.0
70.39988200524932,30.917332156229964,189.9753828607873,1240.0,122.0,6.326687476547639,71.1628413866917,0.7311891450568617,0.9024209149627916,0.4806601420055076,9.041085815915936,4.0,1.0,20.0,4.7548754240952436,1.5912656267706753,0.45122318832944724,0.626699104991163,0.0,0.0,0.0,0.0,0.0,0.0,0.0,0.0,0.0,0.0,0.0,0.0,0.0,0.0,0.0,0.0,0.0,0.0,0.0,0.0,0.0,0.0,1.0,0.0,0.0,0.0,0.0,0.0,0.0,0.0,0.0,0.0,0.0,0.0,0.0,0.0,0.0,0.0,0.0,0.0,0.0,0.0,0.0,0.0,0.0,0.0,0.0,0.0,0.0,0.0,0.0
68.67661703374178,43.43494822362949,163.1916669513949,1033.0,344.0,5.397008012719192,82.95991497807502,0.7735262238283911,1.319899646919093,0.7776522511863373,4.579608094407295,5.0,3.0,16.0,4.484557292189689,1.683892517666951,0.4088100204631993,0.5133016299201852,0.0,0.0,0.0,0.0,0.0,0.0,0.0,0.0,0.0,0.0,0.0,0.0,0.0,0.0,0.0,0.0,0.0,0.0,0.0,0.0,0.0,0.0,0.0,0.0,0.0,0.0,0.0,0.0,0.0,0.0,0.0,0.0,0.0,0.0,0.0,0.0,1.0,0.0,0.0,0.0,0.0,0.0,0.0,0.0,0.0,0.0,0.0,0.0,0.0,0.0,0.0
68.8752881724233,25.97639915195122,193.2854355383096,1343.0,422.0,2.3791878037518708,84.70626613955461,0.9696745529578203,1.4337346794724275,0.7675652232528023,5.244621037685367,3.0,3.0,9.0,4.42816945166844,0.9591835124026638,0.26514412203819004,0.6069141162405585,0.0,0.0,0.0,0.0,0.0,0.0,0.0,0.0,0.0,0.0,0.0,0.0,0.0,0.0,0.0,0.0,0.0,0.0,0.0,0.0,1.0,0.0,0.0,0.0,0.0,0.0,0.0,0.0,0.0,0.0,0.0,0.0,0.0,0.0,0.0,0.0,0.0,0.0,0.0,0.0,0.0,0.0,0.0,0.0,0.0,0.0,0.0,0.0,0.0,0.0,0.0
65.43298182995304,35.37453251162268,193.9603668979477,670.0,214.0,6.631289053509191,86.07714616486871,0.7412921451122023,1.3957069253200471,0.4725478898987643,5.563339346081851,6.0,0.0,4.0,4.517547077763398,1.5051634230136635,0.3915936708480255,0.7022964022606095,0.0,0.0,0.0,0.0,0.0,0.0,0.0,0.0,0.0,0.0,0.0,0.0,0.0,0.0,0.0,0.0,0.0,1.0,0.0,0.0,0.0,0.0,0.0,0.0,0.0,0.0,0.0,0.0,0.0,0.0,0.0,0.0,0.0,0.0,0.0,0.0,0.0,0.0,0.0,0.0,0.0,0.0,0.0,0.0,0.0,0.0,0.0,0.0,0.0,0.0,0.0
74.89952614799068,33.31017846082118,54.89627262239766,612.0,532.0,2.260967087283378,74.69258129702632,0.7992375694505435,1.2953521230948637,0.7496652332141001,3.885718846960056,7.0,4.0,7.0,4.484578612907557,1.3269821349006812,0.38869851380714865,0.4756405200385831,0.0,0.0,0.0,0.0,0.0,0.0,0.0,0.0,0.0,0.0,0.0,0.0,0.0,0.0,0.0,0.0,0.0,0.0,0.0,0.0,0.0,0.0,0.0,0.0,0.0,0.0,0.0,0.0,0.0,0.0,0.0,0.0,0.0,0.0,0.0,0.0,0.0,0.0,0.0,0.0,0.0,0.0,0.0,0.0,0.0,0.0,0.0,0.0,0.0,0.0,1.0
76.16805964728468,46.018587502962426,99.18909307783484,1426.0,139.0,2.820981699728678,81.83617200605636,0.9052061865285144,0.9075922281052072,0.6391523635118672,9.664203868787077,6.0,1.0,5.0,4.465234743920582,1.306876841551748,0.36021829151166973,0.6075625212475778,0.0,0.0,0.0,0.0,0.0,0.0,0.0,0.0,0.0,0.0,0.0,0.0,0.0,0.0,0.0,0.0,0.0,0.0,0.0,0.0,0.0,0.0,0.0,0.0,0.0,0.0,0.0,0.0,0.0,0.0,0.0,0.0,0.0,0.0,0.0,0.0,0.0,0.0,0.0,0.0,0.0,0.0,0.0,0.0,0.0,1.0,0.0,0.0,0.0,0.0,0.0
65.34259860473381,56.63422210460421,107.9485091714299,454.0,426.0,5.962430010476775,88.57862906957178,0.9503757333355872,1.3163551912276892,0.542434460146434,5.312774187824711,6.0,6.0,22.0,4.680826692107838,1.2878733104501183,0.3590878614706177,0.6267187081588779,0.0,0.0,0.0,0.0,0.0,0.0,0.0,0.0,0.0,0.0,0.0,0.0,0.0,0.0,0.0,0.0,0.0,0.0,0.0,0.0,0.0,0.0,0.0,0.0,0.0,0.0,0.0,0.0,0.0,0.0,0.0,0.0,1.0,0.0,0.0,0.0,0.0,0.0,0.0,0.0,0.0,0.0,0.0,0.0,0.0,0.0,0.0,0.0,0.0,0.0,0.0
74.03413520117486,23.494900767641653,93.61584446617285,739.0,276.0,6.793990380155743,71.62201823822436,0.8806522431311046,0.977995598558928,0.5772059874906877,0.0018787343730231,6.0,1.0,5.0,4.233537546587488,1.376108730248734,0.3696303505259793,0.18005191424919095,0.0,0.0,0.0,1.0,0.0,0.0,0.0,0.0,0.0,0.0,0.0,0.0,0.0,0.0,0.0,0.0,0.0,0.0,0.0,0.0,0.0,0.0,0.0,0.0,0.0,0.0,0.0,0.0,0.0,0.0,0.0,0.0,0.0,0.0,0.0,0.0,0.0,0.0,0.0,0.0,0.0,0.0,0.0,0.0,0.0,0.0,0.0,0.0,0.0,0.0,0.0
73.5855015489503,54.89453248687039,96.23486265009976,1427.0,402.0,4.089028299520733,93.1202824067532,0.8071299482809369,1.3534973423938874,0.7408435072752633,9.054509074818087,6.0,5.0,22.0,4.472051980477567,1.6814551923300176,0.38381233963046546,0.7662901321810144,0.0,0.0,0.0,0.0,0.0,0.0,0.0,0.0,0.0,0.0,0.0,0.0,0.0,0.0,0.0,0.0,0.0,0.0,0.0,0.0,0.0,0.0,0.0,0.0,0.0,0.0,0.0,0.0,0.0,0.0,0.0,0.0,0.0,0.0,0.0,0.0,0.0,0.0,0.0,1.0,0.0,0.0,0.0,0.0,0.0,0.0,0.0,0.0,0.0,0.0,0.0
72.54959395492004,58.37674796940811,191.0777736108452,429.0,381.0,4.950015594534285,89.30735839789968,0.7099682167475717,1.2231444126859214,0.4921282447001973,5.800510469805598,6.0,5.0,3.0,4.74085497192203,1.377162217672398,0.395399018461937,0.6212603187812286,0.0,0.0,0.0,0.0,0.0,0.0,0.0,0.0,0.0,0.0,0.0,0.0,0.0,0.0,0.0,0.0,0.0,0.0,0.0,0.0,0.0,0.0,0.0,0.0,0.0,0.0,0.0,0.0,0.0,0.0,0.0,0.0,0.0,0.0,0.0,0.0,0.0,0.0,0.0,0.0,0.0,0.0,0.0,0.0,0.0,0.0,0.0,0.0,0.0,1.0,0.0
66.88157569524603,21.69854289167177,144.72799721680184,1353.0,383.0,6.853521666749127,80.82933246169696,0.9370149525498426,1.3048918178147355,0.9814720479766847,1.1536021857930567,5.0,0.0,14.0,4.504304506970266,1.5409926245764838,0.3847901338311632,0.2663514884674975,0.0,0.0,1.0,0.0,0.0,0.0,0.0,0.0,0.0,0.0,0.0,0.0,0.0,0.0,0.0,0.0,0.0,0.0,0.0,0.0,0.0,0.0,0.0,0.0,0.0,0.0,0.0,0.0,0.0,0.0,0.0,0.0,0.0,0.0,0.0,0.0,0.0,0.0,0.0,0.0,0.0,0.0,0.0,0.0,0.0,0.0,0.0,0.0,0.0,0.0,0.0
66.34832252125027,22.14748882167897,79.67948454702105,1453.0,470.0,5.681831491350373,82.0632608012041,0.8009166235199807,1.2405677056699025,0.9670544970342224,1.3029887721090916,5.0,2.0,21.0,4.413076062024266,1.4720550696972616,0.3814431513002489,0.24644382781581092,0.0,0.0,0.0,0.0,0.0,0.0,0.0,0.0,0.0,0.0,1.0,0.0,0.0,0.0,0.0,0.0,0.0,0.0,0.0,0.0,0.0,0.0,0.0,0.0,0.0,0.0,0.0,0.0,0.0,0.0,0.0,0.0,0.0,0.0,0.0,0.0,0.0,0.0,0.0,0.0,0.0,0.0,0.0,0.0,0.0,0.0,0.0,0.0,0.0,0.0,0.0
62.46641782107747,42.98642789401786,160.15730629392343,1409.0,314.0,6.047167914171319,73.25042352149846,0.8044491415270606,1.025659674603698,0.4876780334967935,6.5579072711149085,6.0,4.0,13.0,4.7408314438464725,1.2266387581658988,0.4036911628945799,0.5617993501824942,0.0,0.0,0.0,0.0,0.0,0.0,0.0,0.0,0.0,0.0,0.0,0.0,0.0,0.0,0.0,0.0,0.0,0.0,0.0,0.0,0.0,0.0,0.0,0.0,0.0,0.0,0.0,0.0,0.0,1.0,0.0,0.0,0.0,0.0,0.0,0.0,0.0,0.0,0.0,0.0,0.0,0.0,0.0,0.0,0.0,0.0,0.0,0.0,0.0,0.0,0.0
73.14993941900833,33.50023477913405,97.52882786563862,1146.0,164.0,5.751079357760286,93.5954627640542,0.9849996893257073,1.428856279363953,0.674732439117816,6.07015910635464,6.0,1.0,1.0,4.528609920690608,1.5180209210679159,0.3543727260390375,0.6767607532470458,0.0,0.0,0.0,0.0,0.0,0.0,0.0,0.0,0.0,1.0,0.0,0.0,0.0,0.0,0.0,0.0,0.0,0.0,0.0,0.0,0.0,0.0,0.0,0.0,0.0,0.0,0.0,0.0,0.0,0.0,0.0,0.0,0.0,0.0,0.0,0.0,0.0,0.0,0.0,0.0,0.0,0.0,0.0,0.0,0.0,0.0,0.0,0.0,0.0,0.0,0.0
65.11237077276061,54.381118981975085,53.81257720358171,909.0,463.0,5.698649848627363,92.60284691984184,0.8799780141227015,1.2491789791940853,0.4588559210055747,1.713186300162337,5.0,1.0,19.0,4.5741441489600785,1.3130441165454037,0.35123602169233714,0.44089985609113524,0.0,0.0,0.0,0.0,1.0,0.0,0.0,0.0,0.0,0.0,0.0,0.0,0.0,0.0,0.0,0.0,0.0,0.0,0.0,0.0,0.0,0.0,0.0,0.0,0.0,0.0,0.0,0.0,0.0,0.0,0.0,0.0,0.0,0.0,0.0,0.0,0.0,0.0,0.0,0.0,0.0,0.0,0.0,0.0,0.0,0.0,0.0,0.0,0.0,0.0,0.0
68.5129063114291,55.03578563412593,121.04835399099318,1053.0,116.0,2.745311249630902,77.91321064814525,0.835761403358943,0.9937499936142784,0.7131269450413357,9.972485264884334,7.0,3.0,11.0,4.248299343752371,1.3778441000429684,0.3629821770538771,0.6414172099231411,0.0,0.0,0.0,1.0,0.0,0.0,0.0,0.0,0.0,0.0,0.0,0.0,0.0,0.0,0.0,0.0,0.0,0.0,0.0,0.0,0.0,0.0,0.0,0.0,0.0,0.0,0.0,0.0,0.0,0.0,0.0,0.0,0.0,0.0,0.0,0.0,0.0,0.0,0.0,0.0,0.0,0.0,0.0,0.0,0.0,0.0,0.0,0.0,0.0,0.0,0.0
78.33945931064675,28.32124498876151,62.46079339941449,1482.0,474.0,4.045564108549481,74.11847298769857,0.7558325161046655,1.4744785722907934,0.7549706735385842,4.678845285437938,4.0,2.0,4.0,4.931461204180854,1.5617573181304931,0.4553353038042793,0.6032032176257883,0.0,0.0,0.0,0.0,0.0,0.0,0.0,0.0,0.0,0.0,0.0,0.0,0.0,0.0,0.0,0.0,0.0,0.0,0.0,0.0,0.0,0.0,1.0,0.0,0.0,0.0,0.0,0.0,0.0,0.0,0.0,0.0,0.0,0.0,0.0,0.0,0.0,0.0,0.0,0.0,0.0,0.0,0.0,0.0,0.0,0.0,0.0,0.0,0.0,0.0,0.0
63.20298477507173,44.6828735927958,85.33091190461266,1075.0,245.0,4.549202938852328,74.17946192620497,0.7746152216557453,0.9042809385987554,0.619359140173865,9.976335033691084,6.0,0.0,2.0,4.31773714767391,1.2978523146266165,0.3749452155375132,0.6281281639055779,0.0,0.0,0.0,0.0,0.0,0.0,0.0,0.0,0.0,0.0,0.0,0.0,0.0,0.0,0.0,0.0,0.0,0.0,0.0,1.0,0.0,0.0,0.0,0.0,0.0,0.0,0.0,0.0,0.0,0.0,0.0,0.0,0.0,0.0,0.0,0.0,0.0,0.0,0.0,0.0,0.0,0.0,0.0,0.0,0.0,0.0,0.0,0.0,0.0,0.0,0.0
71.3998820595285,42.68790709190203,122.5441962991246,862.0,559.0,2.009507423134856,77.7098976533926,0.7902336639857857,0.915276797266014,0.8579990296512809,3.087462760418791,6.0,3.0,9.0,4.426376766228817,1.3614126474631147,0.3818071214754729,0.20931739122602372,0.0,0.0,0.0,0.0,0.0,0.0,1.0,0.0,0.0,0.0,0.0,0.0,0.0,0.0,0.0,0.0,0.0,0.0,0.0,0.0,0.0,0.0,0.0,0.0,0.0,0.0,0.0,0.0,0.0,0.0,0.0,0.0,0.0,0.0,0.0,0.0,0.0,0.0,0.0,0.0,0.0,0.0,0.0,0.0,0.0,0.0,0.0,0.0,0.0,0.0,0.0
67.32764531159896,36.14177788253513,180.70679010937732,351.0,588.0,5.67872399378154,90.0778312077122,0.7921654334198078,1.4336260798972345,0.6899424073435486,8.055090068321688,4.0,1.0,11.0,4.364644214406414,1.6889949994310085,0.38280429825072754,0.7733809445859365,0.0,0.0,0.0,0.0,0.0,0.0,0.0,0.0,0.0,0.0,0.0,0.0,0.0,0.0,0.0,0.0,0.0,0.0,0.0,0.0,0.0,0.0,0.0,1.0,0.0,0.0,0.0,0.0,0.0,0.0,0.0,0.0,0.0,0.0,0.0,0.0,0.0,0.0,0.0,0.0,0.0,0.0,0.0,0.0,0.0,0.0,0.0,0.0,0.0,0.0,0.0
72.24414627606299,51.11037999010995,156.80714029169442,756.0,474.0,6.357322404499628,80.11289972249766,0.8570226342651833,1.3944667438899832,0.5284333005005066,7.551805981213672,5.0,2.0,8.0,4.421992215346284,1.470085209538009,0.3803179785876609,0.7825091357081486,0.0,0.0,0.0,0.0,0.0,0.0,0.0,0.0,0.0,0.0,0.0,0.0,0.0,0.0,0.0,0.0,0.0,0.0,0.0,0.0,1.0,0.0,0.0,0.0,0.0,0.0,0.0,0.0,0.0,0.0,0.0,0.0,0.0,0.0,0.0,0.0,0.0,0.0,0.0,0.0,0.0,0.0,0.0,0.0,0.0,0.0,0.0,0.0,0.0,0.0,0.0
74.40251480214768,29.72161522446133,160.544623534528,390.0,468.0,2.916273820387232,70.44943211607688,0.7427574438435676,1.479900465426117,0.5027292242714609,4.6149902734951285,5.0,4.0,3.0,4.8543571594579635,1.4811583313835592,0.4496027244976692,0.6869135820226326,0.0,0.0,0.0,0.0,0.0,0.0,0.0,0.0,0.0,0.0,0.0,0.0,0.0,0.0,0.0,0.0,0.0,0.0,0.0,0.0,0.0,0.0,1.0,0.0,0.0,0.0,0.0,0.0,0.0,0.0,0.0,0.0,0.0,0.0,0.0,0.0,0.0,0.0,0.0,0.0,0.0,0.0,0.0,0.0,0.0,0.0,0.0,0.0,0.0,0.0,0.0
69.39678335896707,54.643615796413,52.8790666588782,539.0,501.0,6.552924822808819,79.36184141638556,0.8083056168018818,1.3584309996272392,0.6989225899500555,7.18442661287714,5.0,3.0,13.0,4.048230477462357,1.5698521430367516,0.3638225032077158,0.6891879590958898,0.0,0.0,0.0,0.0,0.0,0.0,0.0,0.0,0.0,0.0,0.0,0.0,0.0,0.0,0.0,0.0,0.0,0.0,0.0,0.0,0.0,0.0,0.0,0.0,0.0,0.0,0.0,0.0,1.0,0.0,0.0,0.0,0.0,0.0,0.0,0.0,0.0,0.0,0.0,0.0,0.0,0.0,0.0,0.0,0.0,0.0,0.0,0.0,0.0,0.0,0.0
70.67610337578152,24.102073927248448,98.64941751253409,1162.0,280.0,4.232869370151569,74.11709603007466,0.8120641367602132,1.3430585657136809,0.8608441010805195,5.086852060186356,6.0,0.0,15.0,4.4707672528198446,1.322208592883692,0.38691399990775377,0.5225036453994679,0.0,0.0,0.0,0.0,0.0,0.0,0.0,0.0,0.0,0.0,0.0,0.0,0.0,0.0,0.0,0.0,0.0,0.0,0.0,0.0,0.0,0.0,0.0,0.0,0.0,0.0,0.0,0.0,0.0,0.0,0.0,0.0,0.0,0.0,0.0,0.0,0.0,0.0,0.0,0.0,0.0,0.0,0.0,0.0,0.0,1.0,0.0,0.0,0.0,0.0,0.0
64.9945560885997,27.172210170030027,97.24569648278845,449.0,419.0,3.779820649853217,75.28797694797464,0.7437722639598086,1.13844177202751,0.6978297629722658,2.2613347093426297,5.0,1.0,8.0,5.036875636552429,1.3367743298452326,0.44185803267918516,0.333138076707823,0.0,0.0,0.0,0.0,0.0,0.0,0.0,0.0,0.0,0.0,0.0,0.0,0.0,0.0,0.0,0.0,0.0,0.0,0.0,0.0,0.0,0.0,0.0,0.0,0.0,0.0,0.0,0.0,0.0,0.0,0.0,0.0,0.0,0.0,0.0,0.0,0.0,0.0,0.0,0.0,0.0,0.0,0.0,1.0,0.0,0.0,0.0,0.0,0.0,0.0,0.0
72.38027696715278,58.53115967074621,146.32755913412794,983.0,272.0,4.764667171458421,94.3786308632697,0.91129624710207,1.05791544574541,0.8948781861068147,7.386567818295391,4.0,4.0,22.0,4.448263756461338,1.2967210027128535,0.3320838000206923,0.48348995685673934,0.0,0.0,0.0,0.0,0.0,0.0,0.0,0.0,0.0,0.0,0.0,0.0,0.0,0.0,0.0,0.0,0.0,0.0,1.0,0.0,0.0,0.0,0.0,0.0,0.0,0.0,0.0,0.0,0.0,0.0,0.0,0.0,0.0,0.0,0.0,0.0,0.0,0.0,0.0,0.0,0.0,0.0,0.0,0.0,0.0,0.0,0.0,0.0,0.0,0.0,0.0
68.38961418548449,34.796030511727025,190.18002009362192,597.0,393.0,3.821695198168237,82.10912567471593,0.8645531217488941,1.1844389566559277,0.9417107503021798,0.7203499380100931,4.0,4.0,23.0,4.130934237299431,1.3370100720398508,0.33764014480829757,0.19766025628574196,0.0,0.0,0.0,0.0,0.0,0.0,0.0,0.0,0.0,0.0,0.0,0.0,0.0,0.0,0.0,0.0,0.0,0.0,0.0,0.0,0.0,0.0,0.0,0.0,0.0,0.0,0.0,0.0,0.0,0.0,1.0,0.0,0.0,0.0,0.0,0.0,0.0,0.0,0.0,0.0,0.0,0.0,0.0,0.0,0.0,0.0,0.0,0.0,0.0,0.0,0.0
67.016118526159,52.18379314780987,137.74893928955305,1164.0,467.0,2.545912356060901,91.60739703059028,0.7520397486304714,1.2975377780846855,0.430708574720401,3.9200725611642016,5.0,5.0,22.0,4.236640025009464,1.5830079465612528,0.3625439474777423,0.5849124867274459,0.0,0.0,0.0,0.0,0.0,0.0,0.0,0.0,0.0,0.0,0.0,0.0,0.0,0.0,0.0,0.0,0.0,0.0,0.0,0.0,0.0,0.0,0.0,0.0,0.0,1.0,0.0,0.0,0.0,0.0,0.0,0.0,0.0,0.0,0.0,0.0,0.0,0.0,0.0,0.0,0.0,0.0,0.0,0.0,0.0,0.0,0.0,0.0,0.0,0.0,0.0
58.58360775359124,52.084287060209874,78.0447406476144,1163.0,357.0,4.791852435965082,73.38788397162844,0.941138229964794,1.0768355424971312,0.9514675422338928,8.981225700979248,6.0,5.0,18.0,4.468878146000263,1.6208413107445916,0.4038139669863026,0.5538549122884426,0.0,0.0,0.0,0.0,0.0,0.0,0.0,0.0,0.0,0.0,0.0,0.0,0.0,0.0,0.0,0.0,0.0,0.0,0.0,0.0,0.0,0.0,0.0,0.0,0.0,0.0,0.0,0.0,0.0,0.0,0.0,0.0,0.0,0.0,1.0,0.0,0.0,0.0,0.0,0.0,0.0,0.0,0.0,0.0,0.0,0.0,0.0,0.0,0.0,0.0,0.0
66.86941979986327,30.24859436008168,151.81567357199708,1130.0,412.0,4.166805459151735,86.8350158627876,0.9925007463516616,1.337454065223951,0.8898862056402056,3.7075131713877134,4.0,5.0,19.0,4.07997918485425,1.4421926321220575,0.32101977195304704,0.4409943654180501,0.0,0.0,0.0,0.0,0.0,0.0,0.0,0.0,0.0,0.0,1.0,0.0,0.0,0.0,0.0,0.0,0.0,0.0,0.0,0.0,0.0,0.0,0.0,0.0,0.0,0.0,0.0,0.0,0.0,0.0,0.0,0.0,0.0,0.0,0.0,0.0,0.0,0.0,0.0,0.0,0.0,0.0,0.0,0.0,0.0,0.0,0.0,0.0,0.0,0.0,0.0
70.2355768830011,44.531915743872354,93.15188304267951,431.0,525.0,5.016322819223908,72.11195907868589,0.8718876679114391,1.0523934142023217,0.983359513480342,2.139710150752884,6.0,0.0,0.0,4.370029120043937,1.479855205446039,0.39126241035186105,0.18868390061992957,0.0,0.0,0.0,0.0,0.0,0.0,0.0,0.0,0.0,0.0,0.0,0.0,0.0,0.0,0.0,0.0,0.0,0.0,0.0,0.0,0.0,0.0,0.0,0.0,1.0,0.0,0.0,0.0,0.0,0.0,0.0,0.0,0.0,0.0,0.0,0.0,0.0,0.0,0.0,0.0,0.0,0.0,0.0,0.0,0.0,0.0,0.0,0.0,0.0,0.0,0.0
66.01089245857166,20.55588944908728,176.28705780906233,1354.0,143.0,6.9392977113426975,74.72607669123047,0.9948984128544064,1.1210025146893154,0.882341423733994,4.122917633771293,3.0,3.0,7.0,5.117784190132216,0.9591835124026638,0.29724996534190895,0.355962994649036,0.0,0.0,0.0,0.0,0.0,0.0,0.0,0.0,0.0,0.0,0.0,0.0,0.0,0.0,0.0,0.0,0.0,0.0,0.0,0.0,0.0,0.0,0.0,0.0,0.0,0.0,0.0,0.0,0.0,0.0,0.0,0.0,0.0,0.0,0.0,0.0,0.0,0.0,0.0,0.0,0.0,0.0,1.0,0.0,0.0,0.0,0.0,0.0,0.0,0.0,0.0
72.13412075200038,35.81776748106323,120.29243279050148,542.0,481.0,4.6246668667999735,75.7084292450641,0.9804660574086737,1.4590806051715417,0.9637679295995122,6.990174000298653,5.0,5.0,11.0,4.2060533777938245,1.7254951795175482,0.38245255283728036,0.6414454826758657,0.0,0.0,0.0,0.0,0.0,0.0,0.0,0.0,0.0,0.0,0.0,0.0,0.0,0.0,0.0,0.0,0.0,0.0,0.0,0.0,0.0,0.0,0.0,0.0,0.0,0.0,0.0,0.0,0.0,0.0,0.0,0.0,0.0,0.0,1.0,0.0,0.0,0.0,0.0,0.0,0.0,0.0,0.0,0.0,0.0,0.0,0.0,0.0,0.0,0.0,0.0
73.06152852417443,34.81551368264139,84.4088388684796,905.0,157.0,3.707585631934088,81.51780864227277,0.7979587757233578,1.3043873554486858,0.5158815655200049,8.377599596782314,6.0,6.0,16.0,4.424887610041569,1.4302281118746256,0.37986004368586235,0.7829301553921966,0.0,0.0,0.0,0.0,0.0,0.0,0.0,0.0,0.0,0.0,0.0,0.0,0.0,0.0,0.0,0.0,0.0,0.0,0.0,0.0,1.0,0.0,0.0,0.0,0.0,0.0,0.0,0.0,0.0,0.0,0.0,0.0,0.0,0.0,0.0,0.0,0.0,0.0,0.0,0.0,0.0,0.0,0.0,0.0,0.0,0.0,0.0,0.0,0.0,0.0,0.0
63.240011419399806,50.96227111230244,100.43409802568225,865.0,368.0,6.776690681507692,94.21450426352088,0.9350826107118988,1.0708623502917975,0.7842958788694474,6.370313492406857,6.0,0.0,18.0,4.89095376785747,1.5489759304067048,0.3924870255593176,0.47603426450281816,0.0,0.0,0.0,0.0,0.0,0.0,0.0,0.0,0.0,0.0,0.0,0.0,0.0,0.0,0.0,0.0,0.0,0.0,0.0,0.0,0.0,0.0,0.0,0.0,0.0,0.0,0.0,0.0,0.0,0.0,0.0,0.0,0.0,0.0,0.0,0.0,0.0,0.0,0.0,0.0,0.0,0.0,0.0,1.0,0.0,0.0,0.0,0.0,0.0,0.0,0.0
68.84590663214783,46.10155719003707,177.16788597132057,684.0,373.0,6.830330849777228,76.64351832830646,0.7489485786506269,1.2577449354316712,0.4866046089127905,2.936846468539064,4.0,1.0,13.0,5.163299187600346,1.4524872589817628,0.46063471022088226,0.4971471880849836,0.0,0.0,0.0,0.0,0.0,0.0,0.0,0.0,0.0,0.0,0.0,0.0,0.0,0.0,0.0,0.0,0.0,0.0,0.0,0.0,0.0,0.0,0.0,0.0,0.0,0.0,0.0,0.0,0.0,0.0,0.0,0.0,0.0,0.0,0.0,1.0,0.0,0.0,0.0,0.0,0.0,0.0,0.0,0.0,0.0,0.0,0.0,0.0,0.0,0.0,0.0
66.81040783157816,30.54857114531981,158.3376174067501,566.0,293.0,6.293561944042386,85.97300293116312,0.9527907167084037,0.933012346406264,0.7404501697045507,8.352601430263247,4.0,3.0,8.0,4.472121135497552,1.2553455254048678,0.3428629581329468,0.5208528616755798,0.0,0.0,0.0,0.0,0.0,0.0,0.0,0.0,0.0,0.0,0.0,0.0,0.0,0.0,0.0,0.0,0.0,0.0,0.0,0.0,0.0,0.0,0.0,0.0,0.0,0.0,0.0,0.0,0.0,0.0,0.0,0.0,1.0,0.0,0.0,0.0,0.0,0.0,0.0,0.0,0.0,0.0,0.0,0.0,0.0,0.0,0.0,0.0,0.0,0.0,0.0
68.36494795963111,52.51889647181309,73.28074329422694,885.0,547.0,5.090823108945381,70.06014503777752,0.8282566995468249,1.308350983449033,0.6169869045507056,2.499750280180512,5.0,4.0,17.0,4.390100283394203,1.2004314811839305,0.3747900888154531,0.45708843936273247,0.0,0.0,0.0,0.0,0.0,0.0,0.0,0.0,0.0,0.0,0.0,0.0,0.0,0.0,0.0,0.0,0.0,0.0,0.0,0.0,0.0,0.0,0.0,0.0,0.0,0.0,0.0,1.0,0.0,0.0,0.0,0.0,0.0,0.0,0.0,0.0,0.0,0.0,0.0,0.0,0.0,0.0,0.0,0.0,0.0,0.0,0.0,0.0,0.0,0.0,0.0
68.66010087932554,52.43498663008066,116.22336187347275,1019.0,474.0,6.001555608158055,93.23974907383872,0.8777116183091924,1.0081287331681992,0.6958790337837708,0.1933958809152591,5.0,4.0,20.0,4.572343100492402,1.4438843707656783,0.36252504766089805,0.16510543885953755,0.0,0.0,0.0,0.0,0.0,0.0,0.0,0.0,0.0,0.0,0.0,0.0,0.0,0.0,0.0,0.0,0.0,0.0,0.0,0.0,0.0,0.0,0.0,0.0,0.0,0.0,0.0,0.0,0.0,0.0,0.0,0.0,0.0,0.0,0.0,0.0,0.0,0.0,0.0,0.0,0.0,0.0,0.0,0.0,0.0,0.0,0.0,1.0,0.0,0.0,0.0
78.44335490298278,33.87054137194476,170.359099450625,807.0,487.0,2.20462111760827,77.13788415914946,0.705380415431886,1.478980035522102,0.8872572017826055,0.1397167546382127,5.0,0.0,4.0,4.412702782219985,1.4455822852107791,0.3982876188559634,0.3342018031893366,0.0,0.0,0.0,0.0,0.0,0.0,0.0,0.0,0.0,0.0,0.0,1.0,0.0,0.0,0.0,0.0,0.0,0.0,0.0,0.0,0.0,0.0,0.0,0.0,0.0,0.0,0.0,0.0,0.0,0.0,0.0,0.0,0.0,0.0,0.0,0.0,0.0,0.0,0.0,0.0,0.0,0.0,0.0,0.0,0.0,0.0,0.0,0.0,0.0,0.0,0.0
67.8328255849297,35.712810462005805,148.64106284738148,1068.0,255.0,3.854530241540572,94.11830974465292,0.7902994095219844,1.176316479490286,0.5034536544512112,0.3712096447824364,5.0,5.0,10.0,4.451945737256926,1.3124382519178315,0.346523894328434,0.32240548820966947,0.0,0.0,0.0,0.0,0.0,0.0,0.0,0.0,0.0,0.0,0.0,0.0,0.0,0.0,0.0,0.0,0.0,0.0,0.0,0.0,0.0,0.0,0.0,0.0,0.0,0.0,0.0,0.0,0.0,0.0,0.0,0.0,0.0,0.0,0.0,0.0,0.0,0.0,0.0,0.0,1.0,0.0,0.0,0.0,0.0,0.0,0.0,0.0,0.0,0.0,0.0
79.76558227671397,24.62337971122583,106.09870882497648,347.0,206.0,4.142534194879141,77.36578885832016,0.9169353342936816,0.9148723660759446,0.5223767826811986,7.317384807712989,3.0,4.0,6.0,5.236687793744402,0.9591835124026638,0.364018464029682,0.5327672776445894,0.0,0.0,0.0,0.0,0.0,0.0,0.0,0.0,0.0,0.0,0.0,0.0,0.0,0.0,0.0,0.0,0.0,0.0,0.0,0.0,0.0,1.0,0.0,0.0,0.0,0.0,0.0,0.0,0.0,0.0,0.0,0.0,0.0,0.0,0.0,0.0,0.0,0.0,0.0,0.0,0.0,0.0,0.0,0.0,0.0,0.0,0.0,0.0,0.0,0.0,0.0
61.29219010675418,26.38093068380773,61.04483736518678,654.0,593.0,4.839911862222304,72.42492923233176,0.96354464890611,1.1319388585643453,0.5684791067288844,4.120014205685331,4.0,1.0,13.0,4.5851493567313595,1.778662755953729,0.4286451128387612,0.46605024528805783,0.0,0.0,0.0,0.0,0.0,0.0,0.0,0.0,0.0,0.0,0.0,0.0,0.0,0.0,0.0,0.0,0.0,0.0,0.0,0.0,0.0,0.0,0.0,0.0,0.0,0.0,0.0,0.0,0.0,0.0,0.0,0.0,0.0,0.0,0.0,0.0,0.0,0.0,0.0,0.0,0.0,0.0,1.0,0.0,0.0,0.0,0.0,0.0,0.0,0.0,0.0
71.12179320726834,54.62831561781699,103.78305525107945,673.0,112.0,2.631918290268892,77.1840342655547,0.7485000621790018,1.069723834345872,0.4251269550676608,4.36804442283052,6.0,0.0,10.0,4.391475600510831,1.2480333847485003,0.373182083562895,0.495168441748428,0.0,0.0,0.0,0.0,0.0,0.0,0.0,0.0,0.0,0.0,0.0,0.0,0.0,0.0,0.0,0.0,0.0,0.0,0.0,1.0,0.0,0.0,0.0,0.0,0.0,0.0,0.0,0.0,0.0,0.0,0.0,0.0,0.0,0.0,0.0,0.0,0.0,0.0,0.0,0.0,0.0,0.0,0.0,0.0,0.0,0.0,0.0,0.0,0.0,0.0,0.0
69.92985890150084,31.298099548805208,86.07329240018,947.0,283.0,3.1618722521410305,71.6215498762242,0.7609625750500026,1.1270589284872845,0.7861748771268975,0.2495681183575671,4.0,6.0,6.0,4.62965704714463,1.6348220475740132,0.4406341205577371,0.19730151080597094,0.0,0.0,0.0,0.0,0.0,0.0,0.0,0.0,0.0,0.0,0.0,0.0,0.0,0.0,0.0,0.0,0.0,0.0,0.0,0.0,0.0,0.0,0.0,0.0,0.0,0.0,0.0,0.0,0.0,0.0,0.0,0.0,0.0,0.0,0.0,0.0,0.0,1.0,0.0,0.0,0.0,0.0,0.0,0.0,0.0,0.0,0.0,0.0,0.0,0.0,0.0
74.29632102215719,34.370123441617324,178.3923263771953,894.0,329.0,6.7476645473028265,81.51957311407745,0.8751260210877625,1.470395869816857,0.7521282231061277,8.471094640793613,6.0,2.0,17.0,4.698896426189671,1.3434467071800853,0.38760309507564494,0.7918415296302681,0.0,1.0,0.0,0.0,0.0,0.0,0.0,0.0,0.0,0.0,0.0,0.0,0.0,0.0,0.0,0.0,0.0,0.0,0.0,0.0,0.0,0.0,0.0,0.0,0.0,0.0,0.0,0.0,0.0,0.0,0.0,0.0,0.0,0.0,0.0,0.0,0.0,0.0,0.0,0.0,0.0,0.0,0.0,0.0,0.0,0.0,0.0,0.0,0.0,0.0,0.0
78.5475604001484,51.58002960461296,161.16549363236203,941.0,266.0,5.814127948217611,82.80197182876799,0.7164350239063756,0.9711109935166972,0.4138836346488929,3.249541454819237,5.0,4.0,18.0,4.118488516901804,1.3790567937316764,0.354002076316214,0.39360519060347954,0.0,0.0,0.0,0.0,0.0,0.0,0.0,0.0,0.0,0.0,0.0,0.0,0.0,0.0,0.0,0.0,0.0,0.0,0.0,0.0,0.0,0.0,0.0,0.0,0.0,0.0,0.0,0.0,0.0,0.0,0.0,0.0,0.0,0.0,0.0,0.0,0.0,0.0,0.0,0.0,0.0,0.0,0.0,0.0,0.0,0.0,0.0,0.0,1.0,0.0,0.0
75.55705224149422,20.16615853196626,193.30105343666088,1115.0,418.0,5.055020365302455,89.649859993381,0.954442213314334,1.3636496753202294,0.5718182568892166,8.363125817732914,3.0,5.0,5.0,4.380099274171286,0.9591835124026638,0.26514412203819004,0.7931963495408931,0.0,0.0,0.0,0.0,0.0,0.0,0.0,0.0,0.0,0.0,0.0,0.0,0.0,0.0,0.0,0.0,0.0,0.0,0.0,0.0,0.0,0.0,0.0,0.0,0.0,0.0,0.0,0.0,0.0,0.0,0.0,0.0,0.0,0.0,0.0,0.0,0.0,0.0,0.0,0.0,0.0,0.0,0.0,0.0,0.0,1.0,0.0,0.0,0.0,0.0,0.0
73.98491355773625,29.565426212660363,164.0341635717122,1377.0,296.0,6.1614949285534,76.36567852037574,0.7828353847944077,1.266824866463094,0.9940736130025112,0.5164529984485411,4.0,0.0,10.0,4.058204769645649,1.3303209775009213,0.35035652596001826,0.21121537760091358,0.0,0.0,0.0,0.0,0.0,0.0,0.0,0.0,0.0,0.0,0.0,0.0,0.0,0.0,0.0,0.0,0.0,0.0,0.0,0.0,1.0,0.0,0.0,0.0,0.0,0.0,0.0,0.0,0.0,0.0,0.0,0.0,0.0,0.0,0.0,0.0,0.0,0.0,0.0,0.0,0.0,0.0,0.0,0.0,0.0,0.0,0.0,0.0,0.0,0.0,0.0
70.33758764641796,52.77827736696514,108.30140472266324,821.0,190.0,3.30121827190014,77.23035138241788,0.8636309750230866,1.3961536096688487,0.5782760640936745,9.666908868117586,6.0,6.0,2.0,4.562780076464377,1.5565079412635683,0.4058760676858588,0.8725395546698669,0.0,0.0,0.0,0.0,0.0,0.0,0.0,0.0,0.0,1.0,0.0,0.0,0.0,0.0,0.0,0.0,0.0,0.0,0.0,0.0,0.0,0.0,0.0,0.0,0.0,0.0,0.0,0.0,0.0,0.0,0.0,0.0,0.0,0.0,0.0,0.0,0.0,0.0,0.0,0.0,0.0,0.0,0.0,0.0,0.0,0.0,0.0,0.0,0.0,0.0,0.0
73.92242096675801,34.2562267078611,50.80921843031865,375.0,274.0,2.2718142010521336,86.06238351301316,0.7333441969903144,1.0229817172378377,0.5777499315167153,1.754254700227671,4.0,0.0,21.0,4.6780691347146055,1.351631589719485,0.3916719792885751,0.29006018608207523,0.0,0.0,0.0,0.0,0.0,0.0,0.0,0.0,0.0,0.0,0.0,0.0,0.0,0.0,0.0,0.0,0.0,0.0,0.0,0.0,0.0,0.0,0.0,0.0,0.0,0.0,0.0,0.0,0.0,0.0,0.0,0.0,0.0,0.0,0.0,0.0,0.0,0.0,0.0,0.0,1.0,0.0,0.0,0.0,0.0,0.0,0.0,0.0,0.0,0.0,0.0
69.9717873264395,35.26953431913753,132.36005996858574,1295.0,356.0,4.426499021088269,88.05618392790089,0.9388274246566536,1.2437201598086176,0.6750318827286794,7.103045001317193,3.0,6.0,6.0,4.365429154663225,1.392281425742738,0.34391997572395616,0.635678111786677,0.0,0.0,0.0,0.0,0.0,0.0,0.0,0.0,0.0,0.0,0.0,0.0,0.0,0.0,0.0,0.0,1.0,0.0,0.0,0.0,0.0,0.0,0.0,0.0,0.0,0.0,0.0,0.0,0.0,0.0,0.0,0.0,0.0,0.0,0.0,0.0,0.0,0.0,0.0,0.0,0.0,0.0,0.0,0.0,0.0,0.0,0.0,0.0,0.0,0.0,0.0
72.85400008288686,26.07596134204003,148.70751431100896,468.0,560.0,6.022119334902088,71.13417374402987,0.7384714269282198,1.0601253580629224,0.9933213852834883,2.489590041919328,4.0,4.0,1.0,4.0714003266540395,1.8347624121504185,0.4145623939809072,0.20673380605688663,0.0,0.0,0.0,0.0,0.0,0.0,0.0,0.0,0.0,0.0,0.0,0.0,0.0,0.0,0.0,0.0,0.0,0.0,0.0,0.0,0.0,0.0,0.0,0.0,0.0,0.0,0.0,0.0,0.0,0.0,0.0,0.0,0.0,0.0,0.0,0.0,0.0,0.0,1.0,0.0,0.0,0.0,0.0,0.0,0.0,0.0,0.0,0.0,0.0,0.0,0.0
69.55956008796134,52.45930286726861,164.24974810307302,468.0,266.0,2.060572573582152,93.00623154517568,0.9986869233152988,1.346555533878954,0.7887492112577821,9.712708718722157,6.0,0.0,17.0,4.286536692270545,1.349108434069159,0.31707409405803305,0.7797570275029762,0.0,0.0,0.0,1.0,0.0,0.0,0.0,0.0,0.0,0.0,0.0,0.0,0.0,0.0,0.0,0.0,0.0,0.0,0.0,0.0,0.0,0.0,0.0,0.0,0.0,0.0,0.0,0.0,0.0,0.0,0.0,0.0,0.0,0.0,0.0,0.0,0.0,0.0,0.0,0.0,0.0,0.0,0.0,0.0,0.0,0.0,0.0,0.0,0.0,0.0,0.0
63.93698103220917,21.69015766527286,141.6251232820773,1025.0,182.0,6.937388494139158,93.83098208207062,0.862703818463385,0.9272921454991648,0.5463441032919728,1.7113458285390617,6.0,5.0,4.0,4.4554998619588915,1.472103609109017,0.3554105914138864,0.2505036065167363,0.0,0.0,0.0,0.0,0.0,0.0,0.0,0.0,0.0,0.0,0.0,0.0,0.0,0.0,0.0,0.0,0.0,1.0,0.0,0.0,0.0,0.0,0.0,0.0,0.0,0.0,0.0,0.0,0.0,0.0,0.0,0.0,0.0,0.0,0.0,0.0,0.0,0.0,0.0,0.0,0.0,0.0,0.0,0.0,0.0,0.0,0.0,0.0,0.0,0.0,0.0
67.51485712791941,59.71918852743492,194.9061811633079,347.0,520.0,2.4525591743929485,76.54613268189959,0.8017506146829373,1.3932880535027483,0.5620011123787072,4.876522221509627,6.0,1.0,15.0,4.2961896043557015,1.4626186563986003,0.3813622273268987,0.6368659756903059,0.0,0.0,1.0,0.0,0.0,0.0,0.0,0.0,0.0,0.0,0.0,0.0,0.0,0.0,0.0,0.0,0.0,0.0,0.0,0.0,0.0,0.0,0.0,0.0,0.0,0.0,0.0,0.0,0.0,0.0,0.0,0.0,0.0,0.0,0.0,0.0,0.0,0.0,0.0,0.0,0.0,0.0,0.0,0.0,0.0,0.0,0.0,0.0,0.0,0.0,0.0
71.18157822009009,22.759042677457167,190.68936915318537,1129.0,470.0,2.7079226460101062,94.3769285396222,0.9951271036116212,1.109566566671716,0.6557205074137848,4.431538183765321,6.0,1.0,20.0,4.150652434083964,1.3477484741376593,0.3027814371705706,0.4413202416224951,0.0,0.0,0.0,1.0,0.0,0.0,0.0,0.0,0.0,0.0,0.0,0.0,0.0,0.0,0.0,0.0,0.0,0.0,0.0,0.0,0.0,0.0,0.0,0.0,0.0,0.0,0.0,0.0,0.0,0.0,0.0,0.0,0.0,0.0,0.0,0.0,0.0,0.0,0.0,0.0,0.0,0.0,0.0,0.0,0.0,0.0,0.0,0.0,0.0,0.0,0.0
69.82929737039282,59.03352132174709,190.75773683110327,342.0,133.0,3.5692065400687087,91.72359626362372,0.7213639095337305,1.0264581700682756,0.8266968986357153,4.873835642281858,4.0,2.0,14.0,4.4612268809564135,1.4300866386342623,0.3702440552677627,0.36478639555344905,0.0,0.0,0.0,0.0,0.0,0.0,0.0,0.0,0.0,0.0,0.0,0.0,0.0,0.0,0.0,0.0,0.0,0.0,0.0,1.0,0.0,0.0,0.0,0.0,0.0,0.0,0.0,0.0,0.0,0.0,0.0,0.0,0.0,0.0,0.0,0.0,0.0,0.0,0.0,0.0,0.0,0.0,0.0,0.0,0.0,0.0,0.0,0.0,0.0,0.0,0.0
76.24282186031844,20.2794447833765,181.06629535628247,452.0,403.0,3.352617006986731,77.91308120163175,0.7262013791392629,1.175895995534462,0.7341765908694795,7.148396987713418,5.0,1.0,22.0,4.907990736331935,1.4793826651943986,0.4408100414984074,0.5842605229200571,0.0,0.0,0.0,0.0,0.0,0.0,0.0,0.0,0.0,0.0,0.0,0.0,0.0,0.0,0.0,0.0,0.0,0.0,0.0,0.0,0.0,0.0,1.0,0.0,0.0,0.0,0.0,0.0,0.0,0.0,0.0,0.0,0.0,0.0,0.0,0.0,0.0,0.0,0.0,0.0,0.0,0.0,0.0,0.0,0.0,0.0,0.0,0.0,0.0,0.0,0.0
68.5870575674611,23.259947559254783,57.61098664747265,960.0,502.0,4.544295295303752,93.58958728690068,0.9960076262006354,1.014670967183697,0.8607508757213563,7.727701827315146,5.0,4.0,2.0,4.732327482277877,1.3989046702607468,0.3595674362845568,0.4903046176985225,0.0,0.0,0.0,0.0,0.0,0.0,0.0,0.0,0.0,0.0,0.0,0.0,0.0,0.0,0.0,0.0,0.0,0.0,0.0,0.0,0.0,0.0,0.0,0.0,0.0,0.0,0.0,0.0,0.0,0.0,0.0,0.0,0.0,0.0,0.0,0.0,0.0,0.0,0.0,0.0,0.0,0.0,0.0,0.0,0.0,0.0,0.0,1.0,0.0,0.0,0.0
74.54159056037714,25.58640718551282,114.3931806586624,1335.0,372.0,5.9938730397262034,77.75874287720488,0.7723718854360956,1.185478489513417,0.5526780198460837,6.959361197230982,3.0,2.0,14.0,4.42816945166844,0.9591835124026638,0.26514412203819004,0.640178135731002,0.0,0.0,0.0,0.0,0.0,0.0,0.0,0.0,0.0,0.0,0.0,0.0,0.0,0.0,0.0,0.0,0.0,0.0,1.0,0.0,0.0,0.0,0.0,0.0,0.0,0.0,0.0,0.0,0.0,0.0,0.0,0.0,0.0,0.0,0.0,0.0,0.0,0.0,0.0,0.0,0.0,0.0,0.0,0.0,0.0,0.0,0.0,0.0,0.0,0.0,0.0
62.58952832725359,56.67728219840824,54.43572264611889,471.0,327.0,6.012792129713601,80.01355801123725,0.9850835922316676,1.1022182492248174,0.9833969467072912,0.0144607545297836,5.0,0.0,11.0,4.139476488922309,1.3676153954806076,0.333440727305368,0.10727852370176197,0.0,0.0,0.0,0.0,0.0,0.0,0.0,0.0,0.0,0.0,0.0,0.0,0.0,0.0,0.0,0.0,0.0,0.0,0.0,0.0,0.0,0.0,0.0,0.0,0.0,0.0,0.0,0.0,0.0,0.0,0.0,0.0,0.0,0.0,0.0,0.0,0.0,0.0,0.0,0.0,0.0,0.0,0.0,0.0,0.0,0.0,0.0,0.0,1.0,0.0,0.0
71.61936265492929,21.22082298499233,150.71125782578713,895.0,364.0,4.856929787725383,76.08816272105805,0.933785143139868,1.1321202173780365,0.4579673926958631,1.9317108600401776,4.0,5.0,3.0,4.036505026737261,1.4490460265328735,0.34527137837069305,0.3935422035138628,0.0,0.0,0.0,0.0,0.0,0.0,1.0,0.0,0.0,0.0,0.0,0.0,0.0,0.0,0.0,0.0,0.0,0.0,0.0,0.0,0.0,0.0,0.0,0.0,0.0,0.0,0.0,0.0,0.0,0.0,0.0,0.0,0.0,0.0,0.0,0.0,0.0,0.0,0.0,0.0,0.0,0.0,0.0,0.0,0.0,0.0,0.0,0.0,0.0,0.0,0.0
69.6377792476233,56.63766309750413,132.16056196135492,440.0,333.0,3.111000252285004,83.48327148924862,0.877734045204464,1.1700655912133164,0.591570167746768,8.944553030841956,4.0,4.0,6.0,3.9357791084817393,1.3201062905019982,0.31504528987657293,0.7188055438883072,0.0,0.0,0.0,0.0,0.0,0.0,0.0,0.0,1.0,0.0,0.0,0.0,0.0,0.0,0.0,0.0,0.0,0.0,0.0,0.0,0.0,0.0,0.0,0.0,0.0,0.0,0.0,0.0,0.0,0.0,0.0,0.0,0.0,0.0,0.0,0.0,0.0,0.0,0.0,0.0,0.0,0.0,0.0,0.0,0.0,0.0,0.0,0.0,0.0,0.0,0.0
75.12095921642671,21.3269453493507,137.98229950932586,362.0,123.0,4.1441054686223096,71.68898175104577,0.8790391638177973,1.2029597685535174,0.9178279910771932,4.566794226603212,6.0,0.0,10.0,4.775500475466032,1.34090627477437,0.41326985768437946,0.40734569278737454,0.0,1.0,0.0,0.0,0.0,0.0,0.0,0.0,0.0,0.0,0.0,0.0,0.0,0.0,0.0,0.0,0.0,0.0,0.0,0.0,0.0,0.0,0.0,0.0,0.0,0.0,0.0,0.0,0.0,0.0,0.0,0.0,0.0,0.0,0.0,0.0,0.0,0.0,0.0,0.0,0.0,0.0,0.0,0.0,0.0,0.0,0.0,0.0,0.0,0.0,0.0
72.17006690107384,49.1092625922042,124.8633829682174,1259.0,187.0,2.256276347058145,70.37968093622996,0.7600689493704719,1.4686681906086116,0.9571688012834956,4.742214366110361,4.0,6.0,5.0,4.613137806270604,1.3867759071539782,0.41809265172301513,0.5359772387983519,0.0,0.0,0.0,0.0,0.0,0.0,0.0,0.0,0.0,0.0,0.0,0.0,0.0,0.0,0.0,0.0,0.0,0.0,0.0,0.0,0.0,0.0,0.0,0.0,0.0,0.0,0.0,0.0,0.0,0.0,0.0,0.0,0.0,0.0,0.0,0.0,0.0,1.0,0.0,0.0,0.0,0.0,0.0,0.0,0.0,0.0,0.0,0.0,0.0,0.0,0.0
65.00790126472492,32.694195360840155,114.29934681842032,932.0,270.0,6.424043362571951,83.18633988129321,0.7647553053525696,1.4439487418211727,0.9231078863747878,1.4338417428890526,4.0,0.0,3.0,4.584389453364035,1.7252852928912663,0.421839020148447,0.36945015314679697,0.0,0.0,0.0,0.0,0.0,0.0,0.0,0.0,0.0,0.0,0.0,0.0,0.0,0.0,0.0,0.0,0.0,0.0,0.0,0.0,0.0,0.0,1.0,0.0,0.0,0.0,0.0,0.0,0.0,0.0,0.0,0.0,0.0,0.0,0.0,0.0,0.0,0.0,0.0,0.0,0.0,0.0,0.0,0.0,0.0,0.0,0.0,0.0,0.0,0.0,0.0
77.18979559289623,44.72199396086728,119.32676160126388,742.0,414.0,5.744139087515225,82.03309405403796,0.7943803210532433,1.0673820471858149,0.7375617845637195,5.545011567108889,6.0,1.0,2.0,4.699284095098438,1.2909002891101722,0.38966722620785765,0.44859967323205696,0.0,0.0,0.0,0.0,0.0,0.0,0.0,0.0,0.0,0.0,0.0,0.0,0.0,0.0,0.0,0.0,0.0,0.0,0.0,0.0,0.0,0.0,0.0,0.0,0.0,0.0,0.0,0.0,0.0,1.0,0.0,0.0,0.0,0.0,0.0,0.0,0.0,0.0,0.0,0.0,0.0,0.0,0.0,0.0,0.0,0.0,0.0,0.0,0.0,0.0,0.0
71.67364024239296,25.384569941091858,131.79992329978447,582.0,216.0,6.054772507380124,94.4262855825866,0.8052827711889231,1.3687620146736033,0.5304974464936169,0.3668710586796897,6.0,5.0,13.0,4.203128774039989,1.4583275610674822,0.33677320813881817,0.40948005595045034,0.0,0.0,0.0,0.0,0.0,0.0,0.0,0.0,0.0,0.0,0.0,0.0,0.0,0.0,0.0,0.0,0.0,0.0,0.0,0.0,0.0,0.0,0.0,0.0,1.0,0.0,0.0,0.0,0.0,0.0,0.0,0.0,0.0,0.0,0.0,0.0,0.0,0.0,0.0,0.0,0.0,0.0,0.0,0.0,0.0,0.0,0.0,0.0,0.0,0.0,0.0
68.48636607095635,59.617555138483965,129.62703640554085,590.0,254.0,3.622136160517325,84.19166201638252,0.9714686101261758,1.1583336985421615,0.6476591563379732,7.501150262479205,3.0,0.0,9.0,5.236687793744402,0.9591835124026638,0.4507702615721134,0.6219967689324053,0.0,0.0,0.0,0.0,0.0,0.0,0.0,0.0,0.0,0.0,0.0,0.0,0.0,0.0,0.0,0.0,0.0,0.0,0.0,0.0,0.0,0.0,1.0,0.0,0.0,0.0,0.0,0.0,0.0,0.0,0.0,0.0,0.0,0.0,0.0,0.0,0.0,0.0,0.0,0.0,0.0,0.0,0.0,0.0,0.0,0.0,0.0,0.0,0.0,0.0,0.0
66.18419066751439,36.26241445969895,122.0190524078365,859.0,172.0,2.234116985837308,71.34163545700876,0.9135204300639176,1.0516151969083842,0.4043208646601519,4.542387780960441,5.0,6.0,16.0,4.295176000316887,1.4421879406607803,0.3785557165534856,0.5017723776358309,0.0,0.0,0.0,0.0,0.0,0.0,0.0,0.0,0.0,0.0,0.0,1.0,0.0,0.0,0.0,0.0,0.0,0.0,0.0,0.0,0.0,0.0,0.0,0.0,0.0,0.0,0.0,0.0,0.0,0.0,0.0,0.0,0.0,0.0,0.0,0.0,0.0,0.0,0.0,0.0,0.0,0.0,0.0,0.0,0.0,0.0,0.0,0.0,0.0,0.0,0.0
78.0360477547797,52.94540940927223,69.86730317744838,722.0,493.0,4.355427105719553,80.48498901500753,0.8427079121997005,0.9714971996158358,0.7235845816654904,7.966916830905645,4.0,4.0,11.0,4.034868149117342,1.4003735980491536,0.34079645839177963,0.5264471625045264,0.0,0.0,0.0,0.0,0.0,0.0,0.0,0.0,0.0,0.0,0.0,0.0,0.0,0.0,0.0,0.0,0.0,0.0,0.0,0.0,1.0,0.0,0.0,0.0,0.0,0.0,0.0,0.0,0.0,0.0,0.0,0.0,0.0,0.0,0.0,0.0,0.0,0.0,0.0,0.0,0.0,0.0,0.0,0.0,0.0,0.0,0.0,0.0,0.0,0.0,0.0
65.19681962951418,27.60375575867563,67.93754404750305,612.0,114.0,2.0639389509511794,94.48114927988068,0.8911297356832049,1.218932089772843,0.9517889076324856,4.192163612114505,5.0,1.0,22.0,4.493934808048224,1.6785655353324842,0.37431136481510086,0.38526108163636774,0.0,0.0,0.0,0.0,0.0,0.0,0.0,0.0,0.0,0.0,0.0,0.0,0.0,0.0,0.0,0.0,0.0,0.0,0.0,0.0,0.0,0.0,0.0,0.0,0.0,0.0,0.0,0.0,0.0,0.0,0.0,0.0,0.0,0.0,1.0,0.0,0.0,0.0,0.0,0.0,0.0,0.0,0.0,0.0,0.0,0.0,0.0,0.0,0.0,0.0,0.0
60.60354487241666,46.00940489728018,92.67315608017702,1383.0,240.0,2.053000097465094,82.43412540488842,0.8560519228157402,0.9349055908369884,0.9322142656247469,1.3077105191856253,4.0,4.0,19.0,4.17995968884699,1.3255059612449418,0.34099103025933525,0.10532627968891699,0.0,0.0,0.0,0.0,0.0,1.0,0.0,0.0,0.0,0.0,0.0,0.0,0.0,0.0,0.0,0.0,0.0,0.0,0.0,0.0,0.0,0.0,0.0,0.0,0.0,0.0,0.0,0.0,0.0,0.0,0.0,0.0,0.0,0.0,0.0,0.0,0.0,0.0,0.0,0.0,0.0,0.0,0.0,0.0,0.0,0.0,0.0,0.0,0.0,0.0,0.0
62.36795097898097,32.02904589194564,165.01684067767343,1020.0,100.0,6.190164353695797,94.4365979727656,0.7857639223076258,1.223749659553843,0.4542275644996286,7.373600848139833,4.0,2.0,2.0,4.676545188010238,1.5414303054334888,0.3876709881683777,0.7129179824631443,0.0,0.0,0.0,0.0,0.0,0.0,0.0,0.0,0.0,0.0,0.0,0.0,0.0,0.0,0.0,0.0,0.0,0.0,0.0,0.0,0.0,0.0,0.0,0.0,0.0,0.0,0.0,0.0,0.0,0.0,0.0,0.0,0.0,0.0,0.0,0.0,0.0,0.0,0.0,0.0,0.0,0.0,0.0,0.0,0.0,0.0,1.0,0.0,0.0,0.0,0.0
68.75809979502024,51.42001717998568,162.08220441707505,386.0,413.0,5.703164037335743,77.30323990602972,0.9714653196514595,1.243369620528378,0.4959313979057852,9.084516615769326,6.0,2.0,9.0,4.599561044406561,1.5338857276602365,0.3959748358775715,0.7944181976785197,0.0,0.0,0.0,0.0,0.0,0.0,0.0,0.0,0.0,1.0,0.0,0.0,0.0,0.0,0.0,0.0,0.0,0.0,0.0,0.0,0.0,0.0,0.0,0.0,0.0,0.0,0.0,0.0,0.0,0.0,0.0,0.0,0.0,0.0,0.0,0.0,0.0,0.0,0.0,0.0,0.0,0.0,0.0,0.0,0.0,0.0,0.0,0.0,0.0,0.0,0.0
68.33886340356209,54.64969307477944,97.38805858590143,786.0,206.0,2.258830070188897,86.19732006306661,0.7684829481877931,1.094564969158765,0.4524514263919033,8.552939922792088,4.0,1.0,21.0,3.678582896934127,0.9591835124026638,0.26514412203819004,0.7078588690065617,0.0,0.0,0.0,0.0,0.0,0.0,1.0,0.0,0.0,0.0,0.0,0.0,0.0,0.0,0.0,0.0,0.0,0.0,0.0,0.0,0.0,0.0,0.0,0.0,0.0,0.0,0.0,0.0,0.0,0.0,0.0,0.0,0.0,0.0,0.0,0.0,0.0,0.0,0.0,0.0,0.0,0.0,0.0,0.0,0.0,0.0,0.0,0.0,0.0,0.0,0.0
68.56938189806134,20.53959292779102,176.5421174711471,1463.0,346.0,5.818823019502038,85.37428612048973,0.7805384251400154,1.4263993625714195,0.4408587730671346,4.036233298603671,6.0,0.0,20.0,4.249573707479427,1.4512704891931476,0.3607033391438939,0.6518309978605424,0.0,0.0,0.0,0.0,0.0,0.0,0.0,0.0,0.0,0.0,0.0,0.0,0.0,0.0,0.0,0.0,0.0,0.0,0.0,0.0,0.0,0.0,0.0,0.0,1.0,0.0,0.0,0.0,0.0,0.0,0.0,0.0,0.0,0.0,0.0,0.0,0.0,0.0,0.0,0.0,0.0,0.0,0.0,0.0,0.0,0.0,0.0,0.0,0.0,0.0,0.0
68.23700364376009,20.051775037095503,66.94583215297223,781.0,223.0,5.237469148610309,88.0033648598036,0.9519103898096808,1.1680830011083845,0.4430766324582332,3.0196848435586565,7.0,0.0,6.0,4.423911077664078,1.4092348587500179,0.3494047496167368,0.47094482354270484,0.0,0.0,0.0,0.0,0.0,0.0,0.0,0.0,0.0,0.0,0.0,0.0,0.0,0.0,0.0,0.0,0.0,0.0,0.0,0.0,1.0,0.0,0.0,0.0,0.0,0.0,0.0,0.0,0.0,0.0,0.0,0.0,0.0,0.0,0.0,0.0,0.0,0.0,0.0,0.0,0.0,0.0,0.0,0.0,0.0,0.0,0.0,0.0,0.0,0.0,0.0
60.10228109293843,21.94956729015412,87.75360616776358,1326.0,528.0,3.765903616656784,84.08111338725885,0.903008965961444,0.9496146460530142,0.4896460099220613,2.9234582662959294,5.0,2.0,19.0,4.23196683104233,1.5225193119275726,0.35631925702721656,0.34124437183919165,0.0,0.0,0.0,0.0,0.0,0.0,0.0,0.0,1.0,0.0,0.0,0.0,0.0,0.0,0.0,0.0,0.0,0.0,0.0,0.0,0.0,0.0,0.0,0.0,0.0,0.0,0.0,0.0,0.0,0.0,0.0,0.0,0.0,0.0,0.0,0.0,0.0,0.0,0.0,0.0,0.0,0.0,0.0,0.0,0.0,0.0,0.0,0.0,0.0,0.0,0.0
69.71381809089098,54.17182918269333,71.51725156287932,347.0,511.0,2.2824599213391483,93.27001327645236,0.8510774230110811,1.4940059386535594,0.4771635833736085,1.5575295340589057,4.0,2.0,10.0,5.168279138501366,1.2182727248198257,0.3952382569875077,0.5495362660973626,0.0,0.0,0.0,0.0,0.0,0.0,0.0,0.0,0.0,1.0,0.0,0.0,0.0,0.0,0.0,0.0,0.0,0.0,0.0,0.0,0.0,0.0,0.0,0.0,0.0,0.0,0.0,0.0,0.0,0.0,0.0,0.0,0.0,0.0,0.0,0.0,0.0,0.0,0.0,0.0,0.0,0.0,0.0,0.0,0.0,0.0,0.0,0.0,0.0,0.0,0.0
68.32528037457764,30.576665115558413,72.44414701955628,685.0,161.0,6.86763207720377,80.93389667569843,0.7756096494893637,1.3401998447930796,0.9531545178719923,6.95624822381522,5.0,6.0,14.0,4.264666581981986,1.508034721600067,0.3768048327751218,0.5837912987894093,0.0,0.0,0.0,0.0,0.0,0.0,0.0,0.0,0.0,0.0,0.0,0.0,0.0,0.0,0.0,0.0,0.0,1.0,0.0,0.0,0.0,0.0,0.0,0.0,0.0,0.0,0.0,0.0,0.0,0.0,0.0,0.0,0.0,0.0,0.0,0.0,0.0,0.0,0.0,0.0,0.0,0.0,0.0,0.0,0.0,0.0,0.0,0.0,0.0,0.0,0.0
72.49135515455525,34.93896569298606,193.0438032402825,461.0,585.0,3.883873179527053,91.52988188343372,0.8811499250407006,1.0304204555729748,0.9740527062908152,1.60141363972786,4.0,0.0,11.0,4.2019043619064025,0.9591835124026638,0.2749400273433565,0.1538609701121226,0.0,0.0,0.0,0.0,0.0,0.0,0.0,0.0,0.0,0.0,0.0,0.0,0.0,0.0,0.0,0.0,0.0,0.0,0.0,0.0,0.0,0.0,0.0,0.0,0.0,0.0,0.0,0.0,0.0,0.0,0.0,0.0,0.0,0.0,0.0,0.0,0.0,0.0,0.0,0.0,0.0,0.0,0.0,0.0,0.0,0.0,0.0,0.0,0.0,0.0,1.0
79.17461156607747,20.108480908001912,70.01457371562705,436.0,286.0,4.236494537148372,94.095169921824,0.7379194524409072,1.362235077960564,0.5055165383145417,2.164605231316922,4.0,0.0,2.0,3.8003796184548517,0.9591835124026638,0.26514412203819004,0.5044951428493099,0.0,0.0,0.0,0.0,0.0,0.0,0.0,0.0,0.0,0.0,0.0,0.0,0.0,0.0,0.0,0.0,0.0,0.0,0.0,0.0,0.0,0.0,0.0,0.0,0.0,0.0,0.0,0.0,0.0,0.0,0.0,0.0,0.0,0.0,0.0,0.0,0.0,0.0,0.0,0.0,0.0,0.0,0.0,0.0,1.0,0.0,0.0,0.0,0.0,0.0,0.0
74.42416771987557,59.5660654679735,118.16151426081616,1211.0,275.0,2.3709045403705167,71.6596831783303,0.9863838839795814,1.490065824638649,0.6304643802047409,8.016393054803713,6.0,0.0,3.0,4.639769332748265,1.4546301700565234,0.4016879199569681,0.8195448951506589,0.0,0.0,0.0,0.0,0.0,0.0,0.0,0.0,0.0,0.0,0.0,1.0,0.0,0.0,0.0,0.0,0.0,0.0,0.0,0.0,0.0,0.0,0.0,0.0,0.0,0.0,0.0,0.0,0.0,0.0,0.0,0.0,0.0,0.0,0.0,0.0,0.0,0.0,0.0,0.0,0.0,0.0,0.0,0.0,0.0,0.0,0.0,0.0,0.0,0.0,0.0
78.56589279779195,22.6801366092672,69.5021324465655,935.0,480.0,2.641754990775578,91.98335649494432,0.8856310705821445,1.11092905806486,0.9736071637615198,1.735200818786079,5.0,6.0,0.0,5.220817610476568,1.5671837909760389,0.4322229684505729,0.20099748801067635,0.0,0.0,0.0,0.0,0.0,0.0,0.0,0.0,0.0,0.0,0.0,0.0,0.0,0.0,0.0,0.0,0.0,0.0,0.0,0.0,0.0,0.0,0.0,0.0,0.0,0.0,0.0,0.0,0.0,0.0,0.0,0.0,0.0,0.0,0.0,1.0,0.0,0.0,0.0,0.0,0.0,0.0,0.0,0.0,0.0,0.0,0.0,0.0,0.0,0.0,0.0
74.07686870141036,22.61235940607301,81.67874632983396,491.0,400.0,4.218086490074173,74.88318316139782,0.9130338925936912,1.2786510725943128,0.6867460246242905,7.926980558244667,6.0,4.0,4.0,4.729312291911798,1.4906571979407461,0.41377658032145714,0.6904739636686473,0.0,0.0,0.0,0.0,0.0,0.0,0.0,0.0,0.0,0.0,0.0,0.0,0.0,0.0,0.0,0.0,0.0,0.0,0.0,0.0,0.0,0.0,0.0,0.0,0.0,0.0,0.0,0.0,0.0,0.0,0.0,0.0,0.0,0.0,0.0,0.0,0.0,0.0,0.0,0.0,0.0,0.0,0.0,0.0,0.0,0.0,0.0,1.0,0.0,0.0,0.0
76.82621498927806,40.1664196172248,163.0223797100238,491.0,453.0,3.716046031381,90.61028413248928,0.9327429643392732,1.4252029745672556,0.7459043456916601,3.5650315878307968,3.0,0.0,13.0,3.8214788929572903,0.9591835124026638,0.26514412203819004,0.5258410276793967,0.0,0.0,0.0,0.0,0.0,0.0,0.0,0.0,0.0,0.0,1.0,0.0,0.0,0.0,0.0,0.0,0.0,0.0,0.0,0.0,0.0,0.0,0.0,0.0,0.0,0.0,0.0,0.0,0.0,0.0,0.0,0.0,0.0,0.0,0.0,0.0,0.0,0.0,0.0,0.0,0.0,0.0,0.0,0.0,0.0,0.0,0.0,0.0,0.0,0.0,0.0
73.71480498537058,42.63874269609785,51.948731203295736,1298.0,200.0,6.959085993854993,85.54434238220945,0.9229651667889024,1.3546054365408302,0.6304741966295478,4.141278523824242,4.0,5.0,6.0,4.305552753121052,1.1979584384950996,0.32678679984884124,0.557865452542398,0.0,0.0,0.0,0.0,0.0,0.0,0.0,0.0,0.0,0.0,0.0,0.0,0.0,0.0,0.0,0.0,0.0,0.0,0.0,0.0,0.0,0.0,0.0,0.0,0.0,0.0,0.0,0.0,0.0,0.0,0.0,0.0,0.0,0.0,0.0,0.0,0.0,0.0,0.0,0.0,0.0,0.0,0.0,1.0,0.0,0.0,0.0,0.0,0.0,0.0,0.0
71.02721988072406,45.95569464575958,72.43984178335144,1350.0,419.0,4.860344246808813,76.73888300560456,0.8559423769686657,1.1968642322067478,0.5973533321412274,7.629751494627241,5.0,4.0,14.0,4.5455238286734385,1.4618357849867405,0.3970931712742776,0.6645060281696908,0.0,0.0,0.0,0.0,0.0,0.0,0.0,0.0,0.0,0.0,0.0,0.0,0.0,0.0,0.0,0.0,0.0,0.0,0.0,0.0,1.0,0.0,0.0,0.0,0.0,0.0,0.0,0.0,0.0,0.0,0.0,0.0,0.0,0.0,0.0,0.0,0.0,0.0,0.0,0.0,0.0,0.0,0.0,0.0,0.0,0.0,0.0,0.0,0.0,0.0,0.0
73.28885775620267,54.723680752669615,119.71464541516464,629.0,539.0,3.795943495100188,84.76487040662802,0.7957108033600173,1.2936281868361927,0.916094938289119,3.600254177123817,4.0,1.0,5.0,4.168791174148715,1.4619147422676564,0.3544196118257736,0.40494557010344506,0.0,0.0,0.0,0.0,0.0,0.0,1.0,0.0,0.0,0.0,0.0,0.0,0.0,0.0,0.0,0.0,0.0,0.0,0.0,0.0,0.0,0.0,0.0,0.0,0.0,0.0,0.0,0.0,0.0,0.0,0.0,0.0,0.0,0.0,0.0,0.0,0.0,0.0,0.0,0.0,0.0,0.0,0.0,0.0,0.0,0.0,0.0,0.0,0.0,0.0,0.0
70.16140706421699,35.38611581441453,138.10551213132914,974.0,200.0,4.042017632945313,76.87152913095042,0.7182151547526433,1.4913552565492068,0.4550962100664194,8.48960374141632,5.0,5.0,1.0,5.236687793744402,1.408867128646862,0.4668963750596858,0.9023990660633121,0.0,0.0,0.0,0.0,0.0,0.0,0.0,0.0,0.0,0.0,0.0,0.0,0.0,1.0,0.0,0.0,0.0,0.0,0.0,0.0,0.0,0.0,0.0,0.0,0.0,0.0,0.0,0.0,0.0,0.0,0.0,0.0,0.0,0.0,0.0,0.0,0.0,0.0,0.0,0.0,0.0,0.0,0.0,0.0,0.0,0.0,0.0,0.0,0.0,0.0,0.0
69.14242265725234,49.858594175370285,133.0033431986448,677.0,253.0,4.57475697076311,81.63249855774296,0.8113119453478524,0.9996635033318044,0.6224384792327763,4.596883639767482,7.0,4.0,4.0,4.613878115308436,1.346571583662821,0.38668827553291835,0.4056954312988017,0.0,0.0,0.0,0.0,0.0,0.0,0.0,0.0,0.0,0.0,0.0,0.0,0.0,0.0,0.0,0.0,0.0,0.0,0.0,0.0,0.0,0.0,0.0,0.0,0.0,0.0,0.0,0.0,0.0,1.0,0.0,0.0,0.0,0.0,0.0,0.0,0.0,0.0,0.0,0.0,0.0,0.0,0.0,0.0,0.0,0.0,0.0,0.0,0.0,0.0,0.0
78.767063541016,37.55506307356103,171.86564035657676,385.0,416.0,6.119527965826512,74.12897875895982,0.8458904270251602,1.2273537861131212,0.7807807456812719,8.740206833976396,5.0,0.0,7.0,4.039077603893665,1.3130769830954487,0.34522021373494777,0.6741007528865676,0.0,0.0,0.0,0.0,0.0,0.0,0.0,0.0,0.0,0.0,0.0,0.0,0.0,0.0,0.0,0.0,0.0,0.0,0.0,0.0,0.0,0.0,0.0,0.0,0.0,0.0,0.0,0.0,0.0,0.0,0.0,1.0,0.0,0.0,0.0,0.0,0.0,0.0,0.0,0.0,0.0,0.0,0.0,0.0,0.0,0.0,0.0,0.0,0.0,0.0,0.0
77.63797571828114,46.96134604159809,72.37027274866145,810.0,412.0,2.147348799416076,83.04074550282552,0.8896013656397381,0.94480720178954,0.992211312803741,1.1322907341591004,7.0,5.0,4.0,4.374081578181644,1.3245528938388664,0.35315683740012144,0.08148000529693551,0.0,0.0,0.0,0.0,0.0,0.0,0.0,0.0,0.0,0.0,0.0,0.0,0.0,0.0,0.0,0.0,0.0,0.0,0.0,0.0,0.0,0.0,0.0,0.0,0.0,0.0,0.0,0.0,0.0,0.0,0.0,0.0,0.0,0.0,0.0,0.0,0.0,0.0,0.0,0.0,1.0,0.0,0.0,0.0,0.0,0.0,0.0,0.0,0.0,0.0,0.0
78.24957033131761,57.44066969423468,71.6252047744579,336.0,276.0,2.7179735364348483,72.47350825171195,0.9731429189427628,0.9510216624437752,0.8592880238116385,4.420388937665867,4.0,3.0,22.0,4.523609609234705,1.3542482514144052,0.3817323294817242,0.2934659628973214,0.0,0.0,0.0,0.0,0.0,0.0,0.0,0.0,0.0,0.0,0.0,0.0,0.0,0.0,0.0,0.0,0.0,0.0,0.0,0.0,0.0,0.0,0.0,0.0,1.0,0.0,0.0,0.0,0.0,0.0,0.0,0.0,0.0,0.0,0.0,0.0,0.0,0.0,0.0,0.0,0.0,0.0,0.0,0.0,0.0,0.0,0.0,0.0,0.0,0.0,0.0
76.29983993445124,23.63077291073204,178.4476564795625,327.0,339.0,3.981822172713827,89.62131153667316,0.9126372472634232,0.9613050094064378,0.9272886013427368,3.632099745149425,4.0,6.0,12.0,3.839416799820495,1.4786006299702124,0.30605958070390255,0.23647643744593452,0.0,0.0,0.0,0.0,0.0,0.0,0.0,0.0,1.0,0.0,0.0,0.0,0.0,0.0,0.0,0.0,0.0,0.0,0.0,0.0,0.0,0.0,0.0,0.0,0.0,0.0,0.0,0.0,0.0,0.0,0.0,0.0,0.0,0.0,0.0,0.0,0.0,0.0,0.0,0.0,0.0,0.0,0.0,0.0,0.0,0.0,0.0,0.0,0.0,0.0,0.0
75.48954385627817,30.105387525919653,128.09501433853535,690.0,545.0,5.1264529322298085,90.3751283456536,0.7482767468252811,1.3691854335081566,0.5092284280979441,7.675490816723646,6.0,4.0,10.0,4.320159212166734,1.3328513787633913,0.34873927687195444,0.7824542008928027,0.0,0.0,0.0,0.0,0.0,0.0,0.0,0.0,0.0,0.0,0.0,0.0,0.0,0.0,0.0,0.0,0.0,0.0,0.0,0.0,0.0,0.0,0.0,0.0,0.0,0.0,0.0,0.0,0.0,0.0,0.0,0.0,0.0,0.0,0.0,0.0,0.0,1.0,0.0,0.0,0.0,0.0,0.0,0.0,0.0,0.0,0.0,0.0,0.0,0.0,0.0
74.91233273086523,44.62783587256308,71.16710020732876,1067.0,385.0,4.1243970094291615,73.43664017890401,0.8437506793610136,1.3905378195481064,0.4077373381167252,3.9792217856297407,5.0,1.0,21.0,3.930584844718709,1.2097109503986039,0.3275464266091484,0.6420851249623417,0.0,0.0,0.0,0.0,0.0,0.0,0.0,1.0,0.0,0.0,0.0,0.0,0.0,0.0,0.0,0.0,0.0,0.0,0.0,0.0,0.0,0.0,0.0,0.0,0.0,0.0,0.0,0.0,0.0,0.0,0.0,0.0,0.0,0.0,0.0,0.0,0.0,0.0,0.0,0.0,0.0,0.0,0.0,0.0,0.0,0.0,0.0,0.0,0.0,0.0,0.0
67.03140002207279,26.890380124710447,69.3012248122626,574.0,490.0,4.596702651455663,79.50139082018781,0.9944533005708076,0.9618448850558629,0.9118313912883024,1.3665082738695566,6.0,6.0,1.0,4.20642777187749,1.3930394450409191,0.34175833464913397,0.12855429586126021,0.0,0.0,0.0,0.0,0.0,0.0,0.0,0.0,0.0,0.0,0.0,0.0,0.0,0.0,0.0,0.0,0.0,0.0,0.0,0.0,0.0,0.0,0.0,0.0,0.0,0.0,1.0,0.0,0.0,0.0,0.0,0.0,0.0,0.0,0.0,0.0,0.0,0.0,0.0,0.0,0.0,0.0,0.0,0.0,0.0,0.0,0.0,0.0,0.0,0.0,0.0
69.89662463747571,41.0241475981842,97.97999760078405,1140.0,444.0,4.743275538648641,88.34859541687943,0.8220157391207478,1.1600309509237523,0.7148028143264573,8.598720884013655,5.0,5.0,8.0,4.129248613143758,1.2146865708413421,0.3175897127234211,0.6553488649132311,0.0,0.0,0.0,0.0,0.0,0.0,0.0,0.0,0.0,0.0,0.0,0.0,0.0,0.0,0.0,0.0,0.0,0.0,0.0,0.0,0.0,0.0,0.0,0.0,0.0,0.0,0.0,0.0,0.0,0.0,0.0,0.0,0.0,0.0,0.0,0.0,0.0,0.0,0.0,0.0,0.0,0.0,0.0,0.0,0.0,0.0,0.0,0.0,0.0,0.0,1.0
70.85690640432902,37.00451170163259,171.5734344765656,857.0,511.0,3.4756565262229526,91.3943758854286,0.7540118705130515,1.049520889339821,0.9179065820173324,0.7838217048061136,5.0,5.0,7.0,4.493219828951738,1.4536567838521381,0.37266101886251457,0.14125516800580834,0.0,0.0,0.0,0.0,0.0,0.0,0.0,0.0,0.0,0.0,0.0,0.0,0.0,0.0,0.0,0.0,0.0,0.0,0.0,0.0,1.0,0.0,0.0,0.0,0.0,0.0,0.0,0.0,0.0,0.0,0.0,0.0,0.0,0.0,0.0,0.0,0.0,0.0,0.0,0.0,0.0,0.0,0.0,0.0,0.0,0.0,0.0,0.0,0.0,0.0,0.0
76.14313806329598,25.827817792672462,76.02269227321807,1235.0,369.0,2.060488259987028,74.40009792947062,0.9219670868713644,1.26479175991131,0.7180882352631389,1.4784460588328596,6.0,1.0,11.0,4.596061727494094,1.4527372072656972,0.3986797968423597,0.3504446377419247,0.0,0.0,0.0,0.0,0.0,0.0,0.0,0.0,0.0,0.0,0.0,0.0,0.0,0.0,0.0,0.0,0.0,0.0,0.0,0.0,0.0,0.0,0.0,0.0,0.0,0.0,0.0,0.0,0.0,0.0,0.0,0.0,0.0,0.0,0.0,0.0,0.0,0.0,0.0,0.0,0.0,0.0,0.0,0.0,0.0,0.0,0.0,1.0,0.0,0.0,0.0
65.40350272601549,42.40028758946587,170.65872627314857,1231.0,283.0,2.04378181182428,92.93519309599944,0.8736778184639005,1.2517596153012174,0.4034409329960566,3.3158609093677005,6.0,0.0,4.0,4.362725122256629,1.3478418593465828,0.3361995775852673,0.5408721565281134,1.0,0.0,0.0,0.0,0.0,0.0,0.0,0.0,0.0,0.0,0.0,0.0,0.0,0.0,0.0,0.0,0.0,0.0,0.0,0.0,0.0,0.0,0.0,0.0,0.0,0.0,0.0,0.0,0.0,0.0,0.0,0.0,0.0,0.0,0.0,0.0,0.0,0.0,0.0,0.0,0.0,0.0,0.0,0.0,0.0,0.0,0.0,0.0,0.0,0.0,0.0
61.92702506850583,27.87299264086951,115.39802944765458,1405.0,565.0,6.379564599692695,75.53579336526006,0.8457571645097113,1.4798065582807285,0.6576450968453268,0.6041610592452984,5.0,0.0,20.0,4.567802370766867,1.536976385062453,0.40962303564296365,0.4344908802506323,0.0,0.0,0.0,0.0,0.0,0.0,0.0,0.0,0.0,0.0,1.0,0.0,0.0,0.0,0.0,0.0,0.0,0.0,0.0,0.0,0.0,0.0,0.0,0.0,0.0,0.0,0.0,0.0,0.0,0.0,0.0,0.0,0.0,0.0,0.0,0.0,0.0,0.0,0.0,0.0,0.0,0.0,0.0,0.0,0.0,0.0,0.0,0.0,0.0,0.0,0.0
63.40603520791311,57.66265526307108,159.51140474554,1008.0,260.0,6.908677897310256,76.64007076171356,0.949555506839811,1.308251663175668,0.7462345252623495,6.783322829905183,6.0,2.0,8.0,4.837135494852817,1.5121298210148062,0.41800607819922087,0.6282140212860491,0.0,0.0,0.0,0.0,0.0,0.0,0.0,0.0,0.0,0.0,0.0,0.0,0.0,0.0,0.0,0.0,0.0,0.0,0.0,0.0,0.0,0.0,0.0,0.0,0.0,0.0,0.0,0.0,0.0,0.0,0.0,0.0,0.0,0.0,0.0,0.0,0.0,0.0,0.0,0.0,0.0,0.0,0.0,1.0,0.0,0.0,0.0,0.0,0.0,0.0,0.0
68.95707160105046,37.86707129477016,84.07339458253927,1175.0,592.0,3.505673562969692,71.71640598235304,0.8112111615387159,1.2572350174665972,0.8127284239655471,0.2982701342305582,5.0,0.0,21.0,4.143810248750172,1.326325722210217,0.36385565926877134,0.2560278433139986,0.0,0.0,0.0,0.0,0.0,0.0,0.0,0.0,0.0,0.0,0.0,0.0,0.0,0.0,0.0,0.0,0.0,0.0,0.0,0.0,0.0,0.0,0.0,0.0,0.0,0.0,0.0,0.0,0.0,0.0,0.0,1.0,0.0,0.0,0.0,0.0,0.0,0.0,0.0,0.0,0.0,0.0,0.0,0.0,0.0,0.0,0.0,0.0,0.0,0.0,0.0
71.70624906251368,56.46160041409044,115.52783439280114,1065.0,255.0,3.893203724462437,89.26425760415857,0.7525875428359963,1.242250186866687,0.5035577051330031,4.181287300432882,7.0,5.0,2.0,4.148105471342562,1.2635347721516994,0.32899947589462125,0.5459952199326936,0.0,0.0,0.0,0.0,0.0,0.0,0.0,0.0,0.0,0.0,0.0,0.0,0.0,0.0,0.0,0.0,0.0,0.0,1.0,0.0,0.0,0.0,0.0,0.0,0.0,0.0,0.0,0.0,0.0,0.0,0.0,0.0,0.0,0.0,0.0,0.0,0.0,0.0,0.0,0.0,0.0,0.0,0.0,0.0,0.0,0.0,0.0,0.0,0.0,0.0,0.0
73.48051953943445,25.641696991105825,167.34895188675887,951.0,225.0,2.645901749040015,74.40231972843242,0.7071705398875879,1.4131157662417886,0.9689645705967612,4.263234479800918,5.0,5.0,10.0,4.58596881332005,1.5388718210645849,0.4275041438613302,0.4802721698459898,0.0,0.0,1.0,0.0,0.0,0.0,0.0,0.0,0.0,0.0,0.0,0.0,0.0,0.0,0.0,0.0,0.0,0.0,0.0,0.0,0.0,0.0,0.0,0.0,0.0,0.0,0.0,0.0,0.0,0.0,0.0,0.0,0.0,0.0,0.0,0.0,0.0,0.0,0.0,0.0,0.0,0.0,0.0,0.0,0.0,0.0,0.0,0.0,0.0,0.0,0.0
67.01077528222254,27.332029831371173,176.26119514273205,519.0,173.0,5.739062374037323,83.34732580497055,0.7737130400045902,1.1160156078058987,0.4234739810817814,6.935381265605209,6.0,6.0,17.0,4.386123066245458,1.3553493294500725,0.3681165373013742,0.6473373970879238,0.0,0.0,0.0,0.0,0.0,1.0,0.0,0.0,0.0,0.0,0.0,0.0,0.0,0.0,0.0,0.0,0.0,0.0,0.0,0.0,0.0,0.0,0.0,0.0,0.0,0.0,0.0,0.0,0.0,0.0,0.0,0.0,0.0,0.0,0.0,0.0,0.0,0.0,0.0,0.0,0.0,0.0,0.0,0.0,0.0,0.0,0.0,0.0,0.0,0.0,0.0
78.14914465647995,32.129843548683766,167.55180923100153,1213.0,499.0,2.9966503305444623,90.1359747541985,0.843288966126235,1.1814192816356048,0.9170873098324576,2.145276645738965,4.0,1.0,5.0,4.280740899716579,1.374007029974419,0.3402293228021955,0.2756591810794165,0.0,0.0,0.0,0.0,0.0,1.0,0.0,0.0,0.0,0.0,0.0,0.0,0.0,0.0,0.0,0.0,0.0,0.0,0.0,0.0,0.0,0.0,0.0,0.0,0.0,0.0,0.0,0.0,0.0,0.0,0.0,0.0,0.0,0.0,0.0,0.0,0.0,0.0,0.0,0.0,0.0,0.0,0.0,0.0,0.0,0.0,0.0,0.0,0.0,0.0,0.0
71.20945047316577,49.41831075883185,88.2577738413568,1226.0,480.0,4.934752197402409,89.5968619189089,0.8614637114802943,1.1601425012956414,0.661234898384818,3.751613861432812,6.0,6.0,17.0,4.389760699062639,1.5163073309923378,0.3625255367848568,0.43077489670543045,0.0,0.0,0.0,0.0,0.0,0.0,0.0,1.0,0.0,0.0,0.0,0.0,0.0,0.0,0.0,0.0,0.0,0.0,0.0,0.0,0.0,0.0,0.0,0.0,0.0,0.0,0.0,0.0,0.0,0.0,0.0,0.0,0.0,0.0,0.0,0.0,0.0,0.0,0.0,0.0,0.0,0.0,0.0,0.0,0.0,0.0,0.0,0.0,0.0,0.0,0.0
69.80540887009604,24.944296590324004,55.75024549266743,1110.0,322.0,3.2998609708602467,73.15812745090585,0.898544229019183,0.9073575655340388,0.8398177052036331,0.5035383875527577,4.0,2.0,12.0,4.091516163165673,1.5144351930262903,0.36566667111377393,0.08214398226141478,0.0,0.0,0.0,0.0,0.0,1.0,0.0,0.0,0.0,0.0,0.0,0.0,0.0,0.0,0.0,0.0,0.0,0.0,0.0,0.0,0.0,0.0,0.0,0.0,0.0,0.0,0.0,0.0,0.0,0.0,0.0,0.0,0.0,0.0,0.0,0.0,0.0,0.0,0.0,0.0,0.0,0.0,0.0,0.0,0.0,0.0,0.0,0.0,0.0,0.0,0.0
64.90188395652088,44.77405348105921,54.86063527372805,1156.0,396.0,6.030979912531952,85.1020742978008,0.7820220668335576,1.3749578099123372,0.9592855514594476,0.642676083194833,6.0,6.0,17.0,4.387082254223388,1.4259109365957465,0.37059631380912744,0.2832619330851294,0.0,0.0,0.0,0.0,0.0,0.0,0.0,0.0,0.0,0.0,0.0,0.0,0.0,0.0,0.0,0.0,0.0,0.0,0.0,0.0,0.0,0.0,0.0,1.0,0.0,0.0,0.0,0.0,0.0,0.0,0.0,0.0,0.0,0.0,0.0,0.0,0.0,0.0,0.0,0.0,0.0,0.0,0.0,0.0,0.0,0.0,0.0,0.0,0.0,0.0,0.0
59.959650026416384,20.74752534088101,152.52893997050705,1020.0,524.0,4.57460655466466,87.08235099056037,0.9025000625002332,1.216283869381625,0.4625418006153358,2.8696497826530853,4.0,4.0,1.0,4.573489280761845,1.2485860133060076,0.3538137555169657,0.481065667048957,0.0,0.0,0.0,0.0,0.0,0.0,0.0,0.0,0.0,0.0,0.0,0.0,0.0,0.0,0.0,0.0,0.0,0.0,0.0,0.0,0.0,0.0,0.0,0.0,0.0,0.0,0.0,0.0,0.0,0.0,0.0,0.0,0.0,0.0,0.0,0.0,0.0,0.0,0.0,0.0,0.0,0.0,0.0,0.0,1.0,0.0,0.0,0.0,0.0,0.0,0.0
72.62815104257139,38.30376304422008,166.0137650061232,338.0,582.0,6.282367068362406,93.87173376017638,0.8171860934662354,1.4703223089023298,0.4923592006673395,5.245854987840276,4.0,3.0,12.0,4.769384601403918,1.4180636392952188,0.38192637105878374,0.717144275246855,0.0,0.0,0.0,0.0,0.0,0.0,0.0,0.0,0.0,0.0,0.0,0.0,0.0,0.0,0.0,0.0,0.0,0.0,0.0,0.0,0.0,0.0,0.0,0.0,0.0,0.0,0.0,0.0,0.0,0.0,0.0,0.0,0.0,0.0,0.0,0.0,0.0,0.0,0.0,0.0,0.0,0.0,0.0,0.0,0.0,0.0,1.0,0.0,0.0,0.0,0.0
66.79872016097471,27.88066621096748,61.12151370881813,610.0,596.0,3.4520663926527426,82.05485751628434,0.885037903555101,1.475708785771377,0.5794682045113567,2.386955445758346,5.0,3.0,6.0,4.091822068227465,1.3695790711945588,0.3354198662670714,0.5477296986798752,0.0,0.0,0.0,0.0,0.0,0.0,1.0,0.0,0.0,0.0,0.0,0.0,0.0,0.0,0.0,0.0,0.0,0.0,0.0,0.0,0.0,0.0,0.0,0.0,0.0,0.0,0.0,0.0,0.0,0.0,0.0,0.0,0.0,0.0,0.0,0.0,0.0,0.0,0.0,0.0,0.0,0.0,0.0,0.0,0.0,0.0,0.0,0.0,0.0,0.0,0.0
71.67764869692897,29.189883207170947,199.7225155249942,1492.0,442.0,4.847777954471972,74.69888423043217,0.8001461212288427,1.454190619787685,0.6538001306851009,9.578740971207468,5.0,5.0,19.0,4.2962360834677735,1.2389004077578725,0.3638611577967257,0.8719676927878202,0.0,0.0,0.0,0.0,0.0,0.0,0.0,0.0,0.0,0.0,0.0,0.0,0.0,0.0,0.0,0.0,0.0,0.0,0.0,0.0,0.0,1.0,0.0,0.0,0.0,0.0,0.0,0.0,0.0,0.0,0.0,0.0,0.0,0.0,0.0,0.0,0.0,0.0,0.0,0.0,0.0,0.0,0.0,0.0,0.0,0.0,0.0,0.0,0.0,0.0,0.0
70.90115680084514,37.76679762461561,145.03089052960937,634.0,535.0,3.783250900406097,70.32570567581422,0.9388516923804698,1.3921764216678332,0.4680938948814704,7.065072218212278,5.0,2.0,18.0,4.461378422897362,1.4886597653173994,0.3968966044588282,0.7771503817151296,0.0,0.0,0.0,0.0,0.0,0.0,0.0,0.0,0.0,0.0,0.0,0.0,0.0,0.0,0.0,0.0,0.0,0.0,0.0,0.0,0.0,0.0,0.0,0.0,0.0,0.0,0.0,0.0,0.0,0.0,0.0,0.0,0.0,0.0,0.0,0.0,0.0,0.0,0.0,0.0,0.0,1.0,0.0,0.0,0.0,0.0,0.0,0.0,0.0,0.0,0.0
77.13220109401828,43.31987751876915,170.1551913315791,696.0,320.0,5.46976863709255,93.06938314204768,0.7152779946347824,1.2302331367017585,0.8049811467280863,5.543784174150257,6.0,2.0,23.0,4.724880805263487,1.3783987977659276,0.386077539126112,0.507541715636463,0.0,0.0,0.0,0.0,0.0,0.0,0.0,0.0,0.0,0.0,0.0,0.0,0.0,0.0,0.0,1.0,0.0,0.0,0.0,0.0,0.0,0.0,0.0,0.0,0.0,0.0,0.0,0.0,0.0,0.0,0.0,0.0,0.0,0.0,0.0,0.0,0.0,0.0,0.0,0.0,0.0,0.0,0.0,0.0,0.0,0.0,0.0,0.0,0.0,0.0,0.0
62.631445198153685,51.083821327757285,59.06663165560571,366.0,505.0,3.1858364727591137,84.5613334229457,0.7216935762276866,1.086538780145121,0.7248373524731981,4.706224981016119,5.0,3.0,6.0,4.203849747211892,1.3081334010469592,0.3505843674073951,0.42046863269276774,0.0,0.0,0.0,0.0,0.0,0.0,0.0,0.0,0.0,0.0,0.0,0.0,0.0,0.0,0.0,0.0,0.0,0.0,0.0,0.0,0.0,0.0,0.0,0.0,0.0,0.0,0.0,0.0,0.0,0.0,0.0,1.0,0.0,0.0,0.0,0.0,0.0,0.0,0.0,0.0,0.0,0.0,0.0,0.0,0.0,0.0,0.0,0.0,0.0,0.0,0.0
58.55167332576367,50.624145300554574,110.1620432407467,340.0,266.0,4.54722413750953,89.03424626808841,0.770924414186421,1.1083438745570786,0.6087586118104671,2.2303698130555896,5.0,5.0,11.0,4.523584481393505,1.469289828472904,0.3798144005718577,0.3462545735502488,0.0,0.0,0.0,0.0,0.0,0.0,0.0,0.0,0.0,0.0,0.0,1.0,0.0,0.0,0.0,0.0,0.0,0.0,0.0,0.0,0.0,0.0,0.0,0.0,0.0,0.0,0.0,0.0,0.0,0.0,0.0,0.0,0.0,0.0,0.0,0.0,0.0,0.0,0.0,0.0,0.0,0.0,0.0,0.0,0.0,0.0,0.0,0.0,0.0,0.0,0.0
73.33135189573846,30.9436461075932,86.72330623409852,1018.0,540.0,2.825731744317207,75.73070771084305,0.8098228437717646,1.1819026816543643,0.8914706362254227,6.678188468528471,3.0,5.0,9.0,3.678582896934127,0.9591835124026638,0.26514412203819004,0.5112408942519401,0.0,0.0,0.0,0.0,0.0,0.0,0.0,0.0,0.0,0.0,0.0,0.0,0.0,0.0,0.0,0.0,0.0,0.0,0.0,0.0,0.0,0.0,0.0,0.0,0.0,0.0,0.0,0.0,0.0,0.0,0.0,0.0,0.0,0.0,0.0,0.0,0.0,0.0,0.0,0.0,0.0,0.0,0.0,0.0,0.0,0.0,1.0,0.0,0.0,0.0,0.0
72.78235378049418,24.98864261952501,53.238348102042025,867.0,468.0,5.614472326491672,92.92866900743032,0.9766003078706242,1.1191686780055643,0.6482562737264752,0.4886967018670241,3.0,5.0,15.0,4.469497368967469,1.8473826609583988,0.4083435271094647,0.2513500764240605,0.0,0.0,0.0,0.0,0.0,0.0,0.0,0.0,0.0,0.0,0.0,0.0,0.0,0.0,0.0,0.0,0.0,0.0,0.0,0.0,0.0,0.0,0.0,0.0,0.0,0.0,0.0,0.0,0.0,0.0,0.0,0.0,0.0,1.0,0.0,0.0,0.0,0.0,0.0,0.0,0.0,0.0,0.0,0.0,0.0,0.0,0.0,0.0,0.0,0.0,0.0
69.85860812943731,33.40860112563556,95.00403326888085,1182.0,268.0,5.11853654099829,70.73359080881526,0.8153113276235899,1.147555907735467,0.7186852466669831,6.274882069775204,4.0,3.0,17.0,3.8243317393578558,1.2683445214147975,0.33218544379479975,0.5315435364554139,0.0,0.0,0.0,0.0,0.0,0.0,0.0,0.0,0.0,0.0,0.0,0.0,0.0,0.0,0.0,0.0,0.0,0.0,0.0,0.0,1.0,0.0,0.0,0.0,0.0,0.0,0.0,0.0,0.0,0.0,0.0,0.0,0.0,0.0,0.0,0.0,0.0,0.0,0.0,0.0,0.0,0.0,0.0,0.0,0.0,0.0,0.0,0.0,0.0,0.0,0.0
63.67830250360054,21.603701604991787,135.06620955132934,1069.0,226.0,5.338450933605607,78.7543628724786,0.9398303423344144,1.2553662462026238,0.5439312243164458,4.199198877827604,6.0,4.0,5.0,4.221407340877852,1.1740951736864385,0.3291087627372839,0.5399802867013419,0.0,0.0,0.0,0.0,0.0,0.0,0.0,0.0,0.0,0.0,0.0,0.0,0.0,0.0,0.0,0.0,0.0,0.0,1.0,0.0,0.0,0.0,0.0,0.0,0.0,0.0,0.0,0.0,0.0,0.0,0.0,0.0,0.0,0.0,0.0,0.0,0.0,0.0,0.0,0.0,0.0,0.0,0.0,0.0,0.0,0.0,0.0,0.0,0.0,0.0,0.0
65.15037917961006,58.57940266140832,56.77498296904331,748.0,464.0,6.854771045135726,88.93138706318209,0.943190372569648,1.2412159753845873,0.6529924223430958,6.722734439711793,6.0,4.0,0.0,4.533698815945663,1.2619591720372143,0.3438747566646866,0.6227533553589606,0.0,0.0,0.0,0.0,0.0,0.0,0.0,0.0,0.0,0.0,0.0,0.0,0.0,0.0,0.0,0.0,0.0,0.0,0.0,0.0,0.0,1.0,0.0,0.0,0.0,0.0,0.0,0.0,0.0,0.0,0.0,0.0,0.0,0.0,0.0,0.0,0.0,0.0,0.0,0.0,0.0,0.0,0.0,0.0,0.0,0.0,0.0,0.0,0.0,0.0,0.0
74.64651191478251,53.87023493241729,58.929931382522064,723.0,380.0,6.572122643501756,86.77338773251847,0.9359495379608817,1.1144745213392515,0.8135689952550471,0.0786040981663604,6.0,5.0,19.0,4.347527194219711,1.6489086713107588,0.3697238637344476,0.17330600760116643,0.0,0.0,0.0,0.0,0.0,0.0,0.0,0.0,0.0,0.0,0.0,0.0,0.0,0.0,0.0,0.0,0.0,0.0,0.0,0.0,0.0,0.0,0.0,0.0,0.0,0.0,0.0,0.0,0.0,0.0,0.0,0.0,0.0,0.0,1.0,0.0,0.0,0.0,0.0,0.0,0.0,0.0,0.0,0.0,0.0,0.0,0.0,0.0,0.0,0.0,0.0
77.87364254936308,43.20875641670813,64.5888033748783,969.0,165.0,4.008125064062493,73.67197888056039,0.8963255885296909,1.3774819366597504,0.7098881159680555,6.261251832330316,4.0,1.0,23.0,5.014976196218248,1.547227196368845,0.44803012137479437,0.6488747972007599,0.0,0.0,0.0,0.0,0.0,0.0,0.0,0.0,0.0,0.0,0.0,0.0,0.0,0.0,0.0,0.0,0.0,0.0,0.0,0.0,0.0,0.0,0.0,0.0,0.0,0.0,0.0,0.0,0.0,1.0,0.0,0.0,0.0,0.0,0.0,0.0,0.0,0.0,0.0,0.0,0.0,0.0,0.0,0.0,0.0,0.0,0.0,0.0,0.0,0.0,0.0
72.7299047143619,45.07609422671111,89.00924335094466,960.0,449.0,5.354152089013906,94.19624934346892,0.9384487587370172,1.2887238188492702,0.7529587354292526,3.311694670537604,6.0,3.0,16.0,4.726579914599145,1.4806144170473203,0.3714132810072412,0.44250435322297466,0.0,0.0,0.0,0.0,0.0,0.0,0.0,0.0,0.0,0.0,0.0,0.0,0.0,0.0,0.0,0.0,0.0,0.0,0.0,0.0,0.0,0.0,0.0,0.0,0.0,0.0,0.0,0.0,0.0,0.0,0.0,0.0,0.0,0.0,0.0,0.0,0.0,0.0,0.0,0.0,0.0,0.0,0.0,0.0,0.0,0.0,0.0,0.0,0.0,1.0,0.0
67.01294715454613,34.21205980598,81.70715588010934,799.0,531.0,2.6493365766164905,83.24328740346462,0.8996212370457353,1.4707587287121098,0.6690353053356091,8.440604864061582,4.0,2.0,9.0,4.748622291138122,1.5382796565919994,0.4046181493151156,0.8182318950025602,0.0,0.0,0.0,0.0,0.0,0.0,0.0,0.0,0.0,0.0,0.0,0.0,0.0,0.0,0.0,0.0,0.0,0.0,0.0,0.0,0.0,0.0,0.0,0.0,0.0,0.0,0.0,0.0,0.0,0.0,0.0,0.0,0.0,0.0,0.0,0.0,0.0,0.0,0.0,0.0,0.0,0.0,0.0,0.0,0.0,0.0,1.0,0.0,0.0,0.0,0.0
79.60265414698081,49.21985843868583,86.29319219480666,1144.0,575.0,2.126496151963013,77.69521101171681,0.8014161338846196,1.2602402717395094,0.5429248817494274,5.470611019787631,6.0,5.0,15.0,4.325836565064725,1.350373135091304,0.37095017431835425,0.6063666066277957,0.0,0.0,0.0,0.0,0.0,0.0,0.0,0.0,0.0,0.0,0.0,0.0,0.0,0.0,0.0,0.0,0.0,0.0,0.0,0.0,0.0,0.0,0.0,0.0,0.0,0.0,0.0,0.0,0.0,0.0,0.0,0.0,0.0,0.0,0.0,0.0,0.0,0.0,0.0,0.0,0.0,0.0,0.0,0.0,1.0,0.0,0.0,0.0,0.0,0.0,0.0
64.88151196295074,53.94272883554733,139.69875739199617,1434.0,330.0,5.330284829143485,86.8710641628352,0.9283512687840888,1.3206679591501032,0.6627574074462019,2.618792711401631,6.0,5.0,7.0,4.36013360922567,1.4373967568032515,0.3511863498345162,0.45393195393360647,0.0,0.0,0.0,0.0,0.0,0.0,0.0,0.0,0.0,0.0,0.0,0.0,0.0,0.0,0.0,0.0,0.0,0.0,0.0,0.0,0.0,0.0,0.0,1.0,0.0,0.0,0.0,0.0,0.0,0.0,0.0,0.0,0.0,0.0,0.0,0.0,0.0,0.0,0.0,0.0,0.0,0.0,0.0,0.0,0.0,0.0,0.0,0.0,0.0,0.0,0.0
67.65474217831799,54.55207743717207,61.99815061201557,1468.0,170.0,3.1236283538173755,85.14531075865791,0.8930567927326722,1.048426536942219,0.7454860277932818,3.0535999766248523,3.0,5.0,23.0,5.236687793744402,0.9591835124026638,0.34311862784927544,0.31181788764662066,0.0,0.0,0.0,0.0,0.0,0.0,0.0,0.0,0.0,0.0,0.0,0.0,0.0,0.0,0.0,0.0,0.0,0.0,0.0,0.0,0.0,0.0,0.0,0.0,0.0,1.0,0.0,0.0,0.0,0.0,0.0,0.0,0.0,0.0,0.0,0.0,0.0,0.0,0.0,0.0,0.0,0.0,0.0,0.0,0.0,0.0,0.0,0.0,0.0,0.0,0.0
67.9743541955943,25.500295093825606,176.54939550872123,1049.0,504.0,4.648007668697442,89.25760249115463,0.9500653492916004,1.102004650213933,0.668165965704222,2.991738598904388,3.0,4.0,8.0,5.236687793744402,1.200812472762061,0.44708683747927713,0.36134584857508073,0.0,0.0,0.0,0.0,0.0,0.0,0.0,0.0,0.0,0.0,0.0,0.0,0.0,0.0,0.0,0.0,0.0,0.0,0.0,0.0,0.0,0.0,0.0,0.0,0.0,0.0,0.0,0.0,0.0,0.0,0.0,0.0,0.0,0.0,0.0,0.0,0.0,0.0,0.0,0.0,0.0,0.0,0.0,0.0,0.0,0.0,0.0,1.0,0.0,0.0,0.0
66.60248996960031,42.12521643549877,63.175515506638405,889.0,540.0,3.992990387402103,87.4554517852595,0.8811921994850942,1.086433947141746,0.5264079041624449,2.209692482055277,5.0,5.0,10.0,4.528674512774662,1.3198205522291324,0.3581154327692451,0.3617407122377663,0.0,0.0,0.0,0.0,0.0,0.0,0.0,0.0,0.0,0.0,0.0,0.0,0.0,0.0,0.0,0.0,0.0,0.0,0.0,0.0,0.0,0.0,0.0,0.0,0.0,0.0,0.0,0.0,0.0,0.0,0.0,0.0,0.0,0.0,0.0,0.0,0.0,0.0,0.0,0.0,0.0,0.0,0.0,0.0,0.0,1.0,0.0,0.0,0.0,0.0,0.0
69.08007784435779,34.053179631924,104.47531245476152,521.0,381.0,4.609103166109171,81.13735354780013,0.883399103365263,1.230853566180424,0.8170251365846948,4.446924827223132,6.0,0.0,3.0,4.742185576340511,1.3026030638424135,0.38739254936903433,0.4489544574215852,0.0,0.0,0.0,0.0,0.0,0.0,0.0,0.0,0.0,0.0,0.0,0.0,0.0,0.0,0.0,1.0,0.0,0.0,0.0,0.0,0.0,0.0,0.0,0.0,0.0,0.0,0.0,0.0,0.0,0.0,0.0,0.0,0.0,0.0,0.0,0.0,0.0,0.0,0.0,0.0,0.0,0.0,0.0,0.0,0.0,0.0,0.0,0.0,0.0,0.0,0.0
65.37158333320757,30.99760827912136,130.91766727396384,445.0,252.0,2.264925835316535,82.62370817053728,0.9553463107360284,1.3250891884814406,0.7622301554773148,8.634001938325751,4.0,5.0,22.0,3.7669199263319597,1.5539338924370367,0.3166930378493201,0.72389496413237,0.0,0.0,0.0,0.0,0.0,0.0,0.0,0.0,0.0,0.0,0.0,0.0,0.0,0.0,0.0,0.0,0.0,0.0,0.0,0.0,0.0,0.0,0.0,0.0,0.0,0.0,0.0,0.0,1.0,0.0,0.0,0.0,0.0,0.0,0.0,0.0,0.0,0.0,0.0,0.0,0.0,0.0,0.0,0.0,0.0,0.0,0.0,0.0,0.0,0.0,0.0
68.39169016850038,20.39158316729648,88.84437260536627,737.0,443.0,6.857918265974824,89.58598280521188,0.7838539962456788,1.1220350219962825,0.5723720161002341,3.4981950184070087,4.0,3.0,15.0,4.045089997912172,0.9591835124026638,0.28451770994625086,0.42868335382186923,0.0,0.0,0.0,0.0,0.0,0.0,0.0,0.0,0.0,0.0,0.0,0.0,0.0,0.0,0.0,0.0,0.0,0.0,0.0,0.0,0.0,0.0,0.0,0.0,0.0,0.0,0.0,0.0,0.0,0.0,0.0,0.0,0.0,0.0,0.0,0.0,0.0,0.0,0.0,0.0,1.0,0.0,0.0,0.0,0.0,0.0,0.0,0.0,0.0,0.0,0.0
66.3202043342442,31.23206890634457,195.68650737824743,549.0,160.0,6.138020734511864,71.00978674761173,0.7285541227597613,0.901935702234318,0.7276620495595317,0.4876072240616136,6.0,5.0,5.0,4.524146419491109,1.485402616580158,0.42168746087198833,0.11606788468185054,0.0,0.0,0.0,0.0,0.0,0.0,0.0,0.0,0.0,0.0,0.0,0.0,0.0,0.0,0.0,0.0,0.0,0.0,0.0,0.0,0.0,0.0,0.0,0.0,0.0,0.0,0.0,0.0,0.0,0.0,0.0,0.0,0.0,0.0,0.0,0.0,0.0,0.0,0.0,0.0,0.0,0.0,0.0,0.0,0.0,0.0,1.0,0.0,0.0,0.0,0.0
56.6379018176842,42.97408718920047,102.10496758611288,1255.0,273.0,2.815578402219997,92.42303025262346,0.8686726958211788,1.1958456624189728,0.5172440562318426,9.596586526698855,6.0,2.0,19.0,4.3452857386084895,1.314730347483526,0.3330515021014373,0.7891388317692849,0.0,0.0,0.0,0.0,0.0,0.0,0.0,0.0,0.0,0.0,0.0,0.0,0.0,0.0,0.0,0.0,0.0,0.0,0.0,0.0,0.0,0.0,0.0,0.0,0.0,0.0,0.0,0.0,0.0,0.0,0.0,0.0,0.0,0.0,0.0,0.0,0.0,0.0,0.0,0.0,0.0,0.0,0.0,0.0,0.0,0.0,0.0,0.0,1.0,0.0,0.0
66.52674795436886,45.59645691854583,180.28430135866049,557.0,205.0,4.14972175175726,90.31575641981068,0.9471346621186568,1.3066756515955589,0.9061549660412036,5.578717073662665,5.0,6.0,7.0,4.207295813327194,1.4449989288172034,0.3298976605945884,0.5137794704155062,0.0,0.0,0.0,0.0,0.0,0.0,0.0,0.0,0.0,0.0,0.0,0.0,0.0,0.0,0.0,0.0,0.0,0.0,0.0,0.0,0.0,0.0,0.0,0.0,0.0,0.0,1.0,0.0,0.0,0.0,0.0,0.0,0.0,0.0,0.0,0.0,0.0,0.0,0.0,0.0,0.0,0.0,0.0,0.0,0.0,0.0,0.0,0.0,0.0,0.0,0.0
72.93108518030026,55.26931045597356,74.8422147379413,511.0,168.0,6.776530170918846,89.72451009093669,0.7522474579827098,1.101367953432414,0.9227661987626028,2.356387810831937,7.0,1.0,6.0,4.263112617661552,1.5210257343034865,0.36266548800696585,0.24426064962995364,0.0,0.0,0.0,0.0,0.0,0.0,0.0,0.0,0.0,0.0,0.0,0.0,0.0,0.0,1.0,0.0,0.0,0.0,0.0,0.0,0.0,0.0,0.0,0.0,0.0,0.0,0.0,0.0,0.0,0.0,0.0,0.0,0.0,0.0,0.0,0.0,0.0,0.0,0.0,0.0,0.0,0.0,0.0,0.0,0.0,0.0,0.0,0.0,0.0,0.0,0.0
82.37431743471116,30.94124852897284,127.89468366557789,933.0,422.0,2.6648069999803785,90.42404608215506,0.7689607780254561,1.024440305801333,0.5820289523341147,9.15941178135235,6.0,2.0,15.0,4.412337497122046,1.4164976915198595,0.3625486762929817,0.6598551037741314,0.0,0.0,0.0,0.0,0.0,0.0,0.0,0.0,0.0,0.0,0.0,0.0,0.0,0.0,0.0,0.0,0.0,0.0,0.0,0.0,1.0,0.0,0.0,0.0,0.0,0.0,0.0,0.0,0.0,0.0,0.0,0.0,0.0,0.0,0.0,0.0,0.0,0.0,0.0,0.0,0.0,0.0,0.0,0.0,0.0,0.0,0.0,0.0,0.0,0.0,0.0
62.21317772670446,24.865629677793034,146.88654762837012,321.0,444.0,3.610339531986813,72.2793860424381,0.8654845276435092,1.2447226261989708,0.4460507802520268,9.472906440812071,6.0,5.0,1.0,4.285897130437753,1.4087242657673025,0.3774845589565462,0.8311760299737818,0.0,0.0,0.0,0.0,0.0,0.0,0.0,0.0,0.0,0.0,0.0,0.0,1.0,0.0,0.0,0.0,0.0,0.0,0.0,0.0,0.0,0.0,0.0,0.0,0.0,0.0,0.0,0.0,0.0,0.0,0.0,0.0,0.0,0.0,0.0,0.0,0.0,0.0,0.0,0.0,0.0,0.0,0.0,0.0,0.0,0.0,0.0,0.0,0.0,0.0,0.0
69.53960920727769,43.60339844660487,171.7912021200858,521.0,454.0,3.4061360853244893,78.46790452315469,0.8937564865319525,1.416101239706109,0.4064967591817815,3.231281449008383,4.0,1.0,17.0,4.69622873824873,1.6945978302715483,0.42513917913712707,0.6178727958698949,0.0,0.0,0.0,0.0,0.0,0.0,0.0,0.0,0.0,0.0,0.0,0.0,0.0,0.0,0.0,0.0,0.0,0.0,0.0,0.0,0.0,0.0,0.0,0.0,0.0,0.0,0.0,0.0,0.0,1.0,0.0,0.0,0.0,0.0,0.0,0.0,0.0,0.0,0.0,0.0,0.0,0.0,0.0,0.0,0.0,0.0,0.0,0.0,0.0,0.0,0.0
69.03334779620626,50.21775456989253,180.357451358985,562.0,419.0,6.8006286853943845,78.9759225776758,0.986071086562591,1.045206318020072,0.954758576993054,6.294781123436469,6.0,5.0,0.0,4.843211894919047,1.537855879773777,0.41266573015064095,0.40251858541551666,0.0,0.0,0.0,0.0,0.0,0.0,0.0,0.0,0.0,0.0,0.0,0.0,0.0,0.0,0.0,0.0,0.0,0.0,0.0,0.0,0.0,0.0,0.0,0.0,0.0,0.0,0.0,0.0,0.0,0.0,0.0,0.0,0.0,0.0,0.0,0.0,0.0,0.0,0.0,0.0,0.0,0.0,0.0,1.0,0.0,0.0,0.0,0.0,0.0,0.0,0.0
78.93055209074252,41.41517674872389,59.89871307244807,657.0,582.0,2.490132878619875,74.74425185470514,0.8776967590453771,1.0429349893450353,0.5615810538322754,9.353349036117883,4.0,5.0,18.0,5.236687793744402,1.3420225467684568,0.4483313172171241,0.6856396016806934,0.0,0.0,0.0,0.0,0.0,0.0,0.0,0.0,0.0,0.0,0.0,0.0,0.0,0.0,0.0,0.0,0.0,0.0,0.0,0.0,0.0,0.0,0.0,0.0,0.0,0.0,0.0,0.0,0.0,1.0,0.0,0.0,0.0,0.0,0.0,0.0,0.0,0.0,0.0,0.0,0.0,0.0,0.0,0.0,0.0,0.0,0.0,0.0,0.0,0.0,0.0
64.74116044928472,35.38642725280026,158.1186574234627,875.0,197.0,3.260175849262695,71.13556180206274,0.8306346099085599,1.4748768620230972,0.6115097755488605,4.030718087515439,6.0,6.0,10.0,4.333618384907274,1.4553944014030689,0.391849254236533,0.6188590536612488,0.0,0.0,0.0,0.0,0.0,0.0,0.0,0.0,0.0,0.0,0.0,0.0,0.0,0.0,0.0,0.0,0.0,0.0,0.0,0.0,0.0,0.0,0.0,0.0,0.0,0.0,1.0,0.0,0.0,0.0,0.0,0.0,0.0,0.0,0.0,0.0,0.0,0.0,0.0,0.0,0.0,0.0,0.0,0.0,0.0,0.0,0.0,0.0,0.0,0.0,0.0
68.43458654379799,58.71662262144781,96.09289833067125,1338.0,428.0,3.1910728954554584,92.64508711391105,0.728279283318819,1.0846857745180911,0.7113646081500737,3.342670241583392,6.0,3.0,10.0,4.761361647564895,1.5060116327609945,0.4009720263169418,0.3558169979157736,0.0,0.0,0.0,0.0,0.0,0.0,0.0,0.0,0.0,0.0,0.0,0.0,0.0,1.0,0.0,0.0,0.0,0.0,0.0,0.0,0.0,0.0,0.0,0.0,0.0,0.0,0.0,0.0,0.0,0.0,0.0,0.0,0.0,0.0,0.0,0.0,0.0,0.0,0.0,0.0,0.0,0.0,0.0,0.0,0.0,0.0,0.0,0.0,0.0,0.0,0.0
72.65606257655065,29.93246867612656,80.37040581977811,1475.0,161.0,6.010078533443704,73.01143237365386,0.8738489379226784,1.000908626459193,0.9478416694522128,3.01536934485772,6.0,1.0,4.0,4.531017203784542,1.5129389840557335,0.4063792963870158,0.2185816883065207,0.0,0.0,0.0,0.0,0.0,0.0,0.0,0.0,0.0,0.0,0.0,0.0,0.0,0.0,0.0,0.0,0.0,1.0,0.0,0.0,0.0,0.0,0.0,0.0,0.0,0.0,0.0,0.0,0.0,0.0,0.0,0.0,0.0,0.0,0.0,0.0,0.0,0.0,0.0,0.0,0.0,0.0,0.0,0.0,0.0,0.0,0.0,0.0,0.0,0.0,0.0
65.83338463395567,55.571264984484,77.7245702435093,1484.0,359.0,5.492851089897004,90.63447548678052,0.9414684689958333,1.426991883942435,0.616254096213746,5.281463343147546,5.0,2.0,22.0,4.511144975044871,1.5301930418533978,0.3642962587042489,0.655886306631527,0.0,0.0,0.0,0.0,0.0,0.0,0.0,0.0,0.0,0.0,0.0,0.0,0.0,0.0,0.0,0.0,0.0,0.0,0.0,0.0,1.0,0.0,0.0,0.0,0.0,0.0,0.0,0.0,0.0,0.0,0.0,0.0,0.0,0.0,0.0,0.0,0.0,0.0,0.0,0.0,0.0,0.0,0.0,0.0,0.0,0.0,0.0,0.0,0.0,0.0,0.0
69.03069432439409,43.31232225890169,140.90011670301362,448.0,474.0,3.4128707560859395,87.08261237953651,0.8967307879017835,1.158812657384383,0.8817904630754152,9.272439029088629,3.0,6.0,12.0,4.6363276048580815,1.8473826609583988,0.4787144763200408,0.6327103751793484,0.0,0.0,0.0,0.0,0.0,0.0,0.0,0.0,0.0,0.0,0.0,0.0,0.0,0.0,0.0,0.0,0.0,0.0,0.0,0.0,0.0,0.0,0.0,0.0,0.0,0.0,0.0,0.0,0.0,0.0,0.0,0.0,0.0,0.0,0.0,0.0,0.0,0.0,1.0,0.0,0.0,0.0,0.0,0.0,0.0,0.0,0.0,0.0,0.0,0.0,0.0
76.03169916705626,31.196322748285112,199.79912023076028,1213.0,419.0,6.633925632611523,71.76337802813184,0.9251158522060836,1.0652868205979285,0.9080964031139024,9.819941525535771,6.0,6.0,3.0,4.247212602921348,1.4828519765712629,0.3762780896548902,0.6045134031586263,0.0,0.0,0.0,0.0,0.0,0.0,0.0,0.0,0.0,0.0,0.0,0.0,0.0,0.0,0.0,0.0,0.0,0.0,0.0,0.0,0.0,0.0,0.0,0.0,0.0,1.0,0.0,0.0,0.0,0.0,0.0,0.0,0.0,0.0,0.0,0.0,0.0,0.0,0.0,0.0,0.0,0.0,0.0,0.0,0.0,0.0,0.0,0.0,0.0,0.0,0.0
68.36998871158137,22.3284421306167,118.19367134538354,1473.0,316.0,2.3460678200921654,88.57330036290377,0.9637397038866278,0.9519641758571128,0.8092275113427575,4.258208877741709,4.0,1.0,10.0,4.738642855160795,1.6888461567792916,0.40105703919976293,0.3025324032812174,0.0,0.0,0.0,0.0,0.0,0.0,0.0,0.0,0.0,0.0,0.0,0.0,0.0,0.0,0.0,0.0,0.0,0.0,0.0,0.0,0.0,0.0,0.0,0.0,0.0,0.0,0.0,0.0,0.0,0.0,0.0,0.0,0.0,0.0,0.0,0.0,1.0,0.0,0.0,0.0,0.0,0.0,0.0,0.0,0.0,0.0,0.0,0.0,0.0,0.0,0.0
79.11012839429526,39.16480168757212,90.64852137697996,1431.0,140.0,3.850675331777373,93.46411760767585,0.7134653403561626,1.03017179324718,0.8852746047122799,3.6481649679199646,6.0,0.0,15.0,4.7139853178258555,1.33679839900763,0.38055309950155064,0.28577088706358017,0.0,0.0,0.0,0.0,0.0,0.0,0.0,0.0,0.0,0.0,0.0,0.0,0.0,0.0,0.0,0.0,0.0,0.0,0.0,0.0,0.0,0.0,0.0,0.0,0.0,0.0,0.0,0.0,0.0,1.0,0.0,0.0,0.0,0.0,0.0,0.0,0.0,0.0,0.0,0.0,0.0,0.0,0.0,0.0,0.0,0.0,0.0,0.0,0.0,0.0,0.0
67.84687656085416,56.43435118857391,126.41978784614332,1467.0,167.0,3.5212960664022344,82.53855752718604,0.8176429415326356,1.281787297568011,0.8753640920957533,8.122070883982497,6.0,1.0,2.0,4.698880479664107,1.3053585309159927,0.3876754907629487,0.6388486331267634,0.0,0.0,0.0,0.0,0.0,0.0,0.0,0.0,0.0,0.0,0.0,0.0,0.0,0.0,0.0,0.0,0.0,0.0,0.0,0.0,0.0,0.0,0.0,0.0,0.0,0.0,0.0,0.0,0.0,0.0,0.0,0.0,1.0,0.0,0.0,0.0,0.0,0.0,0.0,0.0,0.0,0.0,0.0,0.0,0.0,0.0,0.0,0.0,0.0,0.0,0.0
69.22709486855184,59.02143161438084,194.83098279471344,970.0,563.0,6.072731078292612,89.1417598715757,0.7989941679154378,1.1744382394465966,0.9651462752520844,7.10092841346119,5.0,1.0,13.0,4.524002974682054,1.26350075875167,0.3571804575225955,0.5040644266544211,0.0,0.0,0.0,0.0,0.0,0.0,0.0,0.0,0.0,0.0,0.0,0.0,0.0,0.0,0.0,0.0,0.0,0.0,0.0,0.0,0.0,0.0,0.0,0.0,0.0,0.0,0.0,0.0,0.0,0.0,0.0,0.0,0.0,0.0,0.0,0.0,0.0,0.0,0.0,0.0,0.0,0.0,0.0,0.0,1.0,0.0,0.0,0.0,0.0,0.0,0.0
79.60650017586657,31.24166017972758,101.85350731815686,1262.0,218.0,6.703284228483399,90.60100270676668,0.8300654810202697,1.251337098897493,0.7299996104485423,4.377304082628454,5.0,4.0,11.0,4.829571530008232,1.3149277564404787,0.3825492837354464,0.4847699395185783,0.0,1.0,0.0,0.0,0.0,0.0,0.0,0.0,0.0,0.0,0.0,0.0,0.0,0.0,0.0,0.0,0.0,0.0,0.0,0.0,0.0,0.0,0.0,0.0,0.0,0.0,0.0,0.0,0.0,0.0,0.0,0.0,0.0,0.0,0.0,0.0,0.0,0.0,0.0,0.0,0.0,0.0,0.0,0.0,0.0,0.0,0.0,0.0,0.0,0.0,0.0
75.12385496992506,49.91745164833782,197.00424002362843,877.0,110.0,4.184591064657788,88.43328567955997,0.87863340461501,1.0829810268914106,0.9440563658316738,5.112241926728592,6.0,6.0,13.0,4.374477968685429,1.3665652485101323,0.3475141410239753,0.3658322434645927,0.0,0.0,0.0,0.0,0.0,1.0,0.0,0.0,0.0,0.0,0.0,0.0,0.0,0.0,0.0,0.0,0.0,0.0,0.0,0.0,0.0,0.0,0.0,0.0,0.0,0.0,0.0,0.0,0.0,0.0,0.0,0.0,0.0,0.0,0.0,0.0,0.0,0.0,0.0,0.0,0.0,0.0,0.0,0.0,0.0,0.0,0.0,0.0,0.0,0.0,0.0
63.39819744982089,28.274136979758385,175.98275707603622,903.0,298.0,4.071932263133005,78.70814486076026,0.8730116350469698,1.159059636377061,0.8922949361049156,4.062986026255594,6.0,0.0,19.0,4.516709930991888,1.3237631179757798,0.37576753145870256,0.368689711988826,0.0,0.0,0.0,0.0,0.0,0.0,0.0,0.0,0.0,0.0,0.0,0.0,0.0,0.0,0.0,0.0,0.0,0.0,0.0,0.0,0.0,0.0,0.0,0.0,0.0,0.0,0.0,1.0,0.0,0.0,0.0,0.0,0.0,0.0,0.0,0.0,0.0,0.0,0.0,0.0,0.0,0.0,0.0,0.0,0.0,0.0,0.0,0.0,0.0,0.0,0.0
69.44613054941584,58.73897251554629,99.07767980006886,1111.0,202.0,5.891161633921937,93.88737986213346,0.8567939243485143,1.153874649995252,0.9387780097309564,8.427758560544538,5.0,6.0,11.0,4.251796085550947,1.3384429730874492,0.32547173865204426,0.5689571318559627,1.0,0.0,0.0,0.0,0.0,0.0,0.0,0.0,0.0,0.0,0.0,0.0,0.0,0.0,0.0,0.0,0.0,0.0,0.0,0.0,0.0,0.0,0.0,0.0,0.0,0.0,0.0,0.0,0.0,0.0,0.0,0.0,0.0,0.0,0.0,0.0,0.0,0.0,0.0,0.0,0.0,0.0,0.0,0.0,0.0,0.0,0.0,0.0,0.0,0.0,0.0
77.60601605984515,40.64630608344322,152.05297306950084,426.0,241.0,4.422752224868773,78.25575640534835,0.7163634251862616,1.090141595124218,0.643505109620825,7.411123652549564,4.0,5.0,0.0,4.568432034151521,1.3550861341611853,0.39981064350783446,0.5847492438962378,0.0,0.0,0.0,0.0,0.0,0.0,0.0,0.0,0.0,0.0,0.0,0.0,0.0,0.0,0.0,0.0,0.0,0.0,0.0,0.0,0.0,0.0,0.0,0.0,0.0,0.0,0.0,0.0,0.0,0.0,0.0,0.0,0.0,0.0,0.0,0.0,0.0,0.0,0.0,0.0,0.0,0.0,0.0,0.0,1.0,0.0,0.0,0.0,0.0,0.0,0.0
69.50713879971684,32.93779991634872,193.3329680942321,365.0,496.0,3.782067056997492,76.1480324661033,0.997248104786122,1.1891872486324024,0.4083405502454122,9.30705522424893,6.0,3.0,10.0,4.296838298156132,1.3152362545397207,0.34859320903611113,0.8076696652654638,0.0,0.0,0.0,0.0,0.0,0.0,0.0,0.0,0.0,0.0,0.0,0.0,0.0,0.0,0.0,0.0,0.0,0.0,0.0,0.0,0.0,0.0,0.0,0.0,0.0,0.0,0.0,0.0,0.0,0.0,0.0,0.0,0.0,0.0,0.0,0.0,0.0,0.0,0.0,0.0,0.0,0.0,0.0,0.0,0.0,0.0,0.0,0.0,0.0,0.0,1.0
69.26182743923158,46.76369285364185,68.41722343122336,658.0,371.0,3.242536149216225,79.1494149308601,0.8734599651250728,1.4134718066992988,0.4271297164578344,8.306430958408335,4.0,4.0,21.0,4.687864752690757,1.8256412478598947,0.4375925739094449,0.8635887607956013,0.0,0.0,0.0,0.0,0.0,0.0,0.0,0.0,0.0,0.0,0.0,0.0,0.0,0.0,0.0,0.0,0.0,0.0,0.0,0.0,0.0,0.0,0.0,0.0,0.0,0.0,0.0,0.0,0.0,0.0,0.0,0.0,0.0,0.0,1.0,0.0,0.0,0.0,0.0,0.0,0.0,0.0,0.0,0.0,0.0,0.0,0.0,0.0,0.0,0.0,0.0
66.30499795634744,40.7209121941262,55.83107339492239,1374.0,579.0,5.231187125396709,74.02227184312635,0.8752656794107214,1.2825311739401428,0.4688021532401318,4.79683884034197,4.0,6.0,18.0,3.719037485809961,1.2108680494050377,0.3049988467752713,0.6085532909358683,0.0,0.0,0.0,0.0,0.0,0.0,0.0,0.0,1.0,0.0,0.0,0.0,0.0,0.0,0.0,0.0,0.0,0.0,0.0,0.0,0.0,0.0,0.0,0.0,0.0,0.0,0.0,0.0,0.0,0.0,0.0,0.0,0.0,0.0,0.0,0.0,0.0,0.0,0.0,0.0,0.0,0.0,0.0,0.0,0.0,0.0,0.0,0.0,0.0,0.0,0.0
74.04196494983589,38.65683889883943,157.2390150269593,1483.0,424.0,5.625621834468058,70.90336593350324,0.8404788328516304,0.9525390314827544,0.425685542966273,9.637240209856268,5.0,5.0,7.0,4.285130928125818,1.3204705608360603,0.3742445228947215,0.6999587240845205,0.0,0.0,0.0,0.0,0.0,0.0,0.0,0.0,0.0,0.0,0.0,0.0,0.0,0.0,0.0,0.0,0.0,0.0,0.0,0.0,0.0,0.0,0.0,0.0,0.0,0.0,0.0,0.0,0.0,0.0,0.0,0.0,0.0,0.0,0.0,0.0,0.0,0.0,0.0,0.0,0.0,0.0,0.0,0.0,0.0,1.0,0.0,0.0,0.0,0.0,0.0
74.11383341483047,57.951221331105344,135.53684509940763,1001.0,468.0,4.012888657062888,86.43876542991057,0.8636793786828264,0.9423236656491544,0.9534621955972792,7.2133060772038675,6.0,3.0,5.0,4.207046738928829,1.38714565258544,0.3404519007304107,0.3974144027276448,0.0,0.0,0.0,0.0,0.0,0.0,0.0,0.0,0.0,0.0,0.0,0.0,1.0,0.0,0.0,0.0,0.0,0.0,0.0,0.0,0.0,0.0,0.0,0.0,0.0,0.0,0.0,0.0,0.0,0.0,0.0,0.0,0.0,0.0,0.0,0.0,0.0,0.0,0.0,0.0,0.0,0.0,0.0,0.0,0.0,0.0,0.0,0.0,0.0,0.0,0.0
68.60006286928213,28.555809606500645,125.46960884235229,1359.0,398.0,2.647600021490349,85.58071518374355,0.9715457790909268,1.4420867910268766,0.998705777323194,4.354953173136814,6.0,5.0,23.0,4.243623507224047,1.2815195698169404,0.3244666460266961,0.48943406125557165,0.0,0.0,0.0,0.0,0.0,0.0,0.0,0.0,0.0,0.0,0.0,0.0,0.0,0.0,0.0,0.0,0.0,0.0,0.0,0.0,0.0,0.0,0.0,0.0,0.0,0.0,0.0,0.0,0.0,0.0,0.0,0.0,0.0,0.0,0.0,0.0,0.0,0.0,0.0,0.0,1.0,0.0,0.0,0.0,0.0,0.0,0.0,0.0,0.0,0.0,0.0
64.92103576335342,54.11333806893466,136.97907737018835,1085.0,184.0,6.742275982592835,87.5660791178173,0.7179775073012279,0.9117950744564058,0.776415336674054,7.915031553620695,5.0,6.0,23.0,4.523133718294315,1.6662331722993946,0.4068100019252763,0.476337095839197,0.0,0.0,0.0,0.0,0.0,0.0,0.0,0.0,0.0,0.0,0.0,0.0,0.0,0.0,0.0,0.0,0.0,0.0,0.0,0.0,0.0,0.0,0.0,0.0,0.0,0.0,0.0,0.0,0.0,0.0,0.0,0.0,0.0,0.0,0.0,0.0,0.0,0.0,0.0,1.0,0.0,0.0,0.0,0.0,0.0,0.0,0.0,0.0,0.0,0.0,0.0
60.82691176973748,47.45105477185568,128.07388568824234,619.0,261.0,3.939039569285636,76.68620674411588,0.8112136716175867,1.481329984868766,0.8515390123371618,1.1003792262118528,5.0,2.0,8.0,4.125468270033199,1.3615149901382417,0.3556858464911681,0.3953633722765298,0.0,0.0,0.0,0.0,0.0,0.0,1.0,0.0,0.0,0.0,0.0,0.0,0.0,0.0,0.0,0.0,0.0,0.0,0.0,0.0,0.0,0.0,0.0,0.0,0.0,0.0,0.0,0.0,0.0,0.0,0.0,0.0,0.0,0.0,0.0,0.0,0.0,0.0,0.0,0.0,0.0,0.0,0.0,0.0,0.0,0.0,0.0,0.0,0.0,0.0,0.0
71.99715842412687,36.271058647746266,111.831968107941,691.0,254.0,2.9691008875566847,79.742989770313,0.8363098208025577,1.495070565059573,0.8739161894101517,3.8515629743192537,4.0,2.0,21.0,3.678582896934127,0.9591835124026638,0.26514412203819004,0.5324181586822482,0.0,0.0,0.0,0.0,0.0,0.0,0.0,0.0,0.0,0.0,0.0,0.0,0.0,0.0,0.0,0.0,0.0,0.0,0.0,0.0,0.0,0.0,0.0,0.0,0.0,0.0,0.0,0.0,0.0,0.0,0.0,0.0,1.0,0.0,0.0,0.0,0.0,0.0,0.0,0.0,0.0,0.0,0.0,0.0,0.0,0.0,0.0,0.0,0.0,0.0,0.0
71.43123783875062,35.81444916132784,171.93015444834984,676.0,216.0,3.1404478442689863,88.44504294452368,0.917370286807022,1.084306942851603,0.73139862532779,1.567944748783081,5.0,5.0,20.0,4.839882848425416,1.3816169641585343,0.3853917426291265,0.2601479107112463,0.0,1.0,0.0,0.0,0.0,0.0,0.0,0.0,0.0,0.0,0.0,0.0,0.0,0.0,0.0,0.0,0.0,0.0,0.0,0.0,0.0,0.0,0.0,0.0,0.0,0.0,0.0,0.0,0.0,0.0,0.0,0.0,0.0,0.0,0.0,0.0,0.0,0.0,0.0,0.0,0.0,0.0,0.0,0.0,0.0,0.0,0.0,0.0,0.0,0.0,0.0
77.15973214371957,24.97632841212849,196.3087286092993,625.0,471.0,2.025328759906012,92.33659960780454,0.8603295940164569,1.1771764563695684,0.7591935191052379,8.95714444795906,4.0,5.0,21.0,5.236687793744402,1.4616998152984193,0.425870296701127,0.6670462392708176,0.0,0.0,0.0,0.0,0.0,0.0,0.0,0.0,0.0,0.0,0.0,0.0,0.0,0.0,0.0,0.0,0.0,0.0,0.0,0.0,0.0,0.0,0.0,0.0,0.0,0.0,0.0,0.0,0.0,0.0,0.0,0.0,0.0,0.0,0.0,1.0,0.0,0.0,0.0,0.0,0.0,0.0,0.0,0.0,0.0,0.0,0.0,0.0,0.0,0.0,0.0
69.95480444907419,55.20225110208726,195.2135897713109,1243.0,129.0,6.936113399714816,71.06289340220476,0.7735076834823466,0.9486601256021788,0.9991432140134296,7.635448773126092,5.0,0.0,12.0,4.989674116670031,1.4208363876508303,0.4512696236964072,0.40645920634334254,0.0,0.0,0.0,0.0,0.0,0.0,0.0,0.0,0.0,0.0,0.0,0.0,0.0,1.0,0.0,0.0,0.0,0.0,0.0,0.0,0.0,0.0,0.0,0.0,0.0,0.0,0.0,0.0,0.0,0.0,0.0,0.0,0.0,0.0,0.0,0.0,0.0,0.0,0.0,0.0,0.0,0.0,0.0,0.0,0.0,0.0,0.0,0.0,0.0,0.0,0.0
71.99947738881299,51.872149662747546,98.44008733099749,1457.0,189.0,2.675133343531928,84.75509926065949,0.9648330337565588,1.1436672778974415,0.4761072856239147,2.146224131105664,5.0,5.0,3.0,4.157305348839747,1.6978239447149779,0.35905543354580083,0.4039993194433089,0.0,0.0,0.0,0.0,0.0,0.0,0.0,0.0,0.0,0.0,0.0,0.0,0.0,0.0,0.0,0.0,0.0,0.0,0.0,0.0,0.0,0.0,0.0,0.0,0.0,0.0,0.0,0.0,0.0,0.0,0.0,0.0,0.0,0.0,0.0,0.0,0.0,0.0,0.0,1.0,0.0,0.0,0.0,0.0,0.0,0.0,0.0,0.0,0.0,0.0,0.0
67.01177699839724,29.03198982636582,81.81223355919303,1048.0,304.0,2.0276745461486665,88.50133140450119,0.913622460174908,1.3804533751786132,0.9808039608537236,1.0419975730514663,4.0,3.0,9.0,3.678582896934127,0.9591835124026638,0.26514412203819004,0.29880892576483076,0.0,0.0,0.0,0.0,0.0,0.0,0.0,0.0,0.0,0.0,0.0,0.0,0.0,0.0,0.0,0.0,0.0,0.0,0.0,0.0,0.0,0.0,0.0,0.0,0.0,0.0,0.0,0.0,1.0,0.0,0.0,0.0,0.0,0.0,0.0,0.0,0.0,0.0,0.0,0.0,0.0,0.0,0.0,0.0,0.0,0.0,0.0,0.0,0.0,0.0,0.0
62.47607848758111,49.928159787692046,198.9958243871614,1067.0,263.0,3.4207818023404566,75.78237648194201,0.7407351051176236,1.1272366467037709,0.4286218620405423,4.831152211960634,5.0,2.0,18.0,4.507060357319544,1.442111135563616,0.40530993558411554,0.5459569445759003,0.0,0.0,0.0,0.0,0.0,0.0,0.0,0.0,0.0,0.0,0.0,0.0,0.0,0.0,0.0,0.0,0.0,0.0,0.0,0.0,0.0,0.0,0.0,0.0,0.0,0.0,0.0,0.0,0.0,0.0,0.0,0.0,0.0,0.0,0.0,0.0,0.0,0.0,0.0,0.0,0.0,0.0,0.0,0.0,0.0,0.0,0.0,1.0,0.0,0.0,0.0
71.42625925526846,36.04900347900557,123.76320594178073,1027.0,590.0,6.941819029680254,71.48168977667375,0.7087343788820334,1.2471952530655028,0.715892272026047,9.410264301740392,5.0,3.0,20.0,4.331906486646122,1.4344052367079871,0.4011946556745854,0.7392135335635629,0.0,0.0,0.0,0.0,0.0,0.0,0.0,0.0,0.0,0.0,0.0,0.0,0.0,0.0,0.0,0.0,0.0,0.0,0.0,0.0,0.0,0.0,0.0,0.0,0.0,0.0,1.0,0.0,0.0,0.0,0.0,0.0,0.0,0.0,0.0,0.0,0.0,0.0,0.0,0.0,0.0,0.0,0.0,0.0,0.0,0.0,0.0,0.0,0.0,0.0,0.0
83.1659471327114,27.66363475038783,81.17687313213011,725.0,216.0,2.111273663459806,74.06149422789807,0.7491415392842766,1.084403045536506,0.9582733453184614,2.4217190161498667,5.0,0.0,4.0,4.51612064933005,1.3203667714143394,0.3970724934582501,0.22718708003461882,0.0,0.0,0.0,0.0,1.0,0.0,0.0,0.0,0.0,0.0,0.0,0.0,0.0,0.0,0.0,0.0,0.0,0.0,0.0,0.0,0.0,0.0,0.0,0.0,0.0,0.0,0.0,0.0,0.0,0.0,0.0,0.0,0.0,0.0,0.0,0.0,0.0,0.0,0.0,0.0,0.0,0.0,0.0,0.0,0.0,0.0,0.0,0.0,0.0,0.0,0.0
70.19845590802882,55.33526698133812,51.934589949869554,596.0,101.0,2.0157160752154324,84.0307946976817,0.8216356144906003,1.446622609345795,0.5205225808207686,3.919372714200504,4.0,2.0,5.0,4.3462872863840945,1.4529224757267156,0.36782071752856144,0.6295162334652972,0.0,0.0,0.0,0.0,0.0,0.0,0.0,0.0,0.0,0.0,0.0,0.0,0.0,0.0,0.0,0.0,0.0,0.0,0.0,0.0,0.0,0.0,0.0,0.0,1.0,0.0,0.0,0.0,0.0,0.0,0.0,0.0,0.0,0.0,0.0,0.0,0.0,0.0,0.0,0.0,0.0,0.0,0.0,0.0,0.0,0.0,0.0,0.0,0.0,0.0,0.0
75.37940674181854,27.11862166669342,121.97224931813604,439.0,446.0,3.883967726932015,82.80251523287147,0.8547131309420342,1.2237449721802942,0.444132581842064,3.182560277533677,4.0,6.0,8.0,5.029886423182288,1.6056538236823583,0.440801022325002,0.5065998914432965,0.0,0.0,0.0,0.0,0.0,0.0,0.0,0.0,0.0,0.0,0.0,0.0,0.0,0.0,0.0,0.0,0.0,0.0,0.0,0.0,0.0,0.0,0.0,0.0,0.0,0.0,0.0,0.0,0.0,0.0,0.0,0.0,0.0,0.0,0.0,0.0,1.0,0.0,0.0,0.0,0.0,0.0,0.0,0.0,0.0,0.0,0.0,0.0,0.0,0.0,0.0
75.03499904422391,37.12215875442611,145.30996704081497,1408.0,370.0,5.912601153181407,89.18396975181304,0.8616964972059762,1.0023542048088534,0.8637912827418996,3.69644460087064,4.0,2.0,20.0,4.53880104127245,1.2785967295195952,0.3535497116499436,0.28143438658215875,0.0,0.0,0.0,0.0,0.0,0.0,0.0,0.0,0.0,0.0,0.0,0.0,0.0,0.0,0.0,0.0,0.0,0.0,0.0,0.0,0.0,0.0,0.0,0.0,0.0,0.0,0.0,0.0,0.0,0.0,0.0,0.0,0.0,0.0,0.0,0.0,0.0,0.0,0.0,0.0,0.0,0.0,0.0,0.0,0.0,0.0,0.0,0.0,0.0,1.0,0.0
73.46519437315268,39.45076577980044,193.1802081702876,1158.0,389.0,4.144667501232075,79.82894666017516,0.9575828639309808,1.2652453153431549,0.6116636927795034,1.0709096525272532,6.0,2.0,14.0,4.1748589924790265,1.4997482701033111,0.35224241309334875,0.3658035635910957,0.0,0.0,0.0,0.0,0.0,0.0,0.0,0.0,0.0,0.0,0.0,0.0,0.0,0.0,0.0,0.0,0.0,0.0,0.0,0.0,0.0,0.0,0.0,0.0,0.0,1.0,0.0,0.0,0.0,0.0,0.0,0.0,0.0,0.0,0.0,0.0,0.0,0.0,0.0,0.0,0.0,0.0,0.0,0.0,0.0,0.0,0.0,0.0,0.0,0.0,0.0
65.6270713186513,51.72737396725319,116.76504883399323,490.0,160.0,4.828727197175878,79.60768113143504,0.986720222429036,0.949302595687982,0.7060523092548833,9.341504837788031,4.0,3.0,6.0,4.424613825223089,1.5743665841901988,0.37854239590023503,0.5899637422047748,0.0,0.0,0.0,0.0,0.0,0.0,0.0,0.0,0.0,0.0,0.0,1.0,0.0,0.0,0.0,0.0,0.0,0.0,0.0,0.0,0.0,0.0,0.0,0.0,0.0,0.0,0.0,0.0,0.0,0.0,0.0,0.0,0.0,0.0,0.0,0.0,0.0,0.0,0.0,0.0,0.0,0.0,0.0,0.0,0.0,0.0,0.0,0.0,0.0,0.0,0.0
75.59054309005565,56.43420359844042,174.55811992193276,1157.0,155.0,4.630064443727811,91.14573131846724,0.8975206486628005,1.0559625501932943,0.4758162811691567,5.226498107151352,7.0,4.0,13.0,4.324775122603266,1.378631510276572,0.3370447217220526,0.5143121848265614,1.0,0.0,0.0,0.0,0.0,0.0,0.0,0.0,0.0,0.0,0.0,0.0,0.0,0.0,0.0,0.0,0.0,0.0,0.0,0.0,0.0,0.0,0.0,0.0,0.0,0.0,0.0,0.0,0.0,0.0,0.0,0.0,0.0,0.0,0.0,0.0,0.0,0.0,0.0,0.0,0.0,0.0,0.0,0.0,0.0,0.0,0.0,0.0,0.0,0.0,0.0
74.25365912935307,57.49821950865695,140.547277809204,908.0,530.0,5.498788326155738,71.97618357638318,0.8639135787081983,1.299544042547838,0.7945315379921397,4.501792670566366,4.0,1.0,7.0,3.9757321121346725,1.8473826609583988,0.42223260200558044,0.49358663827181637,0.0,0.0,0.0,0.0,0.0,0.0,0.0,0.0,0.0,0.0,0.0,0.0,0.0,0.0,0.0,0.0,0.0,0.0,0.0,0.0,0.0,0.0,0.0,0.0,0.0,0.0,0.0,0.0,0.0,0.0,0.0,0.0,0.0,0.0,0.0,0.0,0.0,0.0,0.0,1.0,0.0,0.0,0.0,0.0,0.0,0.0,0.0,0.0,0.0,0.0,0.0
70.4209768947541,50.87140765074936,124.7760632785614,1497.0,109.0,2.4430751959396897,81.33044521505639,0.7574075770966571,0.9208085987409989,0.6909615225782596,4.6559071135677375,6.0,0.0,9.0,4.256045948456306,1.373964039847683,0.36428404830055455,0.346310774883615,0.0,0.0,0.0,0.0,0.0,0.0,0.0,0.0,0.0,0.0,0.0,0.0,1.0,0.0,0.0,0.0,0.0,0.0,0.0,0.0,0.0,0.0,0.0,0.0,0.0,0.0,0.0,0.0,0.0,0.0,0.0,0.0,0.0,0.0,0.0,0.0,0.0,0.0,0.0,0.0,0.0,0.0,0.0,0.0,0.0,0.0,0.0,0.0,0.0,0.0,0.0
72.78195873480507,24.561284781070924,127.60562696298246,1400.0,493.0,6.514503988148245,85.39663930912555,0.7328192990618765,1.0583695197307452,0.8092039911395301,3.668679262655061,6.0,3.0,0.0,4.209044288526097,1.3512610735170416,0.35236912561026146,0.3263004450867055,0.0,0.0,0.0,0.0,0.0,0.0,0.0,0.0,0.0,0.0,0.0,0.0,0.0,0.0,0.0,0.0,0.0,0.0,0.0,0.0,0.0,0.0,0.0,0.0,0.0,0.0,0.0,0.0,0.0,0.0,1.0,0.0,0.0,0.0,0.0,0.0,0.0,0.0,0.0,0.0,0.0,0.0,0.0,0.0,0.0,0.0,0.0,0.0,0.0,0.0,0.0
70.39871656032805,54.2787376911482,117.47809449441188,1053.0,425.0,5.1635175495053165,86.19949917405191,0.8475926578551283,1.0162900856209405,0.4792183220328838,6.880227767507153,4.0,6.0,23.0,4.620480269190076,1.5785786971036193,0.3966498705917072,0.5760598052751242,0.0,0.0,0.0,0.0,0.0,0.0,0.0,0.0,0.0,0.0,0.0,0.0,0.0,0.0,0.0,0.0,0.0,0.0,0.0,0.0,0.0,0.0,0.0,0.0,0.0,0.0,0.0,0.0,0.0,0.0,0.0,0.0,0.0,0.0,0.0,0.0,0.0,0.0,0.0,0.0,0.0,0.0,0.0,0.0,0.0,0.0,0.0,1.0,0.0,0.0,0.0
74.1787243741223,57.13557441914958,74.8984656019348,982.0,417.0,4.760696468154936,86.08917695649579,0.8150786250507839,1.1839222835117296,0.8502318271626703,4.780610992435555,5.0,6.0,12.0,4.3963727659752605,1.3899239894052344,0.3626857412074457,0.43107695547485003,0.0,0.0,0.0,0.0,0.0,0.0,0.0,0.0,0.0,0.0,0.0,0.0,0.0,0.0,0.0,0.0,0.0,0.0,0.0,1.0,0.0,0.0,0.0,0.0,0.0,0.0,0.0,0.0,0.0,0.0,0.0,0.0,0.0,0.0,0.0,0.0,0.0,0.0,0.0,0.0,0.0,0.0,0.0,0.0,0.0,0.0,0.0,0.0,0.0,0.0,0.0
72.51697198583115,22.08726453421753,141.00510683843754,640.0,395.0,2.8870705900840195,88.84310673720044,0.9604458511777664,1.2850430472412933,0.8767872649640234,8.822494744859727,4.0,5.0,13.0,4.088688054625585,1.4754440210291495,0.32413865465579567,0.6750465503067988,0.0,0.0,0.0,0.0,0.0,0.0,0.0,0.0,0.0,0.0,0.0,0.0,0.0,0.0,0.0,0.0,0.0,0.0,0.0,0.0,0.0,0.0,0.0,0.0,0.0,0.0,0.0,0.0,1.0,0.0,0.0,0.0,0.0,0.0,0.0,0.0,0.0,0.0,0.0,0.0,0.0,0.0,0.0,0.0,0.0,0.0,0.0,0.0,0.0,0.0,0.0
66.39166682705884,40.60557264675974,172.7233060060446,603.0,384.0,3.346488095142466,86.36715160944328,0.9949473108596464,1.4066953577427723,0.5510093493490525,6.389912682332239,4.0,1.0,14.0,5.236687793744402,0.9881999081546035,0.4116420864395047,0.7229626362841104,0.0,0.0,0.0,0.0,0.0,0.0,0.0,0.0,0.0,0.0,0.0,0.0,0.0,0.0,0.0,0.0,0.0,0.0,0.0,0.0,0.0,0.0,0.0,1.0,0.0,0.0,0.0,0.0,0.0,0.0,0.0,0.0,0.0,0.0,0.0,0.0,0.0,0.0,0.0,0.0,0.0,0.0,0.0,0.0,0.0,0.0,0.0,0.0,0.0,0.0,0.0
76.4338546167434,30.616027749740105,197.3050137738497,442.0,491.0,5.427568680832657,78.45179147222709,0.9827040566567136,1.2405981195173883,0.5116600821100544,7.954220478885371,7.0,2.0,4.0,4.319247754934614,1.4609250881653923,0.3612923706383055,0.7312305381778318,0.0,0.0,1.0,0.0,0.0,0.0,0.0,0.0,0.0,0.0,0.0,0.0,0.0,0.0,0.0,0.0,0.0,0.0,0.0,0.0,0.0,0.0,0.0,0.0,0.0,0.0,0.0,0.0,0.0,0.0,0.0,0.0,0.0,0.0,0.0,0.0,0.0,0.0,0.0,0.0,0.0,0.0,0.0,0.0,0.0,0.0,0.0,0.0,0.0,0.0,0.0
62.18172633768127,57.92484064315167,186.703947477254,1130.0,222.0,3.196425109805096,71.26656459002697,0.8054261056363552,1.4264125872080595,0.9775650773328708,6.306124803791235,6.0,3.0,17.0,4.229144403251805,1.398761330289199,0.3796459199093067,0.5862659696540508,0.0,0.0,0.0,0.0,0.0,0.0,0.0,0.0,0.0,0.0,0.0,0.0,0.0,0.0,0.0,0.0,0.0,0.0,0.0,0.0,0.0,0.0,0.0,0.0,0.0,0.0,1.0,0.0,0.0,0.0,0.0,0.0,0.0,0.0,0.0,0.0,0.0,0.0,0.0,0.0,0.0,0.0,0.0,0.0,0.0,0.0,0.0,0.0,0.0,0.0,0.0
67.29030022958497,55.41093628643089,64.44953391230115,1329.0,148.0,2.693835915060091,84.7467251049397,0.8879045636785723,1.4471538408850144,0.4080682636700354,6.0232259392793015,5.0,6.0,14.0,4.3129210897782375,1.519372514593027,0.3632145164101126,0.7725758861081619,0.0,0.0,0.0,0.0,0.0,0.0,0.0,0.0,1.0,0.0,0.0,0.0,0.0,0.0,0.0,0.0,0.0,0.0,0.0,0.0,0.0,0.0,0.0,0.0,0.0,0.0,0.0,0.0,0.0,0.0,0.0,0.0,0.0,0.0,0.0,0.0,0.0,0.0,0.0,0.0,0.0,0.0,0.0,0.0,0.0,0.0,0.0,0.0,0.0,0.0,0.0
68.54398811450984,45.15641562484548,152.87479609563275,1213.0,553.0,2.440934272510555,93.22765073618277,0.9722055177297548,1.1899491871117087,0.6619126071076433,5.614622638422352,7.0,2.0,12.0,4.569101760098661,1.5224494417966854,0.3603201113627752,0.5386764381641702,0.0,0.0,0.0,0.0,0.0,0.0,0.0,0.0,0.0,0.0,0.0,0.0,0.0,0.0,0.0,0.0,0.0,1.0,0.0,0.0,0.0,0.0,0.0,0.0,0.0,0.0,0.0,0.0,0.0,0.0,0.0,0.0,0.0,0.0,0.0,0.0,0.0,0.0,0.0,0.0,0.0,0.0,0.0,0.0,0.0,0.0,0.0,0.0,0.0,0.0,0.0
72.89116960971555,47.055150701323534,155.2561406478472,1012.0,355.0,5.115273041096774,77.53535953489096,0.8342058112027443,1.4120799982502674,0.9694787571553384,5.552935445177983,5.0,3.0,0.0,4.948596519718328,1.5277314160949116,0.4389006523789686,0.5441081742570276,0.0,0.0,0.0,0.0,0.0,0.0,0.0,0.0,0.0,0.0,0.0,0.0,0.0,0.0,0.0,0.0,0.0,0.0,0.0,0.0,0.0,0.0,1.0,0.0,0.0,0.0,0.0,0.0,0.0,0.0,0.0,0.0,0.0,0.0,0.0,0.0,0.0,0.0,0.0,0.0,0.0,0.0,0.0,0.0,0.0,0.0,0.0,0.0,0.0,0.0,0.0
68.69192984555707,39.93298205471008,139.2882087462826,1379.0,108.0,3.512630623126693,91.26474382445792,0.7530461044585746,0.9938233684293166,0.6824397010424778,7.045064362056726,3.0,6.0,13.0,5.000817551740475,1.2137959636324065,0.39411021941713875,0.5052324697603835,0.0,0.0,0.0,0.0,0.0,0.0,0.0,0.0,0.0,0.0,0.0,0.0,0.0,0.0,0.0,0.0,0.0,0.0,0.0,0.0,0.0,1.0,0.0,0.0,0.0,0.0,0.0,0.0,0.0,0.0,0.0,0.0,0.0,0.0,0.0,0.0,0.0,0.0,0.0,0.0,0.0,0.0,0.0,0.0,0.0,0.0,0.0,0.0,0.0,0.0,0.0
67.7414805695387,40.02461949151956,155.62840177351595,1044.0,194.0,2.984663969348472,77.04071328830153,0.9954238734801094,1.231509799831775,0.4345591344871056,3.63515516578751,6.0,4.0,14.0,4.261441099881146,1.3799428554002302,0.350100334591773,0.53632564006472,0.0,0.0,0.0,0.0,0.0,0.0,0.0,0.0,0.0,0.0,0.0,0.0,0.0,0.0,0.0,0.0,0.0,0.0,0.0,0.0,0.0,0.0,0.0,0.0,0.0,0.0,0.0,0.0,0.0,0.0,1.0,0.0,0.0,0.0,0.0,0.0,0.0,0.0,0.0,0.0,0.0,0.0,0.0,0.0,0.0,0.0,0.0,0.0,0.0,0.0,0.0
74.397636370607,59.72045005123241,188.27943263879925,644.0,154.0,5.560256812502673,85.8208145525768,0.7581748920035539,1.479868174204419,0.8755096467639087,2.167666842823764,5.0,1.0,23.0,4.773566269304195,1.3988892891992308,0.40246104660133775,0.44002926985458607,0.0,0.0,0.0,0.0,0.0,0.0,0.0,0.0,0.0,0.0,0.0,0.0,0.0,0.0,0.0,0.0,0.0,0.0,0.0,0.0,0.0,0.0,0.0,0.0,0.0,0.0,0.0,0.0,0.0,0.0,0.0,0.0,0.0,0.0,0.0,0.0,0.0,0.0,0.0,0.0,0.0,0.0,0.0,0.0,0.0,0.0,0.0,0.0,0.0,1.0,0.0
74.6149323965729,56.47151268750925,84.13086619263208,713.0,109.0,2.697392390861576,85.64828745307659,0.7262375380623172,1.2342116878578575,0.7533002890862721,7.530622306307626,5.0,3.0,14.0,4.537877492170126,1.2041179552833376,0.3669758838275296,0.6261876940623585,0.0,0.0,0.0,0.0,0.0,0.0,0.0,0.0,0.0,0.0,0.0,0.0,0.0,0.0,0.0,0.0,0.0,0.0,0.0,0.0,0.0,1.0,0.0,0.0,0.0,0.0,0.0,0.0,0.0,0.0,0.0,0.0,0.0,0.0,0.0,0.0,0.0,0.0,0.0,0.0,0.0,0.0,0.0,0.0,0.0,0.0,0.0,0.0,0.0,0.0,0.0
61.02160678046899,38.51984496735322,102.56300984677904,859.0,368.0,5.195995296992688,84.28150441362905,0.801471832879186,1.4158251711726368,0.7129291109914269,7.610424940201959,5.0,1.0,11.0,4.496003294585777,1.2827285924846978,0.36606222985952486,0.7345519324495445,0.0,0.0,0.0,0.0,0.0,0.0,0.0,0.0,0.0,0.0,0.0,0.0,0.0,0.0,0.0,0.0,0.0,0.0,0.0,0.0,0.0,0.0,0.0,0.0,0.0,0.0,0.0,0.0,0.0,0.0,0.0,0.0,0.0,0.0,0.0,0.0,0.0,0.0,0.0,0.0,0.0,0.0,0.0,0.0,1.0,0.0,0.0,0.0,0.0,0.0,0.0
72.29313993257705,22.825537646274032,72.7187362839594,558.0,459.0,4.446658333397206,82.15408095921059,0.8194701019162212,0.9767768481891632,0.431199388349,2.7668958419936187,5.0,2.0,11.0,4.60013538646612,1.7232908933015187,0.4196063742101829,0.3665137712241907,0.0,0.0,0.0,0.0,0.0,0.0,0.0,0.0,0.0,0.0,0.0,0.0,0.0,0.0,0.0,0.0,0.0,0.0,0.0,0.0,0.0,0.0,0.0,0.0,0.0,0.0,0.0,0.0,0.0,0.0,0.0,0.0,0.0,0.0,0.0,0.0,0.0,0.0,0.0,0.0,0.0,0.0,1.0,0.0,0.0,0.0,0.0,0.0,0.0,0.0,0.0
70.12554829238171,57.53401553554252,181.43456415956825,311.0,305.0,2.1382677374763137,76.81849683033244,0.9307268008524164,0.95224485456504,0.8693794597346656,7.346965776683686,5.0,3.0,22.0,4.352220402833614,1.2831853835093658,0.35564436944563016,0.43713173390719456,0.0,0.0,0.0,0.0,0.0,0.0,0.0,0.0,0.0,0.0,0.0,0.0,0.0,0.0,0.0,0.0,0.0,0.0,0.0,0.0,0.0,0.0,0.0,0.0,0.0,0.0,0.0,0.0,0.0,0.0,0.0,0.0,0.0,0.0,0.0,0.0,0.0,0.0,0.0,0.0,0.0,0.0,0.0,0.0,0.0,1.0,0.0,0.0,0.0,0.0,0.0
76.52760485670824,44.75825783143586,54.91821864203965,1170.0,138.0,3.99487134633533,86.92116074524645,0.8296724177842878,1.0333651040028349,0.9561854184807465,3.484299034130232,4.0,5.0,2.0,3.679632648592051,1.3023348599409323,0.28907810411401424,0.2555024718223452,0.0,0.0,0.0,0.0,0.0,0.0,0.0,0.0,1.0,0.0,0.0,0.0,0.0,0.0,0.0,0.0,0.0,0.0,0.0,0.0,0.0,0.0,0.0,0.0,0.0,0.0,0.0,0.0,0.0,0.0,0.0,0.0,0.0,0.0,0.0,0.0,0.0,0.0,0.0,0.0,0.0,0.0,0.0,0.0,0.0,0.0,0.0,0.0,0.0,0.0,0.0
66.27526813990143,41.34468593560437,103.3363306612909,1395.0,125.0,5.6557180865272905,79.15914783654037,0.7424723908333165,1.0741566064720267,0.8557457530476205,6.219375971465655,6.0,1.0,23.0,4.935852265801523,1.5573930239403064,0.44655385837672773,0.4462832793138287,0.0,0.0,0.0,0.0,0.0,0.0,0.0,0.0,0.0,0.0,0.0,0.0,0.0,0.0,0.0,0.0,0.0,0.0,0.0,0.0,0.0,0.0,0.0,0.0,0.0,0.0,0.0,0.0,0.0,0.0,0.0,0.0,0.0,0.0,0.0,0.0,0.0,0.0,0.0,0.0,0.0,0.0,0.0,1.0,0.0,0.0,0.0,0.0,0.0,0.0,0.0
76.71696860691638,48.28354382059155,138.6967967295214,1346.0,162.0,4.3070977360266,75.56778326894693,0.8230773703796718,1.27201246367688,0.6078535082163143,2.014576755675672,6.0,3.0,2.0,4.708967713958758,1.5681287937524155,0.42703651037933266,0.4176755664428382,0.0,0.0,0.0,0.0,0.0,0.0,0.0,0.0,0.0,0.0,0.0,0.0,0.0,0.0,0.0,0.0,0.0,0.0,0.0,0.0,0.0,0.0,0.0,0.0,0.0,0.0,0.0,0.0,0.0,0.0,0.0,0.0,0.0,0.0,0.0,0.0,0.0,0.0,0.0,0.0,0.0,0.0,1.0,0.0,0.0,0.0,0.0,0.0,0.0,0.0,0.0
76.30930731289749,37.8242351829043,142.644489762118,777.0,194.0,2.139779578693426,94.7106416070358,0.8956108469705142,1.0621791738261546,0.7185967326944811,7.257405700443168,6.0,3.0,18.0,4.407779556266895,1.4050608391414052,0.33982346987856743,0.5379998012544647,0.0,0.0,0.0,0.0,0.0,1.0,0.0,0.0,0.0,0.0,0.0,0.0,0.0,0.0,0.0,0.0,0.0,0.0,0.0,0.0,0.0,0.0,0.0,0.0,0.0,0.0,0.0,0.0,0.0,0.0,0.0,0.0,0.0,0.0,0.0,0.0,0.0,0.0,0.0,0.0,0.0,0.0,0.0,0.0,0.0,0.0,0.0,0.0,0.0,0.0,0.0
77.4089802087657,33.233747066932146,142.23012706179225,525.0,594.0,5.613952006676053,73.6100195147922,0.9465926139552316,0.937648312013838,0.6903785492808029,2.8943770937587288,7.0,1.0,11.0,4.906082608957157,1.525672013058385,0.4316312477646018,0.2668010908383638,0.0,0.0,0.0,0.0,0.0,0.0,0.0,0.0,0.0,0.0,0.0,0.0,0.0,0.0,0.0,0.0,0.0,0.0,0.0,0.0,0.0,0.0,0.0,0.0,0.0,0.0,0.0,0.0,0.0,0.0,0.0,0.0,0.0,0.0,0.0,0.0,0.0,0.0,0.0,0.0,0.0,0.0,0.0,1.0,0.0,0.0,0.0,0.0,0.0,0.0,0.0
72.62716053670154,31.53701485418373,159.47745750947075,382.0,279.0,6.739589877219167,87.51847570255096,0.9067490063776628,1.3449456622011269,0.9278310626656316,0.2645831274676857,5.0,2.0,16.0,4.501323259498825,1.355653060774936,0.3564843045349748,0.25982300086253074,0.0,0.0,0.0,0.0,1.0,0.0,0.0,0.0,0.0,0.0,0.0,0.0,0.0,0.0,0.0,0.0,0.0,0.0,0.0,0.0,0.0,0.0,0.0,0.0,0.0,0.0,0.0,0.0,0.0,0.0,0.0,0.0,0.0,0.0,0.0,0.0,0.0,0.0,0.0,0.0,0.0,0.0,0.0,0.0,0.0,0.0,0.0,0.0,0.0,0.0,0.0
59.40882777198512,51.40208503003733,66.74289872544628,316.0,463.0,5.660011428308334,94.0747753591182,0.8070797739626724,0.9477155170234854,0.6498460042852354,1.8578782228704016,4.0,1.0,0.0,4.164759481827667,1.0499615688243007,0.2949812371044813,0.23351049718882327,0.0,0.0,0.0,0.0,1.0,0.0,0.0,0.0,0.0,0.0,0.0,0.0,0.0,0.0,0.0,0.0,0.0,0.0,0.0,0.0,0.0,0.0,0.0,0.0,0.0,0.0,0.0,0.0,0.0,0.0,0.0,0.0,0.0,0.0,0.0,0.0,0.0,0.0,0.0,0.0,0.0,0.0,0.0,0.0,0.0,0.0,0.0,0.0,0.0,0.0,0.0
74.22470469961002,51.98098227701632,111.10881353570568,333.0,441.0,2.7301105594956194,83.5428477401546,0.868803070013763,1.180113854080873,0.66517274445916,8.042202950960757,4.0,0.0,18.0,4.177125737483286,0.9591835124026638,0.27506149841171157,0.654121892828558,0.0,0.0,0.0,0.0,0.0,0.0,0.0,0.0,0.0,0.0,0.0,0.0,0.0,0.0,0.0,0.0,0.0,0.0,0.0,0.0,0.0,0.0,0.0,0.0,0.0,0.0,0.0,0.0,0.0,0.0,0.0,0.0,0.0,0.0,0.0,0.0,0.0,0.0,0.0,0.0,0.0,0.0,0.0,0.0,0.0,0.0,0.0,0.0,0.0,0.0,1.0
75.99343532110011,54.49155748878511,63.27085790170899,1185.0,268.0,3.02534723088596,85.53044926394176,0.8784416730841639,1.0516387464802377,0.4582746142205125,4.384013013099546,4.0,1.0,21.0,4.0312109751086656,1.6519826483269453,0.35083817256200384,0.47585206235165906,1.0,0.0,0.0,0.0,0.0,0.0,0.0,0.0,0.0,0.0,0.0,0.0,0.0,0.0,0.0,0.0,0.0,0.0,0.0,0.0,0.0,0.0,0.0,0.0,0.0,0.0,0.0,0.0,0.0,0.0,0.0,0.0,0.0,0.0,0.0,0.0,0.0,0.0,0.0,0.0,0.0,0.0,0.0,0.0,0.0,0.0,0.0,0.0,0.0,0.0,0.0
71.15073648885017,34.77810588403156,106.119183879686,1457.0,181.0,3.9420533754162346,88.63945463420545,0.887688451851271,1.3309142721197411,0.8572957901723799,7.922796709175178,4.0,1.0,23.0,3.9996566415186456,1.469574020111374,0.32354469000861,0.659497146152734,0.0,0.0,0.0,0.0,0.0,0.0,0.0,0.0,0.0,0.0,0.0,0.0,0.0,0.0,0.0,0.0,0.0,0.0,0.0,0.0,0.0,0.0,0.0,0.0,0.0,0.0,0.0,0.0,0.0,0.0,1.0,0.0,0.0,0.0,0.0,0.0,0.0,0.0,0.0,0.0,0.0,0.0,0.0,0.0,0.0,0.0,0.0,0.0,0.0,0.0,0.0
70.2106878379389,26.1307166018204,89.61194129075756,1207.0,323.0,5.092262926691563,82.87160306681362,0.796598883474751,1.4359347944648015,0.6142265896702815,7.14565453903248,5.0,2.0,0.0,4.4397233580461,1.4825047719164888,0.38356553360415907,0.7543077088592207,0.0,0.0,0.0,0.0,0.0,0.0,0.0,0.0,0.0,0.0,0.0,0.0,1.0,0.0,0.0,0.0,0.0,0.0,0.0,0.0,0.0,0.0,0.0,0.0,0.0,0.0,0.0,0.0,0.0,0.0,0.0,0.0,0.0,0.0,0.0,0.0,0.0,0.0,0.0,0.0,0.0,0.0,0.0,0.0,0.0,0.0,0.0,0.0,0.0,0.0,0.0
66.27745791323187,49.188069861338704,91.57722889651494,1020.0,241.0,2.515311743594814,94.55628088696648,0.9859553676949956,1.094408545184096,0.8596708181285307,1.1012169214414649,6.0,2.0,0.0,4.756414811243542,1.540483621049551,0.3742445736901039,0.19903863978473613,0.0,0.0,0.0,0.0,0.0,0.0,0.0,0.0,0.0,0.0,0.0,0.0,0.0,0.0,0.0,0.0,0.0,0.0,0.0,0.0,0.0,0.0,0.0,0.0,0.0,0.0,0.0,0.0,0.0,0.0,0.0,0.0,0.0,0.0,0.0,0.0,0.0,0.0,0.0,0.0,0.0,0.0,1.0,0.0,0.0,0.0,0.0,0.0,0.0,0.0,0.0
65.78378673768069,45.52342566166711,156.38063205547806,579.0,401.0,2.56376744274658,83.73305145444107,0.8972300007704873,1.2534868843402958,0.5887811984897773,1.1047714349676752,5.0,5.0,11.0,4.628605170602329,1.709461557786547,0.4098195951641648,0.3692502561422596,0.0,0.0,0.0,0.0,0.0,0.0,0.0,0.0,0.0,0.0,0.0,0.0,0.0,0.0,0.0,0.0,0.0,0.0,0.0,0.0,0.0,0.0,0.0,0.0,0.0,0.0,0.0,0.0,0.0,0.0,0.0,0.0,0.0,1.0,0.0,0.0,0.0,0.0,0.0,0.0,0.0,0.0,0.0,0.0,0.0,0.0,0.0,0.0,0.0,0.0,0.0
70.0059470901005,33.22467775221214,184.66156442030663,1355.0,104.0,5.667026890688609,83.29070037444238,0.9999027996830192,1.0190809877313525,0.6739798532375418,6.213020275583343,6.0,6.0,14.0,4.520728016312235,1.546682346050094,0.3755453164070135,0.47906882974041404,0.0,0.0,0.0,0.0,0.0,0.0,0.0,0.0,0.0,1.0,0.0,0.0,0.0,0.0,0.0,0.0,0.0,0.0,0.0,0.0,0.0,0.0,0.0,0.0,0.0,0.0,0.0,0.0,0.0,0.0,0.0,0.0,0.0,0.0,0.0,0.0,0.0,0.0,0.0,0.0,0.0,0.0,0.0,0.0,0.0,0.0,0.0,0.0,0.0,0.0,0.0
73.30642924500214,31.033911822417203,71.68152462736543,1181.0,108.0,5.102670592563099,86.4083433323252,0.8084021505973917,1.4846347456340685,0.720415102910454,3.814539821799257,6.0,2.0,7.0,4.574899552393518,1.474279206178246,0.38624240032708945,0.5765773377465762,0.0,0.0,0.0,0.0,0.0,0.0,0.0,0.0,0.0,0.0,0.0,1.0,0.0,0.0,0.0,0.0,0.0,0.0,0.0,0.0,0.0,0.0,0.0,0.0,0.0,0.0,0.0,0.0,0.0,0.0,0.0,0.0,0.0,0.0,0.0,0.0,0.0,0.0,0.0,0.0,0.0,0.0,0.0,0.0,0.0,0.0,0.0,0.0,0.0,0.0,0.0
74.57085617501147,32.655486003187704,147.4097757867185,556.0,231.0,3.985404114686771,73.79811016444201,0.8999271061370995,1.3731491496367303,0.4313752570375399,0.1951800343474508,4.0,5.0,17.0,4.582039204591632,1.1662764501001983,0.37352186839950446,0.43617015116750946,0.0,0.0,0.0,0.0,0.0,0.0,0.0,0.0,0.0,0.0,0.0,0.0,1.0,0.0,0.0,0.0,0.0,0.0,0.0,0.0,0.0,0.0,0.0,0.0,0.0,0.0,0.0,0.0,0.0,0.0,0.0,0.0,0.0,0.0,0.0,0.0,0.0,0.0,0.0,0.0,0.0,0.0,0.0,0.0,0.0,0.0,0.0,0.0,0.0,0.0,0.0
66.4750449214027,29.64216434651544,178.6707826558058,583.0,368.0,6.946633255552108,90.36187606888842,0.8457796102025441,0.9752925655938488,0.9704332836828812,0.2124550509380884,5.0,3.0,16.0,4.1844465289415265,1.3552996588348163,0.32939627066705024,0.057985715047758665,0.0,0.0,0.0,0.0,0.0,0.0,0.0,0.0,0.0,0.0,0.0,0.0,0.0,0.0,0.0,0.0,0.0,0.0,0.0,0.0,0.0,0.0,0.0,0.0,0.0,0.0,0.0,0.0,0.0,0.0,0.0,0.0,0.0,0.0,0.0,0.0,0.0,0.0,0.0,0.0,0.0,1.0,0.0,0.0,0.0,0.0,0.0,0.0,0.0,0.0,0.0
72.79672479518312,24.29585784583576,165.70604709240166,652.0,156.0,5.43416079891867,71.05762369833022,0.8702815112601436,1.2496185799638977,0.9095994118211944,5.125795341692113,6.0,3.0,14.0,4.384623716975556,1.3151031903614718,0.37906654428685893,0.4614125182519343,0.0,0.0,0.0,0.0,0.0,0.0,0.0,0.0,0.0,0.0,0.0,0.0,0.0,0.0,0.0,0.0,0.0,0.0,0.0,0.0,0.0,0.0,0.0,0.0,0.0,0.0,0.0,0.0,0.0,0.0,0.0,0.0,0.0,0.0,0.0,0.0,0.0,1.0,0.0,0.0,0.0,0.0,0.0,0.0,0.0,0.0,0.0,0.0,0.0,0.0,0.0
65.18572083326588,28.68203222002513,99.78431910583956,1314.0,375.0,4.427281081614752,84.02042805861147,0.95758073846077,0.9546502691116672,0.8068068891927045,8.820991711469231,5.0,5.0,0.0,4.761294694016822,1.4721696749058908,0.39205425261226545,0.5329688270383626,0.0,0.0,0.0,0.0,0.0,0.0,0.0,0.0,0.0,0.0,0.0,0.0,0.0,0.0,0.0,0.0,1.0,0.0,0.0,0.0,0.0,0.0,0.0,0.0,0.0,0.0,0.0,0.0,0.0,0.0,0.0,0.0,0.0,0.0,0.0,0.0,0.0,0.0,0.0,0.0,0.0,0.0,0.0,0.0,0.0,0.0,0.0,0.0,0.0,0.0,0.0
68.20318830792068,45.20728023364261,99.0445698513047,1270.0,478.0,2.318308448439117,77.23076496216221,0.8566845030235934,1.103212522602229,0.838034227591749,0.2718496022736549,6.0,2.0,1.0,4.5232509280692845,1.5115108746525547,0.3988476016037344,0.16917199595009957,0.0,0.0,0.0,0.0,0.0,0.0,0.0,0.0,0.0,0.0,0.0,0.0,0.0,0.0,0.0,0.0,0.0,0.0,0.0,0.0,0.0,0.0,1.0,0.0,0.0,0.0,0.0,0.0,0.0,0.0,0.0,0.0,0.0,0.0,0.0,0.0,0.0,0.0,0.0,0.0,0.0,0.0,0.0,0.0,0.0,0.0,0.0,0.0,0.0,0.0,0.0
75.73408248087816,34.91607364660673,132.57125677635617,1446.0,388.0,4.246765044083895,82.692092037167,0.9320599029545056,0.9377755926284574,0.4446743727961634,2.1121968506641853,4.0,0.0,5.0,4.160127410822584,1.5503224241826346,0.3526202890059246,0.309740473219269,0.0,0.0,0.0,0.0,0.0,0.0,1.0,0.0,0.0,0.0,0.0,0.0,0.0,0.0,0.0,0.0,0.0,0.0,0.0,0.0,0.0,0.0,0.0,0.0,0.0,0.0,0.0,0.0,0.0,0.0,0.0,0.0,0.0,0.0,0.0,0.0,0.0,0.0,0.0,0.0,0.0,0.0,0.0,0.0,0.0,0.0,0.0,0.0,0.0,0.0,0.0
61.064564208944354,54.92745096975453,160.87042343783503,346.0,308.0,3.648251805742764,79.06398649010409,0.8457456437337006,1.1481537451234465,0.982269003060899,9.847418473613825,7.0,6.0,13.0,4.593437385455716,1.5233046736843479,0.40348430689851,0.6226058033558646,0.0,0.0,0.0,0.0,0.0,0.0,0.0,0.0,0.0,1.0,0.0,0.0,0.0,0.0,0.0,0.0,0.0,0.0,0.0,0.0,0.0,0.0,0.0,0.0,0.0,0.0,0.0,0.0,0.0,0.0,0.0,0.0,0.0,0.0,0.0,0.0,0.0,0.0,0.0,0.0,0.0,0.0,0.0,0.0,0.0,0.0,0.0,0.0,0.0,0.0,0.0
68.0456533953208,22.28635629070482,97.46500461116364,533.0,396.0,4.726875041826205,71.41746627185883,0.9021111409943,1.005123737337691,0.7474821440768307,9.472388480305984,7.0,5.0,23.0,4.422723084479779,1.6314229753273728,0.4086674567352524,0.6106221354039113,0.0,0.0,0.0,0.0,0.0,0.0,0.0,0.0,0.0,0.0,0.0,0.0,0.0,0.0,0.0,0.0,0.0,0.0,0.0,0.0,0.0,0.0,0.0,0.0,0.0,0.0,0.0,0.0,0.0,0.0,0.0,0.0,0.0,0.0,0.0,0.0,0.0,0.0,0.0,1.0,0.0,0.0,0.0,0.0,0.0,0.0,0.0,0.0,0.0,0.0,0.0
68.8059003040936,35.03620654504017,99.4159676605217,1468.0,168.0,4.717643064818594,87.82231071222789,0.8675189650659779,1.0357659643825423,0.5054556824259164,9.287877386297415,6.0,1.0,23.0,4.58321762252778,1.6089974259583444,0.3910862801635823,0.6975090353333042,0.0,0.0,0.0,0.0,0.0,0.0,0.0,0.0,0.0,0.0,0.0,0.0,0.0,0.0,0.0,0.0,0.0,0.0,0.0,0.0,0.0,0.0,0.0,0.0,0.0,0.0,0.0,0.0,0.0,0.0,0.0,0.0,0.0,0.0,0.0,0.0,1.0,0.0,0.0,0.0,0.0,0.0,0.0,0.0,0.0,0.0,0.0,0.0,0.0,0.0,0.0
68.76171219904309,51.37939012952499,78.59099065921326,516.0,121.0,6.004737951515872,90.4745851386525,0.8815196109419303,1.426242122517428,0.6949661641519382,4.982989772662569,4.0,2.0,17.0,4.337838175989187,1.251471699740934,0.3289784301952796,0.6143058909229417,0.0,0.0,0.0,0.0,0.0,0.0,0.0,0.0,0.0,0.0,0.0,0.0,0.0,0.0,0.0,0.0,0.0,0.0,0.0,0.0,0.0,0.0,0.0,0.0,0.0,0.0,0.0,0.0,0.0,0.0,0.0,0.0,0.0,0.0,0.0,0.0,0.0,0.0,0.0,0.0,0.0,0.0,0.0,0.0,1.0,0.0,0.0,0.0,0.0,0.0,0.0
73.1858367184178,47.49235116381155,134.28600247529147,614.0,258.0,3.537934934158844,75.87092996581165,0.9342525776177012,1.2372453069678162,0.6013393151230854,0.2727423325132683,5.0,6.0,1.0,4.684164804860125,1.476367482340532,0.4044018368958982,0.3153019626566249,0.0,0.0,0.0,0.0,0.0,0.0,0.0,0.0,0.0,0.0,0.0,0.0,0.0,0.0,0.0,0.0,0.0,0.0,0.0,0.0,0.0,0.0,0.0,0.0,0.0,0.0,0.0,0.0,0.0,0.0,0.0,0.0,0.0,0.0,0.0,0.0,0.0,0.0,0.0,0.0,0.0,0.0,0.0,0.0,0.0,0.0,1.0,0.0,0.0,0.0,0.0
72.92686096559935,52.74943061340876,100.42166038880464,1295.0,372.0,2.985311401936124,74.82845920170558,0.9861171021696216,1.4497340036863644,0.4484308828552295,1.2868012420409205,5.0,1.0,13.0,4.373236498633876,1.4417835870792264,0.3710494771021193,0.5234235571625792,0.0,0.0,0.0,0.0,0.0,0.0,0.0,0.0,0.0,1.0,0.0,0.0,0.0,0.0,0.0,0.0,0.0,0.0,0.0,0.0,0.0,0.0,0.0,0.0,0.0,0.0,0.0,0.0,0.0,0.0,0.0,0.0,0.0,0.0,0.0,0.0,0.0,0.0,0.0,0.0,0.0,0.0,0.0,0.0,0.0,0.0,0.0,0.0,0.0,0.0,0.0
77.47326599015236,31.83136413235205,65.5529157308227,1027.0,547.0,5.434341303567927,78.93871846430739,0.7830937222130863,0.9653681357936724,0.7189067150046563,9.549881739908892,7.0,2.0,5.0,4.310373389167858,1.3154123790297683,0.3656172085001202,0.6041394792306733,0.0,0.0,0.0,0.0,0.0,0.0,0.0,0.0,0.0,0.0,0.0,0.0,0.0,0.0,0.0,0.0,0.0,0.0,0.0,0.0,0.0,0.0,0.0,0.0,0.0,0.0,0.0,0.0,0.0,0.0,0.0,0.0,0.0,0.0,0.0,0.0,0.0,0.0,0.0,0.0,1.0,0.0,0.0,0.0,0.0,0.0,0.0,0.0,0.0,0.0,0.0
71.96011371804752,28.773443633300783,50.41697905233913,1407.0,552.0,4.1695168724182405,72.30313788636036,0.9170748243513815,1.485158148852188,0.8945800759501193,9.031757528515946,5.0,0.0,20.0,4.423468036991879,1.1799853814983605,0.3623622090194233,0.7797342891246689,0.0,0.0,0.0,0.0,0.0,0.0,0.0,0.0,0.0,0.0,0.0,0.0,0.0,0.0,0.0,0.0,0.0,0.0,0.0,0.0,0.0,0.0,0.0,0.0,0.0,0.0,0.0,1.0,0.0,0.0,0.0,0.0,0.0,0.0,0.0,0.0,0.0,0.0,0.0,0.0,0.0,0.0,0.0,0.0,0.0,0.0,0.0,0.0,0.0,0.0,0.0
70.06471139994765,25.070328238474826,71.82376791889988,1194.0,400.0,5.1383320291351975,89.89507666784377,0.7190156741579194,1.3078382451606778,0.8384545889505091,0.9281883528799916,4.0,1.0,11.0,5.236687793744402,0.9591835124026638,0.4343623795964436,0.30428374622718773,0.0,0.0,0.0,0.0,0.0,0.0,0.0,0.0,0.0,0.0,0.0,0.0,0.0,0.0,0.0,0.0,0.0,0.0,0.0,0.0,0.0,0.0,0.0,0.0,0.0,0.0,0.0,0.0,0.0,0.0,0.0,0.0,0.0,0.0,0.0,0.0,1.0,0.0,0.0,0.0,0.0,0.0,0.0,0.0,0.0,0.0,0.0,0.0,0.0,0.0,0.0
66.2532858864849,32.87613338222302,108.1732893781114,1449.0,175.0,6.72114234274284,94.6520086025386,0.701334367711256,0.906101474796502,0.8396850091577157,8.166232395672623,4.0,5.0,0.0,4.186079351951424,1.3242362378441475,0.33243619463794916,0.4649377577675377,0.0,0.0,0.0,0.0,0.0,0.0,0.0,0.0,0.0,0.0,1.0,0.0,0.0,0.0,0.0,0.0,0.0,0.0,0.0,0.0,0.0,0.0,0.0,0.0,0.0,0.0,0.0,0.0,0.0,0.0,0.0,0.0,0.0,0.0,0.0,0.0,0.0,0.0,0.0,0.0,0.0,0.0,0.0,0.0,0.0,0.0,0.0,0.0,0.0,0.0,0.0
70.24079676264928,24.19816714196152,88.51192041082456,618.0,271.0,3.9581234700312895,76.66260311934148,0.9175328238189652,1.3404356677504854,0.4374549145865209,5.863143148348472,4.0,1.0,8.0,4.414435860541611,1.30018381735965,0.3642908773984239,0.7013462035211115,0.0,0.0,0.0,0.0,0.0,0.0,0.0,0.0,0.0,0.0,0.0,0.0,0.0,0.0,0.0,0.0,0.0,0.0,0.0,0.0,0.0,0.0,0.0,0.0,0.0,0.0,0.0,1.0,0.0,0.0,0.0,0.0,0.0,0.0,0.0,0.0,0.0,0.0,0.0,0.0,0.0,0.0,0.0,0.0,0.0,0.0,0.0,0.0,0.0,0.0,0.0
65.880163590767,24.01815911879158,128.7311605103107,1388.0,190.0,5.165222558093972,79.52350891889344,0.8853647086899268,1.019369078123296,0.7554174776051197,9.209587722187214,5.0,3.0,7.0,4.552049396497043,1.509914871955113,0.3937377399944406,0.6019548738203632,0.0,0.0,0.0,0.0,0.0,0.0,0.0,0.0,0.0,0.0,0.0,0.0,0.0,0.0,0.0,0.0,0.0,0.0,0.0,0.0,1.0,0.0,0.0,0.0,0.0,0.0,0.0,0.0,0.0,0.0,0.0,0.0,0.0,0.0,0.0,0.0,0.0,0.0,0.0,0.0,0.0,0.0,0.0,0.0,0.0,0.0,0.0,0.0,0.0,0.0,0.0
66.34574618767336,55.814201344952174,198.3964441088511,1164.0,417.0,6.41797462998769,91.29648240514824,0.7215625578062198,1.1975367638672303,0.8702636064068835,1.1380969952392297,7.0,0.0,2.0,4.408255215545155,1.4351512731649263,0.36697080109255453,0.24896343878216506,0.0,0.0,0.0,0.0,0.0,0.0,0.0,0.0,0.0,0.0,0.0,0.0,0.0,0.0,0.0,0.0,0.0,0.0,0.0,0.0,0.0,0.0,0.0,0.0,0.0,0.0,1.0,0.0,0.0,0.0,0.0,0.0,0.0,0.0,0.0,0.0,0.0,0.0,0.0,0.0,0.0,0.0,0.0,0.0,0.0,0.0,0.0,0.0,0.0,0.0,0.0
70.58540720101925,39.69663676239193,109.71231441733173,857.0,163.0,3.0767147664649435,87.12745573751032,0.8783054664445871,1.3591207604419684,0.8007402235489942,8.482279097879788,4.0,0.0,9.0,5.180754801207645,1.002681334666483,0.3852977492991649,0.7204830123253757,0.0,0.0,0.0,0.0,0.0,0.0,0.0,0.0,0.0,0.0,0.0,0.0,0.0,0.0,0.0,0.0,0.0,0.0,0.0,0.0,0.0,0.0,0.0,0.0,0.0,0.0,0.0,0.0,0.0,0.0,0.0,0.0,0.0,0.0,0.0,0.0,0.0,0.0,0.0,0.0,0.0,0.0,0.0,1.0,0.0,0.0,0.0,0.0,0.0,0.0,0.0
59.36361543463447,36.37526282262878,143.77565824540312,1054.0,348.0,2.5012863682641653,91.48545044249418,0.9687416877491648,1.073631824469711,0.6694735216544898,5.256622306794797,7.0,4.0,11.0,4.452879462168724,1.3495397203873205,0.33756866617551207,0.4600250910745972,0.0,0.0,0.0,0.0,0.0,0.0,0.0,0.0,0.0,0.0,0.0,0.0,0.0,0.0,0.0,0.0,0.0,0.0,0.0,0.0,0.0,0.0,0.0,0.0,0.0,0.0,0.0,1.0,0.0,0.0,0.0,0.0,0.0,0.0,0.0,0.0,0.0,0.0,0.0,0.0,0.0,0.0,0.0,0.0,0.0,0.0,0.0,0.0,0.0,0.0,0.0
73.14724952146963,20.6259740887069,87.29793408519251,1336.0,561.0,6.234211743302208,72.9203290951412,0.8671704546881653,1.080704681856771,0.8894868766491831,3.0016904552791965,7.0,3.0,4.0,4.44083778464769,1.3136123316882464,0.3803820975808535,0.2773121638525242,0.0,0.0,0.0,0.0,0.0,0.0,0.0,0.0,0.0,0.0,0.0,0.0,0.0,0.0,0.0,0.0,0.0,0.0,0.0,0.0,0.0,0.0,0.0,0.0,0.0,0.0,0.0,0.0,0.0,0.0,0.0,0.0,0.0,0.0,0.0,0.0,0.0,0.0,0.0,0.0,0.0,0.0,0.0,0.0,0.0,0.0,0.0,0.0,0.0,0.0,1.0
65.26853016989564,21.105484669990386,89.17618698459069,717.0,272.0,4.254013934335859,72.85987888717877,0.8148257860546946,1.0574279265255957,0.4960755323090641,4.38979882224161,4.0,5.0,5.0,5.02976825650853,1.8473826609583988,0.4787144763200408,0.46642205096544964,0.0,0.0,0.0,0.0,0.0,0.0,0.0,0.0,0.0,0.0,0.0,0.0,0.0,0.0,0.0,0.0,0.0,0.0,0.0,0.0,0.0,0.0,0.0,0.0,0.0,0.0,0.0,0.0,0.0,0.0,0.0,0.0,0.0,1.0,0.0,0.0,0.0,0.0,0.0,0.0,0.0,0.0,0.0,0.0,0.0,0.0,0.0,0.0,0.0,0.0,0.0
69.64066461493762,50.28923483173497,131.39668123345396,443.0,280.0,4.057332688518677,74.65392617339329,0.8050422536908306,1.309734798160752,0.758993542545912,7.200703317190341,4.0,2.0,15.0,4.199318177233913,1.6547871946436066,0.3947691671877206,0.6455799869772338,0.0,0.0,0.0,0.0,0.0,0.0,0.0,0.0,0.0,0.0,0.0,0.0,0.0,0.0,0.0,0.0,0.0,0.0,0.0,1.0,0.0,0.0,0.0,0.0,0.0,0.0,0.0,0.0,0.0,0.0,0.0,0.0,0.0,0.0,0.0,0.0,0.0,0.0,0.0,0.0,0.0,0.0,0.0,0.0,0.0,0.0,0.0,0.0,0.0,0.0,0.0
75.08142722298281,36.60051529634578,84.09167413056898,456.0,133.0,6.393689842211015,71.7356634659938,0.8566762612516529,1.2767672919013977,0.4687087197073178,4.56860944299463,6.0,4.0,5.0,4.326036495649,1.464805310335731,0.3882862755274904,0.5942809582289137,0.0,0.0,0.0,0.0,0.0,0.0,0.0,0.0,0.0,0.0,0.0,0.0,0.0,0.0,0.0,0.0,0.0,0.0,0.0,0.0,0.0,0.0,0.0,0.0,1.0,0.0,0.0,0.0,0.0,0.0,0.0,0.0,0.0,0.0,0.0,0.0,0.0,0.0,0.0,0.0,0.0,0.0,0.0,0.0,0.0,0.0,0.0,0.0,0.0,0.0,0.0
73.83405288515317,40.34310397302029,103.38397862204496,743.0,419.0,6.748327184667105,77.9858625192123,0.9371213203101456,1.2908703072600278,0.5994265086956108,1.5693334467704856,6.0,6.0,9.0,4.669929500948406,1.4704533016167078,0.398086620380466,0.40765023118362076,0.0,0.0,0.0,0.0,0.0,0.0,0.0,0.0,0.0,0.0,0.0,0.0,0.0,0.0,0.0,0.0,0.0,0.0,0.0,0.0,0.0,0.0,0.0,0.0,0.0,0.0,0.0,0.0,0.0,0.0,0.0,0.0,0.0,0.0,0.0,0.0,0.0,0.0,0.0,0.0,0.0,0.0,0.0,0.0,0.0,0.0,0.0,1.0,0.0,0.0,0.0
73.17361353647924,22.510495231430983,102.59033865623786,373.0,238.0,5.850004475257514,81.6223759688147,0.8654256072558594,1.0129843571026604,0.6757126173304209,6.211515776310068,4.0,4.0,6.0,4.735058200116586,1.2774816779109515,0.3852035826851956,0.47536386968799593,0.0,0.0,0.0,0.0,0.0,0.0,0.0,0.0,0.0,0.0,0.0,0.0,0.0,0.0,0.0,0.0,0.0,0.0,0.0,0.0,0.0,0.0,0.0,0.0,0.0,0.0,0.0,0.0,0.0,0.0,0.0,0.0,0.0,0.0,0.0,0.0,0.0,0.0,0.0,0.0,0.0,0.0,0.0,0.0,0.0,0.0,0.0,0.0,0.0,1.0,0.0
66.4886475838814,43.25507620206248,116.37533200653884,587.0,561.0,3.9709223986647673,76.93633461336206,0.727769191129001,1.1871346860905034,0.7924878449072088,8.86137764178879,5.0,4.0,8.0,4.376945793709038,1.4491198852595666,0.3936904613914884,0.6561261425902083,0.0,0.0,0.0,0.0,0.0,0.0,0.0,0.0,0.0,0.0,0.0,0.0,0.0,0.0,0.0,0.0,0.0,0.0,0.0,0.0,0.0,0.0,0.0,1.0,0.0,0.0,0.0,0.0,0.0,0.0,0.0,0.0,0.0,0.0,0.0,0.0,0.0,0.0,0.0,0.0,0.0,0.0,0.0,0.0,0.0,0.0,0.0,0.0,0.0,0.0,0.0
71.25224042862878,32.35415271517157,170.47248609036916,479.0,171.0,4.1078135043093305,82.07969173604643,0.8138823853012027,1.119693644037369,0.5204913239110477,8.07443134196825,6.0,3.0,16.0,4.864959720281329,1.5153783327027113,0.42341589720720785,0.6737851129610435,0.0,0.0,0.0,0.0,0.0,0.0,0.0,0.0,0.0,0.0,0.0,0.0,0.0,1.0,0.0,0.0,0.0,0.0,0.0,0.0,0.0,0.0,0.0,0.0,0.0,0.0,0.0,0.0,0.0,0.0,0.0,0.0,0.0,0.0,0.0,0.0,0.0,0.0,0.0,0.0,0.0,0.0,0.0,0.0,0.0,0.0,0.0,0.0,0.0,0.0,0.0
71.00429102146819,56.18406106515091,114.39428579602516,552.0,282.0,6.0601429419788095,91.23127639742864,0.8307107234034815,1.3134032984003916,0.9913194868086332,3.4879372594964044,6.0,0.0,20.0,4.40484012386053,1.3915038300362286,0.35172305688955835,0.38411555079468573,0.0,0.0,0.0,0.0,0.0,0.0,0.0,0.0,0.0,0.0,0.0,0.0,0.0,0.0,0.0,0.0,0.0,0.0,0.0,0.0,0.0,0.0,0.0,1.0,0.0,0.0,0.0,0.0,0.0,0.0,0.0,0.0,0.0,0.0,0.0,0.0,0.0,0.0,0.0,0.0,0.0,0.0,0.0,0.0,0.0,0.0,0.0,0.0,0.0,0.0,0.0
59.54735106403396,28.935611367264563,119.84865748023137,711.0,401.0,3.938535746288113,81.58902499544614,0.8925329120908313,1.2534605312813245,0.7679328858693043,2.8525982679261395,5.0,2.0,8.0,4.8004736915277135,1.4967262179358332,0.4091621703874106,0.39688785368045354,0.0,0.0,0.0,0.0,0.0,0.0,0.0,0.0,0.0,0.0,0.0,0.0,0.0,0.0,0.0,0.0,1.0,0.0,0.0,0.0,0.0,0.0,0.0,0.0,0.0,0.0,0.0,0.0,0.0,0.0,0.0,0.0,0.0,0.0,0.0,0.0,0.0,0.0,0.0,0.0,0.0,0.0,0.0,0.0,0.0,0.0,0.0,0.0,0.0,0.0,0.0
68.53682509090441,48.777675087462384,154.80464643494597,830.0,239.0,5.337916233345156,71.8773701940587,0.9057131472028292,1.4197206340900994,0.8365230352516244,6.453102557949636,6.0,3.0,20.0,4.716948052266525,1.2457476908163885,0.3960653126675476,0.6373463296252175,0.0,0.0,0.0,0.0,0.0,0.0,0.0,0.0,0.0,0.0,0.0,0.0,0.0,0.0,0.0,0.0,0.0,0.0,0.0,0.0,0.0,0.0,0.0,0.0,0.0,0.0,0.0,0.0,0.0,1.0,0.0,0.0,0.0,0.0,0.0,0.0,0.0,0.0,0.0,0.0,0.0,0.0,0.0,0.0,0.0,0.0,0.0,0.0,0.0,0.0,0.0
62.154521180313694,36.30162159667917,79.27109024695272,1300.0,369.0,6.049437368128897,86.41231330845876,0.9587703834585496,0.964873877588156,0.4113942607600667,0.6557936378297946,6.0,5.0,16.0,4.507345025087317,1.484177605076385,0.36628760545301814,0.2615446316282397,0.0,0.0,0.0,0.0,0.0,0.0,0.0,0.0,0.0,0.0,0.0,1.0,0.0,0.0,0.0,0.0,0.0,0.0,0.0,0.0,0.0,0.0,0.0,0.0,0.0,0.0,0.0,0.0,0.0,0.0,0.0,0.0,0.0,0.0,0.0,0.0,0.0,0.0,0.0,0.0,0.0,0.0,0.0,0.0,0.0,0.0,0.0,0.0,0.0,0.0,0.0
68.15577377871271,44.21158847744569,199.02426083144084,1189.0,208.0,2.7996085935616346,71.43221678339171,0.7377474053718568,1.013888140418123,0.5777571565653686,8.707676509425937,7.0,6.0,21.0,4.480991722664728,1.4701558006351814,0.4147272294260328,0.6333984883183423,0.0,0.0,0.0,0.0,0.0,0.0,0.0,0.0,0.0,0.0,0.0,1.0,0.0,0.0,0.0,0.0,0.0,0.0,0.0,0.0,0.0,0.0,0.0,0.0,0.0,0.0,0.0,0.0,0.0,0.0,0.0,0.0,0.0,0.0,0.0,0.0,0.0,0.0,0.0,0.0,0.0,0.0,0.0,0.0,0.0,0.0,0.0,0.0,0.0,0.0,0.0
69.75319762815809,54.23843137464106,71.3427855880412,1424.0,164.0,4.925286664976763,92.37256025501335,0.8931251182667088,1.119229369697762,0.8528776049567697,6.103930222567952,6.0,0.0,14.0,4.407945411867509,1.5410448675166413,0.3577459865768615,0.4640233537110632,0.0,0.0,0.0,0.0,0.0,0.0,0.0,0.0,0.0,0.0,0.0,0.0,0.0,0.0,1.0,0.0,0.0,0.0,0.0,0.0,0.0,0.0,0.0,0.0,0.0,0.0,0.0,0.0,0.0,0.0,0.0,0.0,0.0,0.0,0.0,0.0,0.0,0.0,0.0,0.0,0.0,0.0,0.0,0.0,0.0,0.0,0.0,0.0,0.0,0.0,0.0
73.73727130313151,48.5111739702255,119.87565603940416,1166.0,474.0,2.295753779588957,75.26009229040517,0.9780750152346342,1.2716515600884528,0.4062078395621421,2.604843833800471,3.0,6.0,22.0,4.42816945166844,0.9591835124026638,0.26514412203819004,0.5143310228959165,0.0,0.0,0.0,0.0,0.0,0.0,1.0,0.0,0.0,0.0,0.0,0.0,0.0,0.0,0.0,0.0,0.0,0.0,0.0,0.0,0.0,0.0,0.0,0.0,0.0,0.0,0.0,0.0,0.0,0.0,0.0,0.0,0.0,0.0,0.0,0.0,0.0,0.0,0.0,0.0,0.0,0.0,0.0,0.0,0.0,0.0,0.0,0.0,0.0,0.0,0.0
65.2497817243677,28.667189337429736,112.92194691756664,787.0,562.0,5.689201945944081,89.05896811926605,0.7642989895183214,1.1162000927770204,0.9134214938534796,1.4439571200304069,4.0,1.0,0.0,4.172397742314463,1.3664515939676924,0.34017061089182044,0.20915256083922387,0.0,0.0,0.0,0.0,0.0,1.0,0.0,0.0,0.0,0.0,0.0,0.0,0.0,0.0,0.0,0.0,0.0,0.0,0.0,0.0,0.0,0.0,0.0,0.0,0.0,0.0,0.0,0.0,0.0,0.0,0.0,0.0,0.0,0.0,0.0,0.0,0.0,0.0,0.0,0.0,0.0,0.0,0.0,0.0,0.0,0.0,0.0,0.0,0.0,0.0,0.0
63.20639957636656,41.720803563882896,105.86205018305682,1428.0,345.0,5.8997176692049536,81.0426027324797,0.9160588720037924,1.0180794180011854,0.8565065082807819,8.122375376060917,6.0,6.0,11.0,4.709018689161247,1.5073338219208416,0.4009885915410275,0.5131734062223824,0.0,0.0,0.0,0.0,0.0,0.0,0.0,0.0,0.0,0.0,0.0,0.0,0.0,1.0,0.0,0.0,0.0,0.0,0.0,0.0,0.0,0.0,0.0,0.0,0.0,0.0,0.0,0.0,0.0,0.0,0.0,0.0,0.0,0.0,0.0,0.0,0.0,0.0,0.0,0.0,0.0,0.0,0.0,0.0,0.0,0.0,0.0,0.0,0.0,0.0,0.0
66.70699007941157,23.63462647088724,102.5601014675022,1366.0,549.0,3.060809541478517,71.27607615423003,0.8590559229014417,1.1343431671457898,0.8172639817018852,3.007392117504475,4.0,0.0,21.0,5.236687793744402,0.9591835124026638,0.4787144763200408,0.3285493399641711,0.0,0.0,0.0,0.0,0.0,0.0,0.0,0.0,0.0,0.0,0.0,0.0,0.0,0.0,0.0,0.0,0.0,0.0,0.0,0.0,0.0,0.0,0.0,0.0,0.0,0.0,0.0,0.0,0.0,0.0,0.0,0.0,0.0,0.0,0.0,0.0,0.0,0.0,0.0,0.0,0.0,0.0,1.0,0.0,0.0,0.0,0.0,0.0,0.0,0.0,0.0
77.03920010276786,21.43306259639428,125.81563394633936,870.0,529.0,2.0105443278934407,89.15635499163324,0.9276493603593674,1.1173061779999278,0.5643454727429418,2.7825794844303875,7.0,3.0,19.0,4.063628160268166,1.3616876403471139,0.3137586415970954,0.3931921232139605,0.0,0.0,0.0,0.0,0.0,0.0,0.0,0.0,0.0,0.0,0.0,0.0,0.0,0.0,0.0,0.0,0.0,0.0,0.0,0.0,0.0,0.0,0.0,0.0,0.0,0.0,0.0,0.0,0.0,0.0,0.0,1.0,0.0,0.0,0.0,0.0,0.0,0.0,0.0,0.0,0.0,0.0,0.0,0.0,0.0,0.0,0.0,0.0,0.0,0.0,0.0
72.08900917345106,54.21096524924601,183.86639484863784,971.0,160.0,5.28375308280559,74.94842096573286,0.9880294975046552,1.191618012476954,0.9300861828765182,7.4398309295773215,6.0,5.0,11.0,4.293894290515888,1.4862534874020186,0.36798741538559615,0.5413208494963178,0.0,0.0,0.0,0.0,0.0,0.0,0.0,1.0,0.0,0.0,0.0,0.0,0.0,0.0,0.0,0.0,0.0,0.0,0.0,0.0,0.0,0.0,0.0,0.0,0.0,0.0,0.0,0.0,0.0,0.0,0.0,0.0,0.0,0.0,0.0,0.0,0.0,0.0,0.0,0.0,0.0,0.0,0.0,0.0,0.0,0.0,0.0,0.0,0.0,0.0,0.0
59.92372333485406,31.791768123418628,84.38407044460385,986.0,332.0,2.146576500934164,76.51279700583586,0.7800353184692894,1.201460266884432,0.4935168855800245,7.831504185694104,6.0,1.0,10.0,4.308755320596598,1.2958163477663063,0.3687636713145606,0.7115582213423244,0.0,0.0,0.0,0.0,0.0,0.0,0.0,0.0,0.0,0.0,0.0,0.0,0.0,0.0,0.0,0.0,0.0,0.0,0.0,0.0,0.0,0.0,0.0,0.0,0.0,0.0,0.0,0.0,0.0,0.0,0.0,0.0,0.0,0.0,0.0,0.0,0.0,0.0,0.0,0.0,0.0,0.0,0.0,0.0,0.0,0.0,0.0,0.0,1.0,0.0,0.0
70.02562756928722,36.30534761009356,150.04415181078727,797.0,382.0,3.2758419208117977,76.99575824831717,0.871635663860775,1.154249663865298,0.9762861555565806,8.176607028062282,4.0,3.0,16.0,4.298140862059589,1.036117491710948,0.3329223546121405,0.5440600436865642,0.0,0.0,0.0,0.0,0.0,0.0,0.0,0.0,0.0,0.0,0.0,0.0,0.0,0.0,0.0,0.0,0.0,0.0,0.0,0.0,0.0,0.0,0.0,0.0,0.0,0.0,0.0,1.0,0.0,0.0,0.0,0.0,0.0,0.0,0.0,0.0,0.0,0.0,0.0,0.0,0.0,0.0,0.0,0.0,0.0,0.0,0.0,0.0,0.0,0.0,0.0
75.32457663778901,46.92268922972332,111.64675035596356,639.0,371.0,2.102513682456111,71.66423324708089,0.8737605094786577,1.0108428285026074,0.6593516371340902,2.111147899997862,6.0,2.0,18.0,4.570890335649434,1.4774980196224277,0.4091546206732108,0.27460423851434024,0.0,0.0,0.0,0.0,0.0,0.0,0.0,0.0,0.0,1.0,0.0,0.0,0.0,0.0,0.0,0.0,0.0,0.0,0.0,0.0,0.0,0.0,0.0,0.0,0.0,0.0,0.0,0.0,0.0,0.0,0.0,0.0,0.0,0.0,0.0,0.0,0.0,0.0,0.0,0.0,0.0,0.0,0.0,0.0,0.0,0.0,0.0,0.0,0.0,0.0,0.0
77.12853856024557,49.56015884596333,168.23422852000238,1411.0,465.0,3.2477387918265577,80.00016737218398,0.7720629522377388,1.4271548294719056,0.7742122443352946,5.10198585341309,3.0,6.0,10.0,4.42816945166844,0.9591835124026638,0.26514412203819004,0.5942660401710015,0.0,0.0,0.0,0.0,0.0,0.0,0.0,0.0,0.0,0.0,0.0,0.0,0.0,0.0,1.0,0.0,0.0,0.0,0.0,0.0,0.0,0.0,0.0,0.0,0.0,0.0,0.0,0.0,0.0,0.0,0.0,0.0,0.0,0.0,0.0,0.0,0.0,0.0,0.0,0.0,0.0,0.0,0.0,0.0,0.0,0.0,0.0,0.0,0.0,0.0,0.0
76.35831544191859,50.58963086999877,170.8642867325655,1394.0,484.0,3.6867009841939744,84.71489785521874,0.8572241743026865,1.2806777083046403,0.6606209450143602,9.668690933281528,5.0,4.0,5.0,4.529286949666472,1.2478900588069135,0.3591786855439939,0.7873489998657125,0.0,0.0,0.0,0.0,0.0,0.0,0.0,0.0,0.0,0.0,0.0,0.0,0.0,0.0,0.0,0.0,0.0,0.0,0.0,0.0,0.0,0.0,0.0,0.0,0.0,0.0,0.0,0.0,0.0,0.0,0.0,0.0,0.0,0.0,0.0,0.0,0.0,0.0,0.0,0.0,0.0,0.0,0.0,0.0,1.0,0.0,0.0,0.0,0.0,0.0,0.0
75.05930345107247,57.37838811126822,117.66847013929652,782.0,158.0,6.674638547590332,83.45579818372713,0.801435717379775,1.408925499030482,0.9194522856476626,7.79310475911244,4.0,5.0,2.0,4.2589610330700065,1.6943130588528656,0.3864692875748452,0.6713065101063274,0.0,0.0,0.0,0.0,0.0,0.0,0.0,0.0,0.0,0.0,0.0,0.0,0.0,0.0,0.0,0.0,0.0,0.0,0.0,0.0,0.0,0.0,0.0,0.0,0.0,0.0,0.0,0.0,0.0,0.0,0.0,0.0,0.0,0.0,0.0,0.0,0.0,0.0,0.0,0.0,0.0,0.0,1.0,0.0,0.0,0.0,0.0,0.0,0.0,0.0,0.0
66.31413773844004,50.06100302769171,83.033835816173,780.0,333.0,4.310732684606492,79.64703496096381,0.7219166528125447,1.1919195666425595,0.8493065664573101,5.979795283964457,6.0,3.0,13.0,4.8009528803494055,1.3563936255734947,0.4167507130061168,0.4953857017007174,0.0,1.0,0.0,0.0,0.0,0.0,0.0,0.0,0.0,0.0,0.0,0.0,0.0,0.0,0.0,0.0,0.0,0.0,0.0,0.0,0.0,0.0,0.0,0.0,0.0,0.0,0.0,0.0,0.0,0.0,0.0,0.0,0.0,0.0,0.0,0.0,0.0,0.0,0.0,0.0,0.0,0.0,0.0,0.0,0.0,0.0,0.0,0.0,0.0,0.0,0.0
80.47481056052956,33.88917725218225,121.59900230699392,1229.0,563.0,5.592113191015315,79.90270622267816,0.8819005646627319,1.154814073560629,0.6471727897456355,5.95508736462106,6.0,4.0,17.0,4.132657200212944,1.5676123975682568,0.362484890779997,0.543045283462456,0.0,0.0,0.0,0.0,0.0,0.0,0.0,0.0,0.0,0.0,0.0,0.0,0.0,0.0,0.0,0.0,0.0,0.0,0.0,0.0,0.0,0.0,0.0,0.0,0.0,0.0,0.0,0.0,1.0,0.0,0.0,0.0,0.0,0.0,0.0,0.0,0.0,0.0,0.0,0.0,0.0,0.0,0.0,0.0,0.0,0.0,0.0,0.0,0.0,0.0,0.0
73.48950967349369,47.37128253267666,190.9154893792532,387.0,496.0,4.437735945151526,76.54823390014649,0.988381497206813,1.4845222831522116,0.8549026812359157,2.996389906645072,4.0,4.0,10.0,3.678582896934127,0.9591835124026638,0.26514412203819004,0.49069917230651866,0.0,0.0,0.0,0.0,0.0,0.0,0.0,0.0,0.0,0.0,0.0,0.0,0.0,0.0,0.0,0.0,0.0,0.0,0.0,0.0,0.0,0.0,0.0,0.0,0.0,0.0,0.0,0.0,0.0,0.0,0.0,0.0,0.0,0.0,0.0,0.0,0.0,0.0,0.0,0.0,0.0,0.0,0.0,0.0,1.0,0.0,0.0,0.0,0.0,0.0,0.0
71.53087144650605,51.02030384988152,76.35418149858987,510.0,526.0,6.679359700902686,87.17967797073581,0.9954242389534614,1.4946123795053103,0.6641544642775805,2.1929066053129564,5.0,5.0,0.0,4.181452278049102,1.4479544702250136,0.3293831290185559,0.5192162272707098,0.0,0.0,0.0,0.0,0.0,0.0,0.0,0.0,1.0,0.0,0.0,0.0,0.0,0.0,0.0,0.0,0.0,0.0,0.0,0.0,0.0,0.0,0.0,0.0,0.0,0.0,0.0,0.0,0.0,0.0,0.0,0.0,0.0,0.0,0.0,0.0,0.0,0.0,0.0,0.0,0.0,0.0,0.0,0.0,0.0,0.0,0.0,0.0,0.0,0.0,0.0
69.47101231983015,54.27550957602109,183.74794026515949,813.0,474.0,6.1430715825657,73.53371758082231,0.8445326734038197,1.4498256264433675,0.9673196890070964,4.581962519395849,6.0,0.0,5.0,4.370764648369615,1.4101823966999067,0.38456596174957264,0.5151408380950443,0.0,0.0,0.0,0.0,0.0,0.0,0.0,0.0,0.0,0.0,0.0,0.0,0.0,0.0,0.0,0.0,0.0,0.0,0.0,0.0,1.0,0.0,0.0,0.0,0.0,0.0,0.0,0.0,0.0,0.0,0.0,0.0,0.0,0.0,0.0,0.0,0.0,0.0,0.0,0.0,0.0,0.0,0.0,0.0,0.0,0.0,0.0,0.0,0.0,0.0,0.0
75.26518033162897,34.88713418446091,61.49279192190593,1279.0,469.0,4.371389955221319,81.34513035117301,0.8840070336294239,1.375936267426758,0.8834832690414207,9.270350226575768,5.0,1.0,12.0,4.322670477324954,1.3668429751187117,0.3566893316582324,0.7407102577174287,0.0,0.0,0.0,0.0,0.0,0.0,0.0,0.0,0.0,0.0,0.0,0.0,0.0,0.0,0.0,0.0,0.0,0.0,0.0,0.0,0.0,0.0,0.0,0.0,0.0,0.0,0.0,0.0,0.0,0.0,0.0,0.0,0.0,0.0,0.0,0.0,0.0,0.0,0.0,0.0,0.0,0.0,0.0,0.0,0.0,0.0,0.0,0.0,1.0,0.0,0.0
68.44192377944526,22.180502702062107,99.64250530039794,890.0,115.0,2.274444990804992,90.94450932077172,0.9929113825805423,1.1241317171688825,0.9247039762307786,1.8706214447609004,6.0,1.0,0.0,4.204462194831638,1.1575373561721862,0.29637079333737104,0.23070328189469813,0.0,0.0,0.0,0.0,0.0,0.0,0.0,0.0,0.0,0.0,0.0,0.0,0.0,0.0,0.0,0.0,0.0,0.0,1.0,0.0,0.0,0.0,0.0,0.0,0.0,0.0,0.0,0.0,0.0,0.0,0.0,0.0,0.0,0.0,0.0,0.0,0.0,0.0,0.0,0.0,0.0,0.0,0.0,0.0,0.0,0.0,0.0,0.0,0.0,0.0,0.0
64.29439313980538,24.506625088080188,106.5947193295224,887.0,410.0,3.562840813375996,85.98449931983592,0.8319441046977255,1.4880299201377922,0.7140902615091541,2.550725661360176,4.0,3.0,15.0,4.784735021061749,0.9591835124026638,0.34737427142840716,0.5171568110988025,0.0,0.0,0.0,0.0,0.0,0.0,0.0,0.0,0.0,0.0,0.0,0.0,0.0,0.0,0.0,0.0,0.0,0.0,0.0,0.0,0.0,1.0,0.0,0.0,0.0,0.0,0.0,0.0,0.0,0.0,0.0,0.0,0.0,0.0,0.0,0.0,0.0,0.0,0.0,0.0,0.0,0.0,0.0,0.0,0.0,0.0,0.0,0.0,0.0,0.0,0.0
69.74833260272335,43.02917728225878,162.1182197960676,456.0,480.0,5.645536060327322,88.72503143658082,0.7841367717626614,1.34605126253798,0.5427345429113785,9.57105171145641,5.0,1.0,0.0,4.20208837331543,1.3683963140940258,0.34161373780219445,0.8545304668323207,1.0,0.0,0.0,0.0,0.0,0.0,0.0,0.0,0.0,0.0,0.0,0.0,0.0,0.0,0.0,0.0,0.0,0.0,0.0,0.0,0.0,0.0,0.0,0.0,0.0,0.0,0.0,0.0,0.0,0.0,0.0,0.0,0.0,0.0,0.0,0.0,0.0,0.0,0.0,0.0,0.0,0.0,0.0,0.0,0.0,0.0,0.0,0.0,0.0,0.0,0.0
73.97425927242318,30.71358137689763,185.97715354257525,1020.0,254.0,3.580381919914008,77.3494469924191,0.9425106699899016,1.1094100004100502,0.4461289675727661,5.487696199115285,3.0,0.0,12.0,3.678582896934127,1.5496869450500754,0.29087118910283466,0.5640394379501521,0.0,0.0,0.0,0.0,0.0,0.0,0.0,0.0,1.0,0.0,0.0,0.0,0.0,0.0,0.0,0.0,0.0,0.0,0.0,0.0,0.0,0.0,0.0,0.0,0.0,0.0,0.0,0.0,0.0,0.0,0.0,0.0,0.0,0.0,0.0,0.0,0.0,0.0,0.0,0.0,0.0,0.0,0.0,0.0,0.0,0.0,0.0,0.0,0.0,0.0,0.0
70.9213942513991,52.050535968626775,82.01232463403825,623.0,189.0,2.1572595363506526,70.05235487218224,0.7952707710678668,0.9487600162220168,0.9523918737977054,4.535762968517048,5.0,2.0,6.0,4.751051552698569,1.6400527130980662,0.4513626408746366,0.2670307886326591,0.0,0.0,0.0,0.0,0.0,0.0,0.0,0.0,0.0,0.0,0.0,0.0,0.0,0.0,0.0,0.0,0.0,0.0,0.0,0.0,0.0,0.0,0.0,0.0,0.0,0.0,0.0,0.0,0.0,0.0,0.0,0.0,0.0,0.0,0.0,0.0,0.0,0.0,0.0,0.0,0.0,0.0,1.0,0.0,0.0,0.0,0.0,0.0,0.0,0.0,0.0
64.4952357797341,52.02014683716753,109.5648881436682,911.0,411.0,6.482156883238848,94.50233619505086,0.9004122763024764,0.961737779414374,0.6048724939263476,9.19152182602007,6.0,6.0,12.0,4.486664787701459,1.6784558852015674,0.3727001585218596,0.6224547213912481,0.0,0.0,0.0,0.0,0.0,0.0,0.0,0.0,0.0,0.0,0.0,0.0,0.0,0.0,0.0,0.0,0.0,0.0,0.0,0.0,0.0,0.0,0.0,0.0,0.0,0.0,0.0,0.0,0.0,0.0,0.0,0.0,0.0,0.0,0.0,0.0,0.0,0.0,0.0,1.0,0.0,0.0,0.0,0.0,0.0,0.0,0.0,0.0,0.0,0.0,0.0
78.849623883216,37.38103431206106,141.03474767845196,1278.0,239.0,5.567033833890225,82.65886029229249,0.7070889588709369,1.3330433768504053,0.5556455304100387,1.4871962507032033,4.0,5.0,12.0,3.8546010077486375,1.1311900848195657,0.3086854947987607,0.4392611260391025,0.0,0.0,0.0,0.0,0.0,0.0,0.0,0.0,0.0,0.0,1.0,0.0,0.0,0.0,0.0,0.0,0.0,0.0,0.0,0.0,0.0,0.0,0.0,0.0,0.0,0.0,0.0,0.0,0.0,0.0,0.0,0.0,0.0,0.0,0.0,0.0,0.0,0.0,0.0,0.0,0.0,0.0,0.0,0.0,0.0,0.0,0.0,0.0,0.0,0.0,0.0
73.46971298100325,49.52923848322402,102.55253699005648,748.0,131.0,2.553514120280898,72.54763979461909,0.8006994499899397,1.368156868259997,0.677981264617112,4.43603073116032,5.0,3.0,1.0,4.3060481038387755,1.3669993558109343,0.3811893028418569,0.5635382587733213,0.0,0.0,0.0,0.0,0.0,0.0,0.0,0.0,0.0,0.0,0.0,0.0,0.0,0.0,0.0,0.0,0.0,0.0,0.0,0.0,0.0,0.0,0.0,0.0,0.0,0.0,0.0,0.0,0.0,0.0,0.0,0.0,0.0,0.0,0.0,0.0,0.0,0.0,0.0,0.0,0.0,0.0,0.0,0.0,0.0,0.0,0.0,0.0,1.0,0.0,0.0
68.14465340348758,30.488236471331508,186.08017003309115,369.0,544.0,2.3040558841983487,89.93157080688755,0.8680383859659327,0.9747836066759592,0.8604150751305751,7.443120616282935,6.0,1.0,10.0,4.031726878586422,1.3861083268206373,0.31773597484481775,0.45621515018154685,0.0,0.0,0.0,0.0,0.0,0.0,0.0,0.0,0.0,0.0,0.0,0.0,0.0,0.0,0.0,0.0,0.0,0.0,0.0,0.0,0.0,0.0,0.0,0.0,0.0,0.0,0.0,0.0,0.0,0.0,0.0,1.0,0.0,0.0,0.0,0.0,0.0,0.0,0.0,0.0,0.0,0.0,0.0,0.0,0.0,0.0,0.0,0.0,0.0,0.0,0.0
76.82508562962295,59.48077341767187,64.0005428126105,1004.0,269.0,6.076146154486979,90.6200665440506,0.7479138068010165,0.9691105642236132,0.9835388340314598,9.842684443486538,6.0,0.0,18.0,4.322437313739231,1.3630841979253359,0.35136969473427254,0.5323347984374488,1.0,0.0,0.0,0.0,0.0,0.0,0.0,0.0,0.0,0.0,0.0,0.0,0.0,0.0,0.0,0.0,0.0,0.0,0.0,0.0,0.0,0.0,0.0,0.0,0.0,0.0,0.0,0.0,0.0,0.0,0.0,0.0,0.0,0.0,0.0,0.0,0.0,0.0,0.0,0.0,0.0,0.0,0.0,0.0,0.0,0.0,0.0,0.0,0.0,0.0,0.0
74.55546012358214,26.621926855867635,110.04778376297348,1252.0,238.0,6.939339883773243,93.18073235123784,0.7962017105039791,1.214340040779645,0.8104053920541499,5.804677168185592,6.0,0.0,19.0,4.588455810359637,1.4349361505531804,0.37133624419473754,0.5108297609380428,0.0,0.0,0.0,0.0,0.0,0.0,0.0,0.0,0.0,0.0,0.0,0.0,0.0,0.0,0.0,0.0,0.0,0.0,0.0,0.0,0.0,0.0,0.0,0.0,0.0,0.0,0.0,0.0,0.0,0.0,0.0,0.0,0.0,0.0,0.0,0.0,0.0,0.0,0.0,0.0,0.0,1.0,0.0,0.0,0.0,0.0,0.0,0.0,0.0,0.0,0.0
74.8879888605379,27.696834819298623,124.78353058243832,728.0,131.0,5.776166697355287,84.8645969928883,0.8332901369621801,1.1579080492478937,0.500840194626183,3.605073491326999,5.0,6.0,21.0,4.863876885827171,1.312379092995933,0.39642961335943666,0.475860390093066,0.0,1.0,0.0,0.0,0.0,0.0,0.0,0.0,0.0,0.0,0.0,0.0,0.0,0.0,0.0,0.0,0.0,0.0,0.0,0.0,0.0,0.0,0.0,0.0,0.0,0.0,0.0,0.0,0.0,0.0,0.0,0.0,0.0,0.0,0.0,0.0,0.0,0.0,0.0,0.0,0.0,0.0,0.0,0.0,0.0,0.0,0.0,0.0,0.0,0.0,0.0
80.03253719788096,22.6522938410324,100.0980184932076,898.0,584.0,6.943182933572,88.82288015882752,0.7002209231978718,0.9113191969980208,0.4205094610204229,7.984572011223625,7.0,6.0,6.0,4.366002688445166,1.5243426814720407,0.37890581266724166,0.5983701018252119,0.0,0.0,0.0,0.0,0.0,0.0,0.0,0.0,0.0,0.0,0.0,0.0,0.0,0.0,0.0,0.0,0.0,0.0,0.0,0.0,0.0,0.0,0.0,0.0,0.0,1.0,0.0,0.0,0.0,0.0,0.0,0.0,0.0,0.0,0.0,0.0,0.0,0.0,0.0,0.0,0.0,0.0,0.0,0.0,0.0,0.0,0.0,0.0,0.0,0.0,0.0
72.59898936662769,44.65132497360777,57.04797518086212,1178.0,419.0,4.091776701828202,88.05250039208255,0.9708224429911418,1.0693570379439306,0.6800027068552024,7.34697367124261,4.0,2.0,8.0,4.308737315843669,0.9591835124026638,0.2893452690933685,0.5589551975120659,0.0,0.0,0.0,0.0,0.0,0.0,0.0,0.0,0.0,0.0,0.0,0.0,0.0,0.0,0.0,0.0,0.0,0.0,0.0,0.0,0.0,0.0,0.0,0.0,0.0,0.0,0.0,0.0,0.0,0.0,0.0,0.0,0.0,0.0,0.0,0.0,0.0,0.0,0.0,0.0,0.0,0.0,0.0,0.0,0.0,0.0,0.0,0.0,0.0,0.0,1.0
69.68967318449954,57.64826931587032,56.67282858223963,1406.0,283.0,3.564124711076798,84.96126649213663,0.961196420358854,1.3201852172511477,0.8553399333453156,0.2277255390194665,5.0,5.0,9.0,4.522489129190825,1.6234040485581245,0.3835526530411836,0.2697820753174846,0.0,0.0,0.0,0.0,0.0,0.0,0.0,0.0,0.0,0.0,0.0,0.0,0.0,0.0,0.0,0.0,0.0,0.0,0.0,0.0,0.0,0.0,0.0,0.0,0.0,0.0,0.0,0.0,0.0,0.0,0.0,0.0,0.0,0.0,0.0,0.0,1.0,0.0,0.0,0.0,0.0,0.0,0.0,0.0,0.0,0.0,0.0,0.0,0.0,0.0,0.0
75.06794432302632,23.72134842641678,104.68340701546155,686.0,586.0,3.274219340757647,82.75050240229362,0.918939487363083,1.4273582290768665,0.6023851008019678,8.968882114982987,6.0,3.0,4.0,4.486586191464188,1.4788348044804258,0.37528498440621993,0.8451868559110933,0.0,0.0,0.0,0.0,0.0,0.0,0.0,0.0,0.0,0.0,0.0,0.0,0.0,0.0,0.0,0.0,0.0,1.0,0.0,0.0,0.0,0.0,0.0,0.0,0.0,0.0,0.0,0.0,0.0,0.0,0.0,0.0,0.0,0.0,0.0,0.0,0.0,0.0,0.0,0.0,0.0,0.0,0.0,0.0,0.0,0.0,0.0,0.0,0.0,0.0,0.0
70.17994991042457,54.57371168638203,56.33129273899136,1462.0,155.0,4.561982803661632,91.83915960743496,0.722324710419051,1.2284637470139363,0.8946487548084997,2.462584745117098,6.0,1.0,1.0,4.4092835112743,1.4310104898692202,0.36550300480679376,0.32256960828161546,0.0,0.0,0.0,0.0,0.0,0.0,0.0,0.0,0.0,0.0,0.0,0.0,0.0,0.0,0.0,0.0,0.0,0.0,0.0,0.0,1.0,0.0,0.0,0.0,0.0,0.0,0.0,0.0,0.0,0.0,0.0,0.0,0.0,0.0,0.0,0.0,0.0,0.0,0.0,0.0,0.0,0.0,0.0,0.0,0.0,0.0,0.0,0.0,0.0,0.0,0.0
65.30220786203827,29.6393646888193,159.78229835665326,420.0,448.0,4.965285574006648,78.421560359538,0.9498553440758064,1.091407247390127,0.4060063689190005,9.195437823026309,6.0,4.0,1.0,4.627022062602622,1.3423438441451931,0.379991374305844,0.7539258803772111,0.0,0.0,0.0,0.0,1.0,0.0,0.0,0.0,0.0,0.0,0.0,0.0,0.0,0.0,0.0,0.0,0.0,0.0,0.0,0.0,0.0,0.0,0.0,0.0,0.0,0.0,0.0,0.0,0.0,0.0,0.0,0.0,0.0,0.0,0.0,0.0,0.0,0.0,0.0,0.0,0.0,0.0,0.0,0.0,0.0,0.0,0.0,0.0,0.0,0.0,0.0
62.97983291804663,48.45592793270558,53.775762704918606,1101.0,233.0,3.465753051309205,70.54358060456254,0.9453980898107024,1.3908917185774596,0.7763465045955626,3.656286725200472,5.0,2.0,12.0,4.324619256440809,1.3380995879191717,0.3695778858328388,0.5030732667513071,0.0,0.0,0.0,0.0,0.0,0.0,0.0,0.0,0.0,0.0,0.0,0.0,0.0,0.0,0.0,0.0,0.0,0.0,0.0,0.0,0.0,0.0,0.0,0.0,0.0,0.0,0.0,0.0,0.0,0.0,0.0,0.0,0.0,0.0,0.0,0.0,0.0,0.0,0.0,0.0,0.0,0.0,0.0,0.0,0.0,0.0,0.0,0.0,1.0,0.0,0.0
65.89501714817553,47.50622055609203,176.02203617028192,1054.0,371.0,5.130432249822489,93.22603360255846,0.8332948361529922,1.4990541915124302,0.8108887287714104,1.824640058317143,4.0,1.0,17.0,4.6572837708647175,1.385182329324601,0.3687514386910938,0.45403829845211,0.0,0.0,0.0,0.0,0.0,0.0,0.0,0.0,0.0,0.0,0.0,0.0,1.0,0.0,0.0,0.0,0.0,0.0,0.0,0.0,0.0,0.0,0.0,0.0,0.0,0.0,0.0,0.0,0.0,0.0,0.0,0.0,0.0,0.0,0.0,0.0,0.0,0.0,0.0,0.0,0.0,0.0,0.0,0.0,0.0,0.0,0.0,0.0,0.0,0.0,0.0
60.02605675487803,43.54116309737754,149.22884539554178,1114.0,147.0,5.912327361778372,89.7658945059297,0.8867168370225891,0.997637812481025,0.669553014261942,3.65725940696784,7.0,5.0,13.0,4.563462613266565,1.5274321777200637,0.37577947298123343,0.34194493439212365,0.0,0.0,0.0,0.0,0.0,0.0,0.0,0.0,0.0,1.0,0.0,0.0,0.0,0.0,0.0,0.0,0.0,0.0,0.0,0.0,0.0,0.0,0.0,0.0,0.0,0.0,0.0,0.0,0.0,0.0,0.0,0.0,0.0,0.0,0.0,0.0,0.0,0.0,0.0,0.0,0.0,0.0,0.0,0.0,0.0,0.0,0.0,0.0,0.0,0.0,0.0
69.15445198144342,47.568026583735694,126.03558958195832,1384.0,425.0,2.4387926326901805,80.88117231380863,0.9279672153522744,1.3696599869532773,0.814377871580517,6.162818376737597,6.0,6.0,12.0,4.202711648920901,1.5918376829795207,0.36430604087175383,0.6051592349769673,0.0,0.0,0.0,0.0,0.0,0.0,0.0,0.0,1.0,0.0,0.0,0.0,0.0,0.0,0.0,0.0,0.0,0.0,0.0,0.0,0.0,0.0,0.0,0.0,0.0,0.0,0.0,0.0,0.0,0.0,0.0,0.0,0.0,0.0,0.0,0.0,0.0,0.0,0.0,0.0,0.0,0.0,0.0,0.0,0.0,0.0,0.0,0.0,0.0,0.0,0.0
72.744626210822,54.346334569495184,145.10527105584833,1324.0,176.0,2.35915798512072,92.66272259010236,0.9527093186278928,1.1130403532220032,0.4831517894502226,2.851742507239272,7.0,1.0,15.0,4.332533989807637,1.486270329766184,0.33944142918563025,0.42161774488831366,0.0,0.0,0.0,0.0,0.0,0.0,0.0,1.0,0.0,0.0,0.0,0.0,0.0,0.0,0.0,0.0,0.0,0.0,0.0,0.0,0.0,0.0,0.0,0.0,0.0,0.0,0.0,0.0,0.0,0.0,0.0,0.0,0.0,0.0,0.0,0.0,0.0,0.0,0.0,0.0,0.0,0.0,0.0,0.0,0.0,0.0,0.0,0.0,0.0,0.0,0.0
69.08697530042242,48.59966548808494,71.1808712678805,1484.0,274.0,3.332866812769135,91.73368954552342,0.8515318563534764,1.4688015381698696,0.8633133708350715,8.828493309341313,6.0,2.0,17.0,4.517767796293784,1.4865152650330982,0.36749526487700623,0.771814206674877,0.0,0.0,0.0,0.0,0.0,0.0,0.0,0.0,0.0,0.0,0.0,0.0,0.0,0.0,0.0,0.0,0.0,1.0,0.0,0.0,0.0,0.0,0.0,0.0,0.0,0.0,0.0,0.0,0.0,0.0,0.0,0.0,0.0,0.0,0.0,0.0,0.0,0.0,0.0,0.0,0.0,0.0,0.0,0.0,0.0,0.0,0.0,0.0,0.0,0.0,0.0
66.24983116253708,23.949443790503977,129.43049163772554,738.0,144.0,2.983785615537241,87.04347577421791,0.7935208602950876,1.4941610613203,0.6509862238538842,9.062251405650532,5.0,2.0,14.0,4.323506421044234,1.2788223161449055,0.3460097246767887,0.8670710410855512,0.0,0.0,0.0,0.0,0.0,1.0,0.0,0.0,0.0,0.0,0.0,0.0,0.0,0.0,0.0,0.0,0.0,0.0,0.0,0.0,0.0,0.0,0.0,0.0,0.0,0.0,0.0,0.0,0.0,0.0,0.0,0.0,0.0,0.0,0.0,0.0,0.0,0.0,0.0,0.0,0.0,0.0,0.0,0.0,0.0,0.0,0.0,0.0,0.0,0.0,0.0
56.6379018176842,25.68459984137609,103.36360683297178,579.0,441.0,4.567399869380372,71.73243331978433,0.8598838042090443,1.354175592659532,0.4565486836808859,8.015331828980045,6.0,0.0,12.0,4.516389127596934,1.5075776504567733,0.4085540726800788,0.8095277923911223,0.0,0.0,0.0,0.0,0.0,0.0,0.0,0.0,0.0,0.0,0.0,0.0,0.0,0.0,0.0,0.0,0.0,1.0,0.0,0.0,0.0,0.0,0.0,0.0,0.0,0.0,0.0,0.0,0.0,0.0,0.0,0.0,0.0,0.0,0.0,0.0,0.0,0.0,0.0,0.0,0.0,0.0,0.0,0.0,0.0,0.0,0.0,0.0,0.0,0.0,0.0
72.82430440351305,58.48263687700986,198.8213945773602,985.0,128.0,6.430299402970844,90.11988004145503,0.9711410569401082,0.9364618924161237,0.5490039027034344,2.0982530662159595,5.0,2.0,20.0,4.3517437239410155,1.322565603664458,0.3287187849199337,0.2735629079545305,0.0,0.0,0.0,0.0,0.0,1.0,0.0,0.0,0.0,0.0,0.0,0.0,0.0,0.0,0.0,0.0,0.0,0.0,0.0,0.0,0.0,0.0,0.0,0.0,0.0,0.0,0.0,0.0,0.0,0.0,0.0,0.0,0.0,0.0,0.0,0.0,0.0,0.0,0.0,0.0,0.0,0.0,0.0,0.0,0.0,0.0,0.0,0.0,0.0,0.0,0.0
71.96272962891892,47.696485338528085,143.38953264342024,1043.0,158.0,3.914857848605223,80.89639104817542,0.7079998668990554,1.100067330758273,0.7389124531664395,4.660101494716536,4.0,0.0,12.0,5.156094169654247,1.4460515810886854,0.4549848985664289,0.42023407693523634,0.0,0.0,0.0,0.0,0.0,0.0,0.0,0.0,0.0,0.0,0.0,0.0,0.0,0.0,1.0,0.0,0.0,0.0,0.0,0.0,0.0,0.0,0.0,0.0,0.0,0.0,0.0,0.0,0.0,0.0,0.0,0.0,0.0,0.0,0.0,0.0,0.0,0.0,0.0,0.0,0.0,0.0,0.0,0.0,0.0,0.0,0.0,0.0,0.0,0.0,0.0
71.78747004478431,32.54387081842097,94.14534922224894,1454.0,596.0,2.119475553696515,94.06546277675108,0.9379879442181568,1.2013710710155747,0.5121916371961092,5.592739298692438,4.0,5.0,18.0,5.236687793744402,1.3277144246697872,0.4122287891878386,0.593271069616686,0.0,0.0,0.0,0.0,0.0,0.0,0.0,0.0,0.0,0.0,0.0,0.0,0.0,0.0,0.0,0.0,0.0,0.0,0.0,0.0,0.0,0.0,0.0,0.0,0.0,0.0,0.0,0.0,0.0,0.0,0.0,0.0,0.0,0.0,0.0,1.0,0.0,0.0,0.0,0.0,0.0,0.0,0.0,0.0,0.0,0.0,0.0,0.0,0.0,0.0,0.0
65.42858024336148,20.63668760990492,153.00025716429565,764.0,365.0,2.2962505015177506,88.27598170174143,0.9117041408599976,1.4239202947469094,0.4335638478549233,0.5855599353779595,4.0,4.0,0.0,5.0830688301946045,1.1205434267992829,0.38244733351743554,0.480381788127658,0.0,0.0,0.0,0.0,0.0,0.0,0.0,0.0,0.0,0.0,0.0,0.0,0.0,0.0,0.0,1.0,0.0,0.0,0.0,0.0,0.0,0.0,0.0,0.0,0.0,0.0,0.0,0.0,0.0,0.0,0.0,0.0,0.0,0.0,0.0,0.0,0.0,0.0,0.0,0.0,0.0,0.0,0.0,0.0,0.0,0.0,0.0,0.0,0.0,0.0,0.0
68.48605846030662,47.80644184191543,80.03214126179302,834.0,414.0,2.888449920824546,72.09323564168753,0.902886228510174,1.3124064259498491,0.565763445884293,8.397535866142084,5.0,1.0,13.0,4.5025258568710536,1.471005019922817,0.39883880332773103,0.7712918618544548,0.0,0.0,0.0,0.0,0.0,0.0,0.0,0.0,0.0,0.0,0.0,0.0,0.0,0.0,0.0,0.0,0.0,0.0,0.0,0.0,1.0,0.0,0.0,0.0,0.0,0.0,0.0,0.0,0.0,0.0,0.0,0.0,0.0,0.0,0.0,0.0,0.0,0.0,0.0,0.0,0.0,0.0,0.0,0.0,0.0,0.0,0.0,0.0,0.0,0.0,0.0
78.79592035219467,46.59751732650244,98.85728491395348,1199.0,199.0,6.856629208000779,91.03867039130346,0.7166748785812977,1.2625896314987963,0.9535564337348568,9.567896639055713,6.0,4.0,20.0,4.147293773259991,1.3942561240774634,0.3414525042153104,0.6754789785702702,0.0,0.0,0.0,0.0,0.0,0.0,0.0,1.0,0.0,0.0,0.0,0.0,0.0,0.0,0.0,0.0,0.0,0.0,0.0,0.0,0.0,0.0,0.0,0.0,0.0,0.0,0.0,0.0,0.0,0.0,0.0,0.0,0.0,0.0,0.0,0.0,0.0,0.0,0.0,0.0,0.0,0.0,0.0,0.0,0.0,0.0,0.0,0.0,0.0,0.0,0.0
73.14840433363514,28.886596756870976,184.3402415546589,1482.0,543.0,6.524968750052619,81.27755289365847,0.7716894191330268,1.3955575351165388,0.542580234760229,9.929105098300594,6.0,3.0,1.0,4.350467679898715,1.336535029958887,0.36757177031258687,0.8972736855259341,1.0,0.0,0.0,0.0,0.0,0.0,0.0,0.0,0.0,0.0,0.0,0.0,0.0,0.0,0.0,0.0,0.0,0.0,0.0,0.0,0.0,0.0,0.0,0.0,0.0,0.0,0.0,0.0,0.0,0.0,0.0,0.0,0.0,0.0,0.0,0.0,0.0,0.0,0.0,0.0,0.0,0.0,0.0,0.0,0.0,0.0,0.0,0.0,0.0,0.0,0.0
67.34007546090942,22.773341354505853,70.08320798597362,670.0,374.0,6.821327038261026,82.18950239357798,0.8733216936144601,1.1479636011347532,0.7111651672312767,8.653894478833818,3.0,5.0,1.0,4.42816945166844,0.9591835124026638,0.26514412203819004,0.6532837927794238,0.0,0.0,0.0,0.0,0.0,0.0,0.0,0.0,0.0,0.0,0.0,0.0,0.0,0.0,0.0,0.0,0.0,0.0,0.0,0.0,0.0,0.0,0.0,0.0,0.0,0.0,0.0,0.0,0.0,0.0,0.0,0.0,0.0,0.0,0.0,1.0,0.0,0.0,0.0,0.0,0.0,0.0,0.0,0.0,0.0,0.0,0.0,0.0,0.0,0.0,0.0
65.34144652174231,25.22378294738085,120.44288784616408,1461.0,236.0,2.715569108731805,75.67804110985347,0.8193060581863398,1.4623061303046612,0.459536074074883,2.5609092494635552,4.0,3.0,8.0,4.811763219377053,1.6138017949062664,0.440463388369861,0.5897551124532835,0.0,0.0,0.0,0.0,0.0,0.0,0.0,0.0,0.0,0.0,0.0,0.0,0.0,0.0,0.0,0.0,0.0,0.0,0.0,0.0,0.0,0.0,0.0,0.0,0.0,0.0,0.0,0.0,0.0,0.0,0.0,0.0,0.0,0.0,0.0,0.0,0.0,0.0,0.0,0.0,0.0,0.0,0.0,0.0,0.0,0.0,0.0,1.0,0.0,0.0,0.0
73.54564664627289,41.84759777252389,126.8412364359038,1224.0,332.0,3.7969793403876,90.23841472727952,0.962671664727094,0.9399631893169738,0.7719636786080263,3.3571477122771034,4.0,0.0,20.0,4.550820881798438,0.9591835124026638,0.3063006981953055,0.263881956507646,0.0,0.0,0.0,0.0,0.0,0.0,0.0,0.0,0.0,0.0,0.0,0.0,0.0,0.0,0.0,0.0,0.0,0.0,0.0,0.0,0.0,0.0,0.0,0.0,0.0,0.0,0.0,0.0,0.0,0.0,0.0,0.0,0.0,0.0,0.0,0.0,0.0,0.0,0.0,0.0,0.0,0.0,0.0,0.0,0.0,1.0,0.0,0.0,0.0,0.0,0.0
68.0246835673656,45.07058361896927,116.2593291374296,1399.0,419.0,6.949826606383903,70.26505696165965,0.8969042451092493,1.1344874316791522,0.7577204906302992,7.7354762860029265,5.0,4.0,5.0,4.116836481375214,1.270203837310117,0.35049279731455074,0.5850500079305676,0.0,0.0,0.0,0.0,0.0,0.0,0.0,0.0,0.0,0.0,0.0,0.0,0.0,0.0,0.0,0.0,0.0,0.0,0.0,0.0,0.0,0.0,0.0,0.0,0.0,0.0,0.0,0.0,0.0,0.0,1.0,0.0,0.0,0.0,0.0,0.0,0.0,0.0,0.0,0.0,0.0,0.0,0.0,0.0,0.0,0.0,0.0,0.0,0.0,0.0,0.0
66.46279938499016,52.740670776530905,155.13209735243768,1420.0,506.0,6.656835812991417,91.8787194340084,0.7809703558520874,0.9617039497789586,0.7370573623169271,2.7186159441100246,7.0,5.0,21.0,4.39780011622989,1.4615596742220625,0.36148078622320096,0.2544670385125357,0.0,0.0,0.0,0.0,0.0,0.0,0.0,0.0,0.0,0.0,0.0,0.0,0.0,0.0,0.0,0.0,0.0,0.0,0.0,0.0,0.0,0.0,0.0,0.0,1.0,0.0,0.0,0.0,0.0,0.0,0.0,0.0,0.0,0.0,0.0,0.0,0.0,0.0,0.0,0.0,0.0,0.0,0.0,0.0,0.0,0.0,0.0,0.0,0.0,0.0,0.0
69.80455138969387,25.065966697312344,168.2767753794648,1490.0,529.0,6.740653692158235,84.78919202094795,0.9128633132482696,1.1239900330311423,0.4781429688378966,8.257471908901783,4.0,6.0,20.0,4.964596272502083,1.0800806143673005,0.37517342266544224,0.699228038843073,0.0,0.0,0.0,0.0,0.0,0.0,0.0,0.0,0.0,0.0,0.0,0.0,0.0,0.0,0.0,1.0,0.0,0.0,0.0,0.0,0.0,0.0,0.0,0.0,0.0,0.0,0.0,0.0,0.0,0.0,0.0,0.0,0.0,0.0,0.0,0.0,0.0,0.0,0.0,0.0,0.0,0.0,0.0,0.0,0.0,0.0,0.0,0.0,0.0,0.0,0.0
66.27117249032003,58.14643019873786,110.63507217642116,1373.0,423.0,4.793906386256122,81.75477830643042,0.8550903326337521,1.156846264380417,0.6196462969661688,8.802237544678832,6.0,5.0,16.0,4.616066548868687,1.2839244931938134,0.3762741704275172,0.6956979658721577,0.0,0.0,0.0,0.0,0.0,0.0,0.0,0.0,0.0,0.0,0.0,0.0,0.0,0.0,0.0,0.0,0.0,0.0,0.0,0.0,0.0,1.0,0.0,0.0,0.0,0.0,0.0,0.0,0.0,0.0,0.0,0.0,0.0,0.0,0.0,0.0,0.0,0.0,0.0,0.0,0.0,0.0,0.0,0.0,0.0,0.0,0.0,0.0,0.0,0.0,0.0
63.20083748456228,47.98358418662187,51.139155780337816,802.0,395.0,5.769930000238452,88.56005297208122,0.7033454001929068,1.0404599492304074,0.8395523410692257,2.9540672920783964,3.0,4.0,20.0,4.42816945166844,0.9591835124026638,0.26514412203819004,0.2714540071585076,0.0,0.0,0.0,0.0,0.0,0.0,0.0,0.0,0.0,0.0,0.0,0.0,0.0,0.0,0.0,0.0,0.0,0.0,0.0,0.0,0.0,0.0,0.0,0.0,0.0,1.0,0.0,0.0,0.0,0.0,0.0,0.0,0.0,0.0,0.0,0.0,0.0,0.0,0.0,0.0,0.0,0.0,0.0,0.0,0.0,0.0,0.0,0.0,0.0,0.0,0.0
63.5732336260577,45.531824346143125,93.45093526919106,1075.0,129.0,4.1731077371609295,84.5596159334954,0.8498344270134683,1.096118203337457,0.9276668342859024,5.8976551542211855,6.0,2.0,8.0,4.71391896016192,1.3599888029621439,0.38693360306740443,0.4171733480317127,0.0,1.0,0.0,0.0,0.0,0.0,0.0,0.0,0.0,0.0,0.0,0.0,0.0,0.0,0.0,0.0,0.0,0.0,0.0,0.0,0.0,0.0,0.0,0.0,0.0,0.0,0.0,0.0,0.0,0.0,0.0,0.0,0.0,0.0,0.0,0.0,0.0,0.0,0.0,0.0,0.0,0.0,0.0,0.0,0.0,0.0,0.0,0.0,0.0,0.0,0.0
74.64027730777421,26.17842126431519,155.8281351306851,1034.0,165.0,5.285142977164433,75.52858371603057,0.7410616650074148,1.1029436281405527,0.8082979182999139,5.755909510419848,6.0,4.0,15.0,4.370896497013514,1.3909745190493223,0.38910083907930443,0.4533398376047467,0.0,0.0,0.0,0.0,0.0,1.0,0.0,0.0,0.0,0.0,0.0,0.0,0.0,0.0,0.0,0.0,0.0,0.0,0.0,0.0,0.0,0.0,0.0,0.0,0.0,0.0,0.0,0.0,0.0,0.0,0.0,0.0,0.0,0.0,0.0,0.0,0.0,0.0,0.0,0.0,0.0,0.0,0.0,0.0,0.0,0.0,0.0,0.0,0.0,0.0,0.0
70.39079507692084,32.746864958664425,176.82833076399888,756.0,122.0,5.629900382623647,78.62594146789766,0.8514656091212573,0.9532369565047494,0.8950105753484958,5.91471723653652,4.0,4.0,7.0,4.722185369331042,1.6212663532592901,0.4243004123327513,0.35741535828982934,0.0,0.0,0.0,0.0,0.0,0.0,0.0,0.0,0.0,0.0,0.0,0.0,0.0,0.0,1.0,0.0,0.0,0.0,0.0,0.0,0.0,0.0,0.0,0.0,0.0,0.0,0.0,0.0,0.0,0.0,0.0,0.0,0.0,0.0,0.0,0.0,0.0,0.0,0.0,0.0,0.0,0.0,0.0,0.0,0.0,0.0,0.0,0.0,0.0,0.0,0.0
68.06902409733998,21.917368808156827,179.83749196474767,1357.0,247.0,4.603900982906085,85.66823069172568,0.9432463309714768,0.967225949760496,0.8171657289919836,2.9717319162456626,4.0,4.0,3.0,4.711536841223019,1.7212449781198098,0.40966053193528257,0.24315656578950756,0.0,0.0,0.0,0.0,0.0,0.0,0.0,0.0,0.0,1.0,0.0,0.0,0.0,0.0,0.0,0.0,0.0,0.0,0.0,0.0,0.0,0.0,0.0,0.0,0.0,0.0,0.0,0.0,0.0,0.0,0.0,0.0,0.0,0.0,0.0,0.0,0.0,0.0,0.0,0.0,0.0,0.0,0.0,0.0,0.0,0.0,0.0,0.0,0.0,0.0,0.0
73.8218671610062,53.49316853036599,115.8130844582554,1363.0,203.0,4.6904150179124,87.09517047668312,0.7230887271147544,0.9151208118907662,0.8322694310511756,3.0628581388883527,7.0,5.0,3.0,4.014745211878291,1.3817850034550492,0.33601912168504466,0.21659616651439612,0.0,0.0,0.0,0.0,0.0,0.0,0.0,0.0,0.0,0.0,0.0,0.0,0.0,0.0,0.0,0.0,0.0,0.0,0.0,0.0,0.0,0.0,0.0,0.0,0.0,0.0,0.0,0.0,0.0,0.0,0.0,1.0,0.0,0.0,0.0,0.0,0.0,0.0,0.0,0.0,0.0,0.0,0.0,0.0,0.0,0.0,0.0,0.0,0.0,0.0,0.0
75.89891107275544,45.07472720779206,163.88110801377974,1123.0,101.0,5.401640272351706,91.49962790310649,0.7214222591108513,1.295967015670883,0.6553640089967583,1.7813783774284098,5.0,5.0,12.0,4.324557131253531,1.320475413334982,0.348375278815096,0.40213963953549603,0.0,0.0,0.0,0.0,0.0,0.0,0.0,0.0,0.0,0.0,0.0,0.0,0.0,0.0,0.0,0.0,0.0,0.0,0.0,0.0,0.0,0.0,0.0,0.0,0.0,0.0,0.0,0.0,0.0,0.0,0.0,0.0,0.0,0.0,0.0,0.0,0.0,0.0,0.0,0.0,0.0,0.0,0.0,0.0,0.0,1.0,0.0,0.0,0.0,0.0,0.0
67.88247225733124,56.50644358121718,188.1107515981505,600.0,444.0,3.614708349942416,72.83963119063986,0.7820221461175131,1.3954039888502168,0.593799020078392,7.745530685259175,6.0,0.0,17.0,4.642425822890322,1.3551325290211091,0.4104946623785893,0.7708532679791554,0.0,0.0,0.0,0.0,0.0,0.0,0.0,0.0,0.0,0.0,0.0,0.0,0.0,0.0,0.0,0.0,0.0,0.0,0.0,0.0,0.0,0.0,0.0,0.0,0.0,0.0,0.0,0.0,0.0,1.0,0.0,0.0,0.0,0.0,0.0,0.0,0.0,0.0,0.0,0.0,0.0,0.0,0.0,0.0,0.0,0.0,0.0,0.0,0.0,0.0,0.0
68.13532897424632,34.16281616998138,64.76982789803519,820.0,573.0,2.48998727042521,76.53380402906892,0.9946327006463358,1.2733290244170508,0.9388672105186088,4.913843026971179,7.0,4.0,21.0,4.310159123047489,1.4989822715332195,0.3667813508149007,0.4529063252386981,0.0,0.0,0.0,0.0,0.0,0.0,0.0,1.0,0.0,0.0,0.0,0.0,0.0,0.0,0.0,0.0,0.0,0.0,0.0,0.0,0.0,0.0,0.0,0.0,0.0,0.0,0.0,0.0,0.0,0.0,0.0,0.0,0.0,0.0,0.0,0.0,0.0,0.0,0.0,0.0,0.0,0.0,0.0,0.0,0.0,0.0,0.0,0.0,0.0,0.0,0.0
65.85567031605957,32.066885295473654,54.9842699682287,713.0,522.0,5.70312725135828,77.36177494120561,0.843152634110625,0.9464539442035352,0.854840491949324,8.881916410193082,6.0,4.0,8.0,4.3723829456730865,1.3934243758578408,0.37558809966379714,0.515882429890544,0.0,0.0,0.0,0.0,0.0,0.0,0.0,0.0,0.0,0.0,0.0,0.0,0.0,0.0,0.0,0.0,0.0,0.0,0.0,0.0,0.0,0.0,0.0,1.0,0.0,0.0,0.0,0.0,0.0,0.0,0.0,0.0,0.0,0.0,0.0,0.0,0.0,0.0,0.0,0.0,0.0,0.0,0.0,0.0,0.0,0.0,0.0,0.0,0.0,0.0,0.0
73.63354560223253,38.09698464039181,87.75820476582408,1022.0,531.0,4.050190507827323,91.4293631206058,0.9641175596455228,1.0364565267498218,0.98456475264349,5.075564145125018,4.0,3.0,13.0,4.811029474378283,0.9591835124026638,0.30690165292652954,0.32719125746442324,0.0,0.0,0.0,0.0,0.0,0.0,0.0,0.0,0.0,0.0,0.0,0.0,0.0,0.0,0.0,0.0,0.0,0.0,0.0,0.0,0.0,0.0,0.0,0.0,0.0,0.0,0.0,0.0,0.0,0.0,0.0,0.0,0.0,0.0,0.0,0.0,0.0,0.0,0.0,0.0,0.0,0.0,0.0,0.0,0.0,1.0,0.0,0.0,0.0,0.0,0.0
66.39033172760364,21.059840284461025,135.16031212575305,1352.0,294.0,6.923407613250431,75.79069910326312,0.8252836103451036,1.4860220617429656,0.99797846317358,2.493403686813669,4.0,6.0,23.0,4.0271508218730565,0.9591835124026638,0.3018283860583082,0.4185296094985141,0.0,0.0,0.0,0.0,0.0,0.0,0.0,0.0,0.0,0.0,0.0,0.0,0.0,0.0,0.0,0.0,1.0,0.0,0.0,0.0,0.0,0.0,0.0,0.0,0.0,0.0,0.0,0.0,0.0,0.0,0.0,0.0,0.0,0.0,0.0,0.0,0.0,0.0,0.0,0.0,0.0,0.0,0.0,0.0,0.0,0.0,0.0,0.0,0.0,0.0,0.0
71.55888526017176,53.75906885231336,140.2251622619232,585.0,248.0,6.222995837418305,80.42311855021194,0.7881292458281952,1.0176533661178762,0.6866149984245375,3.181689019727987,6.0,3.0,5.0,4.24636175489725,1.4736667770710496,0.3717065450292541,0.322474163244426,0.0,0.0,1.0,0.0,0.0,0.0,0.0,0.0,0.0,0.0,0.0,0.0,0.0,0.0,0.0,0.0,0.0,0.0,0.0,0.0,0.0,0.0,0.0,0.0,0.0,0.0,0.0,0.0,0.0,0.0,0.0,0.0,0.0,0.0,0.0,0.0,0.0,0.0,0.0,0.0,0.0,0.0,0.0,0.0,0.0,0.0,0.0,0.0,0.0,0.0,0.0
66.24820990204333,32.83126794403511,74.86913633019044,561.0,149.0,4.36042240963691,91.0341707237958,0.7213813245160198,1.2168554622742231,0.4985637646907083,3.2961202183922724,4.0,2.0,5.0,4.65882632326678,1.3663179286037745,0.3826590875891679,0.49066564111826294,0.0,0.0,0.0,0.0,0.0,0.0,0.0,0.0,0.0,0.0,0.0,0.0,0.0,0.0,0.0,0.0,0.0,0.0,0.0,0.0,0.0,0.0,0.0,0.0,0.0,0.0,0.0,0.0,0.0,0.0,0.0,0.0,0.0,0.0,0.0,0.0,0.0,0.0,0.0,0.0,0.0,0.0,0.0,1.0,0.0,0.0,0.0,0.0,0.0,0.0,0.0
76.19964977160167,23.099324979517792,170.7349446645429,459.0,498.0,2.085044889318742,84.00500337828868,0.836586581902205,1.0035561812765172,0.5897868659906375,0.2544621799925994,7.0,2.0,22.0,4.661994483392899,1.5417146199363603,0.4022179141745207,0.2012829057576548,0.0,0.0,0.0,0.0,0.0,0.0,0.0,0.0,0.0,0.0,0.0,0.0,0.0,0.0,0.0,0.0,0.0,0.0,0.0,0.0,0.0,0.0,0.0,0.0,0.0,0.0,0.0,0.0,0.0,0.0,0.0,0.0,0.0,0.0,0.0,0.0,0.0,0.0,0.0,0.0,0.0,0.0,1.0,0.0,0.0,0.0,0.0,0.0,0.0,0.0,0.0
68.89115188678463,43.25051848435108,59.82108848627601,462.0,156.0,3.535292014707431,87.29706339443982,0.885179461505783,1.4069263400762688,0.4746935217575985,7.4977578414782435,6.0,3.0,2.0,4.386205059910772,1.6793712279121011,0.38001430584576484,0.8039778979336014,0.0,0.0,0.0,0.0,0.0,0.0,0.0,0.0,0.0,0.0,0.0,0.0,0.0,0.0,0.0,0.0,0.0,0.0,0.0,0.0,0.0,0.0,0.0,0.0,0.0,0.0,0.0,0.0,0.0,0.0,0.0,0.0,0.0,0.0,1.0,0.0,0.0,0.0,0.0,0.0,0.0,0.0,0.0,0.0,0.0,0.0,0.0,0.0,0.0,0.0,0.0
66.30332310062721,34.207069104102374,140.56758000348884,630.0,558.0,6.218782346414783,88.79711178785664,0.7765876285867332,1.3308893034871347,0.6787335183159149,3.357696295804742,5.0,0.0,9.0,4.683022358423946,1.2639869132767214,0.37393939802936327,0.490683944045932,0.0,0.0,0.0,0.0,0.0,0.0,0.0,0.0,0.0,0.0,0.0,0.0,0.0,0.0,0.0,0.0,0.0,0.0,0.0,0.0,0.0,0.0,0.0,0.0,0.0,0.0,0.0,0.0,0.0,0.0,0.0,0.0,1.0,0.0,0.0,0.0,0.0,0.0,0.0,0.0,0.0,0.0,0.0,0.0,0.0,0.0,0.0,0.0,0.0,0.0,0.0
70.36975880800648,46.908001142160245,183.4390943209781,822.0,321.0,6.271849516309433,80.54852065578575,0.96936274758483,1.239704234190457,0.7608671769271835,9.489069044727884,6.0,3.0,12.0,4.657482713787753,1.3140277118637607,0.37372325601565104,0.724395621512,0.0,0.0,0.0,0.0,0.0,0.0,0.0,0.0,0.0,0.0,0.0,0.0,0.0,0.0,0.0,0.0,0.0,0.0,0.0,0.0,0.0,0.0,0.0,0.0,0.0,0.0,0.0,0.0,0.0,1.0,0.0,0.0,0.0,0.0,0.0,0.0,0.0,0.0,0.0,0.0,0.0,0.0,0.0,0.0,0.0,0.0,0.0,0.0,0.0,0.0,0.0
73.20782751415345,21.476197741720217,69.75356024336807,1365.0,495.0,3.533148207166801,72.2900978418852,0.9738790760267992,1.131842313091659,0.5582408100087786,1.5002141401015168,5.0,0.0,6.0,4.488367210020097,1.1844763187133993,0.3627616068325005,0.338345959484209,0.0,0.0,0.0,0.0,0.0,0.0,0.0,0.0,0.0,0.0,0.0,0.0,0.0,0.0,0.0,0.0,0.0,0.0,0.0,0.0,0.0,0.0,0.0,0.0,0.0,0.0,0.0,1.0,0.0,0.0,0.0,0.0,0.0,0.0,0.0,0.0,0.0,0.0,0.0,0.0,0.0,0.0,0.0,0.0,0.0,0.0,0.0,0.0,0.0,0.0,0.0
67.12394204839914,47.04812265252251,158.78201363600397,421.0,466.0,2.054502106666347,94.89820843686384,0.9046033603234532,1.2450800582379338,0.6347400093861854,1.4569756515921028,4.0,4.0,16.0,4.465190962337909,1.1907959358550528,0.3230675996549249,0.36732424479052306,0.0,0.0,0.0,0.0,0.0,0.0,0.0,0.0,0.0,0.0,0.0,0.0,0.0,0.0,0.0,0.0,0.0,0.0,0.0,0.0,0.0,0.0,0.0,0.0,0.0,0.0,0.0,0.0,0.0,0.0,0.0,0.0,0.0,0.0,0.0,0.0,0.0,0.0,0.0,0.0,0.0,0.0,0.0,0.0,1.0,0.0,0.0,0.0,0.0,0.0,0.0
72.03996812549123,42.93351835178386,69.70566896463964,584.0,344.0,4.55455164557986,79.34009129925371,0.7649427292817013,1.45480613657704,0.7671102475404867,3.9934213533902216,5.0,1.0,3.0,4.493824875112378,1.6970880171057112,0.4189711323011598,0.5550124095441861,0.0,0.0,0.0,0.0,0.0,0.0,0.0,0.0,0.0,0.0,0.0,0.0,0.0,0.0,0.0,0.0,0.0,0.0,0.0,0.0,0.0,0.0,0.0,0.0,0.0,0.0,0.0,0.0,0.0,0.0,0.0,0.0,0.0,1.0,0.0,0.0,0.0,0.0,0.0,0.0,0.0,0.0,0.0,0.0,0.0,0.0,0.0,0.0,0.0,0.0,0.0
64.22433010269147,36.695221606249206,66.90601759660237,596.0,296.0,5.377693728526481,79.60088350262174,0.966461349801102,1.4150759621503055,0.9630313280171204,3.5956553818752868,4.0,6.0,1.0,4.5123069178563044,1.6727269342839481,0.3975736330826551,0.44983343366754575,0.0,0.0,0.0,0.0,0.0,0.0,0.0,0.0,0.0,0.0,0.0,0.0,0.0,0.0,0.0,0.0,0.0,0.0,0.0,0.0,0.0,0.0,0.0,0.0,0.0,0.0,0.0,0.0,0.0,0.0,0.0,0.0,0.0,0.0,0.0,0.0,0.0,0.0,0.0,0.0,0.0,0.0,0.0,0.0,0.0,0.0,0.0,1.0,0.0,0.0,0.0
70.06838519038156,22.40721844667445,116.95111451784432,1478.0,478.0,3.93252327967518,92.55539320713268,0.960582593379923,1.293160014846108,0.4587921642990705,1.7084987729986625,5.0,3.0,5.0,4.478526270090684,1.3726504514053521,0.3406741108587544,0.46269892417069225,0.0,0.0,0.0,0.0,1.0,0.0,0.0,0.0,0.0,0.0,0.0,0.0,0.0,0.0,0.0,0.0,0.0,0.0,0.0,0.0,0.0,0.0,0.0,0.0,0.0,0.0,0.0,0.0,0.0,0.0,0.0,0.0,0.0,0.0,0.0,0.0,0.0,0.0,0.0,0.0,0.0,0.0,0.0,0.0,0.0,0.0,0.0,0.0,0.0,0.0,0.0
63.86443732216919,30.784549772782377,63.5872349373572,302.0,485.0,5.60526872903392,89.43169525873347,0.7796486879304169,1.270810163279905,0.7414430261455345,9.933913618177549,6.0,1.0,1.0,4.3345914313658565,1.3949590529215021,0.3546697037109741,0.768703629510056,0.0,0.0,0.0,0.0,0.0,1.0,0.0,0.0,0.0,0.0,0.0,0.0,0.0,0.0,0.0,0.0,0.0,0.0,0.0,0.0,0.0,0.0,0.0,0.0,0.0,0.0,0.0,0.0,0.0,0.0,0.0,0.0,0.0,0.0,0.0,0.0,0.0,0.0,0.0,0.0,0.0,0.0,0.0,0.0,0.0,0.0,0.0,0.0,0.0,0.0,0.0
75.82531166120906,31.55487641295985,79.07860945066366,535.0,453.0,2.8582408561707404,81.88622877349587,0.7973684249207309,1.0461253576968994,0.7134232465243457,7.903247039431726,4.0,1.0,12.0,4.347570236587133,1.572897602806674,0.38610268179104174,0.5640042961895879,0.0,0.0,0.0,0.0,0.0,0.0,0.0,0.0,0.0,0.0,0.0,0.0,0.0,0.0,0.0,0.0,0.0,0.0,0.0,0.0,0.0,0.0,0.0,0.0,0.0,0.0,0.0,0.0,0.0,0.0,0.0,0.0,0.0,0.0,0.0,0.0,0.0,0.0,1.0,0.0,0.0,0.0,0.0,0.0,0.0,0.0,0.0,0.0,0.0,0.0,0.0
68.15825932168777,53.90671207366714,164.17542094867505,436.0,486.0,3.24196176384256,78.51849359066935,0.7945710788920473,1.23316885605065,0.431830981387018,7.393567663455933,6.0,0.0,2.0,4.333161313778927,1.5022410478354122,0.38512292593516084,0.726106609461366,0.0,0.0,0.0,0.0,0.0,0.0,0.0,1.0,0.0,0.0,0.0,0.0,0.0,0.0,0.0,0.0,0.0,0.0,0.0,0.0,0.0,0.0,0.0,0.0,0.0,0.0,0.0,0.0,0.0,0.0,0.0,0.0,0.0,0.0,0.0,0.0,0.0,0.0,0.0,0.0,0.0,0.0,0.0,0.0,0.0,0.0,0.0,0.0,0.0,0.0,0.0
69.39685119157376,56.51538298049184,174.8171388967006,883.0,288.0,2.9681965374672337,93.27137435173763,0.7744227776430799,1.3482742552347171,0.7363301612918388,1.2108786192034615,6.0,0.0,8.0,4.848894781082236,1.442697998456435,0.39664677593845965,0.37275171166320537,0.0,0.0,0.0,0.0,0.0,0.0,0.0,0.0,0.0,0.0,0.0,0.0,0.0,0.0,0.0,0.0,0.0,0.0,0.0,0.0,0.0,0.0,0.0,0.0,0.0,0.0,0.0,0.0,0.0,0.0,0.0,0.0,0.0,0.0,0.0,0.0,0.0,0.0,0.0,0.0,0.0,0.0,0.0,1.0,0.0,0.0,0.0,0.0,0.0,0.0,0.0
72.3920600711021,21.49862767291492,99.89461724945735,1434.0,373.0,6.317526094470155,89.0413084508957,0.828723016348723,1.2722914148654414,0.7740154721609607,7.904787599908167,4.0,5.0,1.0,4.603234094866719,1.5486362938553961,0.38849962700513896,0.6570524016219191,0.0,0.0,0.0,0.0,0.0,0.0,0.0,0.0,0.0,1.0,0.0,0.0,0.0,0.0,0.0,0.0,0.0,0.0,0.0,0.0,0.0,0.0,0.0,0.0,0.0,0.0,0.0,0.0,0.0,0.0,0.0,0.0,0.0,0.0,0.0,0.0,0.0,0.0,0.0,0.0,0.0,0.0,0.0,0.0,0.0,0.0,0.0,0.0,0.0,0.0,0.0
69.46134274382143,40.93457844436755,52.182558410180405,770.0,142.0,5.794162865887522,76.00775135940427,0.9841676430159864,1.126450882971096,0.7861246775440761,2.346491920064099,5.0,6.0,3.0,4.144564875360297,1.6146660777493675,0.36557272273070984,0.3019267537573531,0.0,0.0,0.0,0.0,0.0,0.0,0.0,0.0,0.0,0.0,0.0,0.0,0.0,0.0,0.0,0.0,0.0,0.0,0.0,0.0,0.0,0.0,0.0,0.0,0.0,0.0,0.0,0.0,1.0,0.0,0.0,0.0,0.0,0.0,0.0,0.0,0.0,0.0,0.0,0.0,0.0,0.0,0.0,0.0,0.0,0.0,0.0,0.0,0.0,0.0,0.0
68.43004143666876,58.15568914123576,66.50938819608274,567.0,465.0,5.601503151565578,75.60014284016144,0.8215551899487126,1.214434402935195,0.582103366507863,4.97417533722826,4.0,3.0,13.0,4.198760982240847,1.6220122261170082,0.3880478769830013,0.5455266763987533,0.0,0.0,0.0,0.0,0.0,0.0,0.0,0.0,0.0,0.0,0.0,0.0,0.0,0.0,0.0,0.0,0.0,0.0,0.0,0.0,0.0,0.0,0.0,0.0,0.0,0.0,0.0,0.0,0.0,0.0,0.0,0.0,0.0,0.0,0.0,0.0,0.0,0.0,0.0,0.0,0.0,1.0,0.0,0.0,0.0,0.0,0.0,0.0,0.0,0.0,0.0
78.53640752808809,26.79333604225262,60.28581249085245,1362.0,588.0,6.587095398242742,84.91649608168697,0.7068739583524037,1.4585784071445245,0.5747125489321028,3.556839051741887,5.0,0.0,0.0,4.605061221230734,1.6289653140868223,0.41676212745847124,0.5992746808572499,0.0,0.0,0.0,0.0,0.0,0.0,0.0,0.0,0.0,0.0,0.0,0.0,0.0,0.0,0.0,0.0,0.0,0.0,0.0,0.0,0.0,0.0,0.0,0.0,0.0,0.0,0.0,0.0,0.0,0.0,0.0,0.0,0.0,0.0,0.0,0.0,0.0,0.0,0.0,0.0,0.0,0.0,1.0,0.0,0.0,0.0,0.0,0.0,0.0,0.0,0.0
73.13259094839016,56.499991643087775,78.06591029813515,1318.0,129.0,4.738921795835735,85.70502794687289,0.9544508683618071,1.0394079069666275,0.957577502877856,3.067116318238789,5.0,3.0,11.0,4.5356044303092515,1.3935400885246993,0.3619295974893771,0.23718983683541098,0.0,0.0,0.0,0.0,0.0,0.0,0.0,0.0,0.0,0.0,0.0,0.0,0.0,0.0,0.0,0.0,0.0,0.0,0.0,0.0,0.0,0.0,0.0,0.0,0.0,0.0,0.0,0.0,0.0,0.0,0.0,0.0,0.0,0.0,0.0,0.0,0.0,0.0,0.0,0.0,0.0,0.0,0.0,0.0,0.0,0.0,0.0,1.0,0.0,0.0,0.0
75.54235342790203,25.617005616207354,172.60693990819374,537.0,319.0,5.26038550926155,93.62700979377009,0.8027251574312281,1.375942197637501,0.8965888669432522,5.739895344317288,4.0,0.0,10.0,3.94903501841122,1.4077746933822612,0.3117779761855764,0.5597040138511199,0.0,0.0,0.0,0.0,0.0,0.0,1.0,0.0,0.0,0.0,0.0,0.0,0.0,0.0,0.0,0.0,0.0,0.0,0.0,0.0,0.0,0.0,0.0,0.0,0.0,0.0,0.0,0.0,0.0,0.0,0.0,0.0,0.0,0.0,0.0,0.0,0.0,0.0,0.0,0.0,0.0,0.0,0.0,0.0,0.0,0.0,0.0,0.0,0.0,0.0,0.0
72.31033967571159,44.66121646597122,108.3235995604173,808.0,530.0,2.129401760048642,74.84004312396394,0.7298321318731749,1.313825103419259,0.5792702757175919,5.946718720230719,4.0,0.0,9.0,4.434148050731429,1.2933484578269776,0.3877619445976608,0.6448749592717107,0.0,0.0,0.0,0.0,0.0,0.0,0.0,0.0,0.0,0.0,0.0,0.0,0.0,0.0,0.0,0.0,0.0,0.0,0.0,1.0,0.0,0.0,0.0,0.0,0.0,0.0,0.0,0.0,0.0,0.0,0.0,0.0,0.0,0.0,0.0,0.0,0.0,0.0,0.0,0.0,0.0,0.0,0.0,0.0,0.0,0.0,0.0,0.0,0.0,0.0,0.0
65.75156600145546,38.39811806105277,139.05631636630417,899.0,354.0,2.995088769874897,81.03854394681994,0.9850768001938366,0.9565437447901562,0.6486692723782272,9.33027004308683,6.0,1.0,19.0,4.86027534534301,1.6240865925196177,0.41835193146700245,0.6121787453183782,0.0,0.0,0.0,0.0,0.0,0.0,0.0,0.0,0.0,0.0,0.0,0.0,0.0,0.0,0.0,0.0,0.0,0.0,0.0,0.0,0.0,0.0,0.0,0.0,0.0,0.0,0.0,0.0,0.0,0.0,0.0,0.0,0.0,0.0,0.0,1.0,0.0,0.0,0.0,0.0,0.0,0.0,0.0,0.0,0.0,0.0,0.0,0.0,0.0,0.0,0.0
69.28863536177538,27.485373892833373,102.91227722654996,947.0,586.0,6.771411545868565,93.0399544005928,0.895992403380568,0.98109941156639,0.5912890535887078,0.3437293881353098,6.0,0.0,13.0,4.822267257677538,1.4187503731428242,0.38035832711836937,0.1940081983483986,0.0,0.0,0.0,0.0,0.0,0.0,0.0,0.0,0.0,0.0,0.0,0.0,0.0,0.0,0.0,0.0,0.0,0.0,0.0,0.0,0.0,0.0,0.0,0.0,0.0,0.0,0.0,0.0,0.0,0.0,0.0,0.0,0.0,0.0,0.0,0.0,0.0,0.0,0.0,0.0,0.0,0.0,0.0,1.0,0.0,0.0,0.0,0.0,0.0,0.0,0.0
63.95495472304386,54.99984812866516,120.65517123124576,1148.0,467.0,2.412757795646721,73.72453757307446,0.8312180758609845,1.452440484163634,0.9143225755190824,0.0324027330105025,6.0,5.0,15.0,5.015516885549894,1.4670831471518628,0.4468306698999532,0.3065160605943065,0.0,0.0,0.0,0.0,0.0,0.0,0.0,0.0,0.0,0.0,0.0,0.0,0.0,1.0,0.0,0.0,0.0,0.0,0.0,0.0,0.0,0.0,0.0,0.0,0.0,0.0,0.0,0.0,0.0,0.0,0.0,0.0,0.0,0.0,0.0,0.0,0.0,0.0,0.0,0.0,0.0,0.0,0.0,0.0,0.0,0.0,0.0,0.0,0.0,0.0,0.0
75.20566474091207,41.03791914030976,176.94703429346694,805.0,188.0,5.114351309722592,83.98931174080765,0.7550602911229923,1.4853170444125152,0.8537009381143841,2.0820194700007875,6.0,1.0,10.0,4.687307410436189,1.4688278726227098,0.40563681622068665,0.44575048436905973,0.0,0.0,0.0,0.0,0.0,0.0,0.0,0.0,0.0,0.0,0.0,0.0,0.0,0.0,0.0,0.0,0.0,0.0,0.0,0.0,0.0,0.0,0.0,0.0,0.0,0.0,0.0,0.0,0.0,0.0,0.0,0.0,0.0,0.0,0.0,0.0,0.0,0.0,0.0,0.0,0.0,0.0,0.0,0.0,0.0,0.0,0.0,0.0,0.0,1.0,0.0
69.13796493944463,55.27732136636121,114.40923033735618,689.0,468.0,4.826652540327274,83.27212382391394,0.7337547347934443,1.1595410477974233,0.6307498113444157,6.57741520522916,4.0,3.0,10.0,3.927116523514587,0.9868725519387282,0.29729840805385493,0.5820288320865359,0.0,0.0,0.0,0.0,0.0,0.0,0.0,0.0,0.0,0.0,0.0,0.0,0.0,0.0,0.0,0.0,1.0,0.0,0.0,0.0,0.0,0.0,0.0,0.0,0.0,0.0,0.0,0.0,0.0,0.0,0.0,0.0,0.0,0.0,0.0,0.0,0.0,0.0,0.0,0.0,0.0,0.0,0.0,0.0,0.0,0.0,0.0,0.0,0.0,0.0,0.0
74.78452505388454,46.31194742574576,197.4679547840938,805.0,584.0,3.483343992735491,94.06482243784322,0.9452127236767304,1.157345593587024,0.6783975333121335,5.289793206562314,5.0,6.0,10.0,4.344674756337931,1.378031939946925,0.3281048333060396,0.5006044611250994,0.0,0.0,0.0,0.0,0.0,0.0,0.0,0.0,0.0,0.0,0.0,0.0,0.0,0.0,0.0,0.0,0.0,0.0,0.0,1.0,0.0,0.0,0.0,0.0,0.0,0.0,0.0,0.0,0.0,0.0,0.0,0.0,0.0,0.0,0.0,0.0,0.0,0.0,0.0,0.0,0.0,0.0,0.0,0.0,0.0,0.0,0.0,0.0,0.0,0.0,0.0
70.37211591119129,41.72924683276503,177.72680178529544,313.0,107.0,5.172995610635224,70.4348895815922,0.8163037493622313,1.3646798059277931,0.4857270242396069,3.5331018718923204,4.0,2.0,19.0,5.236687793744402,0.9715172166763184,0.42967960082067685,0.5807922443599388,0.0,0.0,0.0,0.0,0.0,0.0,0.0,0.0,0.0,0.0,0.0,0.0,0.0,0.0,0.0,0.0,0.0,0.0,1.0,0.0,0.0,0.0,0.0,0.0,0.0,0.0,0.0,0.0,0.0,0.0,0.0,0.0,0.0,0.0,0.0,0.0,0.0,0.0,0.0,0.0,0.0,0.0,0.0,0.0,0.0,0.0,0.0,0.0,0.0,0.0,0.0
57.98607468597041,29.451451986271863,98.80825662190284,903.0,246.0,2.7096250352812934,91.0785921093852,0.9349927788131482,1.0251206883484636,0.8235572329977603,8.666345729063051,4.0,6.0,21.0,3.678582896934127,0.9591835124026638,0.26514412203819004,0.5549109257696685,0.0,0.0,0.0,0.0,0.0,0.0,0.0,0.0,0.0,0.0,0.0,0.0,0.0,0.0,0.0,0.0,0.0,0.0,0.0,0.0,0.0,0.0,0.0,0.0,0.0,0.0,1.0,0.0,0.0,0.0,0.0,0.0,0.0,0.0,0.0,0.0,0.0,0.0,0.0,0.0,0.0,0.0,0.0,0.0,0.0,0.0,0.0,0.0,0.0,0.0,0.0
76.05968534033103,32.67303826312619,56.95261634435445,1079.0,238.0,2.4101048547119888,80.91320078571259,0.8882389908464425,1.098923714887164,0.550694343904465,6.170424624076674,6.0,0.0,19.0,4.507768691869997,1.5769692068233139,0.39323519392290185,0.5580480597182977,0.0,0.0,0.0,0.0,0.0,0.0,0.0,0.0,0.0,0.0,0.0,0.0,0.0,0.0,0.0,0.0,0.0,0.0,0.0,0.0,0.0,0.0,0.0,0.0,0.0,0.0,0.0,0.0,0.0,0.0,0.0,0.0,0.0,0.0,1.0,0.0,0.0,0.0,0.0,0.0,0.0,0.0,0.0,0.0,0.0,0.0,0.0,0.0,0.0,0.0,0.0
67.92547518483663,25.61115992275445,53.39115685384588,1167.0,234.0,6.2901035806509205,74.17180368264054,0.7778235688298696,1.1772298184991774,0.754584139084445,0.4477014588102679,4.0,2.0,15.0,5.236687793744402,0.9591835124026638,0.45478779820318327,0.24286893151179628,0.0,0.0,0.0,0.0,0.0,0.0,0.0,0.0,0.0,0.0,0.0,0.0,0.0,0.0,0.0,0.0,0.0,0.0,0.0,0.0,0.0,0.0,0.0,0.0,0.0,0.0,0.0,0.0,0.0,0.0,0.0,0.0,0.0,0.0,0.0,0.0,1.0,0.0,0.0,0.0,0.0,0.0,0.0,0.0,0.0,0.0,0.0,0.0,0.0,0.0,0.0
57.72258115632509,41.48285308271132,92.24333507146387,1106.0,189.0,6.172043078184297,77.412129108752,0.7765261952088303,0.9523891245875064,0.8505256476528393,1.1976675273990878,4.0,0.0,2.0,4.614587104460286,1.7724790028224906,0.43933358648791826,0.13583656050822832,0.0,0.0,0.0,0.0,0.0,0.0,0.0,0.0,0.0,0.0,0.0,0.0,0.0,0.0,0.0,0.0,0.0,0.0,0.0,0.0,0.0,0.0,0.0,0.0,0.0,0.0,0.0,0.0,0.0,0.0,0.0,0.0,0.0,0.0,0.0,0.0,0.0,1.0,0.0,0.0,0.0,0.0,0.0,0.0,0.0,0.0,0.0,0.0,0.0,0.0,0.0
71.25234944415999,46.11361301127488,172.57950879763723,1435.0,360.0,3.273755198750294,81.4954786295019,0.8361450481035764,1.1421657338612918,0.4860735474502184,2.5125468406314444,5.0,3.0,4.0,4.730013774013857,1.4162765364168102,0.4011999982204421,0.41824910323649883,0.0,0.0,0.0,0.0,0.0,0.0,0.0,0.0,0.0,0.0,0.0,0.0,0.0,0.0,0.0,0.0,1.0,0.0,0.0,0.0,0.0,0.0,0.0,0.0,0.0,0.0,0.0,0.0,0.0,0.0,0.0,0.0,0.0,0.0,0.0,0.0,0.0,0.0,0.0,0.0,0.0,0.0,0.0,0.0,0.0,0.0,0.0,0.0,0.0,0.0,0.0
79.08549987575577,23.82181571169586,151.40682799945668,1016.0,473.0,3.7253888931485326,82.69932083885004,0.8205392680516337,1.4230240578300657,0.7585184846374758,0.8610196319913133,5.0,0.0,18.0,4.445471273759274,1.6211635127578856,0.3952530253226572,0.38525371694398,0.0,0.0,0.0,0.0,0.0,0.0,0.0,0.0,0.0,0.0,0.0,0.0,0.0,0.0,0.0,0.0,0.0,1.0,0.0,0.0,0.0,0.0,0.0,0.0,0.0,0.0,0.0,0.0,0.0,0.0,0.0,0.0,0.0,0.0,0.0,0.0,0.0,0.0,0.0,0.0,0.0,0.0,0.0,0.0,0.0,0.0,0.0,0.0,0.0,0.0,0.0
72.6165726816811,32.279851595715854,121.50857967103096,1455.0,512.0,2.614030703410589,87.92403948133244,0.7641562129366148,1.1414490177163867,0.4037352433678424,5.644545038744932,6.0,0.0,10.0,4.731419680798435,1.4522132042308862,0.3990947540043794,0.602072150632216,0.0,0.0,0.0,0.0,0.0,0.0,0.0,0.0,0.0,0.0,0.0,0.0,0.0,0.0,0.0,0.0,0.0,0.0,0.0,0.0,0.0,0.0,0.0,0.0,0.0,0.0,0.0,0.0,0.0,0.0,0.0,0.0,0.0,0.0,0.0,0.0,0.0,0.0,0.0,0.0,0.0,0.0,0.0,0.0,0.0,0.0,0.0,0.0,0.0,1.0,0.0
75.89510885998806,32.70671943442715,87.88100365114181,699.0,488.0,2.8227828836428936,82.17035145994764,0.9118060662884384,1.4300924744372887,0.998207025745862,4.038977805557956,5.0,4.0,9.0,4.500232261201903,1.2353523095796557,0.35509428072777477,0.46778862183884684,0.0,0.0,0.0,0.0,0.0,0.0,0.0,0.0,0.0,0.0,0.0,0.0,0.0,0.0,0.0,0.0,0.0,0.0,0.0,0.0,0.0,0.0,0.0,0.0,0.0,0.0,0.0,0.0,0.0,0.0,0.0,0.0,0.0,0.0,0.0,0.0,0.0,0.0,0.0,0.0,0.0,0.0,0.0,0.0,1.0,0.0,0.0,0.0,0.0,0.0,0.0
68.09873716140936,23.52331873329984,127.25690043104724,719.0,401.0,3.513046971025356,93.71096528793304,0.952218310260069,1.1565710222705177,0.908727991416912,0.5092006340867328,5.0,3.0,18.0,4.51400544677302,1.532990357915078,0.3575832991598014,0.18415707594335504,0.0,0.0,0.0,0.0,0.0,0.0,0.0,0.0,0.0,0.0,0.0,0.0,0.0,0.0,0.0,0.0,0.0,1.0,0.0,0.0,0.0,0.0,0.0,0.0,0.0,0.0,0.0,0.0,0.0,0.0,0.0,0.0,0.0,0.0,0.0,0.0,0.0,0.0,0.0,0.0,0.0,0.0,0.0,0.0,0.0,0.0,0.0,0.0,0.0,0.0,0.0
70.66300010441444,26.598230765192405,82.9061088844695,1414.0,461.0,3.694608102573216,86.51895214035352,0.7954475941006269,0.9920562158204256,0.5969439832281385,6.286115695196466,3.0,4.0,13.0,4.42816945166844,0.9591835124026638,0.26514412203819004,0.49491267632757074,0.0,0.0,0.0,0.0,0.0,0.0,0.0,0.0,0.0,0.0,0.0,0.0,0.0,0.0,0.0,0.0,0.0,0.0,0.0,0.0,0.0,0.0,0.0,0.0,0.0,0.0,0.0,0.0,0.0,1.0,0.0,0.0,0.0,0.0,0.0,0.0,0.0,0.0,0.0,0.0,0.0,0.0,0.0,0.0,0.0,0.0,0.0,0.0,0.0,0.0,0.0
73.76839955740816,29.855356047590178,65.82020032026598,1497.0,127.0,4.48842293638827,94.62881101619068,0.7269390753556187,1.1046033647956166,0.94715189433345,1.551858025439916,5.0,5.0,21.0,4.376940196853086,1.2856418576571755,0.3427795725455882,0.1974886096975198,0.0,0.0,0.0,0.0,0.0,0.0,0.0,0.0,0.0,0.0,0.0,0.0,0.0,0.0,0.0,0.0,0.0,0.0,0.0,0.0,0.0,0.0,0.0,0.0,0.0,0.0,0.0,0.0,0.0,0.0,0.0,0.0,0.0,0.0,0.0,0.0,0.0,0.0,0.0,0.0,0.0,0.0,0.0,0.0,0.0,1.0,0.0,0.0,0.0,0.0,0.0
74.43124937705777,20.36020007968664,190.1299743034536,925.0,436.0,2.3027804924406405,75.80483724949704,0.932521064522858,1.114937508159775,0.9917332858753004,5.394446643451589,3.0,3.0,6.0,4.42816945166844,0.9591835124026638,0.26514412203819004,0.3800322299828039,0.0,0.0,0.0,0.0,0.0,1.0,0.0,0.0,0.0,0.0,0.0,0.0,0.0,0.0,0.0,0.0,0.0,0.0,0.0,0.0,0.0,0.0,0.0,0.0,0.0,0.0,0.0,0.0,0.0,0.0,0.0,0.0,0.0,0.0,0.0,0.0,0.0,0.0,0.0,0.0,0.0,0.0,0.0,0.0,0.0,0.0,0.0,0.0,0.0,0.0,0.0
73.39221460660693,53.43957911261412,147.44341803012765,1394.0,316.0,6.325070688772911,91.058240895389,0.9257095770822528,1.2855381815339313,0.940410834279656,0.8664779306792492,5.0,1.0,1.0,4.197405255250402,1.3333198970286086,0.31903513551974283,0.25600488925547593,0.0,0.0,0.0,0.0,0.0,0.0,1.0,0.0,0.0,0.0,0.0,0.0,0.0,0.0,0.0,0.0,0.0,0.0,0.0,0.0,0.0,0.0,0.0,0.0,0.0,0.0,0.0,0.0,0.0,0.0,0.0,0.0,0.0,0.0,0.0,0.0,0.0,0.0,0.0,0.0,0.0,0.0,0.0,0.0,0.0,0.0,0.0,0.0,0.0,0.0,0.0
69.3230219672261,25.01157439883658,50.07881124290355,1073.0,235.0,5.947327279224472,86.2545143118682,0.9179231114884674,1.4436861664742473,0.8814322638162501,8.776226642055146,5.0,4.0,23.0,5.236687793744402,1.5417475444627065,0.44794235803371263,0.7505814744684356,0.0,0.0,0.0,0.0,0.0,0.0,0.0,0.0,0.0,0.0,0.0,0.0,0.0,0.0,0.0,0.0,0.0,0.0,0.0,0.0,0.0,0.0,0.0,0.0,0.0,0.0,0.0,0.0,0.0,0.0,0.0,0.0,0.0,0.0,0.0,1.0,0.0,0.0,0.0,0.0,0.0,0.0,0.0,0.0,0.0,0.0,0.0,0.0,0.0,0.0,0.0
68.90386977955153,30.41052413020992,115.33174223714336,358.0,412.0,3.601690883811348,72.15584075417624,0.9990998291517956,1.1933804390023262,0.7345399077355339,1.6736625187072265,4.0,4.0,18.0,4.850833969471533,1.3374105150714086,0.4065256331710888,0.31897948170551227,0.0,0.0,0.0,0.0,0.0,0.0,0.0,0.0,0.0,0.0,0.0,0.0,0.0,0.0,0.0,1.0,0.0,0.0,0.0,0.0,0.0,0.0,0.0,0.0,0.0,0.0,0.0,0.0,0.0,0.0,0.0,0.0,0.0,0.0,0.0,0.0,0.0,0.0,0.0,0.0,0.0,0.0,0.0,0.0,0.0,0.0,0.0,0.0,0.0,0.0,0.0
71.51728493190355,21.7234810698248,82.27285882979135,1362.0,537.0,2.116845915814753,90.08791432926904,0.7403096766884978,1.2019474155718273,0.4399894304517456,0.6836585715497856,5.0,5.0,19.0,4.887514288424098,1.2831901148932559,0.3945428437303801,0.3720487070135957,0.0,0.0,0.0,0.0,0.0,0.0,0.0,0.0,0.0,0.0,0.0,0.0,0.0,0.0,0.0,0.0,0.0,0.0,0.0,0.0,0.0,0.0,0.0,0.0,0.0,0.0,0.0,0.0,0.0,0.0,0.0,0.0,0.0,0.0,0.0,0.0,0.0,0.0,0.0,0.0,0.0,0.0,0.0,0.0,0.0,0.0,0.0,0.0,0.0,1.0,0.0
70.16021470772924,47.07445710384697,53.30607423655924,1223.0,444.0,6.328332245128531,71.42468599630459,0.7887423557308514,1.199555118907956,0.836816895288159,5.871537831609462,4.0,5.0,19.0,4.2195024819636044,1.0317314417798702,0.3451192929120379,0.49795967083435755,0.0,0.0,0.0,0.0,0.0,0.0,0.0,0.0,0.0,0.0,0.0,0.0,0.0,0.0,0.0,0.0,0.0,0.0,0.0,0.0,0.0,0.0,0.0,0.0,0.0,0.0,0.0,1.0,0.0,0.0,0.0,0.0,0.0,0.0,0.0,0.0,0.0,0.0,0.0,0.0,0.0,0.0,0.0,0.0,0.0,0.0,0.0,0.0,0.0,0.0,0.0
78.99126001211397,30.222669916420728,149.95006369614083,1150.0,483.0,4.399794977742917,86.03634352103224,0.9621977000866748,1.4861903806090568,0.9510370735930184,9.165943224538289,4.0,2.0,16.0,4.946944652689077,1.6315908832457082,0.418872559804029,0.7681206151054759,0.0,0.0,0.0,0.0,0.0,0.0,0.0,0.0,0.0,0.0,0.0,0.0,0.0,0.0,0.0,0.0,0.0,0.0,0.0,0.0,0.0,0.0,1.0,0.0,0.0,0.0,0.0,0.0,0.0,0.0,0.0,0.0,0.0,0.0,0.0,0.0,0.0,0.0,0.0,0.0,0.0,0.0,0.0,0.0,0.0,0.0,0.0,0.0,0.0,0.0,0.0
69.07799121931284,37.971639329754616,165.3506396754759,1411.0,450.0,3.9571485469283054,85.87979161457281,0.9239057116803048,1.4859205457142262,0.4147871074621347,3.6101938319479134,4.0,6.0,1.0,4.37143526929406,1.8473826609583988,0.39492260952173985,0.6690076076257785,0.0,0.0,0.0,0.0,0.0,0.0,0.0,0.0,0.0,0.0,0.0,0.0,0.0,0.0,0.0,0.0,0.0,0.0,0.0,0.0,0.0,0.0,0.0,0.0,0.0,0.0,0.0,0.0,0.0,0.0,0.0,0.0,0.0,0.0,0.0,0.0,0.0,0.0,0.0,1.0,0.0,0.0,0.0,0.0,0.0,0.0,0.0,0.0,0.0,0.0,0.0
71.47484949117293,52.950179341491015,188.0063081169083,901.0,153.0,4.966098603012919,93.75162854885282,0.9149369393238308,1.0533608868734374,0.5978041967443621,0.1156759611933821,4.0,6.0,6.0,4.874426484509202,1.246679800297195,0.36513242799684886,0.21659024692628528,0.0,0.0,0.0,0.0,0.0,0.0,0.0,0.0,0.0,0.0,0.0,0.0,0.0,0.0,0.0,0.0,0.0,0.0,0.0,0.0,0.0,0.0,0.0,0.0,0.0,0.0,0.0,0.0,0.0,0.0,0.0,0.0,0.0,0.0,0.0,0.0,0.0,0.0,0.0,0.0,0.0,0.0,0.0,0.0,0.0,0.0,0.0,0.0,0.0,1.0,0.0
70.444458977455,43.7758383930815,107.50873496596635,455.0,585.0,4.352523708521136,74.50716859049037,0.872696401629485,1.1705838574079162,0.9575440997254918,6.688210924938721,4.0,5.0,23.0,4.441568445477819,1.3562073716403495,0.3807860170396469,0.48402374332787124,0.0,0.0,0.0,0.0,0.0,0.0,0.0,0.0,0.0,0.0,0.0,0.0,0.0,0.0,0.0,0.0,0.0,0.0,0.0,1.0,0.0,0.0,0.0,0.0,0.0,0.0,0.0,0.0,0.0,0.0,0.0,0.0,0.0,0.0,0.0,0.0,0.0,0.0,0.0,0.0,0.0,0.0,0.0,0.0,0.0,0.0,0.0,0.0,0.0,0.0,0.0
63.9863781779234,52.94940028067058,71.32694148982876,1124.0,167.0,6.5880330357223205,90.3053389638953,0.9320281122717956,1.2426866757159551,0.6919405217679757,3.746679431509441,4.0,3.0,1.0,4.425303731782914,1.304779019900203,0.3369365582616222,0.46159228797976265,0.0,0.0,0.0,0.0,0.0,0.0,0.0,0.0,0.0,0.0,0.0,0.0,0.0,0.0,0.0,0.0,0.0,0.0,0.0,0.0,0.0,0.0,0.0,0.0,1.0,0.0,0.0,0.0,0.0,0.0,0.0,0.0,0.0,0.0,0.0,0.0,0.0,0.0,0.0,0.0,0.0,0.0,0.0,0.0,0.0,0.0,0.0,0.0,0.0,0.0,0.0
75.24379256511435,34.102550586717975,89.51588267130396,1308.0,434.0,5.267684471597834,90.9222807489364,0.7572886455314269,1.2837258911552962,0.7908363918255243,8.663271829734748,5.0,3.0,1.0,4.7079077508507226,1.3400988733685546,0.38104280689577696,0.6951092384761604,0.0,0.0,0.0,0.0,0.0,0.0,0.0,0.0,0.0,0.0,0.0,0.0,0.0,0.0,0.0,0.0,0.0,0.0,0.0,0.0,0.0,0.0,0.0,0.0,0.0,0.0,0.0,0.0,0.0,1.0,0.0,0.0,0.0,0.0,0.0,0.0,0.0,0.0,0.0,0.0,0.0,0.0,0.0,0.0,0.0,0.0,0.0,0.0,0.0,0.0,0.0
69.77852251929987,52.1697244957699,132.77685988464583,1107.0,515.0,5.287942460501982,90.18848579149004,0.7096957098271427,1.4606109550525497,0.8366302394131084,2.979778732043432,4.0,2.0,16.0,5.060707314173287,1.8473826609583988,0.4787144763200408,0.4839994290569009,0.0,0.0,0.0,0.0,0.0,0.0,0.0,0.0,0.0,0.0,0.0,0.0,0.0,0.0,0.0,0.0,0.0,0.0,0.0,0.0,0.0,0.0,0.0,0.0,0.0,0.0,0.0,0.0,0.0,0.0,0.0,1.0,0.0,0.0,0.0,0.0,0.0,0.0,0.0,0.0,0.0,0.0,0.0,0.0,0.0,0.0,0.0,0.0,0.0,0.0,0.0
71.5930056302053,55.07649970785008,167.26998434778324,1444.0,478.0,6.877203671648132,72.34937805908808,0.7959300904261417,1.0296686011485583,0.7568478894091055,9.68496505372895,5.0,5.0,16.0,4.417969535892628,1.6164366812099946,0.41557888439009105,0.6304162756723963,0.0,0.0,0.0,0.0,0.0,0.0,0.0,0.0,0.0,0.0,0.0,0.0,0.0,0.0,1.0,0.0,0.0,0.0,0.0,0.0,0.0,0.0,0.0,0.0,0.0,0.0,0.0,0.0,0.0,0.0,0.0,0.0,0.0,0.0,0.0,0.0,0.0,0.0,0.0,0.0,0.0,0.0,0.0,0.0,0.0,0.0,0.0,0.0,0.0,0.0,0.0
61.06436654299812,58.88741415064836,52.82787063189501,1193.0,318.0,2.084425549031449,70.15049934112298,0.8874318196169102,1.4092824417397134,0.4985364342503462,3.2048609256296645,5.0,4.0,2.0,4.268372117463349,1.3206520799067203,0.369619763935319,0.5824177480872827,0.0,0.0,0.0,0.0,0.0,0.0,1.0,0.0,0.0,0.0,0.0,0.0,0.0,0.0,0.0,0.0,0.0,0.0,0.0,0.0,0.0,0.0,0.0,0.0,0.0,0.0,0.0,0.0,0.0,0.0,0.0,0.0,0.0,0.0,0.0,0.0,0.0,0.0,0.0,0.0,0.0,0.0,0.0,0.0,0.0,0.0,0.0,0.0,0.0,0.0,0.0
59.70516574183898,26.25058419919761,104.35359011575652,1473.0,439.0,3.979167649150173,92.08028835986649,0.7932133285249656,0.9255720071109904,0.9108388704845912,9.952778513836316,7.0,1.0,8.0,4.369480944895229,1.348323573629886,0.34658737149161695,0.5403174662215227,0.0,0.0,0.0,0.0,0.0,1.0,0.0,0.0,0.0,0.0,0.0,0.0,0.0,0.0,0.0,0.0,0.0,0.0,0.0,0.0,0.0,0.0,0.0,0.0,0.0,0.0,0.0,0.0,0.0,0.0,0.0,0.0,0.0,0.0,0.0,0.0,0.0,0.0,0.0,0.0,0.0,0.0,0.0,0.0,0.0,0.0,0.0,0.0,0.0,0.0,0.0
71.03336352404274,50.37525789684942,184.90563281183643,439.0,118.0,3.3914826343951114,87.18302151545093,0.8118508553855927,1.1683644145843728,0.73765234500241,9.327880937987668,4.0,3.0,18.0,4.118474930033447,1.3709179772570976,0.3349201428804519,0.6883743276881249,0.0,0.0,0.0,0.0,0.0,0.0,0.0,0.0,1.0,0.0,0.0,0.0,0.0,0.0,0.0,0.0,0.0,0.0,0.0,0.0,0.0,0.0,0.0,0.0,0.0,0.0,0.0,0.0,0.0,0.0,0.0,0.0,0.0,0.0,0.0,0.0,0.0,0.0,0.0,0.0,0.0,0.0,0.0,0.0,0.0,0.0,0.0,0.0,0.0,0.0,0.0
65.54519944584219,46.34680012387378,87.71981443035028,546.0,301.0,4.818130950455023,79.56104306031844,0.9179874016522748,1.2786692754669589,0.448219404160676,3.970381099123861,6.0,1.0,13.0,4.2430092179996155,1.3070954783690611,0.3442505082761442,0.572141259445306,0.0,0.0,0.0,0.0,0.0,0.0,0.0,0.0,0.0,0.0,0.0,0.0,0.0,0.0,0.0,0.0,0.0,0.0,0.0,0.0,0.0,0.0,0.0,0.0,0.0,0.0,0.0,0.0,0.0,0.0,0.0,0.0,0.0,0.0,0.0,0.0,0.0,0.0,0.0,0.0,0.0,0.0,0.0,0.0,0.0,0.0,0.0,0.0,1.0,0.0,0.0
65.96958094849666,23.68212768502609,54.53026063489457,961.0,534.0,5.657429917310768,90.08046681614374,0.7784649520896083,1.0341914703383572,0.5874183488547021,0.349461159175739,5.0,2.0,15.0,4.499732066504507,1.324151839832942,0.36104315967040884,0.22215924734085202,0.0,0.0,0.0,0.0,0.0,0.0,0.0,0.0,0.0,0.0,0.0,0.0,0.0,0.0,0.0,0.0,0.0,0.0,0.0,0.0,0.0,0.0,0.0,0.0,0.0,0.0,0.0,0.0,0.0,0.0,0.0,0.0,0.0,0.0,0.0,0.0,0.0,0.0,0.0,0.0,0.0,0.0,0.0,0.0,0.0,1.0,0.0,0.0,0.0,0.0,0.0
70.62411091627007,57.766552465550056,120.65556172340548,934.0,151.0,3.770456395806624,94.3484101827036,0.9016419402192491,0.9297061795500312,0.6065410404594807,3.0965449051366045,6.0,0.0,13.0,4.221045398185431,1.351596809548342,0.31865553857923146,0.3009236408697419,0.0,0.0,0.0,1.0,0.0,0.0,0.0,0.0,0.0,0.0,0.0,0.0,0.0,0.0,0.0,0.0,0.0,0.0,0.0,0.0,0.0,0.0,0.0,0.0,0.0,0.0,0.0,0.0,0.0,0.0,0.0,0.0,0.0,0.0,0.0,0.0,0.0,0.0,0.0,0.0,0.0,0.0,0.0,0.0,0.0,0.0,0.0,0.0,0.0,0.0,0.0
64.76943022904688,33.96983537394779,130.04006897735394,486.0,597.0,4.470179652875089,80.74012709276259,0.9539875745571678,1.3041653475101918,0.4425638974337325,2.432603904441521,5.0,5.0,3.0,4.500194087187891,1.6342579475004153,0.3918197565629687,0.5098518718837348,0.0,0.0,0.0,0.0,0.0,0.0,0.0,0.0,0.0,0.0,0.0,0.0,0.0,0.0,1.0,0.0,0.0,0.0,0.0,0.0,0.0,0.0,0.0,0.0,0.0,0.0,0.0,0.0,0.0,0.0,0.0,0.0,0.0,0.0,0.0,0.0,0.0,0.0,0.0,0.0,0.0,0.0,0.0,0.0,0.0,0.0,0.0,0.0,0.0,0.0,0.0
61.62175887803884,34.69806313594012,163.86361004527447,839.0,334.0,6.603870260939788,86.26259460146122,0.7824654972863403,1.4101793964683944,0.7482567624065961,6.350833110978988,5.0,0.0,21.0,4.8105639319591615,1.4024865246992206,0.40269855281409955,0.6569152034394733,0.0,1.0,0.0,0.0,0.0,0.0,0.0,0.0,0.0,0.0,0.0,0.0,0.0,0.0,0.0,0.0,0.0,0.0,0.0,0.0,0.0,0.0,0.0,0.0,0.0,0.0,0.0,0.0,0.0,0.0,0.0,0.0,0.0,0.0,0.0,0.0,0.0,0.0,0.0,0.0,0.0,0.0,0.0,0.0,0.0,0.0,0.0,0.0,0.0,0.0,0.0
61.52071823571874,41.55693979530584,60.77466168990506,1489.0,195.0,4.67003613376021,82.70239183572681,0.733059609657648,1.2824511599069508,0.925975326453472,8.313864940338773,6.0,6.0,4.0,4.547133785579534,1.4984030013499055,0.40108531296389893,0.6318840009964966,0.0,0.0,0.0,0.0,0.0,0.0,0.0,0.0,0.0,0.0,0.0,0.0,0.0,0.0,0.0,0.0,1.0,0.0,0.0,0.0,0.0,0.0,0.0,0.0,0.0,0.0,0.0,0.0,0.0,0.0,0.0,0.0,0.0,0.0,0.0,0.0,0.0,0.0,0.0,0.0,0.0,0.0,0.0,0.0,0.0,0.0,0.0,0.0,0.0,0.0,0.0
64.40510909070706,41.81686383394627,136.55946803435444,1019.0,486.0,6.7559472101471965,94.49816969736553,0.7771203238433119,0.9069367040419408,0.658156504647029,4.499509972737634,6.0,3.0,9.0,4.02416743560939,1.3330484244627117,0.31197336576291296,0.34249257273516276,0.0,0.0,0.0,0.0,0.0,0.0,0.0,1.0,0.0,0.0,0.0,0.0,0.0,0.0,0.0,0.0,0.0,0.0,0.0,0.0,0.0,0.0,0.0,0.0,0.0,0.0,0.0,0.0,0.0,0.0,0.0,0.0,0.0,0.0,0.0,0.0,0.0,0.0,0.0,0.0,0.0,0.0,0.0,0.0,0.0,0.0,0.0,0.0,0.0,0.0,0.0
66.49530334111572,59.340958680973166,118.32978555032456,397.0,182.0,2.7251155794435467,84.75903940783805,0.7402897083479795,1.3656336607831454,0.9741658865147568,4.253998349336624,7.0,4.0,10.0,4.518632753265777,1.3446003783716127,0.37909407858368527,0.4543094255234597,0.0,0.0,0.0,0.0,0.0,0.0,0.0,0.0,0.0,0.0,0.0,0.0,0.0,0.0,0.0,0.0,0.0,0.0,0.0,0.0,0.0,1.0,0.0,0.0,0.0,0.0,0.0,0.0,0.0,0.0,0.0,0.0,0.0,0.0,0.0,0.0,0.0,0.0,0.0,0.0,0.0,0.0,0.0,0.0,0.0,0.0,0.0,0.0,0.0,0.0,0.0
73.68684806528672,25.79994745024852,68.55301227845918,1358.0,314.0,2.8909786535075988,76.31696047449306,0.8177737778100159,1.21392763352233,0.645200637449948,1.1157205244244284,4.0,0.0,19.0,4.2294829267265195,1.5922989072061209,0.3868181726756334,0.33116751571872866,0.0,0.0,0.0,0.0,0.0,0.0,0.0,0.0,0.0,0.0,0.0,0.0,0.0,0.0,0.0,0.0,0.0,0.0,0.0,0.0,0.0,0.0,0.0,0.0,0.0,0.0,0.0,0.0,0.0,0.0,1.0,0.0,0.0,0.0,0.0,0.0,0.0,0.0,0.0,0.0,0.0,0.0,0.0,0.0,0.0,0.0,0.0,0.0,0.0,0.0,0.0
74.68315788056955,35.38351129175564,197.6551641492792,584.0,239.0,4.42657758716117,80.2428796803535,0.7594013887532146,1.460674646077608,0.9129304504154828,9.773521023568357,3.0,2.0,8.0,4.42816945166844,0.9591835124026638,0.26514412203819004,0.7984672774828552,0.0,0.0,0.0,0.0,0.0,0.0,0.0,0.0,0.0,0.0,0.0,0.0,0.0,0.0,0.0,0.0,0.0,0.0,0.0,0.0,0.0,0.0,0.0,0.0,0.0,0.0,0.0,0.0,0.0,0.0,0.0,0.0,0.0,0.0,0.0,0.0,0.0,0.0,0.0,0.0,0.0,0.0,0.0,0.0,0.0,0.0,0.0,1.0,0.0,0.0,0.0
69.62342718596891,31.83889105634512,131.10986894333035,1321.0,571.0,4.638728910387155,70.23331831690017,0.8020033562315807,0.9135522146202528,0.51071131067732,7.535690270691551,6.0,0.0,1.0,4.41456618158496,1.3945737952968218,0.39772580183577116,0.5469223820351092,1.0,0.0,0.0,0.0,0.0,0.0,0.0,0.0,0.0,0.0,0.0,0.0,0.0,0.0,0.0,0.0,0.0,0.0,0.0,0.0,0.0,0.0,0.0,0.0,0.0,0.0,0.0,0.0,0.0,0.0,0.0,0.0,0.0,0.0,0.0,0.0,0.0,0.0,0.0,0.0,0.0,0.0,0.0,0.0,0.0,0.0,0.0,0.0,0.0,0.0,0.0
68.6444488046078,52.162683306483416,121.20242861517926,1187.0,548.0,4.857513529024743,89.10390127568583,0.9704684632396614,1.3610539903968486,0.7305954214792563,9.6822043825249,6.0,6.0,12.0,4.5849176956659345,1.5290462961820268,0.37074196976138474,0.8048974483558851,0.0,0.0,0.0,0.0,0.0,0.0,0.0,0.0,0.0,1.0,0.0,0.0,0.0,0.0,0.0,0.0,0.0,0.0,0.0,0.0,0.0,0.0,0.0,0.0,0.0,0.0,0.0,0.0,0.0,0.0,0.0,0.0,0.0,0.0,0.0,0.0,0.0,0.0,0.0,0.0,0.0,0.0,0.0,0.0,0.0,0.0,0.0,0.0,0.0,0.0,0.0
65.94010448002136,46.24476912955525,141.97438272898586,1295.0,291.0,6.309800811311574,90.03089050502734,0.8766053546781339,1.3633142117015542,0.5663243971208649,1.829256218091665,6.0,2.0,19.0,4.33471568727722,1.2670990774432243,0.3315786737689126,0.4679610878100581,0.0,0.0,0.0,0.0,0.0,0.0,0.0,0.0,0.0,0.0,0.0,0.0,0.0,0.0,0.0,0.0,0.0,0.0,0.0,1.0,0.0,0.0,0.0,0.0,0.0,0.0,0.0,0.0,0.0,0.0,0.0,0.0,0.0,0.0,0.0,0.0,0.0,0.0,0.0,0.0,0.0,0.0,0.0,0.0,0.0,0.0,0.0,0.0,0.0,0.0,0.0
72.84999538858057,20.432020459507285,71.53312477357574,1311.0,122.0,3.844625829785266,84.59431083543267,0.769431232956755,1.411878262314414,0.5172268184885537,0.0324109113068471,4.0,4.0,22.0,4.598543927398754,1.506972566542923,0.39893834727780475,0.4187552968094443,0.0,0.0,0.0,0.0,0.0,0.0,0.0,0.0,0.0,0.0,0.0,0.0,0.0,0.0,0.0,0.0,1.0,0.0,0.0,0.0,0.0,0.0,0.0,0.0,0.0,0.0,0.0,0.0,0.0,0.0,0.0,0.0,0.0,0.0,0.0,0.0,0.0,0.0,0.0,0.0,0.0,0.0,0.0,0.0,0.0,0.0,0.0,0.0,0.0,0.0,0.0
73.3046927333658,52.70279614458656,115.782973282127,844.0,187.0,5.461843672027118,82.51455476313176,0.787090224750727,1.4848512989346374,0.7577393291931845,1.4675077401583525,4.0,0.0,4.0,5.068652904426851,1.441803043668953,0.4358551614919178,0.44680171226495635,0.0,0.0,0.0,0.0,0.0,0.0,0.0,0.0,0.0,0.0,0.0,0.0,0.0,0.0,1.0,0.0,0.0,0.0,0.0,0.0,0.0,0.0,0.0,0.0,0.0,0.0,0.0,0.0,0.0,0.0,0.0,0.0,0.0,0.0,0.0,0.0,0.0,0.0,0.0,0.0,0.0,0.0,0.0,0.0,0.0,0.0,0.0,0.0,0.0,0.0,0.0
76.03185432687111,31.475686618138017,55.36367512544216,1177.0,532.0,3.039807350919308,82.53159334628766,0.8483148738682273,1.299532110632621,0.5615186852994096,9.795069752950416,4.0,2.0,11.0,4.8242001659614795,1.519025719547099,0.41588436448709826,0.8361862083629185,0.0,0.0,0.0,0.0,0.0,0.0,0.0,0.0,0.0,0.0,0.0,0.0,0.0,0.0,0.0,0.0,0.0,0.0,0.0,0.0,0.0,0.0,0.0,1.0,0.0,0.0,0.0,0.0,0.0,0.0,0.0,0.0,0.0,0.0,0.0,0.0,0.0,0.0,0.0,0.0,0.0,0.0,0.0,0.0,0.0,0.0,0.0,0.0,0.0,0.0,0.0
70.26139618003607,52.30072993857759,195.5866318467804,828.0,474.0,2.683281107329196,79.59409757707822,0.9628749441900056,1.2955914019993684,0.6393132752106048,0.0876193327540808,7.0,2.0,15.0,4.358972914588143,1.3720566508763468,0.3559488097820548,0.32256719119885313,1.0,0.0,0.0,0.0,0.0,0.0,0.0,0.0,0.0,0.0,0.0,0.0,0.0,0.0,0.0,0.0,0.0,0.0,0.0,0.0,0.0,0.0,0.0,0.0,0.0,0.0,0.0,0.0,0.0,0.0,0.0,0.0,0.0,0.0,0.0,0.0,0.0,0.0,0.0,0.0,0.0,0.0,0.0,0.0,0.0,0.0,0.0,0.0,0.0,0.0,0.0
62.94995295071835,39.345349386559896,82.36994590106195,1220.0,121.0,3.0974359086425727,87.84292540385704,0.9487614175378464,1.212391884346789,0.5441356598741431,0.7727672943416408,4.0,4.0,12.0,4.9576474788022935,1.796248352533883,0.4332517352972663,0.34697313342156877,0.0,0.0,0.0,0.0,0.0,0.0,0.0,0.0,0.0,0.0,0.0,0.0,0.0,0.0,0.0,0.0,0.0,0.0,0.0,0.0,0.0,0.0,1.0,0.0,0.0,0.0,0.0,0.0,0.0,0.0,0.0,0.0,0.0,0.0,0.0,0.0,0.0,0.0,0.0,0.0,0.0,0.0,0.0,0.0,0.0,0.0,0.0,0.0,0.0,0.0,0.0
72.93265182586765,46.742822656655264,176.05261969890478,900.0,200.0,3.924251714072043,83.47641858645368,0.7436424162370322,1.2420628840950632,0.6819449184021114,2.458817391031568,4.0,6.0,12.0,4.4122586458456645,1.3929675490239384,0.37672233562506724,0.4001823316534969,0.0,0.0,0.0,0.0,0.0,0.0,0.0,0.0,0.0,0.0,0.0,0.0,0.0,0.0,0.0,0.0,0.0,0.0,0.0,0.0,0.0,0.0,0.0,0.0,1.0,0.0,0.0,0.0,0.0,0.0,0.0,0.0,0.0,0.0,0.0,0.0,0.0,0.0,0.0,0.0,0.0,0.0,0.0,0.0,0.0,0.0,0.0,0.0,0.0,0.0,0.0
67.8246763738894,33.77212947172336,179.88815269585191,1021.0,553.0,6.91774461369475,83.85540356568728,0.9554975512107108,0.9314890472265658,0.5439428541549189,8.056394024741701,4.0,0.0,1.0,4.718419130120774,1.5806843907722996,0.39923720373491456,0.570859609732014,0.0,0.0,0.0,0.0,0.0,0.0,0.0,0.0,0.0,0.0,0.0,0.0,0.0,0.0,0.0,0.0,0.0,0.0,0.0,0.0,0.0,0.0,1.0,0.0,0.0,0.0,0.0,0.0,0.0,0.0,0.0,0.0,0.0,0.0,0.0,0.0,0.0,0.0,0.0,0.0,0.0,0.0,0.0,0.0,0.0,0.0,0.0,0.0,0.0,0.0,0.0
82.30648036776975,55.75622887439551,70.66038103954119,1433.0,489.0,3.7964585759144223,87.66231653803675,0.8103764601358538,1.413468513259044,0.991864257496371,7.45750653178476,5.0,4.0,8.0,4.4045821788025465,1.3106748287548002,0.3531547006443755,0.6326204978730113,0.0,0.0,0.0,0.0,0.0,0.0,0.0,0.0,0.0,0.0,0.0,0.0,0.0,0.0,0.0,0.0,0.0,0.0,0.0,0.0,0.0,0.0,0.0,0.0,0.0,0.0,0.0,0.0,0.0,0.0,0.0,0.0,0.0,0.0,0.0,0.0,0.0,0.0,0.0,0.0,0.0,0.0,0.0,0.0,0.0,1.0,0.0,0.0,0.0,0.0,0.0
74.17418596270115,39.47035186367062,122.70111215086922,1387.0,483.0,5.26856231905436,71.58521003742557,0.7519461748358253,0.945501684593158,0.8624959753863559,4.350885461701487,5.0,4.0,23.0,4.19544004069148,1.4325608866361401,0.3846624828161522,0.28615512727777664,0.0,0.0,0.0,0.0,0.0,0.0,0.0,0.0,0.0,0.0,0.0,0.0,0.0,0.0,0.0,0.0,0.0,0.0,0.0,0.0,0.0,0.0,0.0,0.0,0.0,0.0,0.0,0.0,0.0,0.0,0.0,0.0,0.0,0.0,0.0,0.0,0.0,0.0,1.0,0.0,0.0,0.0,0.0,0.0,0.0,0.0,0.0,0.0,0.0,0.0,0.0
77.87191337414883,47.74849221854328,140.68185768619188,1496.0,257.0,2.772837768180081,84.23175180178562,0.917282563674831,1.133770780114118,0.812528960964338,0.0572822068265232,6.0,4.0,14.0,4.42970289350835,1.3770551532790194,0.3578403125773445,0.18224406333531568,0.0,0.0,0.0,0.0,0.0,0.0,1.0,0.0,0.0,0.0,0.0,0.0,0.0,0.0,0.0,0.0,0.0,0.0,0.0,0.0,0.0,0.0,0.0,0.0,0.0,0.0,0.0,0.0,0.0,0.0,0.0,0.0,0.0,0.0,0.0,0.0,0.0,0.0,0.0,0.0,0.0,0.0,0.0,0.0,0.0,0.0,0.0,0.0,0.0,0.0,0.0
76.32569535099128,30.29066601829413,93.81526509290464,700.0,246.0,6.620144982399555,81.91099794368834,0.8575662630402496,1.4890186231696845,0.5880264954829636,1.647714101873543,4.0,6.0,3.0,4.756760723695784,1.711229398321232,0.428706399677112,0.5145491287728408,0.0,0.0,0.0,0.0,0.0,0.0,0.0,0.0,0.0,0.0,0.0,0.0,0.0,0.0,0.0,0.0,0.0,0.0,0.0,0.0,0.0,0.0,0.0,0.0,0.0,0.0,0.0,0.0,0.0,0.0,0.0,0.0,0.0,1.0,0.0,0.0,0.0,0.0,0.0,0.0,0.0,0.0,0.0,0.0,0.0,0.0,0.0,0.0,0.0,0.0,0.0
58.22080588527498,43.74825177052688,88.73598634931085,630.0,117.0,5.292135142141053,93.56757202141058,0.8496752787098664,1.3987943271166494,0.457280183818753,1.8800407020148724,5.0,5.0,19.0,4.492373661340446,1.6930409880633324,0.3815307359512453,0.5246556339869519,0.0,0.0,0.0,0.0,0.0,0.0,0.0,0.0,0.0,0.0,0.0,0.0,0.0,0.0,0.0,0.0,0.0,0.0,0.0,0.0,0.0,0.0,0.0,0.0,0.0,0.0,0.0,0.0,0.0,0.0,0.0,0.0,0.0,0.0,0.0,0.0,0.0,0.0,0.0,1.0,0.0,0.0,0.0,0.0,0.0,0.0,0.0,0.0,0.0,0.0,0.0
69.85885329699347,34.53829637460195,121.44448688130431,782.0,157.0,5.099268572557033,94.6355469797946,0.9867352298571248,0.9284006259690968,0.6556199279176673,2.614006237408324,6.0,1.0,13.0,4.744712573029603,1.279899684778837,0.3481139100703986,0.25974672107448915,0.0,0.0,0.0,0.0,0.0,0.0,0.0,0.0,0.0,0.0,0.0,0.0,0.0,0.0,0.0,0.0,0.0,0.0,0.0,0.0,0.0,0.0,0.0,0.0,0.0,0.0,0.0,0.0,0.0,1.0,0.0,0.0,0.0,0.0,0.0,0.0,0.0,0.0,0.0,0.0,0.0,0.0,0.0,0.0,0.0,0.0,0.0,0.0,0.0,0.0,0.0
65.26333866023425,30.07340859913244,148.22787386319698,989.0,464.0,3.208325174182672,84.14490648817139,0.8250573512060013,1.302501128251241,0.9901767348890588,0.184557071352075,5.0,0.0,5.0,4.41435231689033,1.2693665601865614,0.3556242243773218,0.21376652178659813,0.0,0.0,0.0,0.0,0.0,0.0,0.0,0.0,0.0,0.0,0.0,0.0,0.0,0.0,0.0,0.0,0.0,0.0,1.0,0.0,0.0,0.0,0.0,0.0,0.0,0.0,0.0,0.0,0.0,0.0,0.0,0.0,0.0,0.0,0.0,0.0,0.0,0.0,0.0,0.0,0.0,0.0,0.0,0.0,0.0,0.0,0.0,0.0,0.0,0.0,0.0
77.06835759624227,45.64542461819039,118.86908383347983,945.0,440.0,3.086595599459077,76.08083528708508,0.765698704364057,1.2867308077823334,0.723595771464248,8.333005955021841,4.0,3.0,23.0,4.2638048853714645,1.3998260447035453,0.37709587808598877,0.7025325361631433,0.0,0.0,0.0,0.0,0.0,0.0,1.0,0.0,0.0,0.0,0.0,0.0,0.0,0.0,0.0,0.0,0.0,0.0,0.0,0.0,0.0,0.0,0.0,0.0,0.0,0.0,0.0,0.0,0.0,0.0,0.0,0.0,0.0,0.0,0.0,0.0,0.0,0.0,0.0,0.0,0.0,0.0,0.0,0.0,0.0,0.0,0.0,0.0,0.0,0.0,0.0
78.08340587598002,22.47337530568853,151.11142473376776,969.0,446.0,2.788908749845576,74.29135207963145,0.7072746005228451,1.061054274802964,0.8141724238324031,3.997787411699271,6.0,4.0,18.0,4.790059098221785,1.3428813424080195,0.426691976871133,0.3424516855244442,0.0,1.0,0.0,0.0,0.0,0.0,0.0,0.0,0.0,0.0,0.0,0.0,0.0,0.0,0.0,0.0,0.0,0.0,0.0,0.0,0.0,0.0,0.0,0.0,0.0,0.0,0.0,0.0,0.0,0.0,0.0,0.0,0.0,0.0,0.0,0.0,0.0,0.0,0.0,0.0,0.0,0.0,0.0,0.0,0.0,0.0,0.0,0.0,0.0,0.0,0.0
72.92555571727085,58.42816901844606,164.721665899683,752.0,376.0,6.799187928787755,92.85316456144884,0.9723765748466776,0.9031517913812948,0.900584430474633,4.627377686578926,6.0,1.0,7.0,4.4546368631173365,1.3265735166866053,0.33242931299788087,0.2660796726732286,0.0,0.0,0.0,0.0,0.0,0.0,0.0,0.0,0.0,0.0,0.0,0.0,0.0,0.0,0.0,0.0,0.0,0.0,0.0,0.0,0.0,0.0,0.0,0.0,0.0,0.0,0.0,0.0,0.0,0.0,0.0,0.0,0.0,0.0,0.0,0.0,0.0,0.0,0.0,0.0,0.0,0.0,0.0,0.0,0.0,1.0,0.0,0.0,0.0,0.0,0.0
70.0989886529016,32.69871642687327,191.55743335660904,906.0,101.0,5.840781878914293,94.34733723311516,0.8046772174718169,1.3352820756255228,0.6781551007379796,4.445685879206103,6.0,6.0,9.0,4.443048973386999,1.3805456517144068,0.350359675429271,0.5475096132922012,0.0,0.0,0.0,0.0,1.0,0.0,0.0,0.0,0.0,0.0,0.0,0.0,0.0,0.0,0.0,0.0,0.0,0.0,0.0,0.0,0.0,0.0,0.0,0.0,0.0,0.0,0.0,0.0,0.0,0.0,0.0,0.0,0.0,0.0,0.0,0.0,0.0,0.0,0.0,0.0,0.0,0.0,0.0,0.0,0.0,0.0,0.0,0.0,0.0,0.0,0.0
62.89834827645427,38.65822846606128,111.87744154790693,948.0,185.0,2.3852648157054395,93.22494505721116,0.9202129084819846,1.1233341561448085,0.9862018641452064,6.524075065014264,5.0,5.0,17.0,4.193063615103628,1.3587868092640025,0.3173066095984563,0.44259826764480475,0.0,0.0,0.0,0.0,0.0,0.0,1.0,0.0,0.0,0.0,0.0,0.0,0.0,0.0,0.0,0.0,0.0,0.0,0.0,0.0,0.0,0.0,0.0,0.0,0.0,0.0,0.0,0.0,0.0,0.0,0.0,0.0,0.0,0.0,0.0,0.0,0.0,0.0,0.0,0.0,0.0,0.0,0.0,0.0,0.0,0.0,0.0,0.0,0.0,0.0,0.0
80.4568871061733,31.31929294026069,51.278887315898686,1033.0,162.0,4.225736633263625,83.90239410278011,0.8605614937500612,1.4340392508385589,0.9210180740376124,9.51595649611374,4.0,3.0,5.0,5.236687793744402,1.1446851785521788,0.4368326870938037,0.7695505365276203,0.0,0.0,0.0,0.0,0.0,0.0,0.0,0.0,0.0,0.0,0.0,0.0,0.0,0.0,0.0,0.0,0.0,0.0,0.0,0.0,0.0,0.0,0.0,0.0,0.0,0.0,0.0,0.0,0.0,0.0,0.0,0.0,0.0,0.0,0.0,1.0,0.0,0.0,0.0,0.0,0.0,0.0,0.0,0.0,0.0,0.0,0.0,0.0,0.0,0.0,0.0
72.14654692953327,25.59015588738092,113.00017023624676,1317.0,226.0,5.5659349310459,72.58821069925666,0.9737855872432236,1.3108094218427997,0.5984090175336425,6.693987400910343,4.0,0.0,21.0,4.048193756262864,1.3693134854893065,0.341671668527521,0.6743647948827154,0.0,0.0,0.0,0.0,0.0,0.0,0.0,0.0,0.0,0.0,0.0,0.0,0.0,0.0,0.0,0.0,0.0,0.0,0.0,0.0,0.0,0.0,0.0,0.0,0.0,0.0,0.0,0.0,0.0,0.0,1.0,0.0,0.0,0.0,0.0,0.0,0.0,0.0,0.0,0.0,0.0,0.0,0.0,0.0,0.0,0.0,0.0,0.0,0.0,0.0,0.0
69.18204165489796,43.18720237925797,128.5252869184653,701.0,336.0,5.433432423574825,82.98790698200597,0.8861184762318834,1.1579012446207475,0.8697467919829284,7.449415387981872,6.0,4.0,5.0,4.173121367953774,1.4632577096913806,0.34943630226983574,0.5450649737479893,0.0,0.0,0.0,0.0,0.0,0.0,0.0,0.0,0.0,0.0,0.0,0.0,0.0,0.0,0.0,0.0,0.0,0.0,0.0,0.0,0.0,0.0,0.0,0.0,1.0,0.0,0.0,0.0,0.0,0.0,0.0,0.0,0.0,0.0,0.0,0.0,0.0,0.0,0.0,0.0,0.0,0.0,0.0,0.0,0.0,0.0,0.0,0.0,0.0,0.0,0.0
69.39412225425531,34.139292629186144,187.5980470384081,690.0,468.0,2.643330874937768,94.94638890716972,0.7387892759774131,1.3053092433820273,0.597647518019201,5.5974105686310685,3.0,4.0,23.0,4.42816945166844,0.9591835124026638,0.26514412203819004,0.6170024672303942,0.0,0.0,0.0,0.0,0.0,0.0,0.0,0.0,0.0,0.0,0.0,0.0,0.0,0.0,0.0,0.0,0.0,0.0,0.0,0.0,0.0,0.0,0.0,0.0,0.0,0.0,0.0,0.0,0.0,0.0,0.0,0.0,0.0,0.0,0.0,0.0,0.0,0.0,0.0,0.0,0.0,0.0,0.0,0.0,1.0,0.0,0.0,0.0,0.0,0.0,0.0
64.67473840806288,32.06744477543877,124.76104309508808,733.0,417.0,2.198513021253321,82.64602582320015,0.9346872840540904,1.2727778407594572,0.5186932233029471,9.348141713178103,6.0,2.0,2.0,4.797939186087991,1.4362528381836872,0.3968392170536545,0.8147292178380819,0.0,0.0,0.0,0.0,0.0,0.0,0.0,0.0,0.0,0.0,0.0,0.0,0.0,0.0,0.0,0.0,0.0,0.0,0.0,0.0,0.0,0.0,0.0,0.0,0.0,0.0,0.0,0.0,0.0,0.0,0.0,0.0,0.0,0.0,0.0,0.0,0.0,0.0,0.0,0.0,0.0,0.0,0.0,0.0,0.0,0.0,0.0,0.0,0.0,1.0,0.0
70.59630250244838,58.330273901099616,68.09018457828206,772.0,559.0,5.681368176420961,73.60807225313513,0.7657428254627239,1.109688659260025,0.9933556513113048,7.722674860274558,4.0,4.0,3.0,4.904609218581747,0.9591835124026638,0.30392517070371666,0.49334908313323056,0.0,0.0,0.0,0.0,0.0,0.0,0.0,0.0,0.0,0.0,0.0,0.0,0.0,0.0,0.0,0.0,0.0,0.0,0.0,0.0,0.0,0.0,0.0,0.0,0.0,0.0,0.0,0.0,0.0,0.0,0.0,0.0,0.0,0.0,0.0,0.0,0.0,0.0,0.0,0.0,0.0,0.0,0.0,0.0,0.0,0.0,0.0,0.0,0.0,1.0,0.0
70.30864624502657,41.11018704698549,159.93919354758793,940.0,107.0,5.472497580347011,71.68015519045522,0.857324505970919,1.0037762706926274,0.783505609837962,5.11820011065806,4.0,0.0,5.0,4.521261725353472,1.142804598420269,0.374509283097862,0.38007630022908884,0.0,0.0,0.0,0.0,0.0,0.0,0.0,0.0,0.0,0.0,0.0,0.0,0.0,0.0,0.0,0.0,0.0,0.0,1.0,0.0,0.0,0.0,0.0,0.0,0.0,0.0,0.0,0.0,0.0,0.0,0.0,0.0,0.0,0.0,0.0,0.0,0.0,0.0,0.0,0.0,0.0,0.0,0.0,0.0,0.0,0.0,0.0,0.0,0.0,0.0,0.0
69.6615050506102,35.71272712835289,197.0463857218625,854.0,395.0,5.42857872785161,84.03941499701645,0.8267535120043714,1.24488572453824,0.7966594633989161,7.60198797204628,4.0,6.0,18.0,3.961919695538568,1.3656684970625472,0.32564688318869717,0.6206284094993588,0.0,0.0,0.0,0.0,0.0,0.0,0.0,0.0,0.0,0.0,0.0,0.0,0.0,0.0,0.0,0.0,0.0,0.0,0.0,0.0,0.0,0.0,0.0,0.0,0.0,0.0,0.0,0.0,0.0,0.0,1.0,0.0,0.0,0.0,0.0,0.0,0.0,0.0,0.0,0.0,0.0,0.0,0.0,0.0,0.0,0.0,0.0,0.0,0.0,0.0,0.0
74.28943790207599,20.95568537233123,86.40905571845718,1378.0,213.0,2.064445897677664,94.72249138739198,0.9273692805231368,1.3295186091376745,0.8333321286410609,9.138809158532291,4.0,3.0,11.0,5.236687793744402,1.1543424371839335,0.3992041401947279,0.7276363146757342,0.0,0.0,0.0,0.0,0.0,0.0,0.0,0.0,0.0,0.0,0.0,0.0,0.0,0.0,0.0,0.0,0.0,0.0,0.0,0.0,0.0,0.0,0.0,0.0,0.0,0.0,0.0,0.0,0.0,0.0,0.0,0.0,0.0,0.0,0.0,1.0,0.0,0.0,0.0,0.0,0.0,0.0,0.0,0.0,0.0,0.0,0.0,0.0,0.0,0.0,0.0
62.96277064307895,49.555372566835,178.40883683268754,636.0,210.0,4.722567743995586,82.82176512655315,0.8760503843334195,1.259839608275085,0.9280130548618882,7.990364370662254,7.0,5.0,12.0,4.691617103225913,1.3358288581444508,0.3835480264836948,0.6037015736009723,0.0,0.0,0.0,0.0,0.0,0.0,0.0,0.0,0.0,0.0,0.0,0.0,0.0,0.0,0.0,1.0,0.0,0.0,0.0,0.0,0.0,0.0,0.0,0.0,0.0,0.0,0.0,0.0,0.0,0.0,0.0,0.0,0.0,0.0,0.0,0.0,0.0,0.0,0.0,0.0,0.0,0.0,0.0,0.0,0.0,0.0,0.0,0.0,0.0,0.0,0.0
67.4996508617285,34.27203127368408,70.19083205837865,1275.0,138.0,6.542498051815584,94.47661190212185,0.8554153491151767,1.0033656940187543,0.9424033931824444,0.6187273272039073,6.0,1.0,17.0,4.293009746686495,1.4502042713243513,0.3386738962810318,0.10171834726353268,0.0,0.0,1.0,0.0,0.0,0.0,0.0,0.0,0.0,0.0,0.0,0.0,0.0,0.0,0.0,0.0,0.0,0.0,0.0,0.0,0.0,0.0,0.0,0.0,0.0,0.0,0.0,0.0,0.0,0.0,0.0,0.0,0.0,0.0,0.0,0.0,0.0,0.0,0.0,0.0,0.0,0.0,0.0,0.0,0.0,0.0,0.0,0.0,0.0,0.0,0.0
78.17651980813828,38.39530648735335,59.45586760393865,1220.0,567.0,4.952487935515087,74.54013933580153,0.9746326564287284,0.9986038812393992,0.7888010245066681,2.911115294411596,6.0,6.0,9.0,4.191343249312074,1.36258545803427,0.3494478234451986,0.26529571079764064,0.0,0.0,0.0,0.0,0.0,0.0,0.0,0.0,0.0,0.0,0.0,0.0,0.0,0.0,0.0,0.0,0.0,0.0,0.0,0.0,0.0,0.0,0.0,0.0,0.0,0.0,0.0,0.0,0.0,0.0,1.0,0.0,0.0,0.0,0.0,0.0,0.0,0.0,0.0,0.0,0.0,0.0,0.0,0.0,0.0,0.0,0.0,0.0,0.0,0.0,0.0
73.9677486243321,22.92961455783824,174.54165552397893,1168.0,394.0,2.083686684258009,91.68257502127024,0.7184459163681015,1.2248729192294734,0.4143197646053172,3.139008898328977,6.0,0.0,15.0,4.816774065855287,1.3186209258233919,0.39079152442396164,0.5149361995239634,0.0,0.0,0.0,0.0,0.0,0.0,0.0,0.0,0.0,0.0,0.0,0.0,0.0,0.0,0.0,0.0,0.0,0.0,0.0,0.0,0.0,0.0,0.0,0.0,0.0,0.0,0.0,0.0,0.0,0.0,0.0,0.0,0.0,0.0,0.0,0.0,0.0,0.0,0.0,0.0,0.0,0.0,0.0,0.0,0.0,0.0,0.0,0.0,0.0,1.0,0.0
63.07235114692324,42.231679019246414,189.6763545769281,468.0,286.0,3.703789678470368,78.85404190657226,0.7067132248960118,1.1680909828528794,0.8244749950227208,1.845111503207804,6.0,6.0,16.0,4.911406521953767,1.5276212278678842,0.4457786836281672,0.2848821690669224,0.0,0.0,0.0,0.0,0.0,0.0,0.0,0.0,0.0,0.0,0.0,0.0,0.0,1.0,0.0,0.0,0.0,0.0,0.0,0.0,0.0,0.0,0.0,0.0,0.0,0.0,0.0,0.0,0.0,0.0,0.0,0.0,0.0,0.0,0.0,0.0,0.0,0.0,0.0,0.0,0.0,0.0,0.0,0.0,0.0,0.0,0.0,0.0,0.0,0.0,0.0
71.99346674866145,41.13486431719952,69.27943331033714,936.0,107.0,4.935433168974115,87.76376485089088,0.9416427373865728,1.0526655810576837,0.5805712793551976,7.315506561637019,5.0,1.0,19.0,4.302487389836817,1.4137487773347623,0.34081762355410683,0.5822144173706768,0.0,0.0,0.0,0.0,0.0,0.0,0.0,0.0,0.0,0.0,0.0,0.0,0.0,0.0,0.0,0.0,0.0,0.0,0.0,1.0,0.0,0.0,0.0,0.0,0.0,0.0,0.0,0.0,0.0,0.0,0.0,0.0,0.0,0.0,0.0,0.0,0.0,0.0,0.0,0.0,0.0,0.0,0.0,0.0,0.0,0.0,0.0,0.0,0.0,0.0,0.0
70.32001495735756,24.839939827840148,82.49900219800242,939.0,516.0,2.9421843319405374,74.94999273349794,0.9387119578736728,1.477337728894283,0.8876772418497368,1.7245986941810365,4.0,4.0,20.0,5.236687793744402,0.9591835124026638,0.41854745451925784,0.4125340882534742,0.0,0.0,0.0,0.0,0.0,0.0,0.0,0.0,0.0,0.0,0.0,0.0,0.0,1.0,0.0,0.0,0.0,0.0,0.0,0.0,0.0,0.0,0.0,0.0,0.0,0.0,0.0,0.0,0.0,0.0,0.0,0.0,0.0,0.0,0.0,0.0,0.0,0.0,0.0,0.0,0.0,0.0,0.0,0.0,0.0,0.0,0.0,0.0,0.0,0.0,0.0
64.45023247373864,51.08074691739948,69.33776494153723,1378.0,135.0,4.492794878948905,72.57645682752207,0.8152284156393728,1.032930744806514,0.9141708876452737,4.512027500104024,5.0,2.0,4.0,4.043846349074215,1.6319246360377915,0.3822475323978861,0.3207274892054868,0.0,0.0,0.0,0.0,0.0,0.0,0.0,0.0,0.0,0.0,0.0,0.0,0.0,0.0,0.0,0.0,0.0,0.0,0.0,0.0,0.0,0.0,0.0,0.0,0.0,0.0,0.0,0.0,0.0,0.0,0.0,0.0,0.0,0.0,0.0,0.0,0.0,0.0,0.0,1.0,0.0,0.0,0.0,0.0,0.0,0.0,0.0,0.0,0.0,0.0,0.0
76.46150240517478,36.98753733149287,57.07138306909332,964.0,530.0,5.589874048375759,85.05771849750587,0.8990564594074417,1.2116062325673334,0.5880322350960251,4.698099757454849,6.0,3.0,10.0,4.195126162123707,1.39929886809842,0.3398034606993132,0.5283197402679555,0.0,0.0,0.0,0.0,0.0,0.0,0.0,0.0,0.0,0.0,0.0,0.0,0.0,0.0,0.0,0.0,0.0,0.0,0.0,0.0,0.0,0.0,0.0,0.0,0.0,0.0,1.0,0.0,0.0,0.0,0.0,0.0,0.0,0.0,0.0,0.0,0.0,0.0,0.0,0.0,0.0,0.0,0.0,0.0,0.0,0.0,0.0,0.0,0.0,0.0,0.0
65.38982928147063,39.18546993532372,97.45326229695456,1470.0,161.0,2.49740756565582,76.99246451521536,0.8086244546777155,1.1786139021682236,0.8987333648338313,0.3181551838362639,4.0,0.0,14.0,4.5713267703531315,1.131843774526975,0.3720474101765452,0.1889670386707665,0.0,0.0,0.0,0.0,0.0,0.0,0.0,0.0,0.0,0.0,0.0,0.0,0.0,0.0,0.0,0.0,0.0,0.0,1.0,0.0,0.0,0.0,0.0,0.0,0.0,0.0,0.0,0.0,0.0,0.0,0.0,0.0,0.0,0.0,0.0,0.0,0.0,0.0,0.0,0.0,0.0,0.0,0.0,0.0,0.0,0.0,0.0,0.0,0.0,0.0,0.0
56.6379018176842,47.7783296718686,189.9685960460588,827.0,518.0,2.7169275120198817,91.47105600594142,0.8814043066038377,1.0978375895527352,0.7779302304904038,9.375804879088124,4.0,5.0,9.0,4.4925965582274205,1.5796676041608888,0.3717455844422592,0.6420299939122696,0.0,0.0,0.0,0.0,0.0,0.0,0.0,0.0,0.0,0.0,0.0,0.0,0.0,0.0,0.0,0.0,0.0,0.0,0.0,0.0,0.0,0.0,0.0,1.0,0.0,0.0,0.0,0.0,0.0,0.0,0.0,0.0,0.0,0.0,0.0,0.0,0.0,0.0,0.0,0.0,0.0,0.0,0.0,0.0,0.0,0.0,0.0,0.0,0.0,0.0,0.0
69.97791587357169,59.66072785754618,78.45157726231736,868.0,393.0,5.958978465679298,78.10498500922242,0.9113439205938944,1.4230308585533624,0.8733120273347823,9.349291818986952,6.0,0.0,9.0,4.789214276080726,1.2288108196276755,0.3876933955736719,0.7716253700607735,0.0,0.0,0.0,0.0,0.0,0.0,0.0,0.0,0.0,0.0,0.0,0.0,0.0,0.0,0.0,0.0,0.0,0.0,0.0,0.0,0.0,0.0,0.0,0.0,0.0,0.0,0.0,0.0,0.0,1.0,0.0,0.0,0.0,0.0,0.0,0.0,0.0,0.0,0.0,0.0,0.0,0.0,0.0,0.0,0.0,0.0,0.0,0.0,0.0,0.0,0.0
80.21094899291786,46.637073499606224,100.7952651401856,438.0,567.0,3.882220246946882,93.94404002331012,0.8120067325878682,1.2260147239357009,0.7120927181983627,0.6672340339904059,5.0,0.0,18.0,4.101238458058956,1.6663077937665347,0.34809165529522407,0.2924516737248584,0.0,0.0,0.0,0.0,0.0,0.0,0.0,0.0,0.0,0.0,0.0,0.0,0.0,0.0,0.0,0.0,0.0,0.0,0.0,0.0,0.0,0.0,0.0,0.0,0.0,0.0,0.0,0.0,1.0,0.0,0.0,0.0,0.0,0.0,0.0,0.0,0.0,0.0,0.0,0.0,0.0,0.0,0.0,0.0,0.0,0.0,0.0,0.0,0.0,0.0,0.0
68.29640671746313,20.630237629777564,185.61584443833792,730.0,249.0,3.3895946242728474,88.47450726392748,0.9897628218949438,1.189241466753264,0.837099105906512,0.9627969835448612,5.0,5.0,20.0,3.8800082192234804,1.5721278437393968,0.31308852126902276,0.24711054060965196,0.0,0.0,0.0,0.0,0.0,0.0,0.0,0.0,0.0,0.0,0.0,0.0,0.0,0.0,0.0,0.0,0.0,0.0,0.0,0.0,0.0,0.0,0.0,0.0,0.0,0.0,0.0,0.0,1.0,0.0,0.0,0.0,0.0,0.0,0.0,0.0,0.0,0.0,0.0,0.0,0.0,0.0,0.0,0.0,0.0,0.0,0.0,0.0,0.0,0.0,0.0
82.72792506111028,39.06687504440751,133.66581634480997,1251.0,256.0,2.8447354852179134,75.71504560217842,0.8945542100656999,0.937337080167471,0.9050437402735048,2.7711353656386084,4.0,2.0,3.0,4.523575141479579,1.0230196915244913,0.3514802854364129,0.18882976752770556,0.0,0.0,0.0,0.0,0.0,0.0,0.0,0.0,0.0,0.0,0.0,0.0,0.0,0.0,0.0,0.0,0.0,0.0,0.0,0.0,0.0,0.0,0.0,0.0,0.0,0.0,0.0,1.0,0.0,0.0,0.0,0.0,0.0,0.0,0.0,0.0,0.0,0.0,0.0,0.0,0.0,0.0,0.0,0.0,0.0,0.0,0.0,0.0,0.0,0.0,0.0
71.11781682346118,52.680636596353466,73.29096869826152,778.0,184.0,4.308679905999195,72.70391778312127,0.8521837272453929,1.2252360697916038,0.9909410244085942,2.1669237836356423,4.0,5.0,11.0,4.752614098321426,1.775898362600258,0.45347384281726455,0.27402192116343627,0.0,0.0,0.0,0.0,0.0,0.0,0.0,0.0,0.0,0.0,0.0,0.0,0.0,0.0,0.0,0.0,0.0,0.0,0.0,0.0,0.0,0.0,0.0,0.0,0.0,0.0,0.0,0.0,0.0,0.0,0.0,0.0,0.0,0.0,0.0,0.0,0.0,0.0,0.0,0.0,0.0,1.0,0.0,0.0,0.0,0.0,0.0,0.0,0.0,0.0,0.0
73.14266694923741,32.19187094696324,166.4935642980425,1337.0,361.0,2.1555069744836928,79.84305316487259,0.8616951567303163,0.9341803617486788,0.5575284087556398,5.692697046606615,6.0,2.0,16.0,4.415478133629034,1.46879914052483,0.3797030385293407,0.4494121563985307,0.0,0.0,0.0,0.0,0.0,0.0,0.0,0.0,0.0,0.0,0.0,0.0,0.0,0.0,0.0,0.0,0.0,0.0,0.0,0.0,0.0,0.0,0.0,0.0,1.0,0.0,0.0,0.0,0.0,0.0,0.0,0.0,0.0,0.0,0.0,0.0,0.0,0.0,0.0,0.0,0.0,0.0,0.0,0.0,0.0,0.0,0.0,0.0,0.0,0.0,0.0
64.31755097510849,56.208797188298114,63.36404364783353,1167.0,219.0,2.185385419935256,93.77131256480274,0.7786792039285123,1.040748997211681,0.7972594237592221,1.7584945051590195,4.0,4.0,10.0,3.984218028199611,1.5257095603227266,0.3282034763327686,0.2258983051917547,0.0,0.0,0.0,0.0,0.0,0.0,0.0,0.0,0.0,0.0,0.0,0.0,0.0,0.0,0.0,0.0,0.0,0.0,0.0,0.0,0.0,0.0,0.0,0.0,0.0,1.0,0.0,0.0,0.0,0.0,0.0,0.0,0.0,0.0,0.0,0.0,0.0,0.0,0.0,0.0,0.0,0.0,0.0,0.0,0.0,0.0,0.0,0.0,0.0,0.0,0.0
75.9904441387999,29.630334450564952,151.79193091690743,339.0,492.0,6.030934375274662,79.90576434020659,0.926900610711453,0.9185405136024604,0.9059538533257752,7.506115608714115,5.0,2.0,16.0,4.40514326932303,1.1689285901067272,0.34353045389253,0.41601784567188776,0.0,0.0,0.0,0.0,0.0,0.0,0.0,0.0,0.0,0.0,0.0,0.0,0.0,0.0,0.0,0.0,0.0,0.0,0.0,0.0,0.0,1.0,0.0,0.0,0.0,0.0,0.0,0.0,0.0,0.0,0.0,0.0,0.0,0.0,0.0,0.0,0.0,0.0,0.0,0.0,0.0,0.0,0.0,0.0,0.0,0.0,0.0,0.0,0.0,0.0,0.0
70.49897877273604,28.49888109732827,132.3202891825416,589.0,512.0,3.915054365367191,93.9660986073595,0.7580684694453559,1.2280953783205897,0.937099125301936,4.163331008711205,6.0,6.0,0.0,4.502237430136343,1.641421616115946,0.38582079394539387,0.39330778065503413,0.0,0.0,0.0,0.0,0.0,0.0,0.0,0.0,0.0,0.0,0.0,0.0,0.0,0.0,0.0,0.0,0.0,0.0,0.0,0.0,0.0,0.0,0.0,0.0,0.0,0.0,0.0,0.0,0.0,0.0,0.0,0.0,0.0,0.0,0.0,0.0,0.0,0.0,0.0,1.0,0.0,0.0,0.0,0.0,0.0,0.0,0.0,0.0,0.0,0.0,0.0
68.20232638252658,59.407442495923,159.45534036823983,909.0,536.0,4.857175525516346,90.67361548880314,0.876016779696146,1.31244484476684,0.9411619482330976,9.57517519805772,6.0,1.0,3.0,4.557705399356634,1.5345593947964673,0.37521553424863713,0.7049324014049885,0.0,0.0,0.0,0.0,0.0,0.0,0.0,0.0,0.0,1.0,0.0,0.0,0.0,0.0,0.0,0.0,0.0,0.0,0.0,0.0,0.0,0.0,0.0,0.0,0.0,0.0,0.0,0.0,0.0,0.0,0.0,0.0,0.0,0.0,0.0,0.0,0.0,0.0,0.0,0.0,0.0,0.0,0.0,0.0,0.0,0.0,0.0,0.0,0.0,0.0,0.0
73.57606788094053,55.98051657502096,117.67210291840468,981.0,269.0,5.678847639814574,82.7605352142181,0.8807803559487628,0.9754690285517672,0.4247891503491476,9.926187089950991,5.0,2.0,15.0,4.826152101167822,1.4251880505285042,0.4033897314182335,0.7261908020813732,0.0,1.0,0.0,0.0,0.0,0.0,0.0,0.0,0.0,0.0,0.0,0.0,0.0,0.0,0.0,0.0,0.0,0.0,0.0,0.0,0.0,0.0,0.0,0.0,0.0,0.0,0.0,0.0,0.0,0.0,0.0,0.0,0.0,0.0,0.0,0.0,0.0,0.0,0.0,0.0,0.0,0.0,0.0,0.0,0.0,0.0,0.0,0.0,0.0,0.0,0.0
71.2977347536599,46.62025974216926,181.9132909933888,1209.0,530.0,5.34992079212599,75.63642362152443,0.9247003853862404,1.2324336822367088,0.4867488827117592,6.167010146020426,3.0,4.0,16.0,3.678582896934127,0.9591835124026638,0.26514412203819004,0.646041673325491,0.0,0.0,0.0,0.0,0.0,0.0,0.0,0.0,0.0,0.0,0.0,0.0,0.0,0.0,0.0,0.0,1.0,0.0,0.0,0.0,0.0,0.0,0.0,0.0,0.0,0.0,0.0,0.0,0.0,0.0,0.0,0.0,0.0,0.0,0.0,0.0,0.0,0.0,0.0,0.0,0.0,0.0,0.0,0.0,0.0,0.0,0.0,0.0,0.0,0.0,0.0
65.70674817716697,54.11789771303529,150.66485312264564,329.0,539.0,5.117784190132216,72.76920771165852,0.7577653499159298,1.1915360792468506,0.6318813108725859,0.1694175931741826,3.0,2.0,20.0,4.42816945166844,0.9591835124026638,0.26514412203819004,0.2770610687316978,0.0,0.0,0.0,0.0,0.0,0.0,0.0,0.0,0.0,0.0,0.0,0.0,0.0,0.0,0.0,0.0,0.0,0.0,0.0,0.0,0.0,0.0,0.0,0.0,0.0,0.0,0.0,0.0,0.0,0.0,0.0,0.0,0.0,0.0,0.0,0.0,0.0,0.0,0.0,0.0,0.0,0.0,1.0,0.0,0.0,0.0,0.0,0.0,0.0,0.0,0.0
66.58596639113276,39.58766117660095,169.6112826732532,572.0,347.0,5.797146257906192,83.48542056086922,0.7179702225676313,1.3191970246916964,0.8342336227290912,6.306628208475815,5.0,6.0,7.0,4.6438367973554495,1.0367174493781395,0.3653291137530179,0.5804704835388386,0.0,0.0,0.0,0.0,0.0,0.0,0.0,0.0,0.0,0.0,0.0,0.0,0.0,0.0,0.0,1.0,0.0,0.0,0.0,0.0,0.0,0.0,0.0,0.0,0.0,0.0,0.0,0.0,0.0,0.0,0.0,0.0,0.0,0.0,0.0,0.0,0.0,0.0,0.0,0.0,0.0,0.0,0.0,0.0,0.0,0.0,0.0,0.0,0.0,0.0,0.0
65.85476121804058,54.0013464763122,131.34802334364062,860.0,229.0,3.265491430947305,81.28980769194608,0.8018208195888405,1.4049925055425574,0.4891347904042529,0.4877278667546492,6.0,3.0,12.0,4.555372293444452,1.479854820199059,0.39597747783986,0.4474656942454973,0.0,0.0,0.0,0.0,0.0,0.0,0.0,0.0,0.0,0.0,0.0,0.0,0.0,0.0,0.0,0.0,0.0,0.0,0.0,0.0,0.0,0.0,0.0,0.0,0.0,0.0,0.0,0.0,0.0,0.0,0.0,0.0,0.0,0.0,0.0,0.0,0.0,0.0,0.0,0.0,0.0,1.0,0.0,0.0,0.0,0.0,0.0,0.0,0.0,0.0,0.0
58.38242086933545,51.76990304824564,190.28464248158983,1287.0,205.0,4.9506938570622765,92.73122312497368,0.8426588825878074,1.1232739942040852,0.7425820797533662,4.11617453824854,6.0,5.0,3.0,4.483161064803282,1.5266801738739275,0.36722289295769656,0.4034104558554818,0.0,0.0,0.0,0.0,0.0,0.0,0.0,0.0,0.0,0.0,0.0,0.0,0.0,0.0,0.0,0.0,0.0,0.0,0.0,0.0,0.0,0.0,1.0,0.0,0.0,0.0,0.0,0.0,0.0,0.0,0.0,0.0,0.0,0.0,0.0,0.0,0.0,0.0,0.0,0.0,0.0,0.0,0.0,0.0,0.0,0.0,0.0,0.0,0.0,0.0,0.0
73.0090688536265,53.67016473483744,141.5683601480089,1043.0,115.0,6.826529513958612,73.22485962428257,0.8882969391999104,1.0076192621698576,0.5140178249588185,7.260859301160986,6.0,2.0,3.0,4.021670912746869,1.50120072993518,0.35924069560834143,0.5791486146738687,0.0,0.0,0.0,0.0,0.0,0.0,0.0,0.0,1.0,0.0,0.0,0.0,0.0,0.0,0.0,0.0,0.0,0.0,0.0,0.0,0.0,0.0,0.0,0.0,0.0,0.0,0.0,0.0,0.0,0.0,0.0,0.0,0.0,0.0,0.0,0.0,0.0,0.0,0.0,0.0,0.0,0.0,0.0,0.0,0.0,0.0,0.0,0.0,0.0,0.0,0.0
64.64602855384868,40.296680627347854,101.2481544244612,505.0,349.0,6.046102665374506,80.2598472062627,0.9701387807325654,1.0725190721567464,0.416071130769088,9.340277726765066,4.0,0.0,17.0,4.558408748033769,1.8234240049128796,0.41427188317972347,0.7483596787056741,0.0,0.0,0.0,0.0,0.0,0.0,0.0,0.0,0.0,0.0,0.0,0.0,0.0,0.0,0.0,0.0,0.0,0.0,0.0,0.0,0.0,0.0,0.0,0.0,0.0,0.0,0.0,0.0,0.0,0.0,0.0,0.0,0.0,1.0,0.0,0.0,0.0,0.0,0.0,0.0,0.0,0.0,0.0,0.0,0.0,0.0,0.0,0.0,0.0,0.0,0.0
73.5732631749153,47.050176651331256,127.22559988425157,625.0,528.0,3.806306040545222,85.78252261880091,0.9319765670778304,0.9067153784441512,0.6800647647235982,8.502393916265962,4.0,3.0,23.0,4.8244540996236775,1.41927848436687,0.39151473560869815,0.5353407770615519,0.0,0.0,0.0,0.0,0.0,0.0,0.0,0.0,0.0,0.0,0.0,0.0,0.0,0.0,0.0,0.0,1.0,0.0,0.0,0.0,0.0,0.0,0.0,0.0,0.0,0.0,0.0,0.0,0.0,0.0,0.0,0.0,0.0,0.0,0.0,0.0,0.0,0.0,0.0,0.0,0.0,0.0,0.0,0.0,0.0,0.0,0.0,0.0,0.0,0.0,0.0
75.97734951096794,24.31362576846421,155.6007602302451,721.0,520.0,2.204882303944621,71.28312405171732,0.9328811549101704,1.4919489796294958,0.8499966343333002,6.173861080075666,4.0,2.0,7.0,4.379213861870752,0.9869177961869293,0.34055239552197014,0.6550282198926471,0.0,0.0,0.0,0.0,0.0,0.0,0.0,0.0,0.0,0.0,0.0,0.0,0.0,0.0,0.0,0.0,0.0,0.0,0.0,0.0,0.0,0.0,0.0,0.0,0.0,0.0,0.0,0.0,0.0,0.0,0.0,0.0,0.0,0.0,0.0,0.0,0.0,0.0,0.0,0.0,0.0,0.0,0.0,0.0,0.0,1.0,0.0,0.0,0.0,0.0,0.0
68.36994700755474,46.8760751409597,88.44080608831939,761.0,523.0,4.036032761602368,77.09328190482202,0.9829051885871573,1.3785523293273425,0.4185518591658866,7.619829418921125,5.0,3.0,19.0,4.778360899723318,1.078442984062383,0.3672632530001418,0.8146228877416732,0.0,0.0,0.0,0.0,0.0,0.0,0.0,0.0,0.0,0.0,0.0,0.0,0.0,0.0,0.0,1.0,0.0,0.0,0.0,0.0,0.0,0.0,0.0,0.0,0.0,0.0,0.0,0.0,0.0,0.0,0.0,0.0,0.0,0.0,0.0,0.0,0.0,0.0,0.0,0.0,0.0,0.0,0.0,0.0,0.0,0.0,0.0,0.0,0.0,0.0,0.0
73.03651717856549,48.97076585119841,139.03963827411886,1259.0,105.0,2.905356914424921,84.92367703018175,0.908598349288684,1.2337855958567798,0.5030953097972964,6.335561092389892,3.0,2.0,4.0,4.42816945166844,0.9591835124026638,0.26514412203819004,0.6496951983521153,0.0,0.0,0.0,0.0,0.0,0.0,0.0,0.0,0.0,0.0,0.0,0.0,0.0,0.0,0.0,0.0,0.0,0.0,0.0,0.0,0.0,0.0,0.0,0.0,0.0,0.0,0.0,1.0,0.0,0.0,0.0,0.0,0.0,0.0,0.0,0.0,0.0,0.0,0.0,0.0,0.0,0.0,0.0,0.0,0.0,0.0,0.0,0.0,0.0,0.0,0.0
66.35669468596487,59.20186315725165,64.97278204239574,1470.0,479.0,2.136599988213187,79.87630772828459,0.9199832237456846,1.4824055269909888,0.9567532452231448,8.686937209120709,6.0,0.0,12.0,4.575481488732059,1.473870639487768,0.3881597930744613,0.740352886749645,0.0,0.0,0.0,0.0,0.0,0.0,0.0,0.0,0.0,0.0,0.0,0.0,0.0,0.0,0.0,0.0,0.0,0.0,0.0,0.0,0.0,0.0,0.0,0.0,0.0,0.0,0.0,0.0,0.0,0.0,0.0,0.0,0.0,0.0,0.0,0.0,0.0,0.0,0.0,0.0,0.0,0.0,0.0,0.0,0.0,0.0,1.0,0.0,0.0,0.0,0.0
67.57725849351624,28.44523216399713,142.97664703883794,757.0,135.0,4.001227014930018,75.1720953985299,0.8579753818667708,1.217489705801631,0.8349692132885783,2.5626799946698453,4.0,1.0,19.0,4.3343631742531405,0.9591835124026638,0.33198519944082666,0.3420045411964986,0.0,0.0,0.0,0.0,0.0,0.0,0.0,0.0,0.0,0.0,0.0,0.0,0.0,0.0,0.0,0.0,0.0,0.0,0.0,0.0,0.0,0.0,0.0,0.0,0.0,0.0,0.0,0.0,0.0,0.0,0.0,0.0,0.0,0.0,0.0,0.0,0.0,0.0,0.0,0.0,0.0,0.0,0.0,0.0,0.0,0.0,0.0,0.0,0.0,0.0,1.0
73.2295889136903,57.86912430320694,91.31100400711296,414.0,533.0,3.7755901502742417,72.01695335375817,0.9675874757226904,1.4927398323378671,0.8325157850978473,4.654340515894878,6.0,6.0,21.0,4.538808243125364,1.457922393552163,0.3944168249756807,0.5852343772124697,0.0,0.0,0.0,0.0,0.0,0.0,0.0,0.0,0.0,0.0,0.0,0.0,0.0,0.0,0.0,0.0,0.0,0.0,0.0,0.0,0.0,0.0,0.0,0.0,0.0,0.0,0.0,0.0,0.0,0.0,0.0,0.0,0.0,0.0,0.0,0.0,0.0,0.0,0.0,0.0,0.0,1.0,0.0,0.0,0.0,0.0,0.0,0.0,0.0,0.0,0.0
66.37061348640246,54.30245276103429,110.8344180584226,699.0,237.0,6.149969722266667,77.60394105516365,0.7919930969888508,1.074730378415872,0.5757388985922662,5.819264815625668,3.0,0.0,21.0,3.678582896934127,0.9591835124026638,0.26514412203819004,0.5200110464957646,0.0,0.0,0.0,0.0,0.0,0.0,0.0,0.0,0.0,0.0,0.0,0.0,0.0,0.0,1.0,0.0,0.0,0.0,0.0,0.0,0.0,0.0,0.0,0.0,0.0,0.0,0.0,0.0,0.0,0.0,0.0,0.0,0.0,0.0,0.0,0.0,0.0,0.0,0.0,0.0,0.0,0.0,0.0,0.0,0.0,0.0,0.0,0.0,0.0,0.0,0.0
78.45615391028026,31.272790849643883,186.05141725655784,1169.0,534.0,3.311933732175868,79.46960256892586,0.7504537330221737,1.1963889124893423,0.6624217395867165,8.719111038485357,6.0,2.0,18.0,4.376118954731559,1.3558906009258302,0.3773825144616826,0.6970526103304662,1.0,0.0,0.0,0.0,0.0,0.0,0.0,0.0,0.0,0.0,0.0,0.0,0.0,0.0,0.0,0.0,0.0,0.0,0.0,0.0,0.0,0.0,0.0,0.0,0.0,0.0,0.0,0.0,0.0,0.0,0.0,0.0,0.0,0.0,0.0,0.0,0.0,0.0,0.0,0.0,0.0,0.0,0.0,0.0,0.0,0.0,0.0,0.0,0.0,0.0,0.0
77.8247753664604,34.150979876959326,121.87177294535884,887.0,323.0,2.006532068415278,76.47610956466951,0.8849035062910899,1.1693181159090846,0.9709044987512664,1.1279032962784197,5.0,6.0,23.0,4.55179487541671,1.3246080142569188,0.38216397581743394,0.2007388595020906,0.0,0.0,0.0,0.0,1.0,0.0,0.0,0.0,0.0,0.0,0.0,0.0,0.0,0.0,0.0,0.0,0.0,0.0,0.0,0.0,0.0,0.0,0.0,0.0,0.0,0.0,0.0,0.0,0.0,0.0,0.0,0.0,0.0,0.0,0.0,0.0,0.0,0.0,0.0,0.0,0.0,0.0,0.0,0.0,0.0,0.0,0.0,0.0,0.0,0.0,0.0
73.97279170708165,43.448310676658046,57.64042485074236,810.0,392.0,5.160400176815905,78.72711844135148,0.7666008479035196,1.4316621574825723,0.66101488647,1.2918037971206242,6.0,3.0,21.0,4.5606441316278525,1.4589754819735896,0.40308827015109006,0.4436740590369537,0.0,0.0,0.0,0.0,0.0,0.0,0.0,0.0,0.0,0.0,0.0,1.0,0.0,0.0,0.0,0.0,0.0,0.0,0.0,0.0,0.0,0.0,0.0,0.0,0.0,0.0,0.0,0.0,0.0,0.0,0.0,0.0,0.0,0.0,0.0,0.0,0.0,0.0,0.0,0.0,0.0,0.0,0.0,0.0,0.0,0.0,0.0,0.0,0.0,0.0,0.0
64.88157234622823,47.73421556812757,172.17125101285166,1397.0,418.0,2.1033167019371586,93.04226925457874,0.8987263304622579,1.345528724956932,0.962632134807681,0.4078044180223572,5.0,5.0,22.0,4.058493881819226,1.6802265616218643,0.3388473951117989,0.2556647605088845,0.0,0.0,0.0,0.0,0.0,0.0,0.0,0.0,0.0,0.0,0.0,0.0,0.0,0.0,0.0,0.0,0.0,0.0,0.0,0.0,0.0,0.0,0.0,0.0,0.0,0.0,0.0,0.0,0.0,0.0,0.0,0.0,0.0,0.0,0.0,0.0,0.0,0.0,0.0,1.0,0.0,0.0,0.0,0.0,0.0,0.0,0.0,0.0,0.0,0.0,0.0
71.10059708871951,34.602574770021704,197.5849798008389,933.0,236.0,4.248882641921713,75.32865002496217,0.7563623503226814,1.0789281905259596,0.7505716836428307,7.135028832695086,5.0,1.0,4.0,4.279238541155114,1.3714029763825455,0.37815779263513755,0.5295874871518005,0.0,0.0,0.0,0.0,0.0,0.0,1.0,0.0,0.0,0.0,0.0,0.0,0.0,0.0,0.0,0.0,0.0,0.0,0.0,0.0,0.0,0.0,0.0,0.0,0.0,0.0,0.0,0.0,0.0,0.0,0.0,0.0,0.0,0.0,0.0,0.0,0.0,0.0,0.0,0.0,0.0,0.0,0.0,0.0,0.0,0.0,0.0,0.0,0.0,0.0,0.0
69.13595255440623,51.93513043675695,153.37897234533085,1480.0,163.0,3.1580217657347487,87.17573896606878,0.7659384689629646,1.4881151764463718,0.6360975699457514,2.289398493896264,4.0,4.0,22.0,4.370199230070449,1.4144504104840918,0.3654998323289074,0.530156713775319,0.0,0.0,1.0,0.0,0.0,0.0,0.0,0.0,0.0,0.0,0.0,0.0,0.0,0.0,0.0,0.0,0.0,0.0,0.0,0.0,0.0,0.0,0.0,0.0,0.0,0.0,0.0,0.0,0.0,0.0,0.0,0.0,0.0,0.0,0.0,0.0,0.0,0.0,0.0,0.0,0.0,0.0,0.0,0.0,0.0,0.0,0.0,0.0,0.0,0.0,0.0
77.88370096734947,35.4193379937019,161.9631976568329,1326.0,426.0,4.481027003076523,75.4599153853204,0.9988445028827346,1.0294164882889798,0.9769989848916094,5.655412255180641,4.0,4.0,9.0,5.236687793744402,1.2073314522725886,0.43516569551730766,0.3552038301609284,0.0,0.0,0.0,0.0,0.0,0.0,0.0,0.0,0.0,0.0,0.0,0.0,0.0,0.0,0.0,0.0,0.0,0.0,0.0,0.0,0.0,0.0,0.0,0.0,0.0,0.0,0.0,0.0,0.0,0.0,0.0,0.0,0.0,0.0,0.0,1.0,0.0,0.0,0.0,0.0,0.0,0.0,0.0,0.0,0.0,0.0,0.0,0.0,0.0,0.0,0.0
71.87530431541258,41.44096557723616,130.85346272838393,1468.0,452.0,5.1676315615353925,92.49863000279792,0.8453827524595171,1.0957368773621114,0.7411882655480696,9.1090987921189,6.0,6.0,23.0,4.8111264736821235,1.440778807087701,0.3876395621207015,0.63989831296373,0.0,0.0,0.0,0.0,0.0,0.0,0.0,0.0,0.0,0.0,0.0,0.0,0.0,0.0,0.0,0.0,0.0,0.0,0.0,0.0,0.0,0.0,0.0,0.0,0.0,0.0,0.0,0.0,0.0,0.0,0.0,0.0,0.0,0.0,0.0,0.0,0.0,0.0,0.0,0.0,0.0,0.0,0.0,1.0,0.0,0.0,0.0,0.0,0.0,0.0,0.0
75.49268383948585,28.76964070178679,141.62024675774586,648.0,365.0,6.62375338666814,78.40862463780864,0.7704089740123239,1.1543995566640064,0.6019124428277735,2.6857117017475063,4.0,1.0,4.0,4.984620024389209,1.63677700928235,0.45706743880009776,0.39437186887532427,0.0,0.0,0.0,0.0,0.0,0.0,0.0,0.0,0.0,0.0,0.0,0.0,0.0,0.0,0.0,0.0,0.0,0.0,0.0,0.0,0.0,0.0,0.0,0.0,0.0,0.0,0.0,0.0,0.0,0.0,0.0,0.0,0.0,0.0,0.0,1.0,0.0,0.0,0.0,0.0,0.0,0.0,0.0,0.0,0.0,0.0,0.0,0.0,0.0,0.0,0.0
72.93115560009188,53.04252945632327,53.630371706959096,888.0,495.0,6.967372778861328,82.67964706101,0.8547079229043967,0.9945903773998516,0.682161552273572,1.6645088274367803,5.0,1.0,5.0,4.312018843863606,1.443433205530203,0.36333964652020606,0.23651046992442076,0.0,0.0,0.0,0.0,0.0,0.0,0.0,0.0,0.0,0.0,0.0,0.0,0.0,0.0,0.0,0.0,0.0,0.0,0.0,0.0,1.0,0.0,0.0,0.0,0.0,0.0,0.0,0.0,0.0,0.0,0.0,0.0,0.0,0.0,0.0,0.0,0.0,0.0,0.0,0.0,0.0,0.0,0.0,0.0,0.0,0.0,0.0,0.0,0.0,0.0,0.0
76.35250766817174,21.50591545855936,61.04125533769931,748.0,490.0,3.791097416124676,76.76592920519475,0.8159754627727048,1.064130285746442,0.4006471005414534,8.646835513098525,6.0,4.0,1.0,4.233148990113984,1.5027731180736286,0.3778701202276937,0.7146151187095663,0.0,0.0,0.0,0.0,0.0,0.0,0.0,0.0,0.0,0.0,0.0,0.0,0.0,0.0,0.0,0.0,0.0,0.0,0.0,0.0,0.0,0.0,0.0,0.0,1.0,0.0,0.0,0.0,0.0,0.0,0.0,0.0,0.0,0.0,0.0,0.0,0.0,0.0,0.0,0.0,0.0,0.0,0.0,0.0,0.0,0.0,0.0,0.0,0.0,0.0,0.0
72.47365292037493,27.556076617078062,59.267191868706135,665.0,375.0,4.427370938376002,94.28279011288868,0.8351707042727141,1.1644204072775663,0.4226678998535528,2.7384618056781926,6.0,3.0,20.0,4.370970733452773,1.4752278488131803,0.35023224829901634,0.4618535189478832,0.0,0.0,0.0,0.0,0.0,0.0,0.0,0.0,0.0,0.0,0.0,0.0,0.0,0.0,0.0,0.0,0.0,0.0,0.0,0.0,0.0,0.0,0.0,0.0,0.0,0.0,1.0,0.0,0.0,0.0,0.0,0.0,0.0,0.0,0.0,0.0,0.0,0.0,0.0,0.0,0.0,0.0,0.0,0.0,0.0,0.0,0.0,0.0,0.0,0.0,0.0
76.72968825921976,43.26259605343208,199.5042408103733,877.0,124.0,6.133125507475562,88.04359229453533,0.7436326199617124,0.9047433586429828,0.5310742761471821,5.659673683632254,5.0,2.0,14.0,4.034402480653811,1.305510758811233,0.3264891600716036,0.44185653802479163,0.0,0.0,0.0,0.0,0.0,0.0,0.0,1.0,0.0,0.0,0.0,0.0,0.0,0.0,0.0,0.0,0.0,0.0,0.0,0.0,0.0,0.0,0.0,0.0,0.0,0.0,0.0,0.0,0.0,0.0,0.0,0.0,0.0,0.0,0.0,0.0,0.0,0.0,0.0,0.0,0.0,0.0,0.0,0.0,0.0,0.0,0.0,0.0,0.0,0.0,0.0
79.68051823094078,47.57664467897405,195.01175840826417,1475.0,304.0,5.838504931652699,70.97102123406204,0.9585847448666716,0.9619364723450532,0.5162520808147142,0.6365555129313594,4.0,2.0,3.0,4.468464320106848,1.5042205689268866,0.39573252460161773,0.22411319472588476,0.0,0.0,1.0,0.0,0.0,0.0,0.0,0.0,0.0,0.0,0.0,0.0,0.0,0.0,0.0,0.0,0.0,0.0,0.0,0.0,0.0,0.0,0.0,0.0,0.0,0.0,0.0,0.0,0.0,0.0,0.0,0.0,0.0,0.0,0.0,0.0,0.0,0.0,0.0,0.0,0.0,0.0,0.0,0.0,0.0,0.0,0.0,0.0,0.0,0.0,0.0
72.00322816895995,48.49236050255554,138.57011979820123,1407.0,447.0,6.100242993447109,91.6417373087592,0.702079906028354,1.1527826316262946,0.7913385033797802,1.773324555875585,4.0,5.0,10.0,4.442724449601733,1.8000589521898815,0.4060565324937478,0.2846888617809428,0.0,0.0,0.0,0.0,0.0,0.0,0.0,0.0,0.0,0.0,0.0,0.0,0.0,0.0,0.0,0.0,0.0,0.0,0.0,0.0,0.0,0.0,0.0,0.0,0.0,0.0,0.0,0.0,0.0,0.0,0.0,0.0,0.0,0.0,1.0,0.0,0.0,0.0,0.0,0.0,0.0,0.0,0.0,0.0,0.0,0.0,0.0,0.0,0.0,0.0,0.0
67.218007917693,43.437586219513456,168.1075289528318,403.0,512.0,6.65238414341894,77.7598190493471,0.8189548024209053,1.4204468699042974,0.6011045064308774,1.3205895101267615,4.0,6.0,1.0,5.236687793744402,0.9591835124026638,0.4503895703080117,0.4594975545838143,0.0,0.0,0.0,0.0,0.0,0.0,0.0,0.0,0.0,0.0,0.0,0.0,0.0,0.0,0.0,0.0,0.0,0.0,0.0,0.0,0.0,0.0,0.0,0.0,0.0,0.0,0.0,0.0,0.0,0.0,0.0,0.0,0.0,0.0,0.0,0.0,1.0,0.0,0.0,0.0,0.0,0.0,0.0,0.0,0.0,0.0,0.0,0.0,0.0,0.0,0.0
69.50028962237755,42.20386479919514,83.00013538961247,741.0,307.0,2.1781723948815643,71.98653221869262,0.7050217340806871,1.176624806521751,0.5908973069248779,9.866901563916304,4.0,6.0,13.0,4.225733402186377,1.4402634066646356,0.3919132942865822,0.7684597158526791,1.0,0.0,0.0,0.0,0.0,0.0,0.0,0.0,0.0,0.0,0.0,0.0,0.0,0.0,0.0,0.0,0.0,0.0,0.0,0.0,0.0,0.0,0.0,0.0,0.0,0.0,0.0,0.0,0.0,0.0,0.0,0.0,0.0,0.0,0.0,0.0,0.0,0.0,0.0,0.0,0.0,0.0,0.0,0.0,0.0,0.0,0.0,0.0,0.0,0.0,0.0
70.27314512428947,44.91051859350489,88.26470930196803,731.0,118.0,4.417948654962261,80.14013535967125,0.8168950861775566,1.1791791933394866,0.8957780447638073,8.480701612624252,4.0,3.0,11.0,3.678582896934127,0.9591835124026638,0.26514412203819004,0.5986230267370186,0.0,0.0,0.0,0.0,0.0,0.0,1.0,0.0,0.0,0.0,0.0,0.0,0.0,0.0,0.0,0.0,0.0,0.0,0.0,0.0,0.0,0.0,0.0,0.0,0.0,0.0,0.0,0.0,0.0,0.0,0.0,0.0,0.0,0.0,0.0,0.0,0.0,0.0,0.0,0.0,0.0,0.0,0.0,0.0,0.0,0.0,0.0,0.0,0.0,0.0,0.0
72.77189997184867,20.540390389868826,154.3358230532533,420.0,365.0,3.84291509275752,70.24039261165761,0.9223806079831918,1.0870343961068003,0.5357411192507702,0.946911638933926,6.0,2.0,3.0,4.435493354876806,1.370173750322355,0.38515808036081084,0.2957468923106117,0.0,0.0,0.0,0.0,0.0,0.0,1.0,0.0,0.0,0.0,0.0,0.0,0.0,0.0,0.0,0.0,0.0,0.0,0.0,0.0,0.0,0.0,0.0,0.0,0.0,0.0,0.0,0.0,0.0,0.0,0.0,0.0,0.0,0.0,0.0,0.0,0.0,0.0,0.0,0.0,0.0,0.0,0.0,0.0,0.0,0.0,0.0,0.0,0.0,0.0,0.0
64.83224517844347,41.10614502385543,79.31782403549542,322.0,580.0,2.7874548108905826,87.81430851916758,0.73484432204899,1.3971245702666053,0.4072757681620411,5.347907468047094,4.0,6.0,11.0,4.256599777523341,1.6338646968550747,0.37843529655050445,0.7140135930924465,0.0,0.0,0.0,0.0,0.0,0.0,0.0,0.0,0.0,0.0,0.0,0.0,0.0,0.0,0.0,0.0,0.0,0.0,0.0,0.0,0.0,0.0,0.0,0.0,0.0,0.0,0.0,0.0,0.0,0.0,0.0,0.0,0.0,0.0,0.0,0.0,0.0,0.0,0.0,0.0,0.0,0.0,0.0,0.0,0.0,0.0,0.0,0.0,1.0,0.0,0.0
66.41799937381056,47.51921631908442,126.87698018878972,1177.0,252.0,6.843693093295365,79.967292156512,0.8452487254856321,1.0737869189843252,0.9111403385484956,3.393780440296874,4.0,4.0,14.0,3.678582896934127,0.9591835124026638,0.26514412203819004,0.2862394589724541,0.0,0.0,0.0,0.0,0.0,0.0,0.0,0.0,0.0,0.0,0.0,0.0,0.0,0.0,0.0,0.0,0.0,0.0,0.0,0.0,0.0,0.0,0.0,0.0,0.0,0.0,0.0,0.0,1.0,0.0,0.0,0.0,0.0,0.0,0.0,0.0,0.0,0.0,0.0,0.0,0.0,0.0,0.0,0.0,0.0,0.0,0.0,0.0,0.0,0.0,0.0
76.39450576805224,48.3519650596752,115.62948659185992,1366.0,241.0,6.65258462399961,79.9937017530277,0.8462162317494553,1.265322639558777,0.5989330759362503,1.7293818534167438,3.0,2.0,13.0,4.42816945166844,0.9591835124026638,0.26514412203819004,0.4030359369608444,0.0,0.0,0.0,0.0,0.0,0.0,0.0,0.0,0.0,0.0,0.0,0.0,0.0,0.0,0.0,0.0,0.0,0.0,0.0,0.0,0.0,0.0,0.0,0.0,0.0,0.0,0.0,0.0,0.0,0.0,0.0,0.0,0.0,0.0,0.0,0.0,0.0,0.0,0.0,1.0,0.0,0.0,0.0,0.0,0.0,0.0,0.0,0.0,0.0,0.0,0.0
75.15824321214276,21.81242235879395,133.9110743782581,316.0,364.0,6.658761609182334,70.60833692609083,0.812247952336579,0.9989132668436902,0.520928452905874,2.8171346064364142,4.0,1.0,7.0,4.0357281997471475,1.3496217380318594,0.3588246437658775,0.3501573012902965,0.0,0.0,0.0,0.0,0.0,0.0,0.0,0.0,1.0,0.0,0.0,0.0,0.0,0.0,0.0,0.0,0.0,0.0,0.0,0.0,0.0,0.0,0.0,0.0,0.0,0.0,0.0,0.0,0.0,0.0,0.0,0.0,0.0,0.0,0.0,0.0,0.0,0.0,0.0,0.0,0.0,0.0,0.0,0.0,0.0,0.0,0.0,0.0,0.0,0.0,0.0
65.9570479738417,50.84231882104133,58.67494336545872,1456.0,192.0,5.517402577726607,90.35833408457016,0.8594275800448454,1.1339274910576178,0.7915618896456182,3.6607211267408712,4.0,0.0,6.0,4.477735570272556,1.2934105481892544,0.3475495760783553,0.3696071805102121,0.0,0.0,0.0,0.0,1.0,0.0,0.0,0.0,0.0,0.0,0.0,0.0,0.0,0.0,0.0,0.0,0.0,0.0,0.0,0.0,0.0,0.0,0.0,0.0,0.0,0.0,0.0,0.0,0.0,0.0,0.0,0.0,0.0,0.0,0.0,0.0,0.0,0.0,0.0,0.0,0.0,0.0,0.0,0.0,0.0,0.0,0.0,0.0,0.0,0.0,0.0
74.24222021948474,50.615554375261006,67.39049473080757,968.0,150.0,2.7304633801986062,91.459137612586,0.8186639659501345,1.0567007268207955,0.5677481828352321,5.588321700973369,3.0,5.0,17.0,4.289237027884826,1.0078726610247382,0.3058243060599031,0.50209988199808,0.0,0.0,0.0,0.0,0.0,0.0,0.0,0.0,0.0,0.0,0.0,0.0,0.0,0.0,0.0,0.0,0.0,0.0,0.0,0.0,0.0,0.0,0.0,0.0,0.0,0.0,0.0,0.0,0.0,0.0,0.0,0.0,0.0,0.0,0.0,0.0,0.0,0.0,0.0,0.0,1.0,0.0,0.0,0.0,0.0,0.0,0.0,0.0,0.0,0.0,0.0
69.33608402695461,49.34452991210553,154.53147061824922,812.0,145.0,5.88591143172261,80.31670183061651,0.710724478813491,1.030859021758597,0.9559644756776802,5.827774841630491,6.0,6.0,0.0,4.414345731452259,1.3797354193022744,0.38525108557430665,0.37157017890782285,0.0,0.0,0.0,0.0,0.0,0.0,1.0,0.0,0.0,0.0,0.0,0.0,0.0,0.0,0.0,0.0,0.0,0.0,0.0,0.0,0.0,0.0,0.0,0.0,0.0,0.0,0.0,0.0,0.0,0.0,0.0,0.0,0.0,0.0,0.0,0.0,0.0,0.0,0.0,0.0,0.0,0.0,0.0,0.0,0.0,0.0,0.0,0.0,0.0,0.0,0.0
64.14389706749398,39.30768775926887,119.12014901780886,1397.0,182.0,6.272785330914603,81.2667550074934,0.9203181867198924,1.4074175615452127,0.7880933549316345,8.419773630016765,5.0,2.0,0.0,4.687645978606234,1.6437283911118006,0.4112845372455756,0.745749277124518,0.0,0.0,0.0,0.0,0.0,0.0,0.0,0.0,0.0,0.0,0.0,0.0,0.0,0.0,0.0,0.0,0.0,0.0,0.0,0.0,0.0,0.0,0.0,0.0,0.0,0.0,0.0,0.0,0.0,0.0,0.0,0.0,0.0,0.0,0.0,0.0,0.0,0.0,0.0,0.0,0.0,0.0,1.0,0.0,0.0,0.0,0.0,0.0,0.0,0.0,0.0
75.13746640752153,31.952974491186964,184.4395102251316,810.0,543.0,5.042015428967924,86.25064801451214,0.7894656136353314,1.365548116905635,0.8867766896083853,0.7103382283498005,5.0,4.0,22.0,4.733445634389893,1.2750381440202327,0.38316997085205373,0.3061392167698824,0.0,0.0,0.0,0.0,1.0,0.0,0.0,0.0,0.0,0.0,0.0,0.0,0.0,0.0,0.0,0.0,0.0,0.0,0.0,0.0,0.0,0.0,0.0,0.0,0.0,0.0,0.0,0.0,0.0,0.0,0.0,0.0,0.0,0.0,0.0,0.0,0.0,0.0,0.0,0.0,0.0,0.0,0.0,0.0,0.0,0.0,0.0,0.0,0.0,0.0,0.0
74.78587557883344,56.142993593248605,111.50407924083596,1409.0,448.0,3.5977227493785886,92.65056293031006,0.7312373057240031,0.9197895797543074,0.9907527367575496,5.757073620977443,5.0,4.0,4.0,4.3814022529025465,1.076207966193006,0.3266967718161267,0.3008317095323383,0.0,0.0,0.0,0.0,0.0,0.0,0.0,0.0,0.0,0.0,0.0,0.0,0.0,0.0,0.0,0.0,0.0,0.0,0.0,0.0,0.0,0.0,0.0,0.0,0.0,0.0,0.0,0.0,0.0,0.0,0.0,0.0,0.0,0.0,0.0,0.0,0.0,0.0,0.0,0.0,0.0,0.0,0.0,0.0,0.0,0.0,0.0,0.0,0.0,0.0,1.0
72.7583575100964,29.977935512253264,89.40035074434432,880.0,125.0,6.100585653543035,77.73234407965752,0.7536126737449705,1.4780530041536952,0.7745144852329062,8.642505852192233,6.0,3.0,15.0,4.338336489677485,1.4695351140012691,0.38811693117520746,0.7967779569000626,0.0,0.0,0.0,0.0,0.0,0.0,0.0,0.0,0.0,0.0,0.0,0.0,0.0,0.0,0.0,0.0,0.0,0.0,0.0,0.0,0.0,0.0,0.0,0.0,0.0,0.0,1.0,0.0,0.0,0.0,0.0,0.0,0.0,0.0,0.0,0.0,0.0,0.0,0.0,0.0,0.0,0.0,0.0,0.0,0.0,0.0,0.0,0.0,0.0,0.0,0.0
69.20314355303515,46.9240702488768,187.7628003965276,475.0,290.0,3.473052812507234,73.51750197080081,0.9138748665730886,1.05794695898069,0.518267486427652,6.389324610023422,5.0,0.0,0.0,4.201642131330561,1.5918419257381726,0.3803503239881646,0.5593145549008285,0.0,0.0,0.0,0.0,0.0,0.0,0.0,0.0,0.0,0.0,0.0,0.0,0.0,0.0,0.0,0.0,0.0,0.0,0.0,0.0,0.0,0.0,0.0,0.0,0.0,1.0,0.0,0.0,0.0,0.0,0.0,0.0,0.0,0.0,0.0,0.0,0.0,0.0,0.0,0.0,0.0,0.0,0.0,0.0,0.0,0.0,0.0,0.0,0.0,0.0,0.0
68.33147262808322,50.72487841369434,95.41779760263223,998.0,181.0,4.2215486617726885,82.9206953182262,0.8346968338980247,1.3419508965677318,0.9024992170347989,1.0994043285480526,6.0,4.0,20.0,4.5192285305369575,1.5077075434858382,0.38895474511305655,0.30854681590448957,0.0,0.0,0.0,0.0,0.0,0.0,0.0,0.0,0.0,0.0,0.0,0.0,0.0,0.0,0.0,0.0,0.0,0.0,0.0,0.0,0.0,0.0,1.0,0.0,0.0,0.0,0.0,0.0,0.0,0.0,0.0,0.0,0.0,0.0,0.0,0.0,0.0,0.0,0.0,0.0,0.0,0.0,0.0,0.0,0.0,0.0,0.0,0.0,0.0,0.0,0.0
69.62801731465272,23.29021844314549,147.73306043331854,420.0,543.0,2.31930711589681,82.41135496096824,0.7183603379036712,1.2479370472180609,0.6885718944699053,1.6669193737365595,6.0,0.0,5.0,4.5155062702015165,1.6450972626671712,0.41440207640230603,0.36129035488012884,0.0,0.0,0.0,0.0,0.0,0.0,0.0,0.0,0.0,0.0,0.0,0.0,0.0,0.0,0.0,0.0,0.0,0.0,0.0,0.0,0.0,0.0,0.0,0.0,0.0,0.0,0.0,0.0,0.0,0.0,0.0,0.0,0.0,0.0,0.0,0.0,1.0,0.0,0.0,0.0,0.0,0.0,0.0,0.0,0.0,0.0,0.0,0.0,0.0,0.0,0.0
75.29484091851843,49.145963670982034,170.0908228989957,1406.0,427.0,3.045456142906134,86.12644613068531,0.9024162875887348,1.4273314692892751,0.4516617857660274,6.165642300179959,5.0,4.0,9.0,5.076910302387187,1.3752329734508852,0.41145852057758814,0.7552298576484477,0.0,0.0,0.0,0.0,0.0,0.0,0.0,0.0,0.0,0.0,0.0,0.0,0.0,1.0,0.0,0.0,0.0,0.0,0.0,0.0,0.0,0.0,0.0,0.0,0.0,0.0,0.0,0.0,0.0,0.0,0.0,0.0,0.0,0.0,0.0,0.0,0.0,0.0,0.0,0.0,0.0,0.0,0.0,0.0,0.0,0.0,0.0,0.0,0.0,0.0,0.0
76.69837703968524,27.584636341609382,70.00630817875755,1447.0,263.0,4.707665253874679,87.63781385040191,0.8558772560731127,1.0327873655621265,0.5266126365849233,6.619055078811325,4.0,0.0,14.0,4.121325737177248,1.3920883526964989,0.3318762972311975,0.5554307224012994,0.0,0.0,0.0,0.0,0.0,1.0,0.0,0.0,0.0,0.0,0.0,0.0,0.0,0.0,0.0,0.0,0.0,0.0,0.0,0.0,0.0,0.0,0.0,0.0,0.0,0.0,0.0,0.0,0.0,0.0,0.0,0.0,0.0,0.0,0.0,0.0,0.0,0.0,0.0,0.0,0.0,0.0,0.0,0.0,0.0,0.0,0.0,0.0,0.0,0.0,0.0
83.66175144889601,46.15186843810136,186.31269834244029,403.0,395.0,3.223593749120186,74.31100674963483,0.8338957209903525,1.4123458770864823,0.8079864471311866,8.508650728031931,6.0,0.0,13.0,4.505558904432905,1.488480900353912,0.4032337452451447,0.7460227688733686,0.0,0.0,0.0,0.0,0.0,0.0,0.0,0.0,0.0,0.0,0.0,1.0,0.0,0.0,0.0,0.0,0.0,0.0,0.0,0.0,0.0,0.0,0.0,0.0,0.0,0.0,0.0,0.0,0.0,0.0,0.0,0.0,0.0,0.0,0.0,0.0,0.0,0.0,0.0,0.0,0.0,0.0,0.0,0.0,0.0,0.0,0.0,0.0,0.0,0.0,0.0
70.84260387880013,47.23187713979482,167.25297415699168,662.0,424.0,2.998097780585185,86.487953769525,0.8843875220735781,1.1550896659568268,0.7301591621653944,2.9371692479747624,5.0,2.0,11.0,4.434133331525177,1.558215020830739,0.37429808822097976,0.3644927760820953,0.0,0.0,1.0,0.0,0.0,0.0,0.0,0.0,0.0,0.0,0.0,0.0,0.0,0.0,0.0,0.0,0.0,0.0,0.0,0.0,0.0,0.0,0.0,0.0,0.0,0.0,0.0,0.0,0.0,0.0,0.0,0.0,0.0,0.0,0.0,0.0,0.0,0.0,0.0,0.0,0.0,0.0,0.0,0.0,0.0,0.0,0.0,0.0,0.0,0.0,0.0
66.71710247822571,53.50538992703604,123.69381007181182,588.0,458.0,3.583899325596096,70.19286931067842,0.9455761569126728,1.3774734927719143,0.8603492000283928,9.6767265205901,3.0,0.0,0.0,3.678582896934127,0.9591835124026638,0.26514412203819004,0.7695328970014985,0.0,0.0,0.0,0.0,0.0,0.0,0.0,0.0,0.0,0.0,0.0,0.0,0.0,0.0,0.0,0.0,0.0,0.0,0.0,0.0,0.0,0.0,0.0,0.0,0.0,0.0,0.0,0.0,0.0,0.0,0.0,0.0,1.0,0.0,0.0,0.0,0.0,0.0,0.0,0.0,0.0,0.0,0.0,0.0,0.0,0.0,0.0,0.0,0.0,0.0,0.0
60.84073756039352,36.252739363523645,173.25547336553498,662.0,169.0,3.637828463877811,92.7602648661674,0.737609776271851,1.0961374526790717,0.831919824199254,3.2964900177211853,6.0,2.0,2.0,4.4192935063295495,1.4142329876218043,0.36139800400865796,0.3189998977043901,0.0,0.0,0.0,0.0,0.0,0.0,0.0,0.0,0.0,0.0,0.0,0.0,0.0,0.0,0.0,0.0,0.0,0.0,0.0,0.0,0.0,0.0,0.0,1.0,0.0,0.0,0.0,0.0,0.0,0.0,0.0,0.0,0.0,0.0,0.0,0.0,0.0,0.0,0.0,0.0,0.0,0.0,0.0,0.0,0.0,0.0,0.0,0.0,0.0,0.0,0.0
72.02866671468779,57.178245515430376,105.0757847144875,962.0,217.0,6.316610945608785,84.46346733505756,0.9897280918807908,1.1846386281351042,0.7958090872569359,2.0432228678519246,6.0,2.0,22.0,4.14072911639332,1.3740772537928763,0.3248019884280578,0.31264397475894634,0.0,0.0,0.0,0.0,0.0,0.0,0.0,0.0,0.0,0.0,0.0,0.0,0.0,0.0,0.0,0.0,0.0,0.0,0.0,0.0,0.0,0.0,0.0,0.0,0.0,0.0,1.0,0.0,0.0,0.0,0.0,0.0,0.0,0.0,0.0,0.0,0.0,0.0,0.0,0.0,0.0,0.0,0.0,0.0,0.0,0.0,0.0,0.0,0.0,0.0,0.0
59.516839393711294,56.11182108093226,187.3690703220308,365.0,472.0,5.939768905645577,71.78268202246497,0.711582142214656,0.9124255551082416,0.6557211369286462,0.1400434826901775,5.0,2.0,7.0,4.287438243269466,1.6102304510720429,0.4132410707397698,0.12794074980322034,0.0,0.0,0.0,0.0,0.0,0.0,0.0,0.0,0.0,0.0,0.0,0.0,0.0,0.0,1.0,0.0,0.0,0.0,0.0,0.0,0.0,0.0,0.0,0.0,0.0,0.0,0.0,0.0,0.0,0.0,0.0,0.0,0.0,0.0,0.0,0.0,0.0,0.0,0.0,0.0,0.0,0.0,0.0,0.0,0.0,0.0,0.0,0.0,0.0,0.0,0.0
69.13169294645745,32.773227363388656,165.68670721960584,1133.0,382.0,5.112903607397802,81.42328303386489,0.8360656676884013,1.4591137757575785,0.8901858242072442,7.277192887756632,5.0,4.0,11.0,4.295066726588415,1.3882671783839093,0.3609802106335119,0.6803819042394404,0.0,0.0,0.0,0.0,0.0,0.0,1.0,0.0,0.0,0.0,0.0,0.0,0.0,0.0,0.0,0.0,0.0,0.0,0.0,0.0,0.0,0.0,0.0,0.0,0.0,0.0,0.0,0.0,0.0,0.0,0.0,0.0,0.0,0.0,0.0,0.0,0.0,0.0,0.0,0.0,0.0,0.0,0.0,0.0,0.0,0.0,0.0,0.0,0.0,0.0,0.0
74.1337952184999,35.656440366292074,86.948486497131,1332.0,516.0,6.577573900420343,84.47989576219355,0.8776394575239549,1.4156350418570829,0.6902987194177213,2.20211412958214,4.0,1.0,2.0,4.555704629630534,1.8047065287728368,0.4130602496778818,0.4714228297536118,0.0,0.0,0.0,0.0,0.0,0.0,0.0,0.0,0.0,0.0,0.0,0.0,0.0,0.0,0.0,0.0,0.0,0.0,0.0,0.0,0.0,0.0,0.0,0.0,0.0,0.0,0.0,0.0,0.0,0.0,0.0,0.0,0.0,0.0,1.0,0.0,0.0,0.0,0.0,0.0,0.0,0.0,0.0,0.0,0.0,0.0,0.0,0.0,0.0,0.0,0.0
66.24992550435087,39.14547899094372,176.2444857031779,1479.0,411.0,5.050207458153314,71.40090987177722,0.9516171395714564,1.374712224096267,0.5526970586109369,4.764369215422852,5.0,5.0,12.0,4.137262699921504,1.5566337786808448,0.37186778482627825,0.6250630885673145,0.0,0.0,0.0,0.0,0.0,0.0,0.0,0.0,0.0,0.0,0.0,0.0,0.0,0.0,0.0,0.0,0.0,0.0,0.0,0.0,0.0,0.0,0.0,0.0,0.0,1.0,0.0,0.0,0.0,0.0,0.0,0.0,0.0,0.0,0.0,0.0,0.0,0.0,0.0,0.0,0.0,0.0,0.0,0.0,0.0,0.0,0.0,0.0,0.0,0.0,0.0
82.89187417512538,58.39916944654925,125.94672202980888,1097.0,346.0,4.596768894999322,78.57686935495207,0.9464505368112772,0.959601652267339,0.4462388633108881,5.787938083443095,5.0,4.0,17.0,4.2289222516907765,1.3040967290571266,0.34186527969987757,0.5040459778155588,0.0,0.0,0.0,0.0,0.0,0.0,0.0,0.0,0.0,0.0,0.0,0.0,0.0,0.0,0.0,0.0,0.0,0.0,0.0,0.0,0.0,0.0,0.0,0.0,0.0,0.0,0.0,0.0,0.0,0.0,0.0,0.0,0.0,0.0,0.0,0.0,0.0,0.0,0.0,0.0,0.0,0.0,0.0,0.0,0.0,0.0,0.0,0.0,1.0,0.0,0.0
69.18321332654696,43.403061992121486,174.66360518459453,1002.0,295.0,6.804069472476103,93.80782703927372,0.9895122598089904,1.4821417993146984,0.7042308226597451,0.1551167697909683,6.0,3.0,23.0,4.482734026606815,1.523073046990372,0.35000293581247083,0.39764409634051645,0.0,0.0,0.0,0.0,0.0,0.0,0.0,0.0,0.0,1.0,0.0,0.0,0.0,0.0,0.0,0.0,0.0,0.0,0.0,0.0,0.0,0.0,0.0,0.0,0.0,0.0,0.0,0.0,0.0,0.0,0.0,0.0,0.0,0.0,0.0,0.0,0.0,0.0,0.0,0.0,0.0,0.0,0.0,0.0,0.0,0.0,0.0,0.0,0.0,0.0,0.0
65.68780449790144,39.84097490785836,84.75328371265256,934.0,227.0,6.052849891677287,90.4899959425502,0.9962874344263678,1.4563934133744998,0.9154471882639112,8.508709893306273,6.0,6.0,13.0,4.355463208104584,1.343163921038376,0.3277529660462705,0.73220377813118,0.0,0.0,0.0,0.0,0.0,0.0,1.0,0.0,0.0,0.0,0.0,0.0,0.0,0.0,0.0,0.0,0.0,0.0,0.0,0.0,0.0,0.0,0.0,0.0,0.0,0.0,0.0,0.0,0.0,0.0,0.0,0.0,0.0,0.0,0.0,0.0,0.0,0.0,0.0,0.0,0.0,0.0,0.0,0.0,0.0,0.0,0.0,0.0,0.0,0.0,0.0
64.04302551407255,55.04856005852837,158.01471712101534,512.0,484.0,3.2525677639735293,91.5596636375542,0.8001768128031966,1.0993093774513616,0.8617416012422648,2.114070368966213,5.0,4.0,3.0,4.623103690358513,1.4477023791680446,0.37840276912621174,0.25147516393943536,0.0,0.0,0.0,0.0,0.0,0.0,0.0,0.0,0.0,0.0,0.0,0.0,0.0,0.0,0.0,0.0,0.0,0.0,0.0,0.0,0.0,0.0,0.0,0.0,0.0,0.0,0.0,0.0,0.0,0.0,0.0,0.0,0.0,0.0,0.0,0.0,0.0,0.0,0.0,0.0,0.0,0.0,0.0,0.0,0.0,0.0,0.0,1.0,0.0,0.0,0.0
67.50324528737,39.29491277537779,96.9106208004432,683.0,121.0,4.565175356763896,84.94139985805333,0.750496943906414,1.274475035133475,0.9536876522453858,0.5235216220580463,5.0,3.0,0.0,5.236687793744402,1.5595423089280025,0.47103279336151965,0.2288776721140711,0.0,0.0,0.0,0.0,0.0,0.0,0.0,0.0,0.0,0.0,0.0,0.0,0.0,0.0,0.0,0.0,0.0,0.0,0.0,0.0,0.0,0.0,0.0,0.0,0.0,0.0,0.0,0.0,0.0,0.0,0.0,0.0,0.0,0.0,0.0,1.0,0.0,0.0,0.0,0.0,0.0,0.0,0.0,0.0,0.0,0.0,0.0,0.0,0.0,0.0,0.0
68.27266024748488,24.984938840640712,63.37708696931882,1026.0,543.0,2.000081354822844,82.66494431828251,0.79045915957644,1.4612153059315067,0.6329566203928962,3.0865106256742694,6.0,2.0,5.0,4.293082961321634,1.414585083229302,0.36539836741624243,0.5576227454799637,0.0,0.0,0.0,1.0,0.0,0.0,0.0,0.0,0.0,0.0,0.0,0.0,0.0,0.0,0.0,0.0,0.0,0.0,0.0,0.0,0.0,0.0,0.0,0.0,0.0,0.0,0.0,0.0,0.0,0.0,0.0,0.0,0.0,0.0,0.0,0.0,0.0,0.0,0.0,0.0,0.0,0.0,0.0,0.0,0.0,0.0,0.0,0.0,0.0,0.0,0.0
78.51792759206424,39.04637165407414,95.8636559800955,837.0,486.0,5.453445625672432,89.38445595126859,0.9592552558949308,0.9604955944961564,0.7370555527974825,5.537080384379927,5.0,3.0,12.0,4.77325357686369,1.1892924706253478,0.3551868593180441,0.3948756338663705,0.0,0.0,0.0,0.0,0.0,0.0,0.0,0.0,0.0,0.0,0.0,0.0,0.0,0.0,0.0,1.0,0.0,0.0,0.0,0.0,0.0,0.0,0.0,0.0,0.0,0.0,0.0,0.0,0.0,0.0,0.0,0.0,0.0,0.0,0.0,0.0,0.0,0.0,0.0,0.0,0.0,0.0,0.0,0.0,0.0,0.0,0.0,0.0,0.0,0.0,0.0
67.54215474565646,32.43099688188223,76.01172723548349,966.0,111.0,5.74526863169781,88.66767804257388,0.8508757801623763,1.3725621460399786,0.6933419195895236,9.31991554150393,6.0,6.0,17.0,4.626181746672083,1.4987470428902774,0.38425723925068755,0.804965508334072,0.0,0.0,0.0,0.0,0.0,0.0,0.0,0.0,0.0,0.0,0.0,0.0,0.0,0.0,0.0,0.0,0.0,0.0,0.0,0.0,0.0,0.0,0.0,0.0,0.0,0.0,0.0,0.0,0.0,0.0,0.0,0.0,0.0,0.0,0.0,0.0,0.0,0.0,0.0,0.0,0.0,1.0,0.0,0.0,0.0,0.0,0.0,0.0,0.0,0.0,0.0
69.86404796870717,23.06316838120045,75.71154984296703,1392.0,355.0,4.2108853994485065,79.04025940291805,0.9812033685752042,1.0119060172636776,0.8144712565051664,4.511957275931955,3.0,5.0,0.0,4.42816945166844,0.9591835124026638,0.26514412203819004,0.34347828739331043,0.0,0.0,0.0,0.0,0.0,0.0,0.0,0.0,0.0,0.0,0.0,0.0,0.0,0.0,0.0,1.0,0.0,0.0,0.0,0.0,0.0,0.0,0.0,0.0,0.0,0.0,0.0,0.0,0.0,0.0,0.0,0.0,0.0,0.0,0.0,0.0,0.0,0.0,0.0,0.0,0.0,0.0,0.0,0.0,0.0,0.0,0.0,0.0,0.0,0.0,0.0
75.12580549600399,58.11319596587103,113.03194846938136,450.0,512.0,2.5392875368222088,75.62088779271313,0.8397419154832674,1.318533782500067,0.4767976307390548,1.6476667152343838,3.0,3.0,10.0,4.42816945166844,0.9591835124026638,0.26514412203819004,0.4663450991528064,0.0,0.0,0.0,0.0,0.0,0.0,0.0,0.0,0.0,0.0,0.0,0.0,0.0,0.0,0.0,0.0,0.0,0.0,0.0,0.0,0.0,0.0,0.0,0.0,0.0,0.0,0.0,0.0,0.0,0.0,0.0,0.0,0.0,0.0,0.0,0.0,0.0,0.0,1.0,0.0,0.0,0.0,0.0,0.0,0.0,0.0,0.0,0.0,0.0,0.0,0.0
65.35602245618229,57.85195969499386,73.62483272969419,665.0,383.0,2.219028977191824,89.70753355397304,0.7336204210934562,1.3692359617263012,0.9204435664944588,7.995763589928373,5.0,4.0,16.0,4.23508882594601,1.590199128764809,0.3687377568360442,0.6612505898771553,0.0,0.0,0.0,0.0,0.0,0.0,0.0,0.0,0.0,0.0,0.0,0.0,0.0,0.0,0.0,0.0,0.0,0.0,0.0,0.0,0.0,0.0,0.0,0.0,0.0,1.0,0.0,0.0,0.0,0.0,0.0,0.0,0.0,0.0,0.0,0.0,0.0,0.0,0.0,0.0,0.0,0.0,0.0,0.0,0.0,0.0,0.0,0.0,0.0,0.0,0.0
65.85545163221994,20.043583978057256,70.625915259186,1083.0,534.0,5.906660503030748,91.74399366956692,0.8138935744062151,1.18684454672484,0.9799095975104488,3.9050589230774095,4.0,3.0,19.0,4.8043939372412146,1.5857872424928037,0.4055592615264668,0.34545111175155535,0.0,0.0,0.0,0.0,0.0,0.0,0.0,0.0,0.0,0.0,0.0,0.0,0.0,0.0,0.0,0.0,0.0,0.0,0.0,0.0,0.0,0.0,1.0,0.0,0.0,0.0,0.0,0.0,0.0,0.0,0.0,0.0,0.0,0.0,0.0,0.0,0.0,0.0,0.0,0.0,0.0,0.0,0.0,0.0,0.0,0.0,0.0,0.0,0.0,0.0,0.0
73.52198517349338,23.61559353886659,80.5393484130424,1016.0,234.0,3.0142550292967445,93.78476958112242,0.7714832147326873,0.9757592729940212,0.5182638651666663,7.991077494146585,5.0,1.0,7.0,4.3057456386330095,1.5869248268127207,0.36260837099780935,0.5983197253798793,0.0,0.0,0.0,0.0,0.0,0.0,0.0,0.0,0.0,0.0,0.0,0.0,0.0,0.0,0.0,0.0,0.0,1.0,0.0,0.0,0.0,0.0,0.0,0.0,0.0,0.0,0.0,0.0,0.0,0.0,0.0,0.0,0.0,0.0,0.0,0.0,0.0,0.0,0.0,0.0,0.0,0.0,0.0,0.0,0.0,0.0,0.0,0.0,0.0,0.0,0.0
73.75097894277715,20.789905728407923,111.957839258739,1002.0,341.0,4.832119571755154,77.28297369732803,0.8419127307098443,1.2093281911366465,0.6043962717039645,1.1364705526212693,5.0,3.0,23.0,4.324861892718218,1.2914907357551317,0.3620185718107849,0.34352309168583356,0.0,0.0,0.0,0.0,0.0,0.0,0.0,0.0,0.0,0.0,0.0,0.0,0.0,0.0,0.0,0.0,0.0,0.0,0.0,0.0,0.0,0.0,0.0,0.0,0.0,0.0,0.0,0.0,0.0,0.0,0.0,0.0,0.0,0.0,0.0,0.0,0.0,1.0,0.0,0.0,0.0,0.0,0.0,0.0,0.0,0.0,0.0,0.0,0.0,0.0,0.0
79.86821006151668,22.66493130608099,111.56248522295624,584.0,248.0,4.573099497983288,71.86615183226684,0.919735050435048,1.330791558157284,0.7010105854878712,8.378379420251468,5.0,1.0,12.0,4.19052165739952,1.3706821200310237,0.36098739831000015,0.7343931973990897,0.0,0.0,0.0,0.0,0.0,0.0,0.0,0.0,0.0,0.0,0.0,0.0,0.0,0.0,0.0,0.0,0.0,0.0,0.0,0.0,0.0,0.0,0.0,0.0,0.0,0.0,0.0,0.0,0.0,0.0,0.0,0.0,0.0,0.0,0.0,0.0,0.0,0.0,0.0,0.0,0.0,0.0,0.0,0.0,1.0,0.0,0.0,0.0,0.0,0.0,0.0
66.72998177295214,26.00668393511832,198.46909509985903,438.0,162.0,4.319829583318185,88.37848211408388,0.801398585587554,1.443761897706645,0.9524657292157322,7.205241818623234,6.0,0.0,3.0,4.3939461528278185,1.2700495265503822,0.3478195086607226,0.6483111364027851,0.0,0.0,0.0,0.0,0.0,0.0,0.0,0.0,0.0,0.0,0.0,0.0,0.0,0.0,0.0,0.0,0.0,0.0,0.0,1.0,0.0,0.0,0.0,0.0,0.0,0.0,0.0,0.0,0.0,0.0,0.0,0.0,0.0,0.0,0.0,0.0,0.0,0.0,0.0,0.0,0.0,0.0,0.0,0.0,0.0,0.0,0.0,0.0,0.0,0.0,0.0
69.69704338901941,38.13862724782405,174.10334937908266,830.0,240.0,2.01568202543919,88.73762409181701,0.9260054964570794,1.1666277174779958,0.9854153171600584,1.64317280691464,6.0,1.0,20.0,4.8813322361075695,1.4370376272793002,0.39282699526577947,0.2203288466768988,0.0,0.0,0.0,0.0,0.0,0.0,0.0,0.0,0.0,0.0,0.0,0.0,0.0,0.0,0.0,0.0,0.0,0.0,0.0,0.0,0.0,0.0,0.0,0.0,0.0,0.0,0.0,0.0,0.0,0.0,0.0,0.0,0.0,0.0,0.0,0.0,0.0,0.0,0.0,0.0,0.0,0.0,0.0,1.0,0.0,0.0,0.0,0.0,0.0,0.0,0.0
75.45590047869433,50.94111102497125,70.23789999080012,1356.0,483.0,2.779069903229526,91.81659584896028,0.7454498710611888,1.0026850986032363,0.4582413557396709,1.245296978347542,4.0,1.0,21.0,4.561645312743758,1.0851933727151237,0.3434234311596704,0.29432655742392877,0.0,0.0,0.0,0.0,0.0,0.0,0.0,0.0,0.0,0.0,0.0,1.0,0.0,0.0,0.0,0.0,0.0,0.0,0.0,0.0,0.0,0.0,0.0,0.0,0.0,0.0,0.0,0.0,0.0,0.0,0.0,0.0,0.0,0.0,0.0,0.0,0.0,0.0,0.0,0.0,0.0,0.0,0.0,0.0,0.0,0.0,0.0,0.0,0.0,0.0,0.0
71.44495317107479,46.6404549233533,63.85619740531804,808.0,152.0,6.608398392078834,87.07073879110892,0.7708879235688956,1.0557479347689165,0.5316582825637189,8.473494600550543,4.0,6.0,21.0,4.204376058858384,1.630097268453638,0.37143202234241945,0.6580191761892797,0.0,0.0,0.0,0.0,0.0,0.0,0.0,0.0,0.0,0.0,0.0,0.0,0.0,0.0,0.0,0.0,0.0,0.0,0.0,0.0,0.0,0.0,0.0,1.0,0.0,0.0,0.0,0.0,0.0,0.0,0.0,0.0,0.0,0.0,0.0,0.0,0.0,0.0,0.0,0.0,0.0,0.0,0.0,0.0,0.0,0.0,0.0,0.0,0.0,0.0,0.0
75.07860857820333,56.87609845142473,75.72593385539324,542.0,196.0,6.926911427067244,70.78756387936453,0.9932312507754332,0.9465662946623448,0.6012936934935582,0.0816522969497879,6.0,3.0,8.0,4.51157708580475,1.6352463250829627,0.4088814736426828,0.16027306198394092,0.0,0.0,0.0,0.0,0.0,0.0,0.0,0.0,0.0,0.0,0.0,0.0,0.0,0.0,0.0,0.0,0.0,0.0,0.0,0.0,0.0,0.0,0.0,0.0,0.0,0.0,0.0,0.0,0.0,0.0,0.0,0.0,0.0,0.0,0.0,0.0,1.0,0.0,0.0,0.0,0.0,0.0,0.0,0.0,0.0,0.0,0.0,0.0,0.0,0.0,0.0
70.14599835488893,47.15827140681377,128.3354722797706,471.0,508.0,6.064608523977203,80.15935762066796,0.7297559081012104,1.2006821463640265,0.6201697489885941,8.202004535991994,5.0,5.0,6.0,3.9618951219636895,1.2686109654127509,0.3338378244504217,0.687432195240711,0.0,0.0,0.0,0.0,0.0,0.0,0.0,1.0,0.0,0.0,0.0,0.0,0.0,0.0,0.0,0.0,0.0,0.0,0.0,0.0,0.0,0.0,0.0,0.0,0.0,0.0,0.0,0.0,0.0,0.0,0.0,0.0,0.0,0.0,0.0,0.0,0.0,0.0,0.0,0.0,0.0,0.0,0.0,0.0,0.0,0.0,0.0,0.0,0.0,0.0,0.0
75.41646729465499,56.6839722784221,135.02451224014695,494.0,481.0,5.325765082631706,78.33338084836804,0.778125057313523,1.0895833017331864,0.5833081028403608,0.2014254418394856,6.0,1.0,21.0,4.087451068414802,1.596768305898063,0.37486670474886685,0.24384801506348852,0.0,0.0,0.0,0.0,0.0,0.0,0.0,0.0,0.0,0.0,0.0,0.0,0.0,0.0,0.0,0.0,0.0,0.0,0.0,0.0,0.0,0.0,0.0,0.0,0.0,0.0,0.0,0.0,1.0,0.0,0.0,0.0,0.0,0.0,0.0,0.0,0.0,0.0,0.0,0.0,0.0,0.0,0.0,0.0,0.0,0.0,0.0,0.0,0.0,0.0,0.0
61.268914158234,20.864190060510804,113.66140838295124,353.0,109.0,3.305584550919629,73.56104778277378,0.8192841039759526,0.9139983655280568,0.8327600824688852,4.667337304095391,6.0,5.0,20.0,4.7390267525820144,1.3407808937169268,0.4123279995763481,0.29614555504509116,0.0,1.0,0.0,0.0,0.0,0.0,0.0,0.0,0.0,0.0,0.0,0.0,0.0,0.0,0.0,0.0,0.0,0.0,0.0,0.0,0.0,0.0,0.0,0.0,0.0,0.0,0.0,0.0,0.0,0.0,0.0,0.0,0.0,0.0,0.0,0.0,0.0,0.0,0.0,0.0,0.0,0.0,0.0,0.0,0.0,0.0,0.0,0.0,0.0,0.0,0.0
63.91260000943408,50.7933565495108,123.44112228365456,1387.0,413.0,3.951570519737756,81.79250964343751,0.8734315068736652,0.9268615049335648,0.8257071413675052,7.762545874485855,3.0,0.0,7.0,5.236687793744402,0.9591835124026638,0.4125230128791593,0.45979635083205095,0.0,0.0,0.0,0.0,0.0,0.0,0.0,0.0,0.0,0.0,0.0,0.0,0.0,0.0,0.0,0.0,0.0,0.0,0.0,0.0,0.0,0.0,0.0,0.0,0.0,0.0,0.0,0.0,0.0,0.0,1.0,0.0,0.0,0.0,0.0,0.0,0.0,0.0,0.0,0.0,0.0,0.0,0.0,0.0,0.0,0.0,0.0,0.0,0.0,0.0,0.0
65.11316958143306,35.40735111337719,128.47795639704248,816.0,206.0,5.493126816299878,86.01066436127584,0.8604891144579103,1.213565486600372,0.5789507661597804,0.0113030773826772,6.0,6.0,20.0,4.893037182127319,1.5403150502022875,0.4157077106535131,0.29784275297497353,0.0,0.0,0.0,0.0,0.0,0.0,0.0,0.0,0.0,0.0,0.0,0.0,0.0,0.0,0.0,0.0,0.0,0.0,0.0,0.0,0.0,0.0,0.0,0.0,0.0,0.0,0.0,0.0,0.0,0.0,0.0,0.0,0.0,0.0,0.0,0.0,0.0,0.0,0.0,0.0,0.0,0.0,0.0,1.0,0.0,0.0,0.0,0.0,0.0,0.0,0.0
67.6437598532702,51.89873414474021,176.28802152595316,476.0,502.0,3.746834544896807,78.83762899846167,0.714458577989061,0.9732660494843648,0.451244072150579,5.665114141251816,6.0,1.0,19.0,4.100696218119848,1.4043042232896932,0.3629968671264711,0.5030692425348967,0.0,0.0,0.0,0.0,0.0,0.0,0.0,0.0,0.0,0.0,0.0,0.0,0.0,0.0,0.0,0.0,0.0,0.0,0.0,0.0,0.0,0.0,0.0,0.0,0.0,0.0,0.0,0.0,0.0,0.0,0.0,0.0,0.0,0.0,0.0,0.0,0.0,0.0,1.0,0.0,0.0,0.0,0.0,0.0,0.0,0.0,0.0,0.0,0.0,0.0,0.0
72.08160305759966,57.167605763717376,93.44967485760236,1148.0,558.0,2.6497433683257743,89.86864920909527,0.7128870370733875,1.0904325751289663,0.5211356961992489,1.712450692295434,4.0,3.0,2.0,4.541907232608201,1.1171269388000433,0.35191379823302,0.3406238436478038,0.0,0.0,0.0,0.0,1.0,0.0,0.0,0.0,0.0,0.0,0.0,0.0,0.0,0.0,0.0,0.0,0.0,0.0,0.0,0.0,0.0,0.0,0.0,0.0,0.0,0.0,0.0,0.0,0.0,0.0,0.0,0.0,0.0,0.0,0.0,0.0,0.0,0.0,0.0,0.0,0.0,0.0,0.0,0.0,0.0,0.0,0.0,0.0,0.0,0.0,0.0
67.53669098191602,32.03548869395276,91.42163720106312,958.0,458.0,4.082849999393548,87.33710543298703,0.8774345311367936,1.0941724775757429,0.586305403028496,9.795204642894229,5.0,3.0,6.0,4.225737257799237,1.1926141682185527,0.32032628860762574,0.7251382231772778,0.0,0.0,0.0,0.0,0.0,0.0,0.0,0.0,0.0,0.0,0.0,0.0,0.0,0.0,0.0,0.0,0.0,0.0,1.0,0.0,0.0,0.0,0.0,0.0,0.0,0.0,0.0,0.0,0.0,0.0,0.0,0.0,0.0,0.0,0.0,0.0,0.0,0.0,0.0,0.0,0.0,0.0,0.0,0.0,0.0,0.0,0.0,0.0,0.0,0.0,0.0
70.80119127055836,41.60246392073522,198.75063718522355,770.0,572.0,4.603449199032473,81.86263485952847,0.9310895398138715,1.2802854002531034,0.4124549175729001,5.852395250784246,3.0,2.0,23.0,4.042757083385816,0.9591835124026638,0.26514412203819004,0.6790478617535457,0.0,1.0,0.0,0.0,0.0,0.0,0.0,0.0,0.0,0.0,0.0,0.0,0.0,0.0,0.0,0.0,0.0,0.0,0.0,0.0,0.0,0.0,0.0,0.0,0.0,0.0,0.0,0.0,0.0,0.0,0.0,0.0,0.0,0.0,0.0,0.0,0.0,0.0,0.0,0.0,0.0,0.0,0.0,0.0,0.0,0.0,0.0,0.0,0.0,0.0,0.0
62.73479968571839,21.74494419817525,122.95173252068068,1014.0,364.0,6.592156838262233,90.742529764441,0.87688971775788,1.2795953720963986,0.8986870965495357,4.938681806098043,5.0,0.0,17.0,5.15823649241255,1.6177373422669428,0.4349814319231117,0.4706963896419437,0.0,0.0,0.0,0.0,0.0,0.0,0.0,0.0,0.0,0.0,0.0,0.0,0.0,0.0,0.0,0.0,0.0,0.0,0.0,0.0,0.0,0.0,0.0,0.0,0.0,0.0,0.0,0.0,0.0,0.0,0.0,0.0,0.0,0.0,0.0,1.0,0.0,0.0,0.0,0.0,0.0,0.0,0.0,0.0,0.0,0.0,0.0,0.0,0.0,0.0,0.0
71.57731687484396,29.93310566266964,94.224693298858,1231.0,133.0,3.701554190090569,86.27970720550096,0.8746366726687831,1.2644393659289843,0.959076144076917,5.313214204683598,6.0,4.0,17.0,4.477842742430742,1.5484338457142095,0.37854417938571877,0.46169313159890596,0.0,0.0,0.0,0.0,0.0,0.0,0.0,0.0,0.0,0.0,0.0,0.0,0.0,0.0,1.0,0.0,0.0,0.0,0.0,0.0,0.0,0.0,0.0,0.0,0.0,0.0,0.0,0.0,0.0,0.0,0.0,0.0,0.0,0.0,0.0,0.0,0.0,0.0,0.0,0.0,0.0,0.0,0.0,0.0,0.0,0.0,0.0,0.0,0.0,0.0,0.0
70.01778314187413,21.20920415578448,199.5749608897901,719.0,193.0,2.018919529361128,79.3818121983663,0.781846294118913,1.093637139422315,0.908724482598,4.779624994573146,4.0,0.0,0.0,4.051044734440476,1.405631470050859,0.3509930435991652,0.36631701242544396,0.0,0.0,0.0,0.0,0.0,0.0,0.0,1.0,0.0,0.0,0.0,0.0,0.0,0.0,0.0,0.0,0.0,0.0,0.0,0.0,0.0,0.0,0.0,0.0,0.0,0.0,0.0,0.0,0.0,0.0,0.0,0.0,0.0,0.0,0.0,0.0,0.0,0.0,0.0,0.0,0.0,0.0,0.0,0.0,0.0,0.0,0.0,0.0,0.0,0.0,0.0
78.04397531613955,42.57226110023917,56.5670191319304,637.0,149.0,3.745052407412185,73.29954737765514,0.8056528801217252,1.318712969388308,0.7583147130587633,4.416599073407222,5.0,0.0,8.0,4.296823047248908,1.3522144577435324,0.3769789637894402,0.5110064307530774,0.0,0.0,0.0,0.0,0.0,0.0,0.0,0.0,0.0,0.0,0.0,0.0,0.0,0.0,0.0,0.0,0.0,0.0,0.0,1.0,0.0,0.0,0.0,0.0,0.0,0.0,0.0,0.0,0.0,0.0,0.0,0.0,0.0,0.0,0.0,0.0,0.0,0.0,0.0,0.0,0.0,0.0,0.0,0.0,0.0,0.0,0.0,0.0,0.0,0.0,0.0
63.86292309626026,30.35256311131424,59.07046767124733,675.0,525.0,5.196058919797766,73.24170851367644,0.827534823592631,1.0838712227740286,0.928951909770762,0.9745991546433386,6.0,6.0,19.0,4.482733047768422,1.3420235926230544,0.3900466943896769,0.16430565342585451,0.0,0.0,0.0,0.0,0.0,0.0,0.0,0.0,0.0,0.0,0.0,0.0,0.0,0.0,0.0,0.0,0.0,0.0,0.0,0.0,0.0,1.0,0.0,0.0,0.0,0.0,0.0,0.0,0.0,0.0,0.0,0.0,0.0,0.0,0.0,0.0,0.0,0.0,0.0,0.0,0.0,0.0,0.0,0.0,0.0,0.0,0.0,0.0,0.0,0.0,0.0
73.97937696986699,35.23848143253227,168.62963116948242,490.0,182.0,5.1257955006167,89.22680066045895,0.8398972814842938,1.1977432060151485,0.8248988454414812,1.1397130722108972,6.0,6.0,15.0,4.744959551460658,1.3362817388096926,0.37901981755163794,0.26428917220589093,0.0,0.0,0.0,0.0,0.0,0.0,0.0,0.0,0.0,0.0,0.0,0.0,0.0,0.0,0.0,1.0,0.0,0.0,0.0,0.0,0.0,0.0,0.0,0.0,0.0,0.0,0.0,0.0,0.0,0.0,0.0,0.0,0.0,0.0,0.0,0.0,0.0,0.0,0.0,0.0,0.0,0.0,0.0,0.0,0.0,0.0,0.0,0.0,0.0,0.0,0.0
67.93887842776515,52.2984074194259,85.72690253646033,1428.0,266.0,6.758213869850942,84.7680708215155,0.8565650759511207,0.924506850628371,0.8929302789411111,6.672714719317928,5.0,4.0,2.0,4.514569699695904,1.6356292850887002,0.39488301796851644,0.38165437224739546,0.0,0.0,0.0,0.0,0.0,0.0,0.0,0.0,0.0,0.0,0.0,0.0,0.0,0.0,0.0,0.0,0.0,0.0,0.0,0.0,0.0,0.0,0.0,0.0,0.0,0.0,0.0,0.0,0.0,0.0,0.0,0.0,0.0,0.0,0.0,0.0,0.0,0.0,0.0,0.0,0.0,0.0,1.0,0.0,0.0,0.0,0.0,0.0,0.0,0.0,0.0
82.57389866772722,48.17331287461342,148.3096016647878,461.0,284.0,5.940967568988183,92.54434755653742,0.9915815734171028,1.03216877996637,0.5583882482418648,0.3723669069872704,4.0,3.0,11.0,4.244711205259951,1.122446272877352,0.2934421649786134,0.23198239308678184,0.0,0.0,0.0,1.0,0.0,0.0,0.0,0.0,0.0,0.0,0.0,0.0,0.0,0.0,0.0,0.0,0.0,0.0,0.0,0.0,0.0,0.0,0.0,0.0,0.0,0.0,0.0,0.0,0.0,0.0,0.0,0.0,0.0,0.0,0.0,0.0,0.0,0.0,0.0,0.0,0.0,0.0,0.0,0.0,0.0,0.0,0.0,0.0,0.0,0.0,0.0
61.96665239761012,22.54020439081906,62.225781619194734,885.0,257.0,3.793389236182936,87.55503767392702,0.8419789897880934,1.4242280448810145,0.98589407375732,9.55339275879058,5.0,4.0,10.0,4.295282699100404,1.3607349546722465,0.3455153819136402,0.7448591848164848,0.0,0.0,0.0,0.0,0.0,0.0,0.0,0.0,0.0,0.0,0.0,0.0,0.0,0.0,0.0,0.0,0.0,0.0,0.0,0.0,0.0,0.0,0.0,0.0,0.0,0.0,0.0,0.0,0.0,0.0,0.0,0.0,0.0,0.0,0.0,0.0,0.0,1.0,0.0,0.0,0.0,0.0,0.0,0.0,0.0,0.0,0.0,0.0,0.0,0.0,0.0
73.52309584076568,53.24650212295335,133.1434308674623,495.0,465.0,4.330241925209902,72.41494236762347,0.9216303982562208,1.4262992371973184,0.9606019628214326,6.667686567029914,5.0,4.0,14.0,4.409939696443002,1.5931943563598188,0.39996264291543615,0.6099606518974098,0.0,0.0,0.0,0.0,0.0,0.0,0.0,0.0,0.0,0.0,0.0,0.0,0.0,0.0,0.0,0.0,0.0,0.0,0.0,0.0,0.0,0.0,0.0,1.0,0.0,0.0,0.0,0.0,0.0,0.0,0.0,0.0,0.0,0.0,0.0,0.0,0.0,0.0,0.0,0.0,0.0,0.0,0.0,0.0,0.0,0.0,0.0,0.0,0.0,0.0,0.0
80.60685838678748,49.3529236534836,56.26343169076222,648.0,594.0,5.414392373080231,92.00730445105108,0.8572833293495407,1.2609575470279328,0.7366948988219597,2.8643296657195894,5.0,5.0,23.0,4.70624720212913,1.3829191509624474,0.37281773776549787,0.41165343152179845,0.0,0.0,0.0,0.0,0.0,0.0,0.0,0.0,0.0,0.0,0.0,0.0,0.0,0.0,0.0,0.0,1.0,0.0,0.0,0.0,0.0,0.0,0.0,0.0,0.0,0.0,0.0,0.0,0.0,0.0,0.0,0.0,0.0,0.0,0.0,0.0,0.0,0.0,0.0,0.0,0.0,0.0,0.0,0.0,0.0,0.0,0.0,0.0,0.0,0.0,0.0
76.57087520810686,32.40301330031703,127.8337659514362,903.0,420.0,6.596297260171188,73.30642950128255,0.96729068599195,1.293032957516469,0.6711610746160579,4.178110158756479,3.0,2.0,7.0,4.42816945166844,0.9591835124026638,0.26514412203819004,0.5153112506060971,0.0,0.0,0.0,0.0,0.0,0.0,0.0,0.0,0.0,0.0,0.0,0.0,0.0,0.0,0.0,0.0,0.0,0.0,0.0,0.0,0.0,0.0,0.0,0.0,0.0,0.0,0.0,0.0,0.0,0.0,0.0,1.0,0.0,0.0,0.0,0.0,0.0,0.0,0.0,0.0,0.0,0.0,0.0,0.0,0.0,0.0,0.0,0.0,0.0,0.0,0.0
72.47317398148618,45.03196779799187,142.31922761671927,687.0,438.0,3.269185804941184,73.89911790914522,0.9354746641406412,1.0316435065998508,0.5425577884385544,1.4459803560418938,6.0,1.0,22.0,4.38703182915591,1.5412670835435418,0.38866650526025115,0.2907180663817552,0.0,0.0,0.0,0.0,0.0,0.0,0.0,0.0,0.0,0.0,0.0,0.0,0.0,0.0,0.0,0.0,0.0,0.0,0.0,0.0,0.0,0.0,0.0,0.0,0.0,1.0,0.0,0.0,0.0,0.0,0.0,0.0,0.0,0.0,0.0,0.0,0.0,0.0,0.0,0.0,0.0,0.0,0.0,0.0,0.0,0.0,0.0,0.0,0.0,0.0,0.0
69.6136121421304,26.58164422914941,115.64549286453456,835.0,377.0,6.69271460108607,74.48929093796374,0.8714946012742693,1.4815705870892053,0.4734296510767478,3.657132472759733,5.0,6.0,13.0,4.7676222692345975,1.2737468204971343,0.40132866107935794,0.6496055691995426,0.0,1.0,0.0,0.0,0.0,0.0,0.0,0.0,0.0,0.0,0.0,0.0,0.0,0.0,0.0,0.0,0.0,0.0,0.0,0.0,0.0,0.0,0.0,0.0,0.0,0.0,0.0,0.0,0.0,0.0,0.0,0.0,0.0,0.0,0.0,0.0,0.0,0.0,0.0,0.0,0.0,0.0,0.0,0.0,0.0,0.0,0.0,0.0,0.0,0.0,0.0
67.56287591713814,37.40477984405653,95.0072359812426,500.0,584.0,6.54443868379523,79.58355793883777,0.8423459858872125,1.3915094470665177,0.52885078631142,1.6298238708893864,3.0,4.0,4.0,4.42816945166844,0.9591835124026638,0.26514412203819004,0.4846024224487659,0.0,0.0,0.0,0.0,0.0,0.0,0.0,0.0,0.0,0.0,0.0,0.0,0.0,0.0,0.0,0.0,0.0,0.0,0.0,1.0,0.0,0.0,0.0,0.0,0.0,0.0,0.0,0.0,0.0,0.0,0.0,0.0,0.0,0.0,0.0,0.0,0.0,0.0,0.0,0.0,0.0,0.0,0.0,0.0,0.0,0.0,0.0,0.0,0.0,0.0,0.0
71.20870342911203,38.92614710480415,160.86979264185572,406.0,541.0,3.396834097873324,85.96713006812615,0.9950023049417251,1.1701790491798385,0.9059367303205756,9.062930263506836,6.0,1.0,5.0,4.321885475969484,1.4757043845618643,0.3466715752221325,0.6198577251666191,0.0,0.0,1.0,0.0,0.0,0.0,0.0,0.0,0.0,0.0,0.0,0.0,0.0,0.0,0.0,0.0,0.0,0.0,0.0,0.0,0.0,0.0,0.0,0.0,0.0,0.0,0.0,0.0,0.0,0.0,0.0,0.0,0.0,0.0,0.0,0.0,0.0,0.0,0.0,0.0,0.0,0.0,0.0,0.0,0.0,0.0,0.0,0.0,0.0,0.0,0.0
60.23923035425325,47.38710462785863,159.4185765483581,335.0,155.0,2.8017074614277093,82.40583275180717,0.8888343663975927,1.1046511581426053,0.7970206846658374,8.20929965994576,6.0,3.0,13.0,4.76441235571136,1.471763017269718,0.4023894686729895,0.5807059449569393,0.0,0.0,0.0,0.0,0.0,0.0,0.0,0.0,0.0,0.0,0.0,0.0,0.0,0.0,0.0,0.0,0.0,0.0,0.0,0.0,0.0,0.0,0.0,0.0,0.0,0.0,0.0,0.0,0.0,0.0,0.0,0.0,0.0,0.0,0.0,0.0,0.0,0.0,0.0,0.0,0.0,0.0,0.0,0.0,0.0,0.0,0.0,1.0,0.0,0.0,0.0
68.93843005594613,36.575850586902064,135.4655700267071,549.0,207.0,6.844013776478967,70.33654413079613,0.7839016735727313,1.2958722231136308,0.5301499753825524,8.964075161081617,5.0,6.0,8.0,4.949944417419621,1.422359562245665,0.44838488814710264,0.8032483636384696,0.0,0.0,0.0,0.0,0.0,0.0,0.0,0.0,0.0,0.0,0.0,0.0,0.0,1.0,0.0,0.0,0.0,0.0,0.0,0.0,0.0,0.0,0.0,0.0,0.0,0.0,0.0,0.0,0.0,0.0,0.0,0.0,0.0,0.0,0.0,0.0,0.0,0.0,0.0,0.0,0.0,0.0,0.0,0.0,0.0,0.0,0.0,0.0,0.0,0.0,0.0
65.50966233059658,41.74278993200515,144.44114967913498,1482.0,327.0,3.4339518411578585,94.46748502398464,0.7795532891923729,1.0051740412575385,0.7597862128312901,3.0085968976412856,3.0,6.0,9.0,4.42816945166844,0.9591835124026638,0.26514412203819004,0.28314559910002257,0.0,0.0,0.0,0.0,0.0,0.0,0.0,0.0,0.0,0.0,0.0,0.0,0.0,0.0,0.0,0.0,0.0,0.0,0.0,0.0,0.0,0.0,0.0,0.0,0.0,0.0,0.0,0.0,0.0,0.0,0.0,0.0,0.0,0.0,0.0,0.0,0.0,0.0,0.0,0.0,0.0,0.0,0.0,0.0,0.0,0.0,0.0,0.0,0.0,0.0,1.0
60.75244857882896,26.77413248975196,61.23578796505716,312.0,489.0,3.389302563065828,76.76408920853022,0.906207287309386,1.3530666460637568,0.9090812028245688,8.589103021219113,5.0,1.0,16.0,4.552788304831889,1.5450745233695837,0.4005933177115547,0.6866361976563805,0.0,0.0,0.0,0.0,0.0,0.0,0.0,0.0,0.0,0.0,0.0,0.0,0.0,0.0,0.0,0.0,0.0,1.0,0.0,0.0,0.0,0.0,0.0,0.0,0.0,0.0,0.0,0.0,0.0,0.0,0.0,0.0,0.0,0.0,0.0,0.0,0.0,0.0,0.0,0.0,0.0,0.0,0.0,0.0,0.0,0.0,0.0,0.0,0.0,0.0,0.0
70.03349201483394,57.77708723678965,105.04559989445474,924.0,473.0,4.402618692079104,85.46974203575458,0.9074060958867384,1.2727124763905655,0.9268795838513856,8.526348230818817,5.0,6.0,8.0,4.273382926683629,1.4487526666406723,0.3496488644763246,0.6373389313438464,0.0,0.0,0.0,0.0,0.0,0.0,0.0,0.0,0.0,0.0,1.0,0.0,0.0,0.0,0.0,0.0,0.0,0.0,0.0,0.0,0.0,0.0,0.0,0.0,0.0,0.0,0.0,0.0,0.0,0.0,0.0,0.0,0.0,0.0,0.0,0.0,0.0,0.0,0.0,0.0,0.0,0.0,0.0,0.0,0.0,0.0,0.0,0.0,0.0,0.0,0.0
66.78046569723377,36.96840890986741,181.76686002560064,1160.0,358.0,2.0983951671316468,89.26155523054393,0.973733106250754,1.4662591195802177,0.763345872765812,8.84892899562418,4.0,0.0,17.0,4.941738831163036,1.5698058770979504,0.4049183214908564,0.8049306723320999,0.0,0.0,0.0,0.0,0.0,0.0,0.0,0.0,0.0,0.0,0.0,0.0,0.0,0.0,0.0,0.0,0.0,0.0,0.0,0.0,0.0,0.0,0.0,0.0,0.0,0.0,0.0,0.0,0.0,0.0,0.0,0.0,0.0,0.0,0.0,0.0,1.0,0.0,0.0,0.0,0.0,0.0,0.0,0.0,0.0,0.0,0.0,0.0,0.0,0.0,0.0
69.98582342548335,34.99263748899632,88.00895773797274,1017.0,346.0,6.249153775978449,71.10462975433693,0.746644657165418,1.4763943578786236,0.7348368543000483,8.205783627301651,6.0,2.0,10.0,4.233068274758198,1.377385140287416,0.38414708158250294,0.7873411669771734,0.0,0.0,0.0,0.0,0.0,0.0,0.0,0.0,0.0,0.0,0.0,0.0,0.0,0.0,0.0,0.0,0.0,0.0,0.0,0.0,0.0,0.0,0.0,0.0,0.0,0.0,0.0,0.0,0.0,0.0,1.0,0.0,0.0,0.0,0.0,0.0,0.0,0.0,0.0,0.0,0.0,0.0,0.0,0.0,0.0,0.0,0.0,0.0,0.0,0.0,0.0
77.65121058097233,57.68547094741571,195.2288861345015,1315.0,442.0,4.983747665386701,84.36023151499293,0.7253891457569451,0.9438423043183796,0.6612634200165939,7.693231151535089,5.0,3.0,23.0,4.44854235116712,1.4645489415435617,0.3867592361777135,0.5197141829062167,0.0,0.0,0.0,0.0,0.0,0.0,0.0,0.0,0.0,0.0,0.0,1.0,0.0,0.0,0.0,0.0,0.0,0.0,0.0,0.0,0.0,0.0,0.0,0.0,0.0,0.0,0.0,0.0,0.0,0.0,0.0,0.0,0.0,0.0,0.0,0.0,0.0,0.0,0.0,0.0,0.0,0.0,0.0,0.0,0.0,0.0,0.0,0.0,0.0,0.0,0.0
76.69000048875564,49.99984516973751,135.82836165794234,1315.0,416.0,2.375718791884356,93.57237436669064,0.89593240566084,0.9860640073388222,0.6591391168746954,4.111016558403974,5.0,3.0,10.0,4.327249084225655,1.5346756054536166,0.3474633735726043,0.3623304531951268,0.0,0.0,0.0,0.0,0.0,0.0,0.0,0.0,0.0,0.0,0.0,0.0,0.0,0.0,1.0,0.0,0.0,0.0,0.0,0.0,0.0,0.0,0.0,0.0,0.0,0.0,0.0,0.0,0.0,0.0,0.0,0.0,0.0,0.0,0.0,0.0,0.0,0.0,0.0,0.0,0.0,0.0,0.0,0.0,0.0,0.0,0.0,0.0,0.0,0.0,0.0
72.20693291247649,51.33759286917319,120.16127624845905,1223.0,320.0,5.618198660876214,88.39414687702919,0.9451548216186332,1.1904622971908758,0.969544360743648,4.250998609385178,5.0,2.0,23.0,4.171177137924555,1.3667017305858187,0.3233327599949695,0.36802939632017023,0.0,0.0,0.0,1.0,0.0,0.0,0.0,0.0,0.0,0.0,0.0,0.0,0.0,0.0,0.0,0.0,0.0,0.0,0.0,0.0,0.0,0.0,0.0,0.0,0.0,0.0,0.0,0.0,0.0,0.0,0.0,0.0,0.0,0.0,0.0,0.0,0.0,0.0,0.0,0.0,0.0,0.0,0.0,0.0,0.0,0.0,0.0,0.0,0.0,0.0,0.0
68.30348010043869,43.90657320954179,153.06896437180117,1201.0,180.0,3.7042411951518894,80.54128221880728,0.9496307907238752,0.9327584763925548,0.6266367672887398,3.2400325346423497,6.0,6.0,6.0,4.5962253052458735,1.4853696534558067,0.3867608977505209,0.30292282113401514,0.0,0.0,0.0,0.0,0.0,0.0,0.0,0.0,0.0,0.0,0.0,0.0,0.0,0.0,0.0,0.0,0.0,0.0,0.0,0.0,0.0,0.0,0.0,0.0,0.0,0.0,0.0,0.0,0.0,0.0,0.0,0.0,0.0,0.0,0.0,0.0,0.0,0.0,0.0,0.0,0.0,0.0,0.0,0.0,0.0,0.0,1.0,0.0,0.0,0.0,0.0
72.11222732706482,24.14954407581255,178.86106868227222,735.0,317.0,4.793259383756754,93.9058943564332,0.9591633649240334,1.243648975380494,0.8237259565252256,3.766358206657202,7.0,6.0,9.0,4.388934833384162,1.362842225124627,0.32941347244334157,0.4190719934134525,0.0,0.0,0.0,0.0,0.0,0.0,0.0,0.0,0.0,0.0,0.0,0.0,0.0,0.0,0.0,0.0,0.0,0.0,0.0,0.0,0.0,0.0,0.0,0.0,0.0,0.0,0.0,1.0,0.0,0.0,0.0,0.0,0.0,0.0,0.0,0.0,0.0,0.0,0.0,0.0,0.0,0.0,0.0,0.0,0.0,0.0,0.0,0.0,0.0,0.0,0.0
67.11040103871096,35.22499680280694,67.26064277327542,1203.0,189.0,5.090061663985724,81.656527650703,0.8474480951650233,1.477587277497341,0.4589515559365562,1.987006813047573,6.0,2.0,20.0,4.383690216367082,1.6093212881838836,0.38816235825766177,0.568885000082236,0.0,0.0,0.0,0.0,0.0,0.0,0.0,0.0,0.0,0.0,0.0,0.0,0.0,0.0,0.0,0.0,0.0,0.0,0.0,0.0,0.0,0.0,0.0,0.0,0.0,0.0,0.0,0.0,0.0,0.0,0.0,0.0,0.0,0.0,1.0,0.0,0.0,0.0,0.0,0.0,0.0,0.0,0.0,0.0,0.0,0.0,0.0,0.0,0.0,0.0,0.0
71.57154091066909,25.491037151771543,127.8126749323126,1114.0,335.0,2.435869080103277,85.98103215889755,0.8327995860654376,1.0752149509107194,0.9065966544882906,0.3473688362049298,5.0,6.0,10.0,4.462176053083524,1.6564468885916248,0.392280178477504,0.13605337575338125,0.0,0.0,0.0,0.0,0.0,0.0,0.0,0.0,0.0,0.0,0.0,0.0,0.0,0.0,0.0,0.0,0.0,0.0,0.0,0.0,0.0,0.0,0.0,0.0,0.0,0.0,0.0,0.0,0.0,0.0,0.0,0.0,0.0,0.0,0.0,0.0,1.0,0.0,0.0,0.0,0.0,0.0,0.0,0.0,0.0,0.0,0.0,0.0,0.0,0.0,0.0
73.56894485644949,40.17749895821442,59.93309451252615,785.0,238.0,2.454945897940519,82.22840462787661,0.9783552541176193,1.1104027190492831,0.855253995041426,4.342659337358629,6.0,5.0,17.0,4.83691726783792,1.4930779442303823,0.40211149720409284,0.37069297638413923,0.0,0.0,0.0,0.0,0.0,0.0,0.0,0.0,0.0,0.0,0.0,0.0,0.0,1.0,0.0,0.0,0.0,0.0,0.0,0.0,0.0,0.0,0.0,0.0,0.0,0.0,0.0,0.0,0.0,0.0,0.0,0.0,0.0,0.0,0.0,0.0,0.0,0.0,0.0,0.0,0.0,0.0,0.0,0.0,0.0,0.0,0.0,0.0,0.0,0.0,0.0
75.68934599267867,40.3688203368867,58.55895555179805,409.0,223.0,2.888495021665893,76.19353114994283,0.8572257814837635,1.4284408188591655,0.8424792509600377,2.039389214361917,5.0,3.0,20.0,4.3273749445741005,1.514556866086781,0.38418174542602396,0.418896820567599,0.0,0.0,1.0,0.0,0.0,0.0,0.0,0.0,0.0,0.0,0.0,0.0,0.0,0.0,0.0,0.0,0.0,0.0,0.0,0.0,0.0,0.0,0.0,0.0,0.0,0.0,0.0,0.0,0.0,0.0,0.0,0.0,0.0,0.0,0.0,0.0,0.0,0.0,0.0,0.0,0.0,0.0,0.0,0.0,0.0,0.0,0.0,0.0,0.0,0.0,0.0
71.94674421493053,39.37885581193936,120.24047872132094,1490.0,358.0,5.892405854913106,93.5466710620637,0.7010443670514721,0.9220552123242288,0.4535587156046673,0.2549797298103251,6.0,6.0,22.0,4.410141381360922,1.4507653502455777,0.3661765131662396,0.2059872725736444,0.0,0.0,0.0,0.0,0.0,0.0,0.0,0.0,0.0,0.0,0.0,0.0,0.0,0.0,0.0,0.0,0.0,0.0,0.0,0.0,0.0,0.0,0.0,0.0,0.0,0.0,1.0,0.0,0.0,0.0,0.0,0.0,0.0,0.0,0.0,0.0,0.0,0.0,0.0,0.0,0.0,0.0,0.0,0.0,0.0,0.0,0.0,0.0,0.0,0.0,0.0
64.1771605804267,57.48383700775703,192.2847370400441,573.0,510.0,3.4939196626780755,72.8796136074695,0.8392538079072186,1.320307746848968,0.7498519718124275,5.869758302229782,5.0,1.0,17.0,4.684976726931123,1.457754693834451,0.4181776164474756,0.5873333784853858,0.0,0.0,0.0,0.0,0.0,0.0,0.0,0.0,0.0,0.0,0.0,0.0,0.0,0.0,0.0,0.0,0.0,0.0,0.0,0.0,0.0,0.0,0.0,0.0,0.0,0.0,0.0,0.0,0.0,1.0,0.0,0.0,0.0,0.0,0.0,0.0,0.0,0.0,0.0,0.0,0.0,0.0,0.0,0.0,0.0,0.0,0.0,0.0,0.0,0.0,0.0
63.96901805556583,50.24722354242968,174.77971312243636,1397.0,321.0,6.178436180466668,72.70144933379797,0.7626273209069111,1.196341439313391,0.8881374543780728,9.557123752419455,5.0,2.0,14.0,4.656022551266116,1.2545124546445945,0.4042820216834394,0.6636181873558159,0.0,0.0,0.0,0.0,0.0,0.0,0.0,0.0,0.0,0.0,0.0,0.0,0.0,0.0,0.0,0.0,0.0,0.0,0.0,0.0,0.0,0.0,0.0,0.0,0.0,0.0,0.0,0.0,0.0,0.0,0.0,0.0,1.0,0.0,0.0,0.0,0.0,0.0,0.0,0.0,0.0,0.0,0.0,0.0,0.0,0.0,0.0,0.0,0.0,0.0,0.0
68.53470199347798,42.03717570949362,63.47892520957126,560.0,371.0,3.372006987751,93.17405708291656,0.7056248767154683,1.4763004620887628,0.5929788395408566,1.342449829387039,4.0,3.0,8.0,4.851339897321119,0.9591835124026638,0.3362102272184909,0.49125787221445943,0.0,0.0,0.0,0.0,0.0,0.0,0.0,0.0,0.0,0.0,0.0,0.0,0.0,0.0,0.0,0.0,0.0,0.0,0.0,0.0,0.0,0.0,0.0,0.0,0.0,0.0,0.0,0.0,0.0,0.0,0.0,0.0,0.0,0.0,0.0,0.0,0.0,0.0,0.0,0.0,0.0,0.0,0.0,0.0,0.0,1.0,0.0,0.0,0.0,0.0,0.0
71.8579149474186,27.72713645541105,90.63044427714118,646.0,443.0,6.316051368831369,80.4702118282167,0.843031273983313,1.4198486434434363,0.6073083848750739,6.472587963127847,5.0,0.0,10.0,4.465274947718123,1.2744012142076053,0.36607049812360526,0.7148910622080895,0.0,0.0,0.0,0.0,1.0,0.0,0.0,0.0,0.0,0.0,0.0,0.0,0.0,0.0,0.0,0.0,0.0,0.0,0.0,0.0,0.0,0.0,0.0,0.0,0.0,0.0,0.0,0.0,0.0,0.0,0.0,0.0,0.0,0.0,0.0,0.0,0.0,0.0,0.0,0.0,0.0,0.0,0.0,0.0,0.0,0.0,0.0,0.0,0.0,0.0,0.0
64.07795107500282,41.33662484246983,141.91612026588177,379.0,118.0,4.472210718516992,88.00214760558951,0.7640333168752912,1.4125084643034622,0.7984444554632042,3.427770868856337,5.0,4.0,1.0,4.129531967455962,1.354247230169703,0.33743030312076894,0.495083588671735,0.0,0.0,0.0,0.0,0.0,0.0,0.0,0.0,0.0,0.0,0.0,0.0,0.0,0.0,0.0,0.0,0.0,0.0,0.0,0.0,0.0,0.0,0.0,0.0,0.0,0.0,0.0,0.0,0.0,0.0,0.0,1.0,0.0,0.0,0.0,0.0,0.0,0.0,0.0,0.0,0.0,0.0,0.0,0.0,0.0,0.0,0.0,0.0,0.0,0.0,0.0
72.0328377350029,39.16304605503052,174.38035008079578,556.0,500.0,6.200090170804402,86.17585263239927,0.9636809316203128,1.3994915955573688,0.6860751547093397,4.226644530603208,5.0,3.0,7.0,4.140474313862197,1.2960429289064046,0.3165093324686115,0.566043662202412,0.0,0.0,0.0,0.0,0.0,0.0,0.0,0.0,0.0,0.0,0.0,0.0,0.0,0.0,0.0,0.0,0.0,0.0,0.0,0.0,0.0,0.0,0.0,0.0,0.0,0.0,0.0,0.0,0.0,0.0,1.0,0.0,0.0,0.0,0.0,0.0,0.0,0.0,0.0,0.0,0.0,0.0,0.0,0.0,0.0,0.0,0.0,0.0,0.0,0.0,0.0
70.84812650327504,51.546807081592206,53.583534482889725,1248.0,234.0,4.769441017600475,93.88499914032266,0.881632180704063,1.2017453513429288,0.5893113864002854,8.015222252609131,4.0,5.0,17.0,4.777796799880534,1.2773882625179411,0.36275301210768746,0.688918979711806,0.0,0.0,0.0,0.0,0.0,0.0,0.0,0.0,0.0,0.0,0.0,0.0,0.0,0.0,0.0,1.0,0.0,0.0,0.0,0.0,0.0,0.0,0.0,0.0,0.0,0.0,0.0,0.0,0.0,0.0,0.0,0.0,0.0,0.0,0.0,0.0,0.0,0.0,0.0,0.0,0.0,0.0,0.0,0.0,0.0,0.0,0.0,0.0,0.0,0.0,0.0
68.17831061924014,50.21249960822375,182.94343210608773,638.0,293.0,3.062283601082388,84.17488593352739,0.7784226628597806,1.2340367193948358,0.7428657712475296,0.683370819161333,5.0,3.0,8.0,4.463525738021575,1.3054049259287106,0.3679305578481722,0.2870027692852124,0.0,0.0,0.0,0.0,0.0,0.0,0.0,0.0,0.0,0.0,0.0,0.0,0.0,0.0,0.0,0.0,0.0,0.0,0.0,0.0,0.0,0.0,0.0,0.0,0.0,0.0,0.0,1.0,0.0,0.0,0.0,0.0,0.0,0.0,0.0,0.0,0.0,0.0,0.0,0.0,0.0,0.0,0.0,0.0,0.0,0.0,0.0,0.0,0.0,0.0,0.0
70.05050749265074,36.72898808054216,102.64062873667382,505.0,148.0,6.16266446094673,92.51081811562268,0.9690707389951376,1.0062027606000503,0.5447303629910254,9.378335062883368,3.0,3.0,19.0,5.236687793744402,0.9591835124026638,0.34019587383422006,0.6741296934467746,0.0,0.0,0.0,0.0,0.0,0.0,0.0,0.0,0.0,0.0,0.0,0.0,0.0,0.0,0.0,0.0,0.0,0.0,1.0,0.0,0.0,0.0,0.0,0.0,0.0,0.0,0.0,0.0,0.0,0.0,0.0,0.0,0.0,0.0,0.0,0.0,0.0,0.0,0.0,0.0,0.0,0.0,0.0,0.0,0.0,0.0,0.0,0.0,0.0,0.0,0.0
66.95314915722645,42.3972004388222,60.63617753256998,926.0,209.0,6.207343194869649,94.27745815747876,0.7047554794591957,1.4549945905687138,0.9650254574268252,0.2097196351217523,5.0,5.0,22.0,4.284619437371761,1.407887008517713,0.34937063979170085,0.29974258003533794,1.0,0.0,0.0,0.0,0.0,0.0,0.0,0.0,0.0,0.0,0.0,0.0,0.0,0.0,0.0,0.0,0.0,0.0,0.0,0.0,0.0,0.0,0.0,0.0,0.0,0.0,0.0,0.0,0.0,0.0,0.0,0.0,0.0,0.0,0.0,0.0,0.0,0.0,0.0,0.0,0.0,0.0,0.0,0.0,0.0,0.0,0.0,0.0,0.0,0.0,0.0
71.41962866213053,26.92168046442104,142.98403535038528,1032.0,163.0,2.5092247150465665,77.9545163284191,0.9507141782755996,1.021063600384056,0.5431035858545289,1.937298238963252,5.0,2.0,17.0,4.213320230716255,1.1265185507048894,0.32437665003912747,0.3098222014589378,0.0,0.0,0.0,0.0,0.0,0.0,0.0,0.0,0.0,0.0,0.0,0.0,0.0,0.0,0.0,0.0,0.0,0.0,0.0,0.0,0.0,0.0,0.0,0.0,0.0,0.0,0.0,0.0,0.0,0.0,0.0,0.0,0.0,0.0,0.0,0.0,0.0,0.0,0.0,0.0,0.0,0.0,0.0,0.0,0.0,0.0,0.0,0.0,0.0,0.0,1.0
71.76759273100872,33.89460916091141,77.37256151621837,904.0,559.0,2.092107116086076,80.922243596745,0.9058508868749988,1.3893880593669088,0.5054826642899499,7.540049945711575,6.0,4.0,1.0,4.531836404261705,1.323336602174456,0.3693257321979784,0.7870394154541912,0.0,0.0,0.0,0.0,0.0,0.0,0.0,0.0,0.0,0.0,0.0,0.0,0.0,0.0,0.0,0.0,0.0,0.0,0.0,0.0,0.0,1.0,0.0,0.0,0.0,0.0,0.0,0.0,0.0,0.0,0.0,0.0,0.0,0.0,0.0,0.0,0.0,0.0,0.0,0.0,0.0,0.0,0.0,0.0,0.0,0.0,0.0,0.0,0.0,0.0,0.0
74.9280388380374,34.343526518374766,179.42383437889472,782.0,307.0,4.752180900205582,91.05605127944644,0.7479014502546639,1.122010217936827,0.5986746539128088,8.02498095417107,5.0,4.0,6.0,4.291303780957689,1.5154493327545489,0.36234797848202405,0.6463749340616041,0.0,0.0,1.0,0.0,0.0,0.0,0.0,0.0,0.0,0.0,0.0,0.0,0.0,0.0,0.0,0.0,0.0,0.0,0.0,0.0,0.0,0.0,0.0,0.0,0.0,0.0,0.0,0.0,0.0,0.0,0.0,0.0,0.0,0.0,0.0,0.0,0.0,0.0,0.0,0.0,0.0,0.0,0.0,0.0,0.0,0.0,0.0,0.0,0.0,0.0,0.0
73.7639797020626,59.52453953913609,157.9411701376425,799.0,502.0,6.808068976060271,70.78030235778635,0.9623951306681772,1.217423962304299,0.7750113357025961,8.872069057693444,5.0,6.0,12.0,4.403784904805224,1.4400995259305984,0.38400489832181467,0.6776538968948554,0.0,0.0,0.0,0.0,0.0,0.0,0.0,0.0,0.0,0.0,0.0,1.0,0.0,0.0,0.0,0.0,0.0,0.0,0.0,0.0,0.0,0.0,0.0,0.0,0.0,0.0,0.0,0.0,0.0,0.0,0.0,0.0,0.0,0.0,0.0,0.0,0.0,0.0,0.0,0.0,0.0,0.0,0.0,0.0,0.0,0.0,0.0,0.0,0.0,0.0,0.0
68.82679903744021,36.447977187440245,118.34013889872637,534.0,286.0,3.1752908665918573,79.4839533173048,0.9398167513193352,1.27804046156269,0.5403451850990472,3.095322737912124,6.0,6.0,1.0,4.463144453013455,1.6623437947566742,0.39521957453848855,0.497296677262848,0.0,0.0,0.0,0.0,0.0,0.0,0.0,0.0,0.0,0.0,0.0,0.0,0.0,0.0,0.0,0.0,0.0,0.0,0.0,0.0,0.0,0.0,0.0,0.0,0.0,0.0,0.0,0.0,0.0,0.0,0.0,0.0,0.0,0.0,0.0,0.0,0.0,0.0,0.0,1.0,0.0,0.0,0.0,0.0,0.0,0.0,0.0,0.0,0.0,0.0,0.0
68.89130744895958,32.310821360923114,56.9722500929692,1311.0,141.0,5.057574273197659,76.91525045247913,0.7306880259985932,1.282057063235483,0.7144074371981726,3.367803096640851,5.0,4.0,16.0,4.458303937112332,1.3500898738580651,0.3910371112196333,0.4548422771495658,0.0,0.0,0.0,0.0,1.0,0.0,0.0,0.0,0.0,0.0,0.0,0.0,0.0,0.0,0.0,0.0,0.0,0.0,0.0,0.0,0.0,0.0,0.0,0.0,0.0,0.0,0.0,0.0,0.0,0.0,0.0,0.0,0.0,0.0,0.0,0.0,0.0,0.0,0.0,0.0,0.0,0.0,0.0,0.0,0.0,0.0,0.0,0.0,0.0,0.0,0.0
75.11181715945887,39.96890066987963,198.51211305426503,545.0,116.0,2.8288376639455346,92.59794442572776,0.8220911188340885,1.0234661130262166,0.9670937303506528,7.957053224837601,5.0,1.0,7.0,4.657181981970754,1.6797661255292686,0.39924527134187066,0.47068697943364063,0.0,0.0,0.0,0.0,0.0,0.0,0.0,0.0,0.0,0.0,0.0,0.0,0.0,0.0,0.0,0.0,0.0,0.0,0.0,0.0,0.0,0.0,0.0,0.0,0.0,0.0,0.0,0.0,0.0,0.0,0.0,0.0,0.0,0.0,0.0,0.0,0.0,0.0,0.0,1.0,0.0,0.0,0.0,0.0,0.0,0.0,0.0,0.0,0.0,0.0,0.0
70.01594847783056,33.263547511382086,173.17382169512575,556.0,500.0,3.609618069448087,92.66798471755251,0.8416712791406648,1.370402623156605,0.6136364950654075,2.687618678477218,5.0,1.0,1.0,4.4742588452734795,1.1631301519976749,0.3319657313202653,0.498662676119573,0.0,0.0,0.0,0.0,0.0,0.0,0.0,0.0,0.0,0.0,0.0,0.0,0.0,0.0,0.0,0.0,0.0,0.0,0.0,0.0,0.0,1.0,0.0,0.0,0.0,0.0,0.0,0.0,0.0,0.0,0.0,0.0,0.0,0.0,0.0,0.0,0.0,0.0,0.0,0.0,0.0,0.0,0.0,0.0,0.0,0.0,0.0,0.0,0.0,0.0,0.0
63.48420217772932,29.333101548840247,185.78947988829376,492.0,425.0,4.18081209577694,76.05587498369442,0.8791899364078323,1.366170067302957,0.4162727833836765,0.4616986735807138,3.0,4.0,22.0,3.678582896934127,0.9591835124026638,0.26514412203819004,0.4510523564352563,0.0,0.0,0.0,0.0,0.0,0.0,0.0,0.0,0.0,0.0,1.0,0.0,0.0,0.0,0.0,0.0,0.0,0.0,0.0,0.0,0.0,0.0,0.0,0.0,0.0,0.0,0.0,0.0,0.0,0.0,0.0,0.0,0.0,0.0,0.0,0.0,0.0,0.0,0.0,0.0,0.0,0.0,0.0,0.0,0.0,0.0,0.0,0.0,0.0,0.0,0.0
79.23119067697534,22.50862519911761,55.30166690409297,817.0,510.0,4.191076340770204,84.59984151569734,0.8698624312528664,0.9909864382899756,0.423740165148557,1.6424606885082094,6.0,1.0,12.0,4.6328950216144165,1.4948916482375119,0.3907079988989977,0.31985781672258107,0.0,0.0,0.0,0.0,0.0,0.0,0.0,0.0,0.0,0.0,0.0,0.0,0.0,0.0,0.0,0.0,0.0,0.0,0.0,0.0,0.0,0.0,0.0,0.0,0.0,0.0,0.0,0.0,0.0,0.0,0.0,0.0,0.0,0.0,0.0,0.0,0.0,0.0,0.0,0.0,0.0,0.0,0.0,0.0,0.0,0.0,1.0,0.0,0.0,0.0,0.0
75.9694464016111,37.32193666828387,181.75914728477483,801.0,111.0,2.020501667414764,90.63252133084724,0.8358627034901742,1.341763698283706,0.5261851659209299,6.0373519950437,4.0,5.0,10.0,5.1364709970256275,1.0925601170395696,0.3872751113112442,0.6811110478864146,0.0,0.0,0.0,0.0,0.0,0.0,0.0,0.0,0.0,0.0,0.0,0.0,0.0,0.0,0.0,0.0,0.0,1.0,0.0,0.0,0.0,0.0,0.0,0.0,0.0,0.0,0.0,0.0,0.0,0.0,0.0,0.0,0.0,0.0,0.0,0.0,0.0,0.0,0.0,0.0,0.0,0.0,0.0,0.0,0.0,0.0,0.0,0.0,0.0,0.0,0.0
77.13292569981809,29.99453671575808,93.08379996354932,1336.0,552.0,3.448044926888447,88.29286741379748,0.7611839593560855,1.1471254925855163,0.7439039626847237,2.7423685015968124,4.0,2.0,18.0,4.079685277315583,1.4207422790152169,0.33916224924769733,0.34617286619246995,0.0,0.0,0.0,0.0,0.0,0.0,1.0,0.0,0.0,0.0,0.0,0.0,0.0,0.0,0.0,0.0,0.0,0.0,0.0,0.0,0.0,0.0,0.0,0.0,0.0,0.0,0.0,0.0,0.0,0.0,0.0,0.0,0.0,0.0,0.0,0.0,0.0,0.0,0.0,0.0,0.0,0.0,0.0,0.0,0.0,0.0,0.0,0.0,0.0,0.0,0.0
70.08682080402484,32.84712015054983,86.25807754121533,1407.0,263.0,5.351739368592883,86.76797872366673,0.9998611899729928,1.3525019819810955,0.5404369395450429,5.086557366189775,5.0,1.0,9.0,4.477310821712708,1.334402873850082,0.3445639539297326,0.6341587076245935,0.0,0.0,0.0,0.0,0.0,0.0,0.0,0.0,0.0,0.0,0.0,0.0,0.0,0.0,0.0,0.0,0.0,0.0,0.0,0.0,0.0,0.0,0.0,0.0,0.0,0.0,0.0,0.0,0.0,0.0,0.0,0.0,0.0,0.0,0.0,0.0,0.0,0.0,0.0,0.0,0.0,0.0,0.0,0.0,0.0,1.0,0.0,0.0,0.0,0.0,0.0
69.98175802112668,49.24479456734375,53.12492862032572,655.0,346.0,2.8164631427412745,76.10540437201705,0.7503227728761805,1.2910839029211885,0.9935302078071344,6.380560731101944,5.0,3.0,17.0,4.1202975583308845,1.3746031791325357,0.3637380103979821,0.5169299879019184,0.0,0.0,0.0,0.0,0.0,0.0,0.0,0.0,0.0,0.0,0.0,0.0,0.0,0.0,0.0,0.0,0.0,0.0,0.0,0.0,1.0,0.0,0.0,0.0,0.0,0.0,0.0,0.0,0.0,0.0,0.0,0.0,0.0,0.0,0.0,0.0,0.0,0.0,0.0,0.0,0.0,0.0,0.0,0.0,0.0,0.0,0.0,0.0,0.0,0.0,0.0
73.30897980793105,33.98006960439366,129.11916442107258,829.0,257.0,6.2970003207344,89.62393426441479,0.7361434738169796,1.2693042820930462,0.7880552925980702,6.43421732364582,6.0,1.0,11.0,4.575064521545762,1.4856520862404152,0.38813723779557646,0.5772959994797044,0.0,0.0,0.0,0.0,0.0,0.0,0.0,0.0,0.0,1.0,0.0,0.0,0.0,0.0,0.0,0.0,0.0,0.0,0.0,0.0,0.0,0.0,0.0,0.0,0.0,0.0,0.0,0.0,0.0,0.0,0.0,0.0,0.0,0.0,0.0,0.0,0.0,0.0,0.0,0.0,0.0,0.0,0.0,0.0,0.0,0.0,0.0,0.0,0.0,0.0,0.0
60.889934846040944,38.03439811127035,143.33998143170777,1134.0,330.0,3.158287324770184,89.27663128924907,0.91034811528046,0.9294697165150156,0.6288728615758767,9.05990462683735,5.0,0.0,6.0,4.118284781318952,1.3046574883321511,0.31454033528791014,0.5917089709835442,0.0,0.0,0.0,0.0,0.0,0.0,0.0,0.0,0.0,0.0,0.0,0.0,0.0,0.0,0.0,0.0,0.0,0.0,0.0,0.0,0.0,0.0,0.0,0.0,0.0,0.0,0.0,0.0,0.0,0.0,0.0,1.0,0.0,0.0,0.0,0.0,0.0,0.0,0.0,0.0,0.0,0.0,0.0,0.0,0.0,0.0,0.0,0.0,0.0,0.0,0.0
71.52326601997007,23.094765401059057,184.62120174520567,680.0,322.0,5.6890399782360905,73.17009856920758,0.7704476962530249,0.995362316463676,0.8319189062358625,3.8890919431720814,4.0,2.0,11.0,5.236687793744402,1.5365019142259866,0.4787144763200408,0.2982116197749091,0.0,0.0,0.0,0.0,0.0,0.0,0.0,0.0,0.0,0.0,0.0,0.0,0.0,0.0,0.0,0.0,0.0,0.0,0.0,0.0,0.0,0.0,0.0,0.0,0.0,0.0,0.0,0.0,0.0,0.0,0.0,0.0,0.0,0.0,0.0,1.0,0.0,0.0,0.0,0.0,0.0,0.0,0.0,0.0,0.0,0.0,0.0,0.0,0.0,0.0,0.0
67.02526015698754,35.50145748152923,131.25924210565017,1443.0,466.0,3.7157302371523055,75.4674451568167,0.8559284940220164,1.0217484464145263,0.8067883998483263,0.5244698149623372,6.0,3.0,0.0,4.1740644795514745,1.4793506883821286,0.3691144820843496,0.1514676533409041,0.0,0.0,0.0,0.0,0.0,0.0,0.0,0.0,0.0,0.0,0.0,0.0,0.0,0.0,0.0,0.0,0.0,0.0,0.0,0.0,0.0,0.0,0.0,0.0,0.0,1.0,0.0,0.0,0.0,0.0,0.0,0.0,0.0,0.0,0.0,0.0,0.0,0.0,0.0,0.0,0.0,0.0,0.0,0.0,0.0,0.0,0.0,0.0,0.0,0.0,0.0
70.63667039231915,50.28815298396942,136.10600520282054,678.0,455.0,6.636978015350954,82.7977000401823,0.9529715803225628,1.4431684304517722,0.6075966270242352,8.335386818158502,6.0,1.0,19.0,4.683939569874111,1.2001466777795964,0.36228402131929976,0.8196654304679154,0.0,0.0,0.0,0.0,0.0,0.0,0.0,0.0,0.0,0.0,0.0,0.0,0.0,0.0,0.0,1.0,0.0,0.0,0.0,0.0,0.0,0.0,0.0,0.0,0.0,0.0,0.0,0.0,0.0,0.0,0.0,0.0,0.0,0.0,0.0,0.0,0.0,0.0,0.0,0.0,0.0,0.0,0.0,0.0,0.0,0.0,0.0,0.0,0.0,0.0,0.0
79.50028412241784,42.69669366681725,59.87196091096664,359.0,469.0,3.9939397752401486,85.38380119099034,0.8991582596639152,1.0309310421398816,0.4492631305705036,3.034708023794184,6.0,5.0,18.0,4.505757755783456,1.4944602362803507,0.37515002904522676,0.4009876242507064,0.0,0.0,0.0,0.0,0.0,0.0,0.0,0.0,0.0,0.0,0.0,0.0,0.0,0.0,0.0,0.0,1.0,0.0,0.0,0.0,0.0,0.0,0.0,0.0,0.0,0.0,0.0,0.0,0.0,0.0,0.0,0.0,0.0,0.0,0.0,0.0,0.0,0.0,0.0,0.0,0.0,0.0,0.0,0.0,0.0,0.0,0.0,0.0,0.0,0.0,0.0
73.52450247228798,41.73027761077311,106.24701040537252,636.0,550.0,3.3017542420612886,82.51968091786725,0.846369198272771,1.410525224074941,0.8188194300774012,3.618815695968327,7.0,2.0,10.0,4.330738814496187,1.5073625670001034,0.3722197652962771,0.4968486703071219,0.0,0.0,0.0,0.0,0.0,0.0,0.0,1.0,0.0,0.0,0.0,0.0,0.0,0.0,0.0,0.0,0.0,0.0,0.0,0.0,0.0,0.0,0.0,0.0,0.0,0.0,0.0,0.0,0.0,0.0,0.0,0.0,0.0,0.0,0.0,0.0,0.0,0.0,0.0,0.0,0.0,0.0,0.0,0.0,0.0,0.0,0.0,0.0,0.0,0.0,0.0
73.64452174010738,29.169104601664515,180.192816678784,452.0,170.0,5.345614865193203,73.92978673459578,0.7391472746458111,1.4057681001596232,0.8157102667613965,5.024464129696318,5.0,0.0,4.0,4.263382394917824,1.2916900709485493,0.3736919546952228,0.5658325879558816,0.0,0.0,0.0,0.0,0.0,1.0,0.0,0.0,0.0,0.0,0.0,0.0,0.0,0.0,0.0,0.0,0.0,0.0,0.0,0.0,0.0,0.0,0.0,0.0,0.0,0.0,0.0,0.0,0.0,0.0,0.0,0.0,0.0,0.0,0.0,0.0,0.0,0.0,0.0,0.0,0.0,0.0,0.0,0.0,0.0,0.0,0.0,0.0,0.0,0.0,0.0
75.17689904581991,20.393891258672543,100.3218839773179,712.0,389.0,2.2527427303190075,71.73156262276085,0.8386919026275516,1.328146497453509,0.4675652065553496,1.5157975434175908,6.0,5.0,8.0,4.513274933161672,1.4928371755261995,0.408997707162913,0.4676401105759483,0.0,0.0,0.0,0.0,0.0,0.0,0.0,0.0,0.0,0.0,0.0,0.0,0.0,0.0,0.0,0.0,0.0,0.0,0.0,0.0,0.0,0.0,1.0,0.0,0.0,0.0,0.0,0.0,0.0,0.0,0.0,0.0,0.0,0.0,0.0,0.0,0.0,0.0,0.0,0.0,0.0,0.0,0.0,0.0,0.0,0.0,0.0,0.0,0.0,0.0,0.0
63.33337435601233,20.1027935268154,55.28607885731107,1210.0,484.0,6.057993840633321,76.59979410866079,0.8179256038842481,1.269176833260945,0.5123449567491261,7.970270100520236,4.0,0.0,3.0,4.484135503075105,1.1637848773183548,0.36739522407373704,0.7461084555103749,0.0,0.0,0.0,0.0,0.0,0.0,0.0,0.0,0.0,0.0,0.0,0.0,0.0,0.0,0.0,0.0,0.0,0.0,1.0,0.0,0.0,0.0,0.0,0.0,0.0,0.0,0.0,0.0,0.0,0.0,0.0,0.0,0.0,0.0,0.0,0.0,0.0,0.0,0.0,0.0,0.0,0.0,0.0,0.0,0.0,0.0,0.0,0.0,0.0,0.0,0.0
78.57094794832103,24.2557949862326,165.71202497768618,1469.0,387.0,2.523717598297904,92.01616283219056,0.9867542739724516,1.0954710765237128,0.4089324967236117,7.400818726647747,6.0,5.0,22.0,4.421210572203644,1.5228876038836532,0.34851197869898093,0.6651951729975288,0.0,0.0,0.0,0.0,0.0,0.0,0.0,0.0,0.0,0.0,0.0,0.0,0.0,0.0,1.0,0.0,0.0,0.0,0.0,0.0,0.0,0.0,0.0,0.0,0.0,0.0,0.0,0.0,0.0,0.0,0.0,0.0,0.0,0.0,0.0,0.0,0.0,0.0,0.0,0.0,0.0,0.0,0.0,0.0,0.0,0.0,0.0,0.0,0.0,0.0,0.0
69.6960219861736,48.66106578107069,115.03086466754397,1170.0,576.0,3.4292445235902256,91.3589315924904,0.9035464199648708,1.0560644058153548,0.6125079004843474,0.3187759500721654,4.0,2.0,11.0,5.025339541564679,1.328678305600119,0.3919658604400815,0.2231970917168462,0.0,0.0,0.0,0.0,0.0,0.0,0.0,0.0,0.0,0.0,0.0,0.0,0.0,0.0,0.0,0.0,0.0,0.0,0.0,0.0,0.0,0.0,0.0,0.0,0.0,0.0,0.0,0.0,0.0,0.0,0.0,0.0,0.0,0.0,0.0,0.0,0.0,0.0,0.0,0.0,0.0,0.0,0.0,0.0,0.0,0.0,0.0,0.0,0.0,1.0,0.0
69.2234158316252,30.992363353864366,62.14827318901074,590.0,288.0,4.615003102424206,75.68541460634508,0.977697907344325,0.9863955967228992,0.8951924036574279,0.3132924353442246,4.0,1.0,12.0,4.113144867314767,1.4470245477730435,0.3481351428115283,0.09370121731973416,0.0,0.0,0.0,0.0,0.0,0.0,0.0,0.0,0.0,0.0,0.0,0.0,0.0,0.0,0.0,0.0,0.0,0.0,0.0,0.0,0.0,0.0,0.0,0.0,0.0,0.0,0.0,0.0,0.0,0.0,0.0,1.0,0.0,0.0,0.0,0.0,0.0,0.0,0.0,0.0,0.0,0.0,0.0,0.0,0.0,0.0,0.0,0.0,0.0,0.0,0.0
65.63613531550332,28.851168566156986,135.14067775374997,1033.0,115.0,4.331964967515523,80.31354792254734,0.9219736081767392,1.427787620186928,0.7243115679051012,3.4594103027287817,4.0,0.0,0.0,4.348988897411825,1.64966087105981,0.3842396435925486,0.5290573082977231,0.0,0.0,0.0,0.0,0.0,0.0,0.0,0.0,0.0,0.0,0.0,0.0,0.0,0.0,0.0,0.0,0.0,0.0,0.0,0.0,0.0,0.0,0.0,0.0,0.0,0.0,0.0,0.0,0.0,0.0,0.0,0.0,0.0,0.0,0.0,0.0,0.0,0.0,1.0,0.0,0.0,0.0,0.0,0.0,0.0,0.0,0.0,0.0,0.0,0.0,0.0
72.28052588626915,34.26745689928009,63.797643795437786,1084.0,542.0,3.352427611497558,83.87918618996497,0.8383295525226808,1.0900768388199482,0.8166712797778555,0.7692935468082895,6.0,3.0,3.0,3.9897149656803603,1.3544208981619281,0.32614492449669147,0.19461603189885354,0.0,0.0,0.0,0.0,0.0,0.0,0.0,0.0,0.0,0.0,0.0,0.0,0.0,0.0,0.0,0.0,0.0,0.0,0.0,0.0,0.0,0.0,0.0,0.0,0.0,0.0,0.0,0.0,0.0,0.0,0.0,1.0,0.0,0.0,0.0,0.0,0.0,0.0,0.0,0.0,0.0,0.0,0.0,0.0,0.0,0.0,0.0,0.0,0.0,0.0,0.0
65.87104174913503,23.940304053782818,91.87595476301532,1413.0,549.0,6.974504279847846,81.54794336834826,0.8686010686847001,0.9268224996771208,0.6481985518117129,7.698195232614785,5.0,1.0,23.0,4.232216720856709,1.670268551828127,0.37895476355623475,0.5158049147525858,0.0,0.0,0.0,0.0,0.0,0.0,0.0,0.0,0.0,0.0,0.0,0.0,0.0,0.0,0.0,0.0,0.0,0.0,0.0,0.0,0.0,0.0,0.0,0.0,0.0,0.0,0.0,0.0,0.0,0.0,0.0,0.0,0.0,0.0,1.0,0.0,0.0,0.0,0.0,0.0,0.0,0.0,0.0,0.0,0.0,0.0,0.0,0.0,0.0,0.0,0.0
68.035706096768,48.90811178736506,170.58576609084682,638.0,197.0,6.373780346975838,89.88156515500243,0.7379374931936717,1.082037164858882,0.8663016936635826,6.490192836938701,5.0,2.0,5.0,4.300187809333994,1.4368856845505025,0.35896228998689456,0.4602536180299194,0.0,0.0,0.0,0.0,0.0,0.0,0.0,0.0,0.0,1.0,0.0,0.0,0.0,0.0,0.0,0.0,0.0,0.0,0.0,0.0,0.0,0.0,0.0,0.0,0.0,0.0,0.0,0.0,0.0,0.0,0.0,0.0,0.0,0.0,0.0,0.0,0.0,0.0,0.0,0.0,0.0,0.0,0.0,0.0,0.0,0.0,0.0,0.0,0.0,0.0,0.0
70.69733957858251,40.12089828227775,185.5565541783406,387.0,570.0,2.2269427675269853,83.85261916792764,0.9246246064963488,0.9154073882287076,0.6657182695831495,6.211304264646183,4.0,5.0,16.0,4.445103693026016,1.3756374285928148,0.3590638353596736,0.42985229609298176,0.0,0.0,0.0,0.0,0.0,0.0,0.0,0.0,0.0,0.0,0.0,0.0,0.0,0.0,0.0,0.0,0.0,0.0,0.0,0.0,0.0,0.0,0.0,0.0,1.0,0.0,0.0,0.0,0.0,0.0,0.0,0.0,0.0,0.0,0.0,0.0,0.0,0.0,0.0,0.0,0.0,0.0,0.0,0.0,0.0,0.0,0.0,0.0,0.0,0.0,0.0
73.02251997779786,37.65858634046012,148.4687265491372,881.0,422.0,6.016569554494266,91.37522126846088,0.9428878161233212,1.0990105952549625,0.9325332327531412,9.967747186992431,5.0,4.0,14.0,4.660191806200134,1.4648371934487943,0.3693510534348518,0.620630615612943,0.0,0.0,0.0,0.0,0.0,0.0,0.0,0.0,0.0,0.0,0.0,0.0,0.0,0.0,0.0,0.0,0.0,0.0,0.0,0.0,0.0,0.0,0.0,0.0,0.0,0.0,0.0,0.0,0.0,0.0,0.0,0.0,0.0,0.0,0.0,0.0,0.0,0.0,0.0,0.0,0.0,0.0,0.0,0.0,0.0,0.0,1.0,0.0,0.0,0.0,0.0
66.94431482598193,43.14546001615968,111.94448308041832,884.0,129.0,2.5208379022019622,70.78493861602607,0.9331074722847688,1.2340302491604174,0.8861440317777696,8.145014757798073,6.0,0.0,6.0,4.801213435948684,1.381640607956933,0.41578892378246024,0.6124963069331164,0.0,0.0,0.0,0.0,0.0,0.0,0.0,0.0,0.0,0.0,0.0,0.0,0.0,0.0,0.0,0.0,0.0,0.0,0.0,0.0,0.0,0.0,0.0,0.0,0.0,0.0,0.0,0.0,0.0,0.0,0.0,0.0,0.0,0.0,0.0,0.0,0.0,0.0,0.0,0.0,0.0,0.0,0.0,0.0,0.0,0.0,0.0,0.0,0.0,1.0,0.0
72.88643273991342,42.45000148949386,114.05059613309729,861.0,282.0,4.006819921122306,93.47647854918756,0.9193159690190152,1.3025382673740755,0.6639315982557307,4.973947759123129,6.0,5.0,10.0,4.596775422901285,1.2687278629594234,0.34328526504854706,0.5622987882684993,0.0,0.0,0.0,0.0,0.0,0.0,0.0,0.0,0.0,0.0,0.0,0.0,0.0,0.0,0.0,0.0,0.0,0.0,0.0,0.0,0.0,1.0,0.0,0.0,0.0,0.0,0.0,0.0,0.0,0.0,0.0,0.0,0.0,0.0,0.0,0.0,0.0,0.0,0.0,0.0,0.0,0.0,0.0,0.0,0.0,0.0,0.0,0.0,0.0,0.0,0.0
73.99061934239008,51.94965000722553,167.5837914925018,790.0,108.0,5.334646654535529,81.39240403317496,0.7716628943426447,1.1312727121585482,0.5814537402418167,7.557856788663465,4.0,2.0,9.0,4.9116990161575815,1.7064289984385594,0.4513044506134115,0.6333876065081453,0.0,0.0,0.0,0.0,0.0,0.0,0.0,0.0,0.0,0.0,0.0,0.0,0.0,0.0,0.0,0.0,0.0,0.0,0.0,0.0,0.0,0.0,1.0,0.0,0.0,0.0,0.0,0.0,0.0,0.0,0.0,0.0,0.0,0.0,0.0,0.0,0.0,0.0,0.0,0.0,0.0,0.0,0.0,0.0,0.0,0.0,0.0,0.0,0.0,0.0,0.0
71.05878582165795,41.60086788614869,137.95986501377865,723.0,269.0,6.991817485412852,87.71721129001163,0.7550664223960243,1.1268902646160854,0.985787654797927,9.922563667730104,6.0,4.0,16.0,4.431590831342993,1.58225563929545,0.3868466553961517,0.6145487402358218,0.0,0.0,0.0,0.0,0.0,0.0,0.0,0.0,0.0,0.0,0.0,0.0,0.0,0.0,0.0,0.0,0.0,0.0,0.0,0.0,0.0,0.0,0.0,0.0,0.0,0.0,0.0,0.0,0.0,0.0,0.0,0.0,0.0,0.0,1.0,0.0,0.0,0.0,0.0,0.0,0.0,0.0,0.0,0.0,0.0,0.0,0.0,0.0,0.0,0.0,0.0
72.83984456296494,55.48718108221882,170.00312781180213,920.0,199.0,3.552947813397746,84.15222382651072,0.8635071181307098,1.0370309699696048,0.9172944471033476,9.609804915791017,6.0,1.0,4.0,4.380545852158328,1.5733267083843718,0.37785586427053064,0.5767879053125929,0.0,0.0,0.0,0.0,0.0,0.0,0.0,0.0,0.0,0.0,0.0,0.0,0.0,0.0,0.0,0.0,0.0,0.0,0.0,0.0,0.0,0.0,0.0,0.0,0.0,0.0,0.0,0.0,0.0,0.0,0.0,0.0,0.0,0.0,1.0,0.0,0.0,0.0,0.0,0.0,0.0,0.0,0.0,0.0,0.0,0.0,0.0,0.0,0.0,0.0,0.0
72.42369029890244,43.57129507459314,85.68255762062913,1149.0,247.0,5.504496298739053,94.22101115262308,0.760138246354385,1.3489922923047766,0.5252318413624679,4.226755903667151,5.0,0.0,17.0,4.413656642128446,1.1692678234770069,0.3323464593236466,0.5944597923009541,0.0,0.0,0.0,0.0,0.0,0.0,0.0,0.0,0.0,0.0,0.0,0.0,0.0,0.0,0.0,0.0,0.0,0.0,0.0,0.0,0.0,1.0,0.0,0.0,0.0,0.0,0.0,0.0,0.0,0.0,0.0,0.0,0.0,0.0,0.0,0.0,0.0,0.0,0.0,0.0,0.0,0.0,0.0,0.0,0.0,0.0,0.0,0.0,0.0,0.0,0.0
69.87792719963876,20.443318131401924,182.70903969717148,570.0,427.0,2.515263861195072,94.22818633851772,0.7485816220865537,1.4865207556520872,0.9192779873185846,2.151709541368541,6.0,4.0,22.0,4.301985456924666,1.3703294834734359,0.3430058256890306,0.4279517732462195,0.0,0.0,0.0,0.0,0.0,0.0,0.0,0.0,0.0,0.0,0.0,0.0,0.0,0.0,0.0,0.0,0.0,0.0,0.0,0.0,0.0,0.0,0.0,0.0,0.0,0.0,0.0,0.0,0.0,0.0,1.0,0.0,0.0,0.0,0.0,0.0,0.0,0.0,0.0,0.0,0.0,0.0,0.0,0.0,0.0,0.0,0.0,0.0,0.0,0.0,0.0
74.48326505754176,43.90729408980612,84.30774043915468,765.0,531.0,2.583283230861747,78.7033142346052,0.7047562859078141,1.3145724515577064,0.8279839288133797,5.90831074378018,4.0,2.0,23.0,4.496805620319509,1.088280285096803,0.3683942789637028,0.5603133591700226,0.0,0.0,0.0,0.0,0.0,0.0,0.0,0.0,0.0,0.0,0.0,0.0,1.0,0.0,0.0,0.0,0.0,0.0,0.0,0.0,0.0,0.0,0.0,0.0,0.0,0.0,0.0,0.0,0.0,0.0,0.0,0.0,0.0,0.0,0.0,0.0,0.0,0.0,0.0,0.0,0.0,0.0,0.0,0.0,0.0,0.0,0.0,0.0,0.0,0.0,0.0
72.38259604563572,46.93449991338569,170.39267384078727,552.0,277.0,5.112806246418333,92.9248023883858,0.7448311313665891,1.0984249136310416,0.8232560859821128,6.617912900257254,4.0,6.0,16.0,3.823988650596308,1.0926256422156129,0.2780441163530475,0.4892131574594805,0.0,0.0,0.0,0.0,0.0,0.0,0.0,0.0,0.0,0.0,0.0,0.0,0.0,0.0,0.0,0.0,0.0,0.0,0.0,0.0,0.0,0.0,0.0,0.0,0.0,0.0,0.0,0.0,0.0,0.0,0.0,0.0,1.0,0.0,0.0,0.0,0.0,0.0,0.0,0.0,0.0,0.0,0.0,0.0,0.0,0.0,0.0,0.0,0.0,0.0,0.0
65.0720594996307,31.411019642889787,71.16453414121334,522.0,327.0,2.0509799229020613,85.45764953276029,0.7506602163957087,1.488240689455422,0.5752944154770215,7.17608889207048,6.0,6.0,6.0,4.3040391036282575,1.5102476772586901,0.3738760641819259,0.795003789526919,0.0,0.0,0.0,0.0,0.0,0.0,0.0,0.0,0.0,0.0,0.0,0.0,0.0,0.0,0.0,0.0,0.0,0.0,0.0,0.0,0.0,0.0,0.0,0.0,0.0,1.0,0.0,0.0,0.0,0.0,0.0,0.0,0.0,0.0,0.0,0.0,0.0,0.0,0.0,0.0,0.0,0.0,0.0,0.0,0.0,0.0,0.0,0.0,0.0,0.0,0.0
71.94980933453087,34.46760010545167,82.1837635296252,1123.0,504.0,6.730740315275141,93.41913803755506,0.9577309071283324,1.3339044677951777,0.9610648836337452,2.210725082026801,6.0,4.0,16.0,4.624262687236866,1.492300797804359,0.36328700635739486,0.3405732923571582,0.0,0.0,0.0,0.0,0.0,0.0,0.0,0.0,0.0,1.0,0.0,0.0,0.0,0.0,0.0,0.0,0.0,0.0,0.0,0.0,0.0,0.0,0.0,0.0,0.0,0.0,0.0,0.0,0.0,0.0,0.0,0.0,0.0,0.0,0.0,0.0,0.0,0.0,0.0,0.0,0.0,0.0,0.0,0.0,0.0,0.0,0.0,0.0,0.0,0.0,0.0
73.50784145528247,34.205361773765794,93.12903304548612,892.0,479.0,3.236217335047873,82.83317996950255,0.9971868600526363,1.1558811053740594,0.6139929666781359,5.579798908831686,5.0,0.0,10.0,4.100994593202016,1.389724589584851,0.32536677181975093,0.5358775275505953,0.0,0.0,0.0,1.0,0.0,0.0,0.0,0.0,0.0,0.0,0.0,0.0,0.0,0.0,0.0,0.0,0.0,0.0,0.0,0.0,0.0,0.0,0.0,0.0,0.0,0.0,0.0,0.0,0.0,0.0,0.0,0.0,0.0,0.0,0.0,0.0,0.0,0.0,0.0,0.0,0.0,0.0,0.0,0.0,0.0,0.0,0.0,0.0,0.0,0.0,0.0
63.91179345695864,45.78820589274467,166.28396202963916,1121.0,542.0,3.191524375382247,83.9341292796411,0.78621319192049,1.3244768113676595,0.4472077899363914,9.27784346186291,3.0,0.0,4.0,3.678582896934127,0.9591835124026638,0.26514412203819004,0.8609471200528546,0.0,0.0,0.0,0.0,0.0,0.0,0.0,0.0,0.0,0.0,0.0,0.0,0.0,0.0,0.0,0.0,0.0,0.0,0.0,0.0,0.0,0.0,0.0,0.0,0.0,0.0,0.0,0.0,1.0,0.0,0.0,0.0,0.0,0.0,0.0,0.0,0.0,0.0,0.0,0.0,0.0,0.0,0.0,0.0,0.0,0.0,0.0,0.0,0.0,0.0,0.0
71.49301938978346,26.850014781226527,198.3281737705764,402.0,410.0,6.428004092700938,75.80427404525096,0.8683752887364514,0.9458349122200778,0.8228023435118785,5.222103878121099,3.0,0.0,14.0,4.42816945166844,0.9591835124026638,0.26514412203819004,0.3431591889181108,0.0,0.0,0.0,0.0,0.0,0.0,0.0,0.0,0.0,0.0,0.0,0.0,0.0,0.0,0.0,0.0,0.0,0.0,0.0,0.0,0.0,0.0,0.0,0.0,0.0,0.0,0.0,0.0,0.0,0.0,0.0,0.0,0.0,0.0,0.0,0.0,1.0,0.0,0.0,0.0,0.0,0.0,0.0,0.0,0.0,0.0,0.0,0.0,0.0,0.0,0.0
73.11881121824453,48.92723054718158,75.31770911785914,351.0,135.0,4.654163809077366,79.33117361741674,0.8022888979659037,1.4671854931260508,0.8467395123770454,5.219776010536733,4.0,5.0,7.0,4.25849771038016,1.4706973014089555,0.3732428027788334,0.5959867799836029,0.0,0.0,0.0,0.0,0.0,0.0,0.0,0.0,0.0,0.0,0.0,0.0,0.0,0.0,0.0,0.0,0.0,0.0,0.0,0.0,0.0,0.0,0.0,0.0,0.0,0.0,0.0,0.0,0.0,0.0,0.0,0.0,0.0,0.0,0.0,0.0,0.0,0.0,0.0,0.0,0.0,0.0,0.0,0.0,0.0,0.0,0.0,0.0,1.0,0.0,0.0
73.52675082498742,26.22411543374881,129.8527918519341,684.0,279.0,3.0579897246563914,84.51234444882579,0.821762719385162,1.1197782163513816,0.4459996046498135,1.6815754125832227,6.0,3.0,2.0,4.151469367515757,1.318636484780551,0.33713831123265886,0.3788448977906988,0.0,0.0,0.0,0.0,0.0,0.0,0.0,0.0,0.0,0.0,0.0,0.0,0.0,0.0,0.0,0.0,0.0,0.0,0.0,0.0,0.0,0.0,0.0,0.0,0.0,0.0,0.0,0.0,0.0,0.0,0.0,0.0,0.0,0.0,0.0,0.0,0.0,0.0,0.0,0.0,0.0,0.0,0.0,0.0,0.0,0.0,0.0,0.0,1.0,0.0,0.0
67.52826575027309,55.24942420944423,189.2557758342227,1449.0,455.0,5.526510424293691,80.74440421244921,0.705309879565388,1.4581714948300677,0.476528467559741,9.02422190297252,5.0,6.0,19.0,4.011062807432798,1.5874249199601655,0.36981334802795746,0.9053851146593801,0.0,0.0,0.0,0.0,0.0,0.0,0.0,0.0,0.0,0.0,0.0,0.0,0.0,0.0,0.0,0.0,0.0,0.0,0.0,0.0,0.0,0.0,0.0,0.0,0.0,1.0,0.0,0.0,0.0,0.0,0.0,0.0,0.0,0.0,0.0,0.0,0.0,0.0,0.0,0.0,0.0,0.0,0.0,0.0,0.0,0.0,0.0,0.0,0.0,0.0,0.0
67.49603191190775,47.92992314435111,195.3070479992017,352.0,510.0,5.803118934423601,82.4543139908723,0.8676646819737153,1.3460497357439318,0.7457524632697126,0.8879708176322121,6.0,5.0,22.0,4.385266782199088,1.4515777589223224,0.36962082412154423,0.3523377856385369,0.0,0.0,0.0,0.0,0.0,0.0,0.0,0.0,0.0,0.0,0.0,0.0,0.0,0.0,0.0,0.0,0.0,0.0,0.0,0.0,0.0,0.0,0.0,0.0,0.0,0.0,1.0,0.0,0.0,0.0,0.0,0.0,0.0,0.0,0.0,0.0,0.0,0.0,0.0,0.0,0.0,0.0,0.0,0.0,0.0,0.0,0.0,0.0,0.0,0.0,0.0
69.13383104006292,53.56223088138873,68.14044983370009,921.0,585.0,4.1512295321552095,87.16031567101355,0.9321240761347171,1.0053369589940429,0.7154939408720324,3.81040225498789,6.0,2.0,6.0,4.52019316768997,1.4445091295496981,0.3647823651215692,0.33812646728768353,0.0,0.0,0.0,0.0,0.0,0.0,0.0,0.0,0.0,0.0,0.0,0.0,0.0,0.0,0.0,0.0,0.0,0.0,0.0,0.0,0.0,0.0,0.0,0.0,0.0,0.0,0.0,0.0,0.0,0.0,0.0,0.0,0.0,0.0,0.0,0.0,0.0,0.0,0.0,0.0,0.0,1.0,0.0,0.0,0.0,0.0,0.0,0.0,0.0,0.0,0.0
77.23916511707347,42.17624905422448,52.05662091218895,808.0,499.0,3.404455736023229,85.54497380140327,0.8510740768892741,1.2623776064141148,0.901835867590929,6.072987888536579,4.0,2.0,21.0,4.1151717031802075,1.2209564241636357,0.31966967370542737,0.5177793403651737,0.0,0.0,0.0,0.0,0.0,0.0,0.0,0.0,0.0,0.0,1.0,0.0,0.0,0.0,0.0,0.0,0.0,0.0,0.0,0.0,0.0,0.0,0.0,0.0,0.0,0.0,0.0,0.0,0.0,0.0,0.0,0.0,0.0,0.0,0.0,0.0,0.0,0.0,0.0,0.0,0.0,0.0,0.0,0.0,0.0,0.0,0.0,0.0,0.0,0.0,0.0
68.33191861385816,24.68416709718793,96.11137521879994,1244.0,391.0,6.9056552465684025,77.24598345285006,0.7302680706678583,1.352578691608994,0.5097439849210649,5.384555484811421,6.0,1.0,11.0,4.459817910339266,1.6073091258463241,0.4151074943256141,0.6593509688837029,0.0,0.0,0.0,0.0,0.0,0.0,0.0,0.0,0.0,0.0,0.0,0.0,0.0,0.0,0.0,0.0,0.0,0.0,0.0,0.0,0.0,0.0,0.0,0.0,0.0,0.0,0.0,0.0,0.0,0.0,0.0,0.0,0.0,1.0,0.0,0.0,0.0,0.0,0.0,0.0,0.0,0.0,0.0,0.0,0.0,0.0,0.0,0.0,0.0,0.0,0.0
78.10467787718297,48.53316782433561,97.27487532456456,320.0,100.0,6.42293294205472,80.20468414522679,0.7051441542961139,1.45063586585527,0.5721047034807065,4.768823432547691,5.0,3.0,20.0,4.142623380618976,1.5833626268711636,0.3819241590895485,0.6568076290639266,0.0,0.0,0.0,0.0,0.0,0.0,0.0,0.0,0.0,0.0,0.0,0.0,0.0,0.0,0.0,0.0,0.0,0.0,0.0,0.0,0.0,0.0,0.0,0.0,0.0,1.0,0.0,0.0,0.0,0.0,0.0,0.0,0.0,0.0,0.0,0.0,0.0,0.0,0.0,0.0,0.0,0.0,0.0,0.0,0.0,0.0,0.0,0.0,0.0,0.0,0.0
70.54142190978538,46.62991545947283,124.45265791456572,1090.0,222.0,4.3827820886734585,85.3143746851159,0.940721335785464,1.1122203582659216,0.6075459549104312,8.464559336199596,5.0,0.0,4.0,4.415586301719382,1.207586658667313,0.3359272553673383,0.6605070326247009,0.0,0.0,0.0,0.0,0.0,0.0,0.0,0.0,0.0,0.0,0.0,0.0,0.0,0.0,0.0,0.0,0.0,0.0,0.0,0.0,0.0,1.0,0.0,0.0,0.0,0.0,0.0,0.0,0.0,0.0,0.0,0.0,0.0,0.0,0.0,0.0,0.0,0.0,0.0,0.0,0.0,0.0,0.0,0.0,0.0,0.0,0.0,0.0,0.0,0.0,0.0
73.0619788069998,29.740500733228146,91.93433474973077,372.0,362.0,4.497749291219647,76.22418199509293,0.9501754674145004,1.274633183882694,0.6677045451672765,1.4308722765792492,6.0,6.0,7.0,4.316182968022234,1.379492168757741,0.3609598102713172,0.369806766530533,0.0,0.0,0.0,0.0,0.0,0.0,0.0,0.0,0.0,0.0,0.0,0.0,0.0,0.0,0.0,0.0,0.0,0.0,0.0,0.0,0.0,0.0,0.0,0.0,0.0,0.0,0.0,0.0,0.0,0.0,0.0,0.0,0.0,0.0,0.0,0.0,0.0,0.0,0.0,0.0,0.0,0.0,0.0,0.0,1.0,0.0,0.0,0.0,0.0,0.0,0.0
74.43542812998983,26.66424661933082,56.43295562046215,1094.0,395.0,6.085799652163092,91.51569789017222,0.7145735125150953,1.224942097116192,0.927212069220993,6.932815568304248,5.0,1.0,17.0,4.564595851886329,1.4458416783208812,0.3818023675573784,0.533591832341564,0.0,0.0,0.0,0.0,0.0,0.0,0.0,0.0,0.0,0.0,0.0,0.0,0.0,0.0,0.0,0.0,0.0,0.0,0.0,0.0,0.0,0.0,0.0,0.0,0.0,0.0,0.0,0.0,0.0,0.0,0.0,0.0,0.0,0.0,0.0,0.0,0.0,0.0,0.0,0.0,0.0,0.0,0.0,0.0,0.0,0.0,0.0,1.0,0.0,0.0,0.0
79.7756654287569,28.16212394604754,69.1689321607298,447.0,518.0,4.795450802883361,86.18905546016418,0.8649508269358475,1.0724682754135748,0.8727535371572048,2.6719460952449325,7.0,2.0,19.0,4.316589586879792,1.5484299596863709,0.36571751669096747,0.262277329860148,0.0,0.0,0.0,0.0,0.0,0.0,0.0,0.0,0.0,0.0,0.0,0.0,0.0,0.0,1.0,0.0,0.0,0.0,0.0,0.0,0.0,0.0,0.0,0.0,0.0,0.0,0.0,0.0,0.0,0.0,0.0,0.0,0.0,0.0,0.0,0.0,0.0,0.0,0.0,0.0,0.0,0.0,0.0,0.0,0.0,0.0,0.0,0.0,0.0,0.0,0.0
73.48291329385108,54.16893987182961,167.51519405300473,452.0,251.0,3.2636376056607506,76.62051462340996,0.84090171281729,1.3934607735557594,0.5152779971386661,2.532840649232553,4.0,1.0,4.0,3.9199311537616737,1.1092786992277714,0.31095118102501873,0.5352888187706739,0.0,0.0,0.0,0.0,0.0,0.0,0.0,1.0,0.0,0.0,0.0,0.0,0.0,0.0,0.0,0.0,0.0,0.0,0.0,0.0,0.0,0.0,0.0,0.0,0.0,0.0,0.0,0.0,0.0,0.0,0.0,0.0,0.0,0.0,0.0,0.0,0.0,0.0,0.0,0.0,0.0,0.0,0.0,0.0,0.0,0.0,0.0,0.0,0.0,0.0,0.0
75.16437724051733,56.36809538833802,111.88562650157289,1405.0,171.0,5.781033620367902,76.46465483255179,0.8760316354394765,1.2602894513715546,0.6271627726896274,0.0684331542657767,4.0,1.0,19.0,5.183986538164819,1.5742275568122122,0.4617006027153046,0.3079943188617351,0.0,0.0,0.0,0.0,0.0,0.0,0.0,0.0,0.0,0.0,0.0,0.0,0.0,0.0,0.0,0.0,0.0,0.0,0.0,0.0,0.0,0.0,0.0,0.0,0.0,0.0,0.0,0.0,0.0,0.0,0.0,0.0,0.0,0.0,0.0,0.0,1.0,0.0,0.0,0.0,0.0,0.0,0.0,0.0,0.0,0.0,0.0,0.0,0.0,0.0,0.0
68.36923077657997,25.884532582972057,165.52521754838136,915.0,573.0,2.587584469965519,93.26904328430469,0.9419827041183646,1.1599315515103958,0.4255419171782357,8.32963968684252,5.0,4.0,12.0,4.267782487257501,1.3201989346315064,0.3178332178526314,0.7383841279038029,0.0,0.0,0.0,0.0,0.0,0.0,0.0,0.0,0.0,0.0,0.0,0.0,0.0,0.0,0.0,0.0,0.0,0.0,0.0,1.0,0.0,0.0,0.0,0.0,0.0,0.0,0.0,0.0,0.0,0.0,0.0,0.0,0.0,0.0,0.0,0.0,0.0,0.0,0.0,0.0,0.0,0.0,0.0,0.0,0.0,0.0,0.0,0.0,0.0,0.0,0.0
