value,freight_cost,freight_ratio,customs_clearance_time_days,month,quarter,avg_delay_hours,avg_fuel_price,avg_warehouse_util,avg_damage_claims,avg_lead_time_days,avg_satisfaction,avg_support_tickets,avg_order_value,avg_days_to_pay,is_import,product_category,region,O_Country,D_Country
0.6538117131958272,0.653811713195827,6.938893903907228e-18,0.8683876712946687,-1.3120103000452312,-1.3418763087827486,-0.12635177650656423,-0.1234150477992545,-0.1262013186962595,-0.12635873307413747,0.6389699813054561,0.5112766818932767,0.5990449815058495,0.6037415728756691,0.5747580770505575,1.0,2.0,0.0,0.33540930347658904,0.17308700293614454
-0.49238674994844894,-0.49238674994844905,6.938893903907228e-18,-1.1211481864562576,0.13521109283381497,0.4357151308518101,-0.12635177650656423,-0.1234150477992545,-0.1262013186962595,-0.12635873307413747,-2.209275387517875,-0.41867089953195097,-2.318194800509296,-0.9891003597836074,-2.3503491799228433,0.0,1.0,2.0,0.16510103111430252,0.1699295369539402
-1.210987858966363,-1.210987858966363,6.938893903907228e-18,-1.6447102542854488,-0.7331217428936128,-0.4530805889654692,-0.12635177650656423,-0.1234150477992545,-0.1262013186962595,-0.12635873307413747,0.010397290393211566,-0.0004156933095573362,0.01134666968473725,0.00271230206374834,0.011703380550034026,0.0,0.0,3.0,0.15167677282895775,0.17936675407686634
-1.0387611468876894,-1.0387611468876894,6.938893903907228e-18,-1.1211481864562576,0.7140996499854334,0.4357151308518101,-0.12635177650656423,-0.1234150477992545,-0.1262013186962595,-0.12635873307413747,0.010397290393211566,-0.0004156933095573362,0.01134666968473725,0.00271230206374834,0.011703380550034026,0.0,0.0,3.0,0.14291145871471783,0.19517426273458446
-1.3119483453573095,-1.3119483453573095,6.938893903907228e-18,-1.9588474949829637,-1.6014545786210403,-1.3418763087827486,-0.12635177650656423,-0.1234150477992545,-0.1262013186962595,-0.12635873307413747,0.010397290393211566,-0.0004156933095573362,0.01134666968473725,0.00271230206374834,0.011703380550034026,0.0,0.0,3.0,0.15167677282895775,0.17936675407686634
1.4021070829169608,1.4021070829169606,6.938893903907228e-18,1.1825249119921841,0.7140996499854334,0.4357151308518101,-0.12635177650656423,-0.1234150477992545,-0.1262013186962595,-0.12635873307413747,0.6389699813054561,0.5112766818932767,0.5990449815058495,0.6037415728756691,0.5747580770505575,1.0,1.0,0.0,0.14375848447281284,0.17308700293614454
-0.8249624698245083,-0.8249624698245084,6.938893903907228e-18,0.7636752577288308,-1.0225660214694219,-1.3418763087827486,-0.12635177650656423,-0.1234150477992545,-0.1262013186962595,-0.12635873307413747,0.010397290393211566,-0.0004156933095573362,0.01134666968473725,0.00271230206374834,0.011703380550034026,0.0,0.0,3.0,0.15167677282895775,0.15396723438354598
-1.0862719640128407,-1.0862719640128407,6.938893903907228e-18,-1.0164357728904196,-1.0225660214694219,-1.3418763087827486,-0.12635177650656423,-0.1234150477992545,-0.1262013186962595,-0.12635873307413747,0.6389699813054561,0.5112766818932767,0.5990449815058495,0.6037415728756691,0.5747580770505575,1.0,0.0,0.0,0.20935976975860046,0.15898122524329308
-0.7952682091212887,-0.7952682091212888,6.938893903907228e-18,-1.1211481864562576,-0.7331217428936128,-0.4530805889654692,-0.12635177650656423,-0.1234150477992545,-0.1262013186962595,-0.12635873307413747,0.6389699813054561,0.5112766818932767,0.5990449815058495,0.6037415728756691,0.5747580770505575,1.0,0.0,0.0,0.2399601028925403,0.1673283671679816
0.9269989116654473,0.9269989116654472,6.938893903907228e-18,0.44953801703131624,-1.0225660214694219,-1.3418763087827486,-0.12635177650656423,-0.1234150477992545,-0.1262013186962595,-0.12635873307413747,0.6389699813054561,0.5112766818932767,0.5990449815058495,0.6037415728756691,0.5747580770505575,1.0,1.0,0.0,0.17531762263116077,0.17308700293614454
-0.919984104074811,-0.9199841040748111,6.938893903907228e-18,-0.9117233593245813,1.292988207137052,1.3245108506690892,-0.12635177650656423,-0.1234150477992545,-0.1262013186962595,-0.12635873307413747,-0.8184832340179737,-3.3969806607852577,-0.26538613814093154,-3.0058160722056653,0.001755699908081614,0.0,0.0,1.0,0.14097733239617707,0.12658929487110865
1.4614956043234,1.4614956043233998,6.938893903907228e-18,0.6589628441629929,-1.0225660214694219,-1.3418763087827486,-0.12635177650656423,-0.1234150477992545,-0.1262013186962595,-0.12635873307413747,0.6389699813054561,0.5112766818932767,0.5990449815058495,0.6037415728756691,0.5747580770505575,1.0,2.0,0.0,0.20724122918456606,0.15024426266782237
-0.7952682091212887,-0.7952682091212888,6.938893903907228e-18,0.24011318989963956,0.13521109283381497,0.4357151308518101,-0.12635177650656423,-0.1234150477992545,-0.1262013186962595,-0.12635873307413747,0.010397290393211566,-0.0004156933095573362,0.01134666968473725,0.00271230206374834,0.011703380550034026,0.0,3.0,3.0,0.13768872471783386,0.08667152221412963
1.604028055698854,1.6040280556988538,6.938893903907228e-18,1.4966621526896988,1.582432485712861,1.3245108506690892,-0.12635177650656423,-0.1234150477992545,-0.1262013186962595,-0.12635873307413747,0.6389699813054561,0.5112766818932767,0.5990449815058495,0.6037415728756691,0.5747580770505575,1.0,1.0,0.0,0.20935976975860046,0.17233522899962855
1.0457759544783258,1.0457759544783256,6.938893903907228e-18,1.6013745662555365,0.7140996499854334,0.4357151308518101,-0.12635177650656423,-0.1234150477992545,-0.1262013186962595,-0.12635873307413747,0.6389699813054561,0.5112766818932767,0.5990449815058495,0.6037415728756691,0.5747580770505575,1.0,2.0,0.0,0.12651146884236755,0.15898122524329308
-0.16574988221303344,-0.16574988221303358,6.938893903907228e-18,-0.49287370506122835,-1.6014545786210403,-1.3418763087827486,-0.12635177650656423,-0.1234150477992545,-0.1262013186962595,-0.12635873307413747,-0.8184832340179737,-3.3969806607852577,-0.26538613814093154,-3.0058160722056653,0.001755699908081614,0.0,2.0,1.0,0.15167677282895775,0.07435710611468219
1.3427185615105217,1.3427185615105215,6.938893903907228e-18,1.1825249119921841,1.0035439285612426,1.3245108506690892,-0.12635177650656423,-0.1234150477992545,-0.1262013186962595,-0.12635873307413747,0.6389699813054561,0.5112766818932767,0.5990449815058495,0.6037415728756691,0.5747580770505575,1.0,1.0,0.0,0.18534100235256665,0.1673283671679816
-0.8190236176838643,-0.8190236176838644,6.938893903907228e-18,0.8683876712946687,-0.7331217428936128,-0.4530805889654692,-0.12635177650656423,-0.1234150477992545,-0.1262013186962595,-0.12635873307413747,0.010397290393211566,-0.0004156933095573362,0.01134666968473725,0.00271230206374834,0.011703380550034026,0.0,0.0,3.0,0.13768872471783386,0.2566347469220246
-0.3201600378697753,-0.3201600378697754,6.938893903907228e-18,-0.17873646436371335,1.0035439285612426,1.3245108506690892,-0.12635177650656423,-0.1234150477992545,-0.1262013186962595,-0.12635873307413747,0.6389699813054561,0.5112766818932767,0.5990449815058495,0.6037415728756691,0.5747580770505575,1.0,3.0,0.0,0.15396723438354598,0.1673283671679816
1.9959922969813526,1.9959922969813522,6.938893903907228e-18,1.6013745662555365,1.582432485712861,1.3245108506690892,-0.12635177650656423,-0.1234150477992545,-0.1262013186962595,-0.12635873307413747,0.6389699813054561,0.5112766818932767,0.5990449815058495,0.6037415728756691,0.5747580770505575,1.0,2.0,0.0,0.22954003809359003,0.17308700293614454
0.5112792618203732,0.511279261820373,6.938893903907228e-18,0.6589628441629929,1.582432485712861,1.3245108506690892,-0.12635177650656423,-0.1234150477992545,-0.1262013186962595,-0.12635873307413747,-0.8184832340179737,-3.3969806607852577,-0.26538613814093154,-3.0058160722056653,0.001755699908081614,0.0,2.0,1.0,0.14097733239617707,0.08672637430626438
1.6634165771052931,1.663416577105293,6.938893903907228e-18,0.9731000848605075,-0.15423318574199427,-0.4530805889654692,-0.12635177650656423,-0.1234150477992545,-0.1262013186962595,-0.12635873307413747,0.6389699813054561,0.5112766818932767,0.5990449815058495,0.6037415728756691,0.5747580770505575,1.0,2.0,0.0,0.17519261330490235,0.15898122524329308
1.093286771603477,1.0932867716034769,6.938893903907228e-18,0.5542504305971541,-1.0225660214694219,-1.3418763087827486,-0.12635177650656423,-0.1234150477992545,-0.1262013186962595,-0.12635873307413747,0.6389699813054561,0.5112766818932767,0.5990449815058495,0.6037415728756691,0.5747580770505575,1.0,1.0,0.0,0.18548593941008734,0.15024426266782237
-0.6527357577458347,-0.6527357577458348,6.938893903907228e-18,-1.8541350814171254,-0.15423318574199427,-0.4530805889654692,-0.12635177650656423,-0.1234150477992545,-0.1262013186962595,-0.12635873307413747,0.010397290393211566,-0.0004156933095573362,0.01134666968473725,0.00271230206374834,0.011703380550034026,0.0,3.0,3.0,0.13768872471783386,0.11289316582019067
0.17870354194431376,0.17870354194431362,6.938893903907228e-18,0.5542504305971541,0.4246553714096242,0.4357151308518101,-0.12635177650656423,-0.1234150477992545,-0.1262013186962595,-0.12635873307413747,0.6389699813054561,0.5112766818932767,0.5990449815058495,0.6037415728756691,0.5747580770505575,1.0,3.0,0.0,0.1975784564505561,0.17308700293614454
1.0695313630409014,1.0695313630409011,6.938893903907228e-18,1.6013745662555365,0.7140996499854334,0.4357151308518101,-0.12635177650656423,-0.1234150477992545,-0.1262013186962595,-0.12635873307413747,0.6389699813054561,0.5112766818932767,0.5990449815058495,0.6037415728756691,0.5747580770505575,1.0,2.0,0.0,0.16615878501917156,0.15024426266782237
-0.17762758649432128,-0.17762758649432142,6.938893903907228e-18,-0.07402405079787501,-1.0225660214694219,-1.3418763087827486,-0.12635177650656423,-0.1234150477992545,-0.1262013186962595,-0.12635873307413747,0.6389699813054561,0.5112766818932767,0.5990449815058495,0.6037415728756691,0.5747580770505575,1.0,3.0,0.0,0.1502571399760227,0.15898122524329308
-1.0922108161534847,-1.0922108161534847,6.938893903907228e-18,-0.38816129149539,0.13521109283381497,0.4357151308518101,-0.12635177650656423,-0.1234150477992545,-0.1262013186962595,-0.12635873307413747,0.6389699813054561,0.5112766818932767,0.5990449815058495,0.6037415728756691,0.5747580770505575,1.0,0.0,0.0,0.20935976975860046,0.15898122524329308
-0.9793726254812501,-0.9793726254812503,6.938893903907228e-18,-1.749422667851287,-1.3120103000452312,-1.3418763087827486,-0.12635177650656423,-0.1234150477992545,-0.1262013186962595,-0.12635873307413747,0.6389699813054561,0.5112766818932767,0.5990449815058495,0.6037415728756691,0.5747580770505575,1.0,0.0,0.0,0.13456439393939393,0.1673283671679816
-0.27264922074462394,-0.2726492207446241,6.938893903907228e-18,0.24011318989963956,-1.3120103000452312,-1.3418763087827486,-0.12635177650656423,-0.1234150477992545,-0.1262013186962595,-0.12635873307413747,-2.209275387517875,-0.41867089953195097,-2.318194800509296,-0.9891003597836074,-2.3503491799228433,0.0,1.0,2.0,0.15167677282895775,0.17519261330490235
0.9507543202280231,0.9507543202280229,6.938893903907228e-18,0.8683876712946687,0.7140996499854334,0.4357151308518101,-0.12635177650656423,-0.1234150477992545,-0.1262013186962595,-0.12635873307413747,0.6389699813054561,0.5112766818932767,0.5990449815058495,0.6037415728756691,0.5747580770505575,1.0,1.0,0.0,0.11659318079944302,0.17308700293614454
1.0101428416344622,1.010142841634462,6.938893903907228e-18,0.9731000848605075,1.0035439285612426,1.3245108506690892,-0.12635177650656423,-0.1234150477992545,-0.1262013186962595,-0.12635873307413747,0.6389699813054561,0.5112766818932767,0.5990449815058495,0.6037415728756691,0.5747580770505575,1.0,1.0,0.0,0.10124046678305615,0.15898122524329308
-1.0031280340438258,-1.003128034043826,6.938893903907228e-18,-0.07402405079787501,1.0035439285612426,1.3245108506690892,-0.12635177650656423,-0.1234150477992545,-0.1262013186962595,-0.12635873307413747,0.6389699813054561,0.5112766818932767,0.5990449815058495,0.6037415728756691,0.5747580770505575,1.0,0.0,0.0,0.1436498720623144,0.17233522899962855
1.817826732762035,1.8178267327620348,6.938893903907228e-18,1.0778124984263453,-1.6014545786210403,-1.3418763087827486,-0.12635177650656423,-0.1234150477992545,-0.1262013186962595,-0.12635873307413747,0.6389699813054561,0.5112766818932767,0.5990449815058495,0.6037415728756691,0.5747580770505575,1.0,2.0,0.0,0.09440656592643255,0.17233522899962855
-1.0387611468876894,-1.0387611468876894,6.938893903907228e-18,-1.4352854271537725,0.13521109283381497,0.4357151308518101,-0.12635177650656423,-0.1234150477992545,-0.1262013186962595,-0.12635873307413747,-0.8184832340179737,-3.3969806607852577,-0.26538613814093154,-3.0058160722056653,0.001755699908081614,0.0,0.0,1.0,0.15167677282895775,0.22934827405998476
0.32123599331976777,0.32123599331976765,6.938893903907228e-18,-0.38816129149539,-0.44367746431780347,-0.4530805889654692,-0.12635177650656423,-0.1234150477992545,-0.1262013186962595,-0.12635873307413747,-2.209275387517875,-0.41867089953195097,-2.318194800509296,-0.9891003597836074,-2.3503491799228433,0.0,1.0,2.0,0.16510103111430252,0.1699295369539402
1.3664739700730972,1.366473970073097,6.938893903907228e-18,1.1825249119921841,1.0035439285612426,1.3245108506690892,-0.12635177650656423,-0.1234150477992545,-0.1262013186962595,-0.12635873307413747,0.6389699813054561,0.5112766818932767,0.5990449815058495,0.6037415728756691,0.5747580770505575,1.0,1.0,0.0,0.22934827405998476,0.15898122524329308
-0.8962286955122353,-0.8962286955122354,6.938893903907228e-18,0.5542504305971541,-1.6014545786210403,-1.3418763087827486,-0.12635177650656423,-0.1234150477992545,-0.1262013186962595,-0.12635873307413747,0.010397290393211566,-0.0004156933095573362,0.01134666968473725,0.00271230206374834,0.011703380550034026,0.0,0.0,3.0,0.13768872471783386,0.2566347469220246
0.5112792618203732,0.511279261820373,6.938893903907228e-18,-0.07402405079787501,0.4246553714096242,0.4357151308518101,-0.12635177650656423,-0.1234150477992545,-0.1262013186962595,-0.12635873307413747,-2.209275387517875,-0.41867089953195097,-2.318194800509296,-0.9891003597836074,-2.3503491799228433,0.0,1.0,2.0,0.13768872471783386,0.13496652423002414
0.3925022190074948,0.39250221900749466,6.938893903907228e-18,0.03068836276796287,-1.6014545786210403,-1.3418763087827486,-0.12635177650656423,-0.1234150477992545,-0.1262013186962595,-0.12635873307413747,0.6389699813054561,0.5112766818932767,0.5990449815058495,0.6037415728756691,0.5747580770505575,1.0,1.0,0.0,0.13401327038706326,0.15024426266782237
-0.8784121390903036,-0.8784121390903037,6.938893903907228e-18,-0.49287370506122835,1.292988207137052,1.3245108506690892,-0.12635177650656423,-0.1234150477992545,-0.1262013186962595,-0.12635873307413747,0.010397290393211566,-0.0004156933095573362,0.01134666968473725,0.00271230206374834,0.011703380550034026,0.0,3.0,3.0,0.16510103111430252,0.19541756652418887
3.064985682297258,3.0649856822972574,6.938893903907228e-18,2.1249366340847278,1.292988207137052,1.3245108506690892,-0.12635177650656423,-0.1234150477992545,-0.1262013186962595,-0.12635873307413747,0.6389699813054561,0.5112766818932767,0.5990449815058495,0.6037415728756691,0.5747580770505575,1.0,2.0,0.0,0.1968313539053329,0.15024426266782237
-0.29640462930719963,-0.29640462930719974,6.938893903907228e-18,-0.7022985321929046,0.13521109283381497,0.4357151308518101,-0.12635177650656423,-0.1234150477992545,-0.1262013186962595,-0.12635873307413747,0.6389699813054561,0.5112766818932767,0.5990449815058495,0.6037415728756691,0.5747580770505575,0.0,1.0,0.0,0.14097733239617707,0.06118643703870803
-0.9734337733406062,-0.9734337733406063,6.938893903907228e-18,-0.38816129149539,-0.7331217428936128,-0.4530805889654692,-0.12635177650656423,-0.1234150477992545,-0.1262013186962595,-0.12635873307413747,0.6389699813054561,0.5112766818932767,0.5990449815058495,0.6037415728756691,0.5747580770505575,0.0,0.0,0.0,0.16510103111430252,0.1968313539053329
0.03617109056885975,0.036171090568859615,6.938893903907228e-18,-0.17873646436371335,-0.7331217428936128,-0.4530805889654692,-0.12635177650656423,-0.1234150477992545,-0.1262013186962595,-0.12635873307413747,-0.8184832340179737,-3.3969806607852577,-0.26538613814093154,-3.0058160722056653,0.001755699908081614,0.0,2.0,1.0,0.15167677282895775,0.07435710611468219
-0.29640462930719963,-0.29640462930719974,6.938893903907228e-18,-0.7022985321929046,-1.0225660214694219,-1.3418763087827486,-0.12635177650656423,-0.1234150477992545,-0.1262013186962595,-0.12635873307413747,-2.209275387517875,-0.41867089953195097,-2.318194800509296,-0.9891003597836074,-2.3503491799228433,0.0,3.0,2.0,0.13768872471783386,0.13496652423002414
-0.7536962441367813,-0.7536962441367814,6.938893903907228e-18,-1.0164357728904196,-0.44367746431780347,-0.4530805889654692,-0.12635177650656423,-0.1234150477992545,-0.1262013186962595,-0.12635873307413747,0.6389699813054561,0.5112766818932767,0.5990449815058495,0.6037415728756691,0.5747580770505575,1.0,0.0,0.0,0.20935976975860046,0.15898122524329308
-0.02321743083757943,-0.023217430837579562,6.938893903907228e-18,0.24011318989963956,-0.15423318574199427,-0.4530805889654692,6.3405618756021225,6.193191489561653,6.333011629121452,6.34091096881127,0.6389699813054561,0.5112766818932767,0.5990449815058495,0.6037415728756691,0.5747580770505575,1.0,3.0,0.0,0.22954003809359003,0.15024426266782237
-0.5102033063703807,-0.5102033063703808,6.938893903907228e-18,0.03068836276796287,-1.0225660214694219,-1.3418763087827486,-0.12635177650656423,-0.1234150477992545,-0.1262013186962595,-0.12635873307413747,0.010397290393211566,-0.0004156933095573362,0.01134666968473725,0.00271230206374834,0.011703380550034026,0.0,2.0,3.0,0.14291145871471783,0.13456439393939393
-0.9378006604967427,-0.9378006604967428,6.938893903907228e-18,-0.2834488779295517,-1.3120103000452312,-1.3418763087827486,-0.12635177650656423,-0.1234150477992545,-0.1262013186962595,-0.12635873307413747,0.010397290393211566,-0.0004156933095573362,0.01134666968473725,0.00271230206374834,0.011703380550034026,0.0,3.0,3.0,0.15167677282895775,0.1660502046653844
-0.8605955826683718,-0.8605955826683719,6.938893903907228e-18,-0.07402405079787501,1.582432485712861,1.3245108506690892,-0.12635177650656423,-0.1234150477992545,-0.1262013186962595,-0.12635873307413747,0.6389699813054561,0.5112766818932767,0.5990449815058495,0.6037415728756691,0.5747580770505575,1.0,0.0,0.0,0.08672637430626438,0.15024426266782237
1.7228050985117322,1.722805098511732,6.938893903907228e-18,0.9731000848605075,-1.0225660214694219,-1.3418763087827486,-0.12635177650656423,-0.1234150477992545,-0.1262013186962595,-0.12635873307413747,0.6389699813054561,0.5112766818932767,0.5990449815058495,0.6037415728756691,0.5747580770505575,1.0,2.0,0.0,0.13401327038706326,0.15024426266782237
-0.8605955826683718,-0.8605955826683719,6.938893903907228e-18,-0.49287370506122835,1.292988207137052,1.3245108506690892,-0.12635177650656423,-0.1234150477992545,-0.1262013186962595,-0.12635873307413747,0.010397290393211566,-0.0004156933095573362,0.01134666968473725,0.00271230206374834,0.011703380550034026,0.0,3.0,3.0,0.14097733239617707,0.08672637430626438
1.7584382113555959,1.7584382113555956,6.938893903907228e-18,1.1825249119921841,0.4246553714096242,0.4357151308518101,-0.12635177650656423,-0.1234150477992545,-0.1262013186962595,-0.12635873307413747,0.6389699813054561,0.5112766818932767,0.5990449815058495,0.6037415728756691,0.5747580770505575,1.0,2.0,0.0,0.17519261330490235,0.15898122524329308
2.2929349040135483,2.292934904013548,6.938893903907228e-18,1.4966621526896988,-0.44367746431780347,-0.4530805889654692,-0.12635177650656423,-0.1234150477992545,-0.1262013186962595,-0.12635873307413747,0.6389699813054561,0.5112766818932767,0.5990449815058495,0.6037415728756691,0.5747580770505575,1.0,2.0,0.0,0.09440656592643255,0.17233522899962855
-0.7596350962774252,-0.7596350962774253,6.938893903907228e-18,-0.8070109457587429,1.292988207137052,1.3245108506690892,-0.12635177650656423,-0.1234150477992545,-0.1262013186962595,-0.12635873307413747,0.6389699813054561,0.5112766818932767,0.5990449815058495,0.6037415728756691,0.5747580770505575,1.0,0.0,0.0,0.13456439393939393,0.17233522899962855
-0.14199447365045778,-0.14199447365045792,6.938893903907228e-18,-0.2834488779295517,1.292988207137052,1.3245108506690892,-0.12635177650656423,-0.1234150477992545,-0.1262013186962595,-0.12635873307413747,0.6389699813054561,0.5112766818932767,0.5990449815058495,0.6037415728756691,0.5747580770505575,0.0,1.0,0.0,0.15167677282895775,0.12651146884236755
-0.4983256020890928,-0.49832560208909293,6.938893903907228e-18,0.1354007763338012,-0.7331217428936128,-0.4530805889654692,-0.12635177650656423,-0.1234150477992545,-0.1262013186962595,-0.12635873307413747,0.010397290393211566,-0.0004156933095573362,0.01134666968473725,0.00271230206374834,0.011703380550034026,0.0,2.0,3.0,0.15167677282895775,0.1436498720623144
0.17870354194431376,0.17870354194431362,6.938893903907228e-18,0.1354007763338012,1.292988207137052,1.3245108506690892,-0.12635177650656423,-0.1234150477992545,-0.1262013186962595,-0.12635873307413747,-2.209275387517875,-0.41867089953195097,-2.318194800509296,-0.9891003597836074,-2.3503491799228433,0.0,3.0,2.0,0.16510103111430252,0.1699295369539402
1.307085448666658,1.3070854486666579,6.938893903907228e-18,0.9731000848605075,0.13521109283381497,0.4357151308518101,-0.12635177650656423,-0.1234150477992545,-0.1262013186962595,-0.12635873307413747,0.6389699813054561,0.5112766818932767,0.5990449815058495,0.6037415728756691,0.5747580770505575,1.0,1.0,0.0,0.1436498720623144,0.1673283671679816
-0.8309013219651522,-0.8309013219651523,6.938893903907228e-18,0.03068836276796287,0.4246553714096242,0.4357151308518101,-0.12635177650656423,-0.1234150477992545,-0.1262013186962595,-0.12635873307413747,0.6389699813054561,0.5112766818932767,0.5990449815058495,0.6037415728756691,0.5747580770505575,0.0,0.0,0.0,0.16510103111430252,0.1968313539053329
-1.056577703309621,-1.056577703309621,6.938893903907228e-18,-1.4352854271537725,0.13521109283381497,0.4357151308518101,-0.12635177650656423,-0.1234150477992545,-0.1262013186962595,-0.12635873307413747,-0.8184832340179737,-3.3969806607852577,-0.26538613814093154,-3.0058160722056653,0.001755699908081614,0.0,0.0,1.0,0.14097733239617707,0.12658929487110865
0.21433665478817726,0.21433665478817712,6.938893903907228e-18,0.03068836276796287,-1.3120103000452312,-1.3418763087827486,-0.12635177650656423,-0.1234150477992545,-0.1262013186962595,-0.12635873307413747,0.6389699813054561,0.5112766818932767,0.5990449815058495,0.6037415728756691,0.5747580770505575,1.0,1.0,0.0,0.18548593941008734,0.15024426266782237
-0.8843509912309475,-0.8843509912309475,6.938893903907228e-18,-0.17873646436371335,-1.0225660214694219,-1.3418763087827486,-0.12635177650656423,-0.1234150477992545,-0.1262013186962595,-0.12635873307413747,0.010397290393211566,-0.0004156933095573362,0.01134666968473725,0.00271230206374834,0.011703380550034026,0.0,3.0,3.0,0.14097733239617707,0.22954003809359003
-0.5458364192142442,-0.5458364192142443,6.938893903907228e-18,-1.2258606000220957,-1.3120103000452312,-1.3418763087827486,-0.12635177650656423,-0.1234150477992545,-0.1262013186962595,-0.12635873307413747,0.6389699813054561,0.5112766818932767,0.5990449815058495,0.6037415728756691,0.5747580770505575,0.0,1.0,0.0,0.15167677282895775,0.12651146884236755
1.9366037755749133,1.9366037755749133,6.938893903907228e-18,1.4966621526896988,1.292988207137052,1.3245108506690892,-0.12635177650656423,-0.1234150477992545,-0.1262013186962595,-0.12635873307413747,0.6389699813054561,0.5112766818932767,0.5990449815058495,0.6037415728756691,0.5747580770505575,1.0,2.0,0.0,0.17519261330490235,0.15898122524329308
0.1549481333817381,0.15494813338173796,6.938893903907228e-18,0.5542504305971541,0.4246553714096242,0.4357151308518101,-0.12635177650656423,-0.1234150477992545,-0.1262013186962595,-0.12635873307413747,0.6389699813054561,0.5112766818932767,0.5990449815058495,0.6037415728756691,0.5747580770505575,1.0,3.0,0.0,0.22954003809359003,0.15024426266782237
0.0005379777249962385,0.000537977724996109,6.938893903907228e-18,0.8683876712946687,0.4246553714096242,0.4357151308518101,-0.12635177650656423,-0.1234150477992545,-0.1262013186962595,-0.12635873307413747,-2.209275387517875,-0.41867089953195097,-2.318194800509296,-0.9891003597836074,-2.3503491799228433,0.0,1.0,2.0,0.16510103111430252,0.17531762263116077
0.7488333474461298,0.7488333474461297,6.938893903907228e-18,0.24011318989963956,-1.6014545786210403,-1.3418763087827486,-0.12635177650656423,-0.1234150477992545,-0.1262013186962595,-0.12635873307413747,0.6389699813054561,0.5112766818932767,0.5990449815058495,0.6037415728756691,0.5747580770505575,1.0,1.0,0.0,0.13465588570916845,0.15024426266782237
-0.3914262635575023,-0.39142626355750243,6.938893903907228e-18,0.44953801703131624,1.292988207137052,1.3245108506690892,-0.12635177650656423,-0.1234150477992545,-0.1262013186962595,-0.12635873307413747,0.6389699813054561,0.5112766818932767,0.5990449815058495,0.6037415728756691,0.5747580770505575,1.0,3.0,0.0,0.19666203059805287,0.15898122524329308
0.23809206335075295,0.2380920633507528,6.938893903907228e-18,0.24011318989963956,1.582432485712861,1.3245108506690892,-0.12635177650656423,-0.1234150477992545,-0.1262013186962595,-0.12635873307413747,-2.209275387517875,-0.41867089953195097,-2.318194800509296,-0.9891003597836074,-2.3503491799228433,0.0,3.0,2.0,0.13768872471783386,0.13496652423002414
-0.6111637927613273,-0.6111637927613274,6.938893903907228e-18,-1.0164357728904196,-1.3120103000452312,-1.3418763087827486,-0.12635177650656423,-0.1234150477992545,-0.1262013186962595,-0.12635873307413747,0.6389699813054561,0.5112766818932767,0.5990449815058495,0.6037415728756691,0.5747580770505575,1.0,3.0,0.0,0.16592522390256279,0.15024426266782237
-0.7655739484180691,-0.7655739484180693,6.938893903907228e-18,-0.9117233593245813,1.0035439285612426,1.3245108506690892,-0.12635177650656423,-0.1234150477992545,-0.1262013186962595,-0.12635873307413747,0.6389699813054561,0.5112766818932767,0.5990449815058495,0.6037415728756691,0.5747580770505575,1.0,0.0,0.0,0.13456439393939393,0.1673283671679816
1.0101428416344622,1.010142841634462,6.938893903907228e-18,1.4966621526896988,0.4246553714096242,0.4357151308518101,-0.12635177650656423,-0.1234150477992545,-0.1262013186962595,-0.12635873307413747,0.6389699813054561,0.5112766818932767,0.5990449815058495,0.6037415728756691,0.5747580770505575,1.0,2.0,0.0,0.33540930347658904,0.17308700293614454
-0.43893708068265364,-0.43893708068265375,6.938893903907228e-18,-0.9117233593245813,-1.6014545786210403,-1.3418763087827486,-0.12635177650656423,-0.1234150477992545,-0.1262013186962595,-0.12635873307413747,-2.209275387517875,-0.41867089953195097,-2.318194800509296,-0.9891003597836074,-2.3503491799228433,0.0,3.0,2.0,0.16510103111430252,0.1699295369539402
0.6300563046332515,0.6300563046332514,6.938893903907228e-18,0.7636752577288308,0.7140996499854334,0.4357151308518101,-0.12635177650656423,-0.1234150477992545,-0.1262013186962595,-0.12635873307413747,0.6389699813054561,0.5112766818932767,0.5990449815058495,0.6037415728756691,0.5747580770505575,1.0,1.0,0.0,0.2566347469220246,0.15898122524329308
0.11931502053787459,0.11931502053787446,6.938893903907228e-18,0.44953801703131624,0.4246553714096242,0.4357151308518101,-0.12635177650656423,-0.1234150477992545,-0.1262013186962595,-0.12635873307413747,0.6389699813054561,0.5112766818932767,0.5990449815058495,0.6037415728756691,0.5747580770505575,1.0,3.0,0.0,0.22954003809359003,0.15024426266782237
-0.6408580534645468,-0.6408580534645469,6.938893903907228e-18,0.7636752577288308,1.582432485712861,1.3245108506690892,-0.12635177650656423,-0.1234150477992545,-0.1262013186962595,-0.12635873307413747,0.010397290393211566,-0.0004156933095573362,0.01134666968473725,0.00271230206374834,0.011703380550034026,0.0,3.0,3.0,0.13768872471783386,0.08667152221412963
-0.3557931507136388,-0.35579315071363893,6.938893903907228e-18,-0.2834488779295517,0.7140996499854334,0.4357151308518101,-0.12635177650656423,-0.1234150477992545,-0.1262013186962595,-0.12635873307413747,0.6389699813054561,0.5112766818932767,0.5990449815058495,0.6037415728756691,0.5747580770505575,1.0,3.0,0.0,0.16576693298783557,0.17233522899962855
-0.36767085499492663,-0.36767085499492674,6.938893903907228e-18,-0.7022985321929046,1.0035439285612426,1.3245108506690892,-0.12635177650656423,-0.1234150477992545,-0.1262013186962595,-0.12635873307413747,-2.209275387517875,-0.41867089953195097,-2.318194800509296,-0.9891003597836074,-2.3503491799228433,0.0,1.0,2.0,0.16510103111430252,0.1699295369539402
1.307085448666658,1.3070854486666579,6.938893903907228e-18,1.0778124984263453,0.7140996499854334,0.4357151308518101,-0.12635177650656423,-0.1234150477992545,-0.1262013186962595,-0.12635873307413747,0.6389699813054561,0.5112766818932767,0.5990449815058495,0.6037415728756691,0.5747580770505575,1.0,1.0,0.0,0.18534100235256665,0.1673283671679816
0.8082218688525691,0.8082218688525689,6.938893903907228e-18,1.1825249119921841,-0.44367746431780347,-0.4530805889654692,-0.12635177650656423,-0.1234150477992545,-0.1262013186962595,-0.12635873307413747,0.6389699813054561,0.5112766818932767,0.5990449815058495,0.6037415728756691,0.5747580770505575,1.0,2.0,0.0,0.33540930347658904,0.17308700293614454
0.012415682006284073,0.012415682006283943,6.938893903907228e-18,-0.2834488779295517,-1.0225660214694219,-1.3418763087827486,-0.12635177650656423,-0.1234150477992545,-0.1262013186962595,-0.12635873307413747,-0.8184832340179737,-3.3969806607852577,-0.26538613814093154,-3.0058160722056653,0.001755699908081614,0.0,2.0,1.0,0.14291145871471783,0.06938775510204083
-0.23701610790076047,-0.23701610790076058,6.938893903907228e-18,-0.17873646436371335,-1.3120103000452312,-1.3418763087827486,-0.12635177650656423,-0.1234150477992545,-0.1262013186962595,-0.12635873307413747,0.6389699813054561,0.5112766818932767,0.5990449815058495,0.6037415728756691,0.5747580770505575,1.0,3.0,0.0,0.22954003809359003,0.15024426266782237
-1.1931713025444313,-1.1931713025444313,6.938893903907228e-18,-2.0635599085488017,-1.6014545786210403,-1.3418763087827486,-0.12635177650656423,-0.1234150477992545,-0.1262013186962595,-0.12635873307413747,-0.8184832340179737,-3.3969806607852577,-0.26538613814093154,-3.0058160722056653,0.001755699908081614,0.0,0.0,1.0,0.13768872471783386,0.19666203059805287
-0.24889381218204829,-0.24889381218204842,6.938893903907228e-18,0.24011318989963956,-1.3120103000452312,-1.3418763087827486,-0.12635177650656423,-0.1234150477992545,-0.1262013186962595,-0.12635873307413747,-2.209275387517875,-0.41867089953195097,-2.318194800509296,-0.9891003597836074,-2.3503491799228433,0.0,1.0,2.0,0.16510103111430252,0.17531762263116077
-0.925922956215455,-0.925922956215455,6.938893903907228e-18,-0.7022985321929046,0.7140996499854334,0.4357151308518101,-0.12635177650656423,-0.1234150477992545,-0.1262013186962595,-0.12635873307413747,0.010397290393211566,-0.0004156933095573362,0.01134666968473725,0.00271230206374834,0.011703380550034026,0.0,3.0,3.0,0.14097733239617707,0.08672637430626438
-0.7418185398554935,-0.7418185398554935,6.938893903907228e-18,0.24011318989963956,1.0035439285612426,1.3245108506690892,-0.12635177650656423,-0.1234150477992545,-0.1262013186962595,-0.12635873307413747,0.6389699813054561,0.5112766818932767,0.5990449815058495,0.6037415728756691,0.5747580770505575,0.0,0.0,0.0,0.16510103111430252,0.1968313539053329
0.0005379777249962385,0.000537977724996109,6.938893903907228e-18,-0.17873646436371335,0.4246553714096242,0.4357151308518101,-0.12635177650656423,-0.1234150477992545,-0.1262013186962595,-0.12635873307413747,-2.209275387517875,-0.41867089953195097,-2.318194800509296,-0.9891003597836074,-2.3503491799228433,0.0,3.0,2.0,0.16510103111430252,0.1699295369539402
-0.5577141234955321,-0.5577141234955321,6.938893903907228e-18,-1.5399978407196109,0.7140996499854334,0.4357151308518101,-0.12635177650656423,-0.1234150477992545,-0.1262013186962595,-0.12635873307413747,0.010397290393211566,-0.0004156933095573362,0.01134666968473725,0.00271230206374834,0.011703380550034026,0.0,3.0,3.0,0.14097733239617707,0.08010697799101016
-1.1219050768567043,-1.1219050768567043,6.938893903907228e-18,-1.1211481864562576,-1.3120103000452312,-1.3418763087827486,-0.12635177650656423,-0.1234150477992545,-0.1262013186962595,-0.12635873307413747,0.6389699813054561,0.5112766818932767,0.5990449815058495,0.6037415728756691,0.5747580770505575,1.0,0.0,0.0,0.20935976975860046,0.15898122524329308
0.5350346703829488,0.5350346703829487,6.938893903907228e-18,0.5542504305971541,0.13521109283381497,0.4357151308518101,-0.12635177650656423,-0.1234150477992545,-0.1262013186962595,-0.12635873307413747,0.6389699813054561,0.5112766818932767,0.5990449815058495,0.6037415728756691,0.5747580770505575,1.0,1.0,0.0,0.21768089615501057,0.17233522899962855
-0.8962286955122353,-0.8962286955122354,6.938893903907228e-18,-1.4352854271537725,-0.44367746431780347,-0.4530805889654692,-0.12635177650656423,-0.1234150477992545,-0.1262013186962595,-0.12635873307413747,0.6389699813054561,0.5112766818932767,0.5990449815058495,0.6037415728756691,0.5747580770505575,1.0,0.0,0.0,0.08672637430626438,0.17308700293614454
-0.5517752713548881,-0.5517752713548882,6.938893903907228e-18,1.7060869798213754,1.582432485712861,1.3245108506690892,-0.12635177650656423,-0.1234150477992545,-0.1262013186962595,-0.12635873307413747,0.010397290393211566,-0.0004156933095573362,0.01134666968473725,0.00271230206374834,0.011703380550034026,0.0,0.0,3.0,0.15167677282895775,0.15396723438354598
-0.9140452519341671,-0.9140452519341672,6.938893903907228e-18,-1.4352854271537725,-0.44367746431780347,-0.4530805889654692,-0.12635177650656423,-0.1234150477992545,-0.1262013186962595,-0.12635873307413747,0.6389699813054561,0.5112766818932767,0.5990449815058495,0.6037415728756691,0.5747580770505575,1.0,0.0,0.0,0.08672637430626438,0.17308700293614454
-0.3854874114168584,-0.3854874114168585,6.938893903907228e-18,-0.8070109457587429,0.7140996499854334,0.4357151308518101,-0.12635177650656423,-0.1234150477992545,-0.1262013186962595,-0.12635873307413747,-2.209275387517875,-0.41867089953195097,-2.318194800509296,-0.9891003597836074,-2.3503491799228433,0.0,1.0,2.0,0.15167677282895775,0.13674688300204785
-0.8190236176838643,-0.8190236176838644,6.938893903907228e-18,0.1354007763338012,-0.15423318574199427,-0.4530805889654692,-0.12635177650656423,-0.1234150477992545,-0.1262013186962595,-0.12635873307413747,0.010397290393211566,-0.0004156933095573362,0.01134666968473725,0.00271230206374834,0.011703380550034026,0.0,3.0,3.0,0.14097733239617707,0.22954003809359003
1.8772152541684741,1.877215254168474,6.938893903907228e-18,1.0778124984263453,-1.6014545786210403,-1.3418763087827486,-0.12635177650656423,-0.1234150477992545,-0.1262013186962595,-0.12635873307413747,0.6389699813054561,0.5112766818932767,0.5990449815058495,0.6037415728756691,0.5747580770505575,1.0,2.0,0.0,0.12651146884236755,0.1673283671679816
-0.9556172169186745,-0.9556172169186746,6.938893903907228e-18,0.1354007763338012,1.582432485712861,1.3245108506690892,-0.12635177650656423,-0.1234150477992545,-0.1262013186962595,-0.12635873307413747,0.6389699813054561,0.5112766818932767,0.5990449815058495,0.6037415728756691,0.5747580770505575,1.0,0.0,0.0,0.20935976975860046,0.15898122524329308
-0.26077151646333613,-0.26077151646333624,6.938893903907228e-18,-0.17873646436371335,-1.3120103000452312,-1.3418763087827486,-0.12635177650656423,-0.1234150477992545,-0.1262013186962595,-0.12635873307413747,0.6389699813054561,0.5112766818932767,0.5990449815058495,0.6037415728756691,0.5747580770505575,1.0,3.0,0.0,0.1660502046653844,0.1673283671679816
-0.058850543681442935,-0.05885054368144307,6.938893903907228e-18,0.7636752577288308,0.13521109283381497,0.4357151308518101,-0.12635177650656423,-0.1234150477992545,-0.1262013186962595,-0.12635873307413747,-2.209275387517875,-0.41867089953195097,-2.318194800509296,-0.9891003597836074,-2.3503491799228433,0.0,1.0,2.0,0.16510103111430252,0.17531762263116077
1.1883084058537798,1.1883084058537796,6.938893903907228e-18,0.7636752577288308,-0.44367746431780347,-0.4530805889654692,-0.12635177650656423,-0.1234150477992545,-0.1262013186962595,-0.12635873307413747,0.6389699813054561,0.5112766818932767,0.5990449815058495,0.6037415728756691,0.5747580770505575,1.0,1.0,0.0,0.18548593941008734,0.15024426266782237
0.7488333474461298,0.7488333474461297,6.938893903907228e-18,1.0778124984263453,-0.7331217428936128,-0.4530805889654692,-0.12635177650656423,-0.1234150477992545,-0.1262013186962595,-0.12635873307413747,0.6389699813054561,0.5112766818932767,0.5990449815058495,0.6037415728756691,0.5747580770505575,1.0,2.0,0.0,0.33540930347658904,0.17308700293614454
-0.8546567305277278,-0.854656730527728,6.938893903907228e-18,-2.3776971492463166,-1.6014545786210403,-1.3418763087827486,-0.12635177650656423,-0.1234150477992545,-0.1262013186962595,-0.12635873307413747,0.010397290393211566,-0.0004156933095573362,0.01134666968473725,0.00271230206374834,0.011703380550034026,0.0,3.0,3.0,0.16510103111430252,0.0650504030451626
0.8082218688525691,0.8082218688525689,6.938893903907228e-18,1.0778124984263453,1.582432485712861,1.3245108506690892,-0.12635177650656423,-0.1234150477992545,-0.1262013186962595,-0.12635873307413747,0.6389699813054561,0.5112766818932767,0.5990449815058495,0.6037415728756691,0.5747580770505575,1.0,1.0,0.0,0.18548593941008734,0.17308700293614454
-0.7596350962774252,-0.7596350962774253,6.938893903907228e-18,0.24011318989963956,1.0035439285612426,1.3245108506690892,-0.12635177650656423,-0.1234150477992545,-0.1262013186962595,-0.12635873307413747,0.6389699813054561,0.5112766818932767,0.5990449815058495,0.6037415728756691,0.5747580770505575,0.0,0.0,0.0,0.16510103111430252,0.1968313539053329
2.1979132697632457,2.1979132697632453,6.938893903907228e-18,1.8107993933872133,1.0035439285612426,1.3245108506690892,-0.12635177650656423,-0.1234150477992545,-0.1262013186962595,-0.12635873307413747,0.6389699813054561,0.5112766818932767,0.5990449815058495,0.6037415728756691,0.5747580770505575,1.0,2.0,0.0,0.10124046678305615,0.15898122524329308
2.5898775110457444,2.589877511045744,6.938893903907228e-18,1.7060869798213754,0.13521109283381497,0.4357151308518101,-0.12635177650656423,-0.1234150477992545,-0.1262013186962595,-0.12635873307413747,0.6389699813054561,0.5112766818932767,0.5990449815058495,0.6037415728756691,0.5747580770505575,1.0,2.0,0.0,0.12651146884236755,0.1673283671679816
-0.848717878387084,-0.848717878387084,6.938893903907228e-18,-0.07402405079787501,0.13521109283381497,0.4357151308518101,-0.12635177650656423,-0.1234150477992545,-0.1262013186962595,-0.12635873307413747,0.6389699813054561,0.5112766818932767,0.5990449815058495,0.6037415728756691,0.5747580770505575,0.0,0.0,0.0,0.13768872471783386,0.08006216506599288
-1.2347432675289387,-1.2347432675289387,6.938893903907228e-18,-0.9117233593245813,-1.3120103000452312,-1.3418763087827486,-0.12635177650656423,-0.1234150477992545,-0.1262013186962595,-0.12635873307413747,0.6389699813054561,0.5112766818932767,0.5990449815058495,0.6037415728756691,0.5747580770505575,1.0,0.0,0.0,0.1436498720623144,0.1673283671679816
-0.20138299505689697,-0.20138299505689708,6.938893903907228e-18,-0.49287370506122835,-1.6014545786210403,-1.3418763087827486,-0.12635177650656423,-0.1234150477992545,-0.1262013186962595,-0.12635873307413747,-0.8184832340179737,-3.3969806607852577,-0.26538613814093154,-3.0058160722056653,0.001755699908081614,0.0,2.0,1.0,0.16510103111430252,0.05774613214100688
-0.6408580534645468,-0.6408580534645469,6.938893903907228e-18,-0.17873646436371335,-0.44367746431780347,-0.4530805889654692,-0.12635177650656423,-0.1234150477992545,-0.1262013186962595,-0.12635873307413747,0.6389699813054561,0.5112766818932767,0.5990449815058495,0.6037415728756691,0.5747580770505575,1.0,3.0,0.0,0.19666203059805287,0.15898122524329308
0.4281353318513583,0.42813533185135816,6.938893903907228e-18,-0.2834488779295517,-0.15423318574199427,-0.4530805889654692,-0.12635177650656423,-0.1234150477992545,-0.1262013186962595,-0.12635873307413747,-2.209275387517875,-0.41867089953195097,-2.318194800509296,-0.9891003597836074,-2.3503491799228433,0.0,1.0,2.0,0.14291145871471783,0.13674688300204785
-0.17762758649432128,-0.17762758649432142,6.938893903907228e-18,0.44953801703131624,-0.7331217428936128,-0.4530805889654692,-0.12635177650656423,-0.1234150477992545,-0.1262013186962595,-0.12635873307413747,-2.209275387517875,-0.41867089953195097,-2.318194800509296,-0.9891003597836074,-2.3503491799228433,0.0,1.0,2.0,0.13768872471783386,0.13456439393939393
1.0695313630409014,1.0695313630409011,6.938893903907228e-18,0.6589628441629929,-0.44367746431780347,-0.4530805889654692,-0.12635177650656423,-0.1234150477992545,-0.1262013186962595,-0.12635873307413747,0.6389699813054561,0.5112766818932767,0.5990449815058495,0.6037415728756691,0.5747580770505575,1.0,1.0,0.0,0.18534100235256665,0.1673283671679816
-1.2288044153882947,-1.2288044153882949,6.938893903907228e-18,-1.749422667851287,-1.0225660214694219,-1.3418763087827486,-0.12635177650656423,-0.1234150477992545,-0.1262013186962595,-0.12635873307413747,0.010397290393211566,-0.0004156933095573362,0.01134666968473725,0.00271230206374834,0.011703380550034026,0.0,0.0,3.0,0.15167677282895775,0.17936675407686634
-0.058850543681442935,-0.05885054368144307,6.938893903907228e-18,0.1354007763338012,-0.44367746431780347,-0.4530805889654692,-0.12635177650656423,-0.1234150477992545,-0.1262013186962595,-0.12635873307413747,0.6389699813054561,0.5112766818932767,0.5990449815058495,0.6037415728756691,0.5747580770505575,1.0,3.0,0.0,0.1660502046653844,0.1673283671679816
-0.3201600378697753,-0.3201600378697754,6.938893903907228e-18,0.1354007763338012,-1.6014545786210403,-1.3418763087827486,-0.12635177650656423,-0.1234150477992545,-0.1262013186962595,-0.12635873307413747,-2.209275387517875,-0.41867089953195097,-2.318194800509296,-0.9891003597836074,-2.3503491799228433,0.0,1.0,2.0,0.14291145871471783,0.05772647040461312
-1.139721633278636,-1.139721633278636,6.938893903907228e-18,-1.1211481864562576,-1.3120103000452312,-1.3418763087827486,-0.12635177650656423,-0.1234150477992545,-0.1262013186962595,-0.12635873307413747,0.6389699813054561,0.5112766818932767,0.5990449815058495,0.6037415728756691,0.5747580770505575,1.0,0.0,0.0,0.20935976975860046,0.1673283671679816
-0.4983256020890928,-0.49832560208909293,6.938893903907228e-18,0.24011318989963956,0.7140996499854334,0.4357151308518101,-0.12635177650656423,-0.1234150477992545,-0.1262013186962595,-0.12635873307413747,0.6389699813054561,0.5112766818932767,0.5990449815058495,0.6037415728756691,0.5747580770505575,1.0,3.0,0.0,0.0650504030451626,0.15024426266782237
-0.6527357577458347,-0.6527357577458348,6.938893903907228e-18,-0.5975861186270662,0.7140996499854334,0.4357151308518101,-0.12635177650656423,-0.1234150477992545,-0.1262013186962595,-0.12635873307413747,0.6389699813054561,0.5112766818932767,0.5990449815058495,0.6037415728756691,0.5747580770505575,1.0,0.0,0.0,0.20935976975860046,0.15898122524329308
-0.3142211857291314,-0.3142211857291315,6.938893903907228e-18,-0.5975861186270662,1.292988207137052,1.3245108506690892,-0.12635177650656423,-0.1234150477992545,-0.1262013186962595,-0.12635873307413747,-2.209275387517875,-0.41867089953195097,-2.318194800509296,-0.9891003597836074,-2.3503491799228433,0.0,1.0,2.0,0.14097733239617707,0.1578866695276193
-0.7418185398554935,-0.7418185398554935,6.938893903907228e-18,-2.1682723221146403,-1.0225660214694219,-1.3418763087827486,-0.12635177650656423,-0.1234150477992545,-0.1262013186962595,-0.12635873307413747,0.010397290393211566,-0.0004156933095573362,0.01134666968473725,0.00271230206374834,0.011703380550034026,0.0,3.0,3.0,0.15167677282895775,0.12651146884236755
-0.919984104074811,-0.9199841040748111,6.938893903907228e-18,-1.5399978407196109,-0.7331217428936128,-0.4530805889654692,-0.12635177650656423,-0.1234150477992545,-0.1262013186962595,-0.12635873307413747,0.6389699813054561,0.5112766818932767,0.5990449815058495,0.6037415728756691,0.5747580770505575,1.0,0.0,0.0,0.08672637430626438,0.17308700293614454
-0.7358796877148496,-0.7358796877148497,6.938893903907228e-18,1.1825249119921841,0.13521109283381497,0.4357151308518101,-0.12635177650656423,-0.1234150477992545,-0.1262013186962595,-0.12635873307413747,0.010397290393211566,-0.0004156933095573362,0.01134666968473725,0.00271230206374834,0.011703380550034026,0.0,0.0,3.0,0.14291145871471783,0.18534100235256665
-0.7596350962774252,-0.7596350962774253,6.938893903907228e-18,-2.1682723221146403,-1.0225660214694219,-1.3418763087827486,-0.12635177650656423,-0.1234150477992545,-0.1262013186962595,-0.12635873307413747,0.010397290393211566,-0.0004156933095573362,0.01134666968473725,0.00271230206374834,0.011703380550034026,0.0,3.0,3.0,0.14097733239617707,0.08010697799101016
-0.777451652699357,-0.777451652699357,6.938893903907228e-18,-1.1211481864562576,-0.7331217428936128,-0.4530805889654692,-0.12635177650656423,-0.1234150477992545,-0.1262013186962595,-0.12635873307413747,0.6389699813054561,0.5112766818932767,0.5990449815058495,0.6037415728756691,0.5747580770505575,1.0,0.0,0.0,0.20935976975860046,0.15898122524329308
-0.6824300184490543,-0.6824300184490544,6.938893903907228e-18,-1.6447102542854488,-1.3120103000452312,-1.3418763087827486,-0.12635177650656423,-0.1234150477992545,-0.1262013186962595,-0.12635873307413747,-2.209275387517875,-0.41867089953195097,-2.318194800509296,-0.9891003597836074,-2.3503491799228433,0.0,1.0,2.0,0.16510103111430252,0.1699295369539402
1.105164475884765,1.1051644758847647,6.938893903907228e-18,1.7060869798213754,1.0035439285612426,1.3245108506690892,-0.12635177650656423,-0.1234150477992545,-0.1262013186962595,-0.12635873307413747,0.6389699813054561,0.5112766818932767,0.5990449815058495,0.6037415728756691,0.5747580770505575,1.0,2.0,0.0,0.19744861800141744,0.17233522899962855
0.9626320245093108,0.9626320245093107,6.938893903907228e-18,0.44953801703131624,-1.3120103000452312,-1.3418763087827486,-0.12635177650656423,-0.1234150477992545,-0.1262013186962595,-0.12635873307413747,0.6389699813054561,0.5112766818932767,0.5990449815058495,0.6037415728756691,0.5747580770505575,1.0,1.0,0.0,0.20935976975860046,0.17233522899962855
0.7844664602899933,0.7844664602899932,6.938893903907228e-18,1.0778124984263453,-0.7331217428936128,-0.4530805889654692,-0.12635177650656423,-0.1234150477992545,-0.1262013186962595,-0.12635873307413747,0.6389699813054561,0.5112766818932767,0.5990449815058495,0.6037415728756691,0.5747580770505575,1.0,2.0,0.0,0.12651146884236755,0.15898122524329308
0.33311369760105564,0.33311369760105547,6.938893903907228e-18,0.24011318989963956,-0.7331217428936128,-0.4530805889654692,-0.12635177650656423,-0.1234150477992545,-0.1262013186962595,-0.12635873307413747,0.6389699813054561,0.5112766818932767,0.5990449815058495,0.6037415728756691,0.5747580770505575,1.0,1.0,0.0,0.18548593941008734,0.17308700293614454
0.27372517619461645,0.2737251761946163,6.938893903907228e-18,0.1354007763338012,-1.0225660214694219,-1.3418763087827486,-0.12635177650656423,-0.1234150477992545,-0.1262013186962595,-0.12635873307413747,0.6389699813054561,0.5112766818932767,0.5990449815058495,0.6037415728756691,0.5747580770505575,1.0,1.0,0.0,0.17936675407686634,0.1673283671679816
-0.4508147849639415,-0.4508147849639416,6.938893903907228e-18,-0.49287370506122835,0.13521109283381497,0.4357151308518101,-0.12635177650656423,-0.1234150477992545,-0.1262013186962595,-0.12635873307413747,0.6389699813054561,0.5112766818932767,0.5990449815058495,0.6037415728756691,0.5747580770505575,1.0,3.0,0.0,0.16592522390256279,0.15024426266782237
0.21433665478817726,0.21433665478817712,6.938893903907228e-18,0.1354007763338012,0.13521109283381497,0.4357151308518101,-0.12635177650656423,-0.1234150477992545,-0.1262013186962595,-0.12635873307413747,-0.8184832340179737,-3.3969806607852577,-0.26538613814093154,-3.0058160722056653,0.001755699908081614,0.0,2.0,1.0,0.15167677282895775,0.07435710611468219
-0.08260595224401861,-0.08260595224401873,6.938893903907228e-18,-0.2834488779295517,0.13521109283381497,0.4357151308518101,-0.12635177650656423,-0.1234150477992545,-0.1262013186962595,-0.12635873307413747,-2.209275387517875,-0.41867089953195097,-2.318194800509296,-0.9891003597836074,-2.3503491799228433,0.0,3.0,2.0,0.15167677282895775,0.13674688300204785
-0.997189181903182,-0.997189181903182,6.938893903907228e-18,-1.0164357728904196,-0.15423318574199427,-0.4530805889654692,-0.12635177650656423,-0.1234150477992545,-0.1262013186962595,-0.12635873307413747,0.010397290393211566,-0.0004156933095573362,0.01134666968473725,0.00271230206374834,0.011703380550034026,0.0,3.0,3.0,0.15167677282895775,0.2236868210902237
-1.0328222947470453,-1.0328222947470456,6.938893903907228e-18,-1.3305730135879341,0.4246553714096242,0.4357151308518101,-0.12635177650656423,-0.1234150477992545,-0.1262013186962595,-0.12635873307413747,-0.8184832340179737,-3.3969806607852577,-0.26538613814093154,-3.0058160722056653,0.001755699908081614,0.0,0.0,1.0,0.13768872471783386,0.19666203059805287
-0.6171026449019712,-0.6171026449019713,6.938893903907228e-18,-1.3305730135879341,-1.6014545786210403,-1.3418763087827486,-0.12635177650656423,-0.1234150477992545,-0.1262013186962595,-0.12635873307413747,0.6389699813054561,0.5112766818932767,0.5990449815058495,0.6037415728756691,0.5747580770505575,0.0,1.0,0.0,0.15167677282895775,0.12651146884236755
-0.5458364192142442,-0.5458364192142443,6.938893903907228e-18,-1.2258606000220957,-0.15423318574199427,-0.4530805889654692,-2.091621639614918,-3.708865889702901,-2.663749262481789,-2.1058267960343904,-2.209275387517875,-0.41867089953195097,-2.318194800509296,-0.9891003597836074,-2.3503491799228433,0.0,1.0,2.0,0.15167677282895775,0.13674688300204785
-0.26077151646333613,-0.26077151646333624,6.938893903907228e-18,-0.5975861186270662,-0.7331217428936128,-0.4530805889654692,-0.12635177650656423,-0.1234150477992545,-0.1262013186962595,-0.12635873307413747,-2.209275387517875,-0.41867089953195097,-2.318194800509296,-0.9891003597836074,-2.3503491799228433,0.0,3.0,2.0,0.15167677282895775,0.13674688300204785
2.17415786120067,2.1741578612006696,6.938893903907228e-18,1.39194973912386,-0.7331217428936128,-0.4530805889654692,-0.12635177650656423,-0.1234150477992545,-0.1262013186962595,-0.12635873307413747,0.6389699813054561,0.5112766818932767,0.5990449815058495,0.6037415728756691,0.5747580770505575,1.0,2.0,0.0,0.1968313539053329,0.15024426266782237
-0.7833905048400008,-0.783390504840001,6.938893903907228e-18,-0.9117233593245813,1.0035439285612426,1.3245108506690892,-0.12635177650656423,-0.1234150477992545,-0.1262013186962595,-0.12635873307413747,0.6389699813054561,0.5112766818932767,0.5990449815058495,0.6037415728756691,0.5747580770505575,1.0,0.0,0.0,0.13456439393939393,0.17233522899962855
-1.1931713025444313,-1.1931713025444313,6.938893903907228e-18,-1.6447102542854488,-0.7331217428936128,-0.4530805889654692,-0.12635177650656423,-0.1234150477992545,-0.1262013186962595,-0.12635873307413747,0.010397290393211566,-0.0004156933095573362,0.01134666968473725,0.00271230206374834,0.011703380550034026,0.0,0.0,3.0,0.14291145871471783,0.19517426273458446
-0.9556172169186745,-0.9556172169186746,6.938893903907228e-18,-0.49287370506122835,0.4246553714096242,0.4357151308518101,-0.12635177650656423,-0.1234150477992545,-0.1262013186962595,-0.12635873307413747,0.6389699813054561,0.5112766818932767,0.5990449815058495,0.6037415728756691,0.5747580770505575,1.0,0.0,0.0,0.08672637430626438,0.15024426266782237
1.6277834642614297,1.6277834642614295,6.938893903907228e-18,0.8683876712946687,-1.6014545786210403,-1.3418763087827486,-0.12635177650656423,-0.1234150477992545,-0.1262013186962595,-0.12635873307413747,0.6389699813054561,0.5112766818932767,0.5990449815058495,0.6037415728756691,0.5747580770505575,1.0,2.0,0.0,0.07040084743810052,0.17233522899962855
1.960359184137489,1.9603591841374886,6.938893903907228e-18,1.39194973912386,-0.15423318574199427,-0.4530805889654692,-0.12635177650656423,-0.1234150477992545,-0.1262013186962595,-0.12635873307413747,0.6389699813054561,0.5112766818932767,0.5990449815058495,0.6037415728756691,0.5747580770505575,1.0,2.0,0.0,0.10124046678305615,0.15898122524329308
-0.4567536371045854,-0.4567536371045855,6.938893903907228e-18,-1.0164357728904196,0.13521109283381497,0.4357151308518101,-0.12635177650656423,-0.1234150477992545,-0.1262013186962595,-0.12635873307413747,-2.209275387517875,-0.41867089953195097,-2.318194800509296,-0.9891003597836074,-2.3503491799228433,0.0,1.0,2.0,0.14291145871471783,0.13674688300204785
2.17415786120067,2.1741578612006696,6.938893903907228e-18,1.8107993933872133,1.0035439285612426,1.3245108506690892,-0.12635177650656423,-0.1234150477992545,-0.1262013186962595,-0.12635873307413747,0.6389699813054561,0.5112766818932767,0.5990449815058495,0.6037415728756691,0.5747580770505575,1.0,2.0,0.0,0.13401327038706326,0.15024426266782237
1.520884125729839,1.5208841257298389,6.938893903907228e-18,1.39194973912386,1.292988207137052,1.3245108506690892,-0.12635177650656423,-0.1234150477992545,-0.1262013186962595,-0.12635873307413747,0.6389699813054561,0.5112766818932767,0.5990449815058495,0.6037415728756691,0.5747580770505575,1.0,1.0,0.0,0.1436498720623144,0.1673283671679816
-1.1753547461224993,-1.1753547461224996,6.938893903907228e-18,-1.5399978407196109,-0.44367746431780347,-0.4530805889654692,-0.12635177650656423,-0.1234150477992545,-0.1262013186962595,-0.12635873307413747,0.010397290393211566,-0.0004156933095573362,0.01134666968473725,0.00271230206374834,0.011703380550034026,0.0,0.0,3.0,0.13768872471783386,0.2585844637721472
-0.14199447365045778,-0.14199447365045792,6.938893903907228e-18,0.03068836276796287,-0.7331217428936128,-0.4530805889654692,-0.12635177650656423,-0.1234150477992545,-0.1262013186962595,-0.12635873307413747,0.6389699813054561,0.5112766818932767,0.5990449815058495,0.6037415728756691,0.5747580770505575,1.0,3.0,0.0,0.11933097788255113,0.17233522899962855
0.09555961197529891,0.09555961197529879,6.938893903907228e-18,0.44953801703131624,0.4246553714096242,0.4357151308518101,-0.12635177650656423,-0.1234150477992545,-0.1262013186962595,-0.12635873307413747,0.6389699813054561,0.5112766818932767,0.5990449815058495,0.6037415728756691,0.5747580770505575,1.0,3.0,0.0,0.1975784564505561,0.17308700293614454
0.23809206335075295,0.2380920633507528,6.938893903907228e-18,0.6589628441629929,0.7140996499854334,0.4357151308518101,-0.12635177650656423,-0.1234150477992545,-0.1262013186962595,-0.12635873307413747,0.6389699813054561,0.5112766818932767,0.5990449815058495,0.6037415728756691,0.5747580770505575,1.0,3.0,0.0,0.1660502046653844,0.1673283671679816
0.13119272481916242,0.13119272481916228,6.938893903907228e-18,1.287237325558022,1.582432485712861,1.3245108506690892,-0.12635177650656423,-0.1234150477992545,-0.1262013186962595,-0.12635873307413747,-2.209275387517875,-0.41867089953195097,-2.318194800509296,-0.9891003597836074,-2.3503491799228433,0.0,1.0,2.0,0.14097733239617707,0.17531762263116077
-0.11823906508788211,-0.11823906508788223,6.938893903907228e-18,-0.38816129149539,-0.15423318574199427,-0.4530805889654692,-0.12635177650656423,-0.1234150477992545,-0.1262013186962595,-0.12635873307413747,-2.209275387517875,-0.41867089953195097,-2.318194800509296,-0.9891003597836074,-2.3503491799228433,0.0,3.0,2.0,0.16510103111430252,0.1699295369539402
1.2833300401040824,1.2833300401040821,6.938893903907228e-18,0.44953801703131624,-1.6014545786210403,-1.3418763087827486,-0.12635177650656423,-0.1234150477992545,-0.1262013186962595,-0.12635873307413747,0.6389699813054561,0.5112766818932767,0.5990449815058495,0.6037415728756691,0.5747580770505575,1.0,2.0,0.0,0.22954003809359003,0.17308700293614454
-1.062516555450265,-1.0625165554502651,6.938893903907228e-18,-0.9117233593245813,-0.7331217428936128,-0.4530805889654692,-0.12635177650656423,-0.1234150477992545,-0.1262013186962595,-0.12635873307413747,0.6389699813054561,0.5112766818932767,0.5990449815058495,0.6037415728756691,0.5747580770505575,1.0,0.0,0.0,0.20935976975860046,0.15898122524329308
-0.48050904566716107,-0.4805090456671612,6.938893903907228e-18,0.24011318989963956,0.7140996499854334,0.4357151308518101,-0.12635177650656423,-0.1234150477992545,-0.1262013186962595,-0.12635873307413747,0.6389699813054561,0.5112766818932767,0.5990449815058495,0.6037415728756691,0.5747580770505575,1.0,3.0,0.0,0.19666203059805287,0.17233522899962855
-0.3557931507136388,-0.35579315071363893,6.938893903907228e-18,0.5542504305971541,1.582432485712861,1.3245108506690892,-0.12635177650656423,-0.1234150477992545,-0.1262013186962595,-0.12635873307413747,0.6389699813054561,0.5112766818932767,0.5990449815058495,0.6037415728756691,0.5747580770505575,1.0,3.0,0.0,0.19666203059805287,0.15898122524329308
-0.26077151646333613,-0.26077151646333624,6.938893903907228e-18,0.7636752577288308,1.0035439285612426,1.3245108506690892,-0.12635177650656423,-0.1234150477992545,-0.1262013186962595,-0.12635873307413747,0.010397290393211566,-0.0004156933095573362,0.01134666968473725,0.00271230206374834,0.011703380550034026,0.0,2.0,3.0,0.15167677282895775,0.1436498720623144
-0.7952682091212887,-0.7952682091212888,6.938893903907228e-18,0.9731000848605075,-0.44367746431780347,-0.4530805889654692,-0.12635177650656423,-0.1234150477992545,-0.1262013186962595,-0.12635873307413747,0.010397290393211566,-0.0004156933095573362,0.01134666968473725,0.00271230206374834,0.011703380550034026,0.0,0.0,3.0,0.16510103111430252,0.22954003809359003
-0.7418185398554935,-0.7418185398554935,6.938893903907228e-18,1.0778124984263453,-0.15423318574199427,-0.4530805889654692,-0.12635177650656423,-0.1234150477992545,-0.1262013186962595,-0.12635873307413747,0.010397290393211566,-0.0004156933095573362,0.01134666968473725,0.00271230206374834,0.011703380550034026,0.0,0.0,3.0,0.14097733239617707,0.1968313539053329
0.45189074041393396,0.45189074041393384,6.938893903907228e-18,0.5542504305971541,1.292988207137052,1.3245108506690892,-0.12635177650656423,-0.1234150477992545,-0.1262013186962595,-0.12635873307413747,-0.8184832340179737,-3.3969806607852577,-0.26538613814093154,-3.0058160722056653,0.001755699908081614,0.0,2.0,1.0,0.15167677282895775,0.07435710611468219
-0.26077151646333613,-0.26077151646333624,6.938893903907228e-18,0.03068836276796287,1.582432485712861,1.3245108506690892,-0.12635177650656423,-0.1234150477992545,-0.1262013186962595,-0.12635873307413747,0.6389699813054561,0.5112766818932767,0.5990449815058495,0.6037415728756691,0.5747580770505575,1.0,3.0,0.0,0.0,0.15898122524329308
-0.925922956215455,-0.925922956215455,6.938893903907228e-18,-0.2834488779295517,1.0035439285612426,1.3245108506690892,-0.12635177650656423,-0.1234150477992545,-0.1262013186962595,-0.12635873307413747,0.6389699813054561,0.5112766818932767,0.5990449815058495,0.6037415728756691,0.5747580770505575,1.0,0.0,0.0,0.08672637430626438,0.15024426266782237
0.6894448260396907,0.6894448260396905,6.938893903907228e-18,0.24011318989963956,1.292988207137052,1.3245108506690892,-0.12635177650656423,-0.1234150477992545,-0.1262013186962595,-0.12635873307413747,-2.209275387517875,-0.41867089953195097,-2.318194800509296,-0.9891003597836074,-2.3503491799228433,0.0,1.0,2.0,0.15167677282895775,0.13674688300204785
-0.7180631312929178,-0.7180631312929179,6.938893903907228e-18,-0.9117233593245813,-0.15423318574199427,-0.4530805889654692,-0.12635177650656423,-0.1234150477992545,-0.1262013186962595,-0.12635873307413747,0.6389699813054561,0.5112766818932767,0.5990449815058495,0.6037415728756691,0.5747580770505575,1.0,0.0,0.0,0.24226449690579877,0.17233522899962855
-0.9021675476528792,-0.9021675476528793,6.938893903907228e-18,-0.17873646436371335,-1.0225660214694219,-1.3418763087827486,-0.12635177650656423,-0.1234150477992545,-0.1262013186962595,-0.12635873307413747,0.010397290393211566,-0.0004156933095573362,0.01134666968473725,0.00271230206374834,0.011703380550034026,0.0,3.0,3.0,0.16510103111430252,0.2730119183401656
-0.4508147849639415,-0.4508147849639416,6.938893903907228e-18,-1.2258606000220957,1.582432485712861,1.3245108506690892,-0.12635177650656423,-0.1234150477992545,-0.1262013186962595,-0.12635873307413747,0.010397290393211566,-0.0004156933095573362,0.01134666968473725,0.00271230206374834,0.011703380550034026,0.0,3.0,3.0,0.14097733239617707,0.08010697799101016
-1.062516555450265,-1.0625165554502651,6.938893903907228e-18,-1.5399978407196109,-0.15423318574199427,-0.4530805889654692,-0.12635177650656423,-0.1234150477992545,-0.1262013186962595,-0.12635873307413747,-0.8184832340179737,-3.3969806607852577,-0.26538613814093154,-3.0058160722056653,0.001755699908081614,0.0,0.0,1.0,0.15167677282895775,0.22934827405998476
0.8676103902590082,0.867610390259008,6.938893903907228e-18,1.287237325558022,-0.15423318574199427,-0.4530805889654692,6.3405618756021225,6.193191489561653,6.333011629121452,6.34091096881127,0.6389699813054561,0.5112766818932767,0.5990449815058495,0.6037415728756691,0.5747580770505575,1.0,2.0,0.0,0.12651146884236755,0.15898122524329308
-0.3557931507136388,-0.35579315071363893,6.938893903907228e-18,-0.9117233593245813,-0.44367746431780347,-0.4530805889654692,-0.12635177650656423,-0.1234150477992545,-0.1262013186962595,-0.12635873307413747,0.6389699813054561,0.5112766818932767,0.5990449815058495,0.6037415728756691,0.5747580770505575,0.0,1.0,0.0,0.13768872471783386,0.11933097788255113
-0.9734337733406062,-0.9734337733406063,6.938893903907228e-18,-0.38816129149539,-1.6014545786210403,-1.3418763087827486,-0.12635177650656423,-0.1234150477992545,-0.1262013186962595,-0.12635873307413747,0.010397290393211566,-0.0004156933095573362,0.01134666968473725,0.00271230206374834,0.011703380550034026,0.0,3.0,3.0,0.16510103111430252,0.2730119183401656
1.9009706627310499,1.9009706627310496,6.938893903907228e-18,1.39194973912386,1.0035439285612426,1.3245108506690892,-0.12635177650656423,-0.1234150477992545,-0.1262013186962595,-0.12635873307413747,0.6389699813054561,0.5112766818932767,0.5990449815058495,0.6037415728756691,0.5747580770505575,1.0,2.0,0.0,0.17519261330490235,0.15898122524329308
1.6159057599801419,1.6159057599801416,6.938893903907228e-18,0.8683876712946687,-0.44367746431780347,-0.4530805889654692,-0.12635177650656423,-0.1234150477992545,-0.1262013186962595,-0.12635873307413747,0.6389699813054561,0.5112766818932767,0.5990449815058495,0.6037415728756691,0.5747580770505575,1.0,2.0,0.0,0.17519261330490235,0.15898122524329308
-1.0268834426064015,-1.0268834426064015,6.938893903907228e-18,-0.17873646436371335,0.7140996499854334,0.4357151308518101,-0.12635177650656423,-0.1234150477992545,-0.1262013186962595,-0.12635873307413747,0.6389699813054561,0.5112766818932767,0.5990449815058495,0.6037415728756691,0.5747580770505575,1.0,0.0,0.0,0.13465588570916845,0.15024426266782237
2.0553808183877917,2.0553808183877913,6.938893903907228e-18,1.287237325558022,-1.0225660214694219,-1.3418763087827486,-0.12635177650656423,-0.1234150477992545,-0.1262013186962595,-0.12635873307413747,0.6389699813054561,0.5112766818932767,0.5990449815058495,0.6037415728756691,0.5747580770505575,1.0,2.0,0.0,0.09440656592643255,0.17233522899962855
-0.11823906508788211,-0.11823906508788223,6.938893903907228e-18,-0.2834488779295517,1.292988207137052,1.3245108506690892,-0.12635177650656423,-0.1234150477992545,-0.1262013186962595,-0.12635873307413747,0.6389699813054561,0.5112766818932767,0.5990449815058495,0.6037415728756691,0.5747580770505575,0.0,1.0,0.0,0.16510103111430252,0.12658929487110865
1.9009706627310499,1.9009706627310496,6.938893903907228e-18,1.287237325558022,-0.44367746431780347,-0.4530805889654692,-0.12635177650656423,-0.1234150477992545,-0.1262013186962595,-0.12635873307413747,0.6389699813054561,0.5112766818932767,0.5990449815058495,0.6037415728756691,0.5747580770505575,1.0,2.0,0.0,0.13401327038706326,0.15024426266782237
1.8059490284807471,1.805949028480747,6.938893903907228e-18,1.0778124984263453,-0.7331217428936128,-0.4530805889654692,-0.12635177650656423,-0.1234150477992545,-0.1262013186962595,-0.12635873307413747,0.6389699813054561,0.5112766818932767,0.5990449815058495,0.6037415728756691,0.5747580770505575,1.0,2.0,0.0,0.07040084743810052,0.17233522899962855
1.9366037755749133,1.9366037755749133,6.938893903907228e-18,1.39194973912386,-0.15423318574199427,-0.4530805889654692,6.3405618756021225,6.193191489561653,6.333011629121452,6.34091096881127,0.6389699813054561,0.5112766818932767,0.5990449815058495,0.6037415728756691,0.5747580770505575,1.0,2.0,0.0,0.07040084743810052,0.17233522899962855
-1.0209445904657575,-1.0209445904657577,6.938893903907228e-18,-0.7022985321929046,-0.15423318574199427,-0.4530805889654692,6.3405618756021225,6.193191489561653,6.333011629121452,6.34091096881127,0.6389699813054561,0.5112766818932767,0.5990449815058495,0.6037415728756691,0.5747580770505575,1.0,0.0,0.0,0.12658929487110865,0.17308700293614454
-1.0743942597315528,-1.074394259731553,6.938893903907228e-18,-0.38816129149539,0.13521109283381497,0.4357151308518101,-0.12635177650656423,-0.1234150477992545,-0.1262013186962595,-0.12635873307413747,0.6389699813054561,0.5112766818932767,0.5990449815058495,0.6037415728756691,0.5747580770505575,1.0,0.0,0.0,0.1436498720623144,0.17233522899962855
-0.6586746098864786,-0.6586746098864787,6.938893903907228e-18,-1.1211481864562576,-1.6014545786210403,-1.3418763087827486,-0.12635177650656423,-0.1234150477992545,-0.1262013186962595,-0.12635873307413747,0.6389699813054561,0.5112766818932767,0.5990449815058495,0.6037415728756691,0.5747580770505575,1.0,3.0,0.0,0.15396723438354598,0.1673283671679816
-0.3795485592762145,-0.3795485592762146,6.938893903907228e-18,0.5542504305971541,1.582432485712861,1.3245108506690892,-0.12635177650656423,-0.1234150477992545,-0.1262013186962595,-0.12635873307413747,0.6389699813054561,0.5112766818932767,0.5990449815058495,0.6037415728756691,0.5747580770505575,1.0,3.0,0.0,0.19666203059805287,0.1673283671679816
0.9507543202280231,0.9507543202280229,6.938893903907228e-18,1.39194973912386,0.13521109283381497,0.4357151308518101,-0.12635177650656423,-0.1234150477992545,-0.1262013186962595,-0.12635873307413747,0.6389699813054561,0.5112766818932767,0.5990449815058495,0.6037415728756691,0.5747580770505575,1.0,2.0,0.0,0.33540930347658904,0.17308700293614454
-0.9140452519341671,-0.9140452519341672,6.938893903907228e-18,-0.8070109457587429,1.582432485712861,1.3245108506690892,-0.12635177650656423,-0.1234150477992545,-0.1262013186962595,-0.12635873307413747,-0.8184832340179737,-3.3969806607852577,-0.26538613814093154,-3.0058160722056653,0.001755699908081614,0.0,0.0,1.0,0.14097733239617707,0.12658929487110865
0.08368190769401108,0.08368190769401095,6.938893903907228e-18,1.0778124984263453,1.0035439285612426,1.3245108506690892,-0.12635177650656423,-0.1234150477992545,-0.1262013186962595,-0.12635873307413747,-2.209275387517875,-0.41867089953195097,-2.318194800509296,-0.9891003597836074,-2.3503491799228433,0.0,1.0,2.0,0.13768872471783386,0.13456439393939393
-0.5280198627923124,-0.5280198627923125,6.938893903907228e-18,-1.2258606000220957,-0.15423318574199427,-0.4530805889654692,-0.12635177650656423,-0.1234150477992545,-0.1262013186962595,-0.12635873307413747,-2.209275387517875,-0.41867089953195097,-2.318194800509296,-0.9891003597836074,-2.3503491799228433,0.0,1.0,2.0,0.16510103111430252,0.1699295369539402
-0.343915446432351,-0.3439154464323511,6.938893903907228e-18,-0.8070109457587429,-0.15423318574199427,-0.4530805889654692,6.3405618756021225,6.193191489561653,6.333011629121452,6.34091096881127,0.6389699813054561,0.5112766818932767,0.5990449815058495,0.6037415728756691,0.5747580770505575,0.0,1.0,0.0,0.14291145871471783,0.05772647040461312
0.33311369760105564,0.33311369760105547,6.938893903907228e-18,0.8683876712946687,1.292988207137052,1.3245108506690892,-0.12635177650656423,-0.1234150477992545,-0.1262013186962595,-0.12635873307413747,0.6389699813054561,0.5112766818932767,0.5990449815058495,0.6037415728756691,0.5747580770505575,1.0,3.0,0.0,0.22954003809359003,0.15024426266782237
-0.6349192013239029,-0.634919201323903,6.938893903907228e-18,-1.5399978407196109,-1.0225660214694219,-1.3418763087827486,-0.12635177650656423,-0.1234150477992545,-0.1262013186962595,-0.12635873307413747,-2.209275387517875,-0.41867089953195097,-2.318194800509296,-0.9891003597836074,-2.3503491799228433,0.0,1.0,2.0,0.13768872471783386,0.13496652423002414
-1.199110154685075,-1.199110154685075,6.938893903907228e-18,-0.8070109457587429,-1.0225660214694219,-1.3418763087827486,-0.12635177650656423,-0.1234150477992545,-0.1262013186962595,-0.12635873307413747,0.6389699813054561,0.5112766818932767,0.5990449815058495,0.6037415728756691,0.5747580770505575,1.0,0.0,0.0,0.13465588570916845,0.15024426266782237
-1.068455407590909,-1.068455407590909,6.938893903907228e-18,-0.2834488779295517,0.4246553714096242,0.4357151308518101,-0.12635177650656423,-0.1234150477992545,-0.1262013186962595,-0.12635873307413747,0.6389699813054561,0.5112766818932767,0.5990449815058495,0.6037415728756691,0.5747580770505575,1.0,0.0,0.0,0.20935976975860046,0.15898122524329308
-0.02321743083757943,-0.023217430837579562,6.938893903907228e-18,-0.2834488779295517,-1.0225660214694219,-1.3418763087827486,-0.12635177650656423,-0.1234150477992545,-0.1262013186962595,-0.12635873307413747,-0.8184832340179737,-3.3969806607852577,-0.26538613814093154,-3.0058160722056653,0.001755699908081614,0.0,2.0,1.0,0.14097733239617707,0.08672637430626438
-0.20138299505689697,-0.20138299505689708,6.938893903907228e-18,-0.49287370506122835,0.7140996499854334,0.4357151308518101,-0.12635177650656423,-0.1234150477992545,-0.1262013186962595,-0.12635873307413747,0.6389699813054561,0.5112766818932767,0.5990449815058495,0.6037415728756691,0.5747580770505575,0.0,1.0,0.0,0.13768872471783386,0.11933097788255113
1.8772152541684741,1.877215254168474,6.938893903907228e-18,1.287237325558022,-0.44367746431780347,-0.4530805889654692,-0.12635177650656423,-0.1234150477992545,-0.1262013186962595,-0.12635873307413747,0.6389699813054561,0.5112766818932767,0.5990449815058495,0.6037415728756691,0.5747580770505575,1.0,2.0,0.0,0.11659318079944302,0.17308700293614454
-0.6705523141677664,-0.6705523141677665,6.938893903907228e-18,0.44953801703131624,1.582432485712861,1.3245108506690892,-0.12635177650656423,-0.1234150477992545,-0.1262013186962595,-0.12635873307413747,0.6389699813054561,0.5112766818932767,0.5990449815058495,0.6037415728756691,0.5747580770505575,0.0,0.0,0.0,0.14097733239617707,0.16615878501917156
-0.415181672120078,-0.4151816721200781,6.938893903907228e-18,0.44953801703131624,1.292988207137052,1.3245108506690892,-0.12635177650656423,-0.1234150477992545,-0.1262013186962595,-0.12635873307413747,0.6389699813054561,0.5112766818932767,0.5990449815058495,0.6037415728756691,0.5747580770505575,1.0,3.0,0.0,0.19666203059805287,0.1673283671679816
-0.6527357577458347,-0.6527357577458348,6.938893903907228e-18,-1.5399978407196109,-1.0225660214694219,-1.3418763087827486,-0.12635177650656423,-0.1234150477992545,-0.1262013186962595,-0.12635873307413747,-2.209275387517875,-0.41867089953195097,-2.318194800509296,-0.9891003597836074,-2.3503491799228433,0.0,1.0,2.0,0.13768872471783386,0.13496652423002414
-0.8546567305277278,-0.854656730527728,6.938893903907228e-18,-0.38816129149539,1.582432485712861,1.3245108506690892,-0.12635177650656423,-0.1234150477992545,-0.1262013186962595,-0.12635873307413747,0.010397290393211566,-0.0004156933095573362,0.01134666968473725,0.00271230206374834,0.011703380550034026,0.0,3.0,3.0,0.14097733239617707,0.08672637430626438
0.21433665478817726,0.21433665478817712,6.938893903907228e-18,0.6589628441629929,0.7140996499854334,0.4357151308518101,-0.12635177650656423,-0.1234150477992545,-0.1262013186962595,-0.12635873307413747,0.6389699813054561,0.5112766818932767,0.5990449815058495,0.6037415728756691,0.5747580770505575,1.0,3.0,0.0,0.11933097788255113,0.17233522899962855
-0.43299822854200976,-0.43299822854200987,6.938893903907228e-18,-1.2258606000220957,1.582432485712861,1.3245108506690892,-0.12635177650656423,-0.1234150477992545,-0.1262013186962595,-0.12635873307413747,0.010397290393211566,-0.0004156933095573362,0.01134666968473725,0.00271230206374834,0.011703380550034026,0.0,3.0,3.0,0.14097733239617707,0.08010697799101016
-0.14199447365045778,-0.14199447365045792,6.938893903907228e-18,0.5542504305971541,-0.44367746431780347,-0.4530805889654692,-0.12635177650656423,-0.1234150477992545,-0.1262013186962595,-0.12635873307413747,-2.209275387517875,-0.41867089953195097,-2.318194800509296,-0.9891003597836074,-2.3503491799228433,0.0,1.0,2.0,0.13768872471783386,0.13456439393939393
-0.8368401741057961,-0.8368401741057963,6.938893903907228e-18,-1.2258606000220957,0.13521109283381497,0.4357151308518101,-0.12635177650656423,-0.1234150477992545,-0.1262013186962595,-0.12635873307413747,0.6389699813054561,0.5112766818932767,0.5990449815058495,0.6037415728756691,0.5747580770505575,1.0,0.0,0.0,0.13456439393939393,0.1673283671679816
-0.8724732869496596,-0.8724732869496598,6.938893903907228e-18,-1.3305730135879341,-0.15423318574199427,-0.4530805889654692,-0.12635177650656423,-0.1234150477992545,-0.1262013186962595,-0.12635873307413747,0.6389699813054561,0.5112766818932767,0.5990449815058495,0.6037415728756691,0.5747580770505575,1.0,0.0,0.0,0.08672637430626438,0.17308700293614454
-0.22513840361947263,-0.22513840361947274,6.938893903907228e-18,0.8683876712946687,1.292988207137052,1.3245108506690892,-0.12635177650656423,-0.1234150477992545,-0.1262013186962595,-0.12635873307413747,0.010397290393211566,-0.0004156933095573362,0.01134666968473725,0.00271230206374834,0.011703380550034026,0.0,2.0,3.0,0.16510103111430252,0.08010697799101016
-0.3795485592762145,-0.3795485592762146,6.938893903907228e-18,-0.2834488779295517,0.7140996499854334,0.4357151308518101,-0.12635177650656423,-0.1234150477992545,-0.1262013186962595,-0.12635873307413747,0.6389699813054561,0.5112766818932767,0.5990449815058495,0.6037415728756691,0.5747580770505575,1.0,3.0,0.0,0.0,0.15898122524329308
-1.1575381897005677,-1.1575381897005677,6.938893903907228e-18,-0.7022985321929046,-0.7331217428936128,-0.4530805889654692,-0.12635177650656423,-0.1234150477992545,-0.1262013186962595,-0.12635873307413747,0.6389699813054561,0.5112766818932767,0.5990449815058495,0.6037415728756691,0.5747580770505575,1.0,0.0,0.0,0.13465588570916845,0.15024426266782237
1.4852510128859757,1.4852510128859755,6.938893903907228e-18,1.287237325558022,1.0035439285612426,1.3245108506690892,-0.12635177650656423,-0.1234150477992545,-0.1262013186962595,-0.12635873307413747,0.6389699813054561,0.5112766818932767,0.5990449815058495,0.6037415728756691,0.5747580770505575,1.0,1.0,0.0,0.1436498720623144,0.1673283671679816
-0.6824300184490543,-0.6824300184490544,6.938893903907228e-18,-0.38816129149539,-1.0225660214694219,-1.3418763087827486,-0.12635177650656423,-0.1234150477992545,-0.1262013186962595,-0.12635873307413747,0.6389699813054561,0.5112766818932767,0.5990449815058495,0.6037415728756691,0.5747580770505575,1.0,3.0,0.0,0.19666203059805287,0.1673283671679816
-0.10636136080659428,-0.1063613608065944,6.938893903907228e-18,0.6589628441629929,-0.15423318574199427,-0.4530805889654692,-2.091621639614918,-3.708865889702901,-2.663749262481789,-2.1058267960343904,-2.209275387517875,-0.41867089953195097,-2.318194800509296,-0.9891003597836074,-2.3503491799228433,0.0,1.0,2.0,0.13768872471783386,0.13456439393939393
-0.8962286955122353,-0.8962286955122354,6.938893903907228e-18,-1.4352854271537725,-1.6014545786210403,-1.3418763087827486,-0.12635177650656423,-0.1234150477992545,-0.1262013186962595,-0.12635873307413747,0.6389699813054561,0.5112766818932767,0.5990449815058495,0.6037415728756691,0.5747580770505575,1.0,0.0,0.0,0.2399601028925403,0.1673283671679816
0.1549481333817381,0.15494813338173796,6.938893903907228e-18,-0.07402405079787501,-1.6014545786210403,-1.3418763087827486,-0.12635177650656423,-0.1234150477992545,-0.1262013186962595,-0.12635873307413747,0.6389699813054561,0.5112766818932767,0.5990449815058495,0.6037415728756691,0.5747580770505575,1.0,1.0,0.0,0.17936675407686634,0.1673283671679816
-0.7061854270116299,-0.70618542701163,6.938893903907228e-18,-2.0635599085488017,-0.7331217428936128,-0.4530805889654692,-0.12635177650656423,-0.1234150477992545,-0.1262013186962595,-0.12635873307413747,0.010397290393211566,-0.0004156933095573362,0.01134666968473725,0.00271230206374834,0.011703380550034026,0.0,3.0,3.0,0.15167677282895775,0.12651146884236755
-0.3557931507136388,-0.35579315071363893,6.938893903907228e-18,-0.8070109457587429,-1.3120103000452312,-1.3418763087827486,-0.12635177650656423,-0.1234150477992545,-0.1262013186962595,-0.12635873307413747,-2.209275387517875,-0.41867089953195097,-2.318194800509296,-0.9891003597836074,-2.3503491799228433,0.0,3.0,2.0,0.14291145871471783,0.13674688300204785
-0.27264922074462394,-0.2726492207446241,6.938893903907228e-18,-0.7022985321929046,0.13521109283381497,0.4357151308518101,-0.12635177650656423,-0.1234150477992545,-0.1262013186962595,-0.12635873307413747,0.6389699813054561,0.5112766818932767,0.5990449815058495,0.6037415728756691,0.5747580770505575,0.0,1.0,0.0,0.14291145871471783,0.05772647040461312
0.594423191789388,0.5944231917893879,6.938893903907228e-18,0.03068836276796287,0.7140996499854334,0.4357151308518101,-0.12635177650656423,-0.1234150477992545,-0.1262013186962595,-0.12635873307413747,-2.209275387517875,-0.41867089953195097,-2.318194800509296,-0.9891003597836074,-2.3503491799228433,0.0,1.0,2.0,0.14291145871471783,0.13674688300204785
-1.0387611468876894,-1.0387611468876894,6.938893903907228e-18,-1.2258606000220957,-0.7331217428936128,-0.4530805889654692,-0.12635177650656423,-0.1234150477992545,-0.1262013186962595,-0.12635873307413747,0.010397290393211566,-0.0004156933095573362,0.01134666968473725,0.00271230206374834,0.011703380550034026,0.0,3.0,3.0,0.16510103111430252,0.19541756652418887
-0.6171026449019712,-0.6171026449019713,6.938893903907228e-18,-1.749422667851287,0.13521109283381497,0.4357151308518101,-0.12635177650656423,-0.1234150477992545,-0.1262013186962595,-0.12635873307413747,0.010397290393211566,-0.0004156933095573362,0.01134666968473725,0.00271230206374834,0.011703380550034026,0.0,3.0,3.0,0.14291145871471783,0.15396723438354598
-0.8962286955122353,-0.8962286955122354,6.938893903907228e-18,-0.8070109457587429,1.582432485712861,1.3245108506690892,-0.12635177650656423,-0.1234150477992545,-0.1262013186962595,-0.12635873307413747,-0.8184832340179737,-3.3969806607852577,-0.26538613814093154,-3.0058160722056653,0.001755699908081614,0.0,0.0,1.0,0.13768872471783386,0.19666203059805287
0.7725887560087055,0.7725887560087054,6.938893903907228e-18,0.9731000848605075,1.292988207137052,1.3245108506690892,-0.12635177650656423,-0.1234150477992545,-0.1262013186962595,-0.12635873307413747,0.6389699813054561,0.5112766818932767,0.5990449815058495,0.6037415728756691,0.5747580770505575,1.0,1.0,0.0,0.17936675407686634,0.1673283671679816
0.47564614897650964,0.4756461489765095,6.938893903907228e-18,0.1354007763338012,-1.3120103000452312,-1.3418763087827486,-0.12635177650656423,-0.1234150477992545,-0.1262013186962595,-0.12635873307413747,0.6389699813054561,0.5112766818932767,0.5990449815058495,0.6037415728756691,0.5747580770505575,1.0,1.0,0.0,0.12203580466772894,0.1673283671679816
-0.8368401741057961,-0.8368401741057963,6.938893903907228e-18,-2.3776971492463166,-1.6014545786210403,-1.3418763087827486,-0.12635177650656423,-0.1234150477992545,-0.1262013186962595,-0.12635873307413747,0.010397290393211566,-0.0004156933095573362,0.01134666968473725,0.00271230206374834,0.011703380550034026,0.0,3.0,3.0,0.14291145871471783,0.15396723438354598
-0.6230414970426151,-0.6230414970426152,6.938893903907228e-18,0.7636752577288308,1.582432485712861,1.3245108506690892,-0.12635177650656423,-0.1234150477992545,-0.1262013186962595,-0.12635873307413747,0.010397290393211566,-0.0004156933095573362,0.01134666968473725,0.00271230206374834,0.011703380550034026,0.0,3.0,3.0,0.14097733239617707,0.22954003809359003
-0.415181672120078,-0.4151816721200781,6.938893903907228e-18,-0.38816129149539,0.4246553714096242,0.4357151308518101,-0.12635177650656423,-0.1234150477992545,-0.1262013186962595,-0.12635873307413747,0.6389699813054561,0.5112766818932767,0.5990449815058495,0.6037415728756691,0.5747580770505575,1.0,3.0,0.0,0.16592522390256279,0.15024426266782237
0.47564614897650964,0.4756461489765095,6.938893903907228e-18,-0.17873646436371335,0.13521109283381497,0.4357151308518101,-0.12635177650656423,-0.1234150477992545,-0.1262013186962595,-0.12635873307413747,-2.209275387517875,-0.41867089953195097,-2.318194800509296,-0.9891003597836074,-2.3503491799228433,0.0,1.0,2.0,0.15167677282895775,0.13674688300204785
-0.9378006604967427,-0.9378006604967428,6.938893903907228e-18,-0.2834488779295517,-0.44367746431780347,-0.4530805889654692,-0.12635177650656423,-0.1234150477992545,-0.1262013186962595,-0.12635873307413747,0.6389699813054561,0.5112766818932767,0.5990449815058495,0.6037415728756691,0.5747580770505575,0.0,0.0,0.0,0.14291145871471783,0.18534100235256665
-1.1575381897005677,-1.1575381897005677,6.938893903907228e-18,-1.5399978407196109,-0.44367746431780347,-0.4530805889654692,-0.12635177650656423,-0.1234150477992545,-0.1262013186962595,-0.12635873307413747,0.010397290393211566,-0.0004156933095573362,0.01134666968473725,0.00271230206374834,0.011703380550034026,0.0,0.0,3.0,0.14291145871471783,0.19517426273458446
1.2239415186976432,1.223941518697643,6.938893903907228e-18,0.8683876712946687,-0.15423318574199427,-0.4530805889654692,6.3405618756021225,6.193191489561653,6.333011629121452,6.34091096881127,0.6389699813054561,0.5112766818932767,0.5990449815058495,0.6037415728756691,0.5747580770505575,1.0,1.0,0.0,0.14375848447281284,0.17308700293614454
-1.0981496682941285,-1.0981496682941285,6.938893903907228e-18,-1.4352854271537725,-1.3120103000452312,-1.3418763087827486,-0.12635177650656423,-0.1234150477992545,-0.1262013186962595,-0.12635873307413747,0.010397290393211566,-0.0004156933095573362,0.01134666968473725,0.00271230206374834,0.011703380550034026,0.0,3.0,3.0,0.16510103111430252,0.19541756652418887
0.21433665478817726,0.21433665478817712,6.938893903907228e-18,0.24011318989963956,1.582432485712861,1.3245108506690892,-0.12635177650656423,-0.1234150477992545,-0.1262013186962595,-0.12635873307413747,-2.209275387517875,-0.41867089953195097,-2.318194800509296,-0.9891003597836074,-2.3503491799228433,0.0,3.0,2.0,0.15167677282895775,0.13674688300204785
0.6538117131958272,0.653811713195827,6.938893903907228e-18,0.7636752577288308,0.7140996499854334,0.4357151308518101,-0.12635177650656423,-0.1234150477992545,-0.1262013186962595,-0.12635873307413747,0.6389699813054561,0.5112766818932767,0.5990449815058495,0.6037415728756691,0.5747580770505575,1.0,1.0,0.0,0.17936675407686634,0.1673283671679816
0.9269989116654473,0.9269989116654472,6.938893903907228e-18,0.8683876712946687,0.7140996499854334,0.4357151308518101,-0.12635177650656423,-0.1234150477992545,-0.1262013186962595,-0.12635873307413747,0.6389699813054561,0.5112766818932767,0.5990449815058495,0.6037415728756691,0.5747580770505575,1.0,1.0,0.0,0.07040084743810052,0.17233522899962855
1.4852510128859757,1.4852510128859755,6.938893903907228e-18,1.39194973912386,1.582432485712861,1.3245108506690892,-0.12635177650656423,-0.1234150477992545,-0.1262013186962595,-0.12635873307413747,0.6389699813054561,0.5112766818932767,0.5990449815058495,0.6037415728756691,0.5747580770505575,1.0,1.0,0.0,0.17531762263116077,0.17308700293614454
-0.5992860884800394,-0.5992860884800395,6.938893903907228e-18,-1.749422667851287,0.13521109283381497,0.4357151308518101,-0.12635177650656423,-0.1234150477992545,-0.1262013186962595,-0.12635873307413747,0.010397290393211566,-0.0004156933095573362,0.01134666968473725,0.00271230206374834,0.011703380550034026,0.0,3.0,3.0,0.14097733239617707,0.08010697799101016
-0.7240019834335617,-0.7240019834335618,6.938893903907228e-18,0.3448256034654774,1.292988207137052,1.3245108506690892,-0.12635177650656423,-0.1234150477992545,-0.1262013186962595,-0.12635873307413747,0.6389699813054561,0.5112766818932767,0.5990449815058495,0.6037415728756691,0.5747580770505575,0.0,0.0,0.0,0.16510103111430252,0.1968313539053329
1.164552997291204,1.1645529972912039,6.938893903907228e-18,0.7636752577288308,-0.44367746431780347,-0.4530805889654692,-0.12635177650656423,-0.1234150477992545,-0.1262013186962595,-0.12635873307413747,0.6389699813054561,0.5112766818932767,0.5990449815058495,0.6037415728756691,0.5747580770505575,1.0,1.0,0.0,0.1436498720623144,0.1673283671679816
2.946208639484379,2.9462086394843787,6.938893903907228e-18,2.02022422051889,1.0035439285612426,1.3245108506690892,-0.12635177650656423,-0.1234150477992545,-0.1262013186962595,-0.12635873307413747,0.6389699813054561,0.5112766818932767,0.5990449815058495,0.6037415728756691,0.5747580770505575,1.0,2.0,0.0,0.17519261330490235,0.15898122524329308
-0.6764911663084103,-0.6764911663084104,6.938893903907228e-18,-1.1211481864562576,-1.6014545786210403,-1.3418763087827486,-0.12635177650656423,-0.1234150477992545,-0.1262013186962595,-0.12635873307413747,0.6389699813054561,0.5112766818932767,0.5990449815058495,0.6037415728756691,0.5747580770505575,1.0,3.0,0.0,0.16576693298783557,0.17233522899962855
-0.20138299505689697,-0.20138299505689708,6.938893903907228e-18,0.3448256034654774,-1.0225660214694219,-1.3418763087827486,-0.12635177650656423,-0.1234150477992545,-0.1262013186962595,-0.12635873307413747,-2.209275387517875,-0.41867089953195097,-2.318194800509296,-0.9891003597836074,-2.3503491799228433,0.0,1.0,2.0,0.13768872471783386,0.13456439393939393
2.1385247483568066,2.138524748356806,6.938893903907228e-18,1.7060869798213754,0.7140996499854334,0.4357151308518101,-0.12635177650656423,-0.1234150477992545,-0.1262013186962595,-0.12635873307413747,0.6389699813054561,0.5112766818932767,0.5990449815058495,0.6037415728756691,0.5747580770505575,1.0,2.0,0.0,0.11659318079944302,0.17308700293614454
1.247696927260219,1.2476969272602187,6.938893903907228e-18,1.9155118069530512,1.582432485712861,1.3245108506690892,-0.12635177650656423,-0.1234150477992545,-0.1262013186962595,-0.12635873307413747,0.6389699813054561,0.5112766818932767,0.5990449815058495,0.6037415728756691,0.5747580770505575,1.0,2.0,0.0,0.12651146884236755,0.15898122524329308
-0.02321743083757943,-0.023217430837579562,6.938893903907228e-18,-0.17873646436371335,0.4246553714096242,0.4357151308518101,-0.12635177650656423,-0.1234150477992545,-0.1262013186962595,-0.12635873307413747,-2.209275387517875,-0.41867089953195097,-2.318194800509296,-0.9891003597836074,-2.3503491799228433,0.0,3.0,2.0,0.16510103111430252,0.1699295369539402
-0.9496783647780306,-0.9496783647780307,6.938893903907228e-18,-0.8070109457587429,0.4246553714096242,0.4357151308518101,-0.12635177650656423,-0.1234150477992545,-0.1262013186962595,-0.12635873307413747,0.010397290393211566,-0.0004156933095573362,0.01134666968473725,0.00271230206374834,0.011703380550034026,0.0,3.0,3.0,0.15167677282895775,0.2236868210902237
0.47564614897650964,0.4756461489765095,6.938893903907228e-18,0.44953801703131624,-0.15423318574199427,-0.4530805889654692,-0.12635177650656423,-0.1234150477992545,-0.1262013186962595,-0.12635873307413747,0.6389699813054561,0.5112766818932767,0.5990449815058495,0.6037415728756691,0.5747580770505575,1.0,1.0,0.0,0.18548593941008734,0.15024426266782237
-0.6052249406206833,-0.6052249406206834,6.938893903907228e-18,-0.07402405079787501,-0.15423318574199427,-0.4530805889654692,6.3405618756021225,6.193191489561653,6.333011629121452,6.34091096881127,0.6389699813054561,0.5112766818932767,0.5990449815058495,0.6037415728756691,0.5747580770505575,1.0,3.0,0.0,0.13465588570916845,0.17308700293614454
-0.8309013219651522,-0.8309013219651523,6.938893903907228e-18,-1.1211481864562576,0.4246553714096242,0.4357151308518101,-0.12635177650656423,-0.1234150477992545,-0.1262013186962595,-0.12635873307413747,0.6389699813054561,0.5112766818932767,0.5990449815058495,0.6037415728756691,0.5747580770505575,1.0,0.0,0.0,0.08672637430626438,0.17308700293614454
0.8319772774151447,0.8319772774151445,6.938893903907228e-18,0.6589628441629929,0.13521109283381497,0.4357151308518101,-0.12635177650656423,-0.1234150477992545,-0.1262013186962595,-0.12635873307413747,0.6389699813054561,0.5112766818932767,0.5990449815058495,0.6037415728756691,0.5747580770505575,1.0,1.0,0.0,0.11659318079944302,0.17308700293614454
-0.43893708068265364,-0.43893708068265375,6.938893903907228e-18,-0.49287370506122835,0.13521109283381497,0.4357151308518101,-0.12635177650656423,-0.1234150477992545,-0.1262013186962595,-0.12635873307413747,0.6389699813054561,0.5112766818932767,0.5990449815058495,0.6037415728756691,0.5747580770505575,1.0,3.0,0.0,0.16576693298783557,0.17233522899962855
-0.5577141234955321,-0.5577141234955321,6.938893903907228e-18,-0.8070109457587429,-0.7331217428936128,-0.4530805889654692,-0.12635177650656423,-0.1234150477992545,-0.1262013186962595,-0.12635873307413747,0.6389699813054561,0.5112766818932767,0.5990449815058495,0.6037415728756691,0.5747580770505575,1.0,3.0,0.0,0.16576693298783557,0.17233522899962855
-0.919984104074811,-0.9199841040748111,6.938893903907228e-18,-0.2834488779295517,-0.44367746431780347,-0.4530805889654692,-0.12635177650656423,-0.1234150477992545,-0.1262013186962595,-0.12635873307413747,0.6389699813054561,0.5112766818932767,0.5990449815058495,0.6037415728756691,0.5747580770505575,0.0,0.0,0.0,0.13768872471783386,0.08006216506599288
-0.9734337733406062,-0.9734337733406063,6.938893903907228e-18,0.1354007763338012,1.582432485712861,1.3245108506690892,-0.12635177650656423,-0.1234150477992545,-0.1262013186962595,-0.12635873307413747,0.6389699813054561,0.5112766818932767,0.5990449815058495,0.6037415728756691,0.5747580770505575,1.0,0.0,0.0,0.1436498720623144,0.17233522899962855
-0.8605955826683718,-0.8605955826683719,6.938893903907228e-18,0.6589628441629929,-1.0225660214694219,-1.3418763087827486,-0.12635177650656423,-0.1234150477992545,-0.1262013186962595,-0.12635873307413747,0.010397290393211566,-0.0004156933095573362,0.01134666968473725,0.00271230206374834,0.011703380550034026,0.0,0.0,3.0,0.14097733239617707,0.1968313539053329
1.0695313630409014,1.0695313630409011,6.938893903907228e-18,1.0778124984263453,1.292988207137052,1.3245108506690892,-0.12635177650656423,-0.1234150477992545,-0.1262013186962595,-0.12635873307413747,0.6389699813054561,0.5112766818932767,0.5990449815058495,0.6037415728756691,0.5747580770505575,1.0,1.0,0.0,0.10124046678305615,0.15898122524329308
-0.29640462930719963,-0.29640462930719974,6.938893903907228e-18,-0.2834488779295517,-1.6014545786210403,-1.3418763087827486,-0.12635177650656423,-0.1234150477992545,-0.1262013186962595,-0.12635873307413747,0.6389699813054561,0.5112766818932767,0.5990449815058495,0.6037415728756691,0.5747580770505575,1.0,3.0,0.0,0.22954003809359003,0.15024426266782237
-0.7477573919961373,-0.7477573919961374,6.938893903907228e-18,-0.49287370506122835,-1.3120103000452312,-1.3418763087827486,-0.12635177650656423,-0.1234150477992545,-0.1262013186962595,-0.12635873307413747,0.6389699813054561,0.5112766818932767,0.5990449815058495,0.6037415728756691,0.5747580770505575,1.0,3.0,0.0,0.19666203059805287,0.17233522899962855
0.5112792618203732,0.511279261820373,6.938893903907228e-18,0.1354007763338012,-1.3120103000452312,-1.3418763087827486,-0.12635177650656423,-0.1234150477992545,-0.1262013186962595,-0.12635873307413747,0.6389699813054561,0.5112766818932767,0.5990449815058495,0.6037415728756691,0.5747580770505575,1.0,1.0,0.0,0.10124046678305615,0.15898122524329308
-1.056577703309621,-1.056577703309621,6.938893903907228e-18,-1.2258606000220957,-0.7331217428936128,-0.4530805889654692,-0.12635177650656423,-0.1234150477992545,-0.1262013186962595,-0.12635873307413747,0.010397290393211566,-0.0004156933095573362,0.01134666968473725,0.00271230206374834,0.011703380550034026,0.0,3.0,3.0,0.15167677282895775,0.2236868210902237
0.5350346703829488,0.5350346703829487,6.938893903907228e-18,0.6589628441629929,1.582432485712861,1.3245108506690892,-0.12635177650656423,-0.1234150477992545,-0.1262013186962595,-0.12635873307413747,-0.8184832340179737,-3.3969806607852577,-0.26538613814093154,-3.0058160722056653,0.001755699908081614,0.0,2.0,1.0,0.14097733239617707,0.08672637430626438
1.7821936199181716,1.7821936199181714,6.938893903907228e-18,1.1825249119921841,0.4246553714096242,0.4357151308518101,-0.12635177650656423,-0.1234150477992545,-0.1262013186962595,-0.12635873307413747,0.6389699813054561,0.5112766818932767,0.5990449815058495,0.6037415728756691,0.5747580770505575,1.0,2.0,0.0,0.24226449690579877,0.17233522899962855
0.5706677832268123,0.5706677832268122,6.938893903907228e-18,0.6589628441629929,0.4246553714096242,0.4357151308518101,-0.12635177650656423,-0.1234150477992545,-0.1262013186962595,-0.12635873307413747,0.6389699813054561,0.5112766818932767,0.5990449815058495,0.6037415728756691,0.5747580770505575,1.0,1.0,0.0,0.18548593941008734,0.15024426266782237
0.5350346703829488,0.5350346703829487,6.938893903907228e-18,-0.07402405079787501,0.4246553714096242,0.4357151308518101,-0.12635177650656423,-0.1234150477992545,-0.1262013186962595,-0.12635873307413747,-2.209275387517875,-0.41867089953195097,-2.318194800509296,-0.9891003597836074,-2.3503491799228433,0.0,1.0,2.0,0.14291145871471783,0.13674688300204785
-0.8665344348090157,-0.8665344348090158,6.938893903907228e-18,-1.3305730135879341,-1.3120103000452312,-1.3418763087827486,-0.12635177650656423,-0.1234150477992545,-0.1262013186962595,-0.12635873307413747,0.6389699813054561,0.5112766818932767,0.5990449815058495,0.6037415728756691,0.5747580770505575,1.0,0.0,0.0,0.2399601028925403,0.1673283671679816
-0.7180631312929178,-0.7180631312929179,6.938893903907228e-18,0.44953801703131624,0.7140996499854334,0.4357151308518101,-0.12635177650656423,-0.1234150477992545,-0.1262013186962595,-0.12635873307413747,0.010397290393211566,-0.0004156933095573362,0.01134666968473725,0.00271230206374834,0.011703380550034026,0.0,3.0,3.0,0.16510103111430252,0.2730119183401656
-0.14199447365045778,-0.14199447365045792,6.938893903907228e-18,-0.38816129149539,-0.15423318574199427,-0.4530805889654692,-2.091621639614918,-3.708865889702901,-2.663749262481789,-2.1058267960343904,-2.209275387517875,-0.41867089953195097,-2.318194800509296,-0.9891003597836074,-2.3503491799228433,0.0,3.0,2.0,0.14291145871471783,0.13674688300204785
-0.343915446432351,-0.3439154464323511,6.938893903907228e-18,-0.17873646436371335,1.0035439285612426,1.3245108506690892,-0.12635177650656423,-0.1234150477992545,-0.1262013186962595,-0.12635873307413747,0.6389699813054561,0.5112766818932767,0.5990449815058495,0.6037415728756691,0.5747580770505575,1.0,3.0,0.0,0.15396723438354598,0.1673283671679816
-0.6349192013239029,-0.634919201323903,6.938893903907228e-18,-1.8541350814171254,-0.15423318574199427,-0.4530805889654692,-0.12635177650656423,-0.1234150477992545,-0.1262013186962595,-0.12635873307413747,0.010397290393211566,-0.0004156933095573362,0.01134666968473725,0.00271230206374834,0.011703380550034026,0.0,3.0,3.0,0.14291145871471783,0.15396723438354598
-0.4983256020890928,-0.49832560208909293,6.938893903907228e-18,-1.1211481864562576,-1.0225660214694219,-1.3418763087827486,-0.12635177650656423,-0.1234150477992545,-0.1262013186962595,-0.12635873307413747,0.6389699813054561,0.5112766818932767,0.5990449815058495,0.6037415728756691,0.5747580770505575,0.0,1.0,0.0,0.15167677282895775,0.12651146884236755
-0.777451652699357,-0.777451652699357,6.938893903907228e-18,0.1354007763338012,0.7140996499854334,0.4357151308518101,-0.12635177650656423,-0.1234150477992545,-0.1262013186962595,-0.12635873307413747,0.6389699813054561,0.5112766818932767,0.5990449815058495,0.6037415728756691,0.5747580770505575,0.0,0.0,0.0,0.13768872471783386,0.08006216506599288
-0.7715128005587131,-0.7715128005587132,6.938893903907228e-18,0.3448256034654774,0.4246553714096242,0.4357151308518101,-0.12635177650656423,-0.1234150477992545,-0.1262013186962595,-0.12635873307413747,0.010397290393211566,-0.0004156933095573362,0.01134666968473725,0.00271230206374834,0.011703380550034026,0.0,3.0,3.0,0.13768872471783386,0.08667152221412963
0.45189074041393396,0.45189074041393384,6.938893903907228e-18,-0.17873646436371335,0.13521109283381497,0.4357151308518101,-0.12635177650656423,-0.1234150477992545,-0.1262013186962595,-0.12635873307413747,-2.209275387517875,-0.41867089953195097,-2.318194800509296,-0.9891003597836074,-2.3503491799228433,0.0,1.0,2.0,0.13768872471783386,0.13496652423002414
-0.44487593282329757,-0.4448759328232977,6.938893903907228e-18,0.3448256034654774,1.0035439285612426,1.3245108506690892,-0.12635177650656423,-0.1234150477992545,-0.1262013186962595,-0.12635873307413747,0.6389699813054561,0.5112766818932767,0.5990449815058495,0.6037415728756691,0.5747580770505575,1.0,3.0,0.0,0.19666203059805287,0.1673283671679816
0.47564614897650964,0.4756461489765095,6.938893903907228e-18,0.5542504305971541,1.292988207137052,1.3245108506690892,-0.12635177650656423,-0.1234150477992545,-0.1262013186962595,-0.12635873307413747,-0.8184832340179737,-3.3969806607852577,-0.26538613814093154,-3.0058160722056653,0.001755699908081614,0.0,2.0,1.0,0.13768872471783386,0.0
-1.1694158939818555,-1.1694158939818555,6.938893903907228e-18,-1.9588474949829637,-1.3120103000452312,-1.3418763087827486,-0.12635177650656423,-0.1234150477992545,-0.1262013186962595,-0.12635873307413747,-0.8184832340179737,-3.3969806607852577,-0.26538613814093154,-3.0058160722056653,0.001755699908081614,0.0,0.0,1.0,0.14097733239617707,0.12658929487110865
-0.7002465748709861,-0.7002465748709862,6.938893903907228e-18,0.5542504305971541,1.0035439285612426,1.3245108506690892,-0.12635177650656423,-0.1234150477992545,-0.1262013186962595,-0.12635873307413747,0.010397290393211566,-0.0004156933095573362,0.01134666968473725,0.00271230206374834,0.011703380550034026,0.0,3.0,3.0,0.15167677282895775,0.1660502046653844
-0.5874083841987516,-0.5874083841987517,6.938893903907228e-18,-0.07402405079787501,-0.15423318574199427,-0.4530805889654692,-0.12635177650656423,-0.1234150477992545,-0.1262013186962595,-0.12635873307413747,0.6389699813054561,0.5112766818932767,0.5990449815058495,0.6037415728756691,0.5747580770505575,1.0,3.0,0.0,0.19666203059805287,0.15898122524329308
-0.8546567305277278,-0.854656730527728,6.938893903907228e-18,0.03068836276796287,-0.44367746431780347,-0.4530805889654692,-0.12635177650656423,-0.1234150477992545,-0.1262013186962595,-0.12635873307413747,0.010397290393211566,-0.0004156933095573362,0.01134666968473725,0.00271230206374834,0.011703380550034026,0.0,3.0,3.0,0.16510103111430252,0.2730119183401656
0.9863874330718866,0.9863874330718864,6.938893903907228e-18,0.5542504305971541,-0.7331217428936128,-0.4530805889654692,-0.12635177650656423,-0.1234150477992545,-0.1262013186962595,-0.12635873307413747,0.6389699813054561,0.5112766818932767,0.5990449815058495,0.6037415728756691,0.5747580770505575,1.0,1.0,0.0,0.22934827405998476,0.15898122524329308
-1.2525598239508704,-1.2525598239508704,6.938893903907228e-18,-1.0164357728904196,-1.6014545786210403,-1.3418763087827486,-0.12635177650656423,-0.1234150477992545,-0.1262013186962595,-0.12635873307413747,0.6389699813054561,0.5112766818932767,0.5990449815058495,0.6037415728756691,0.5747580770505575,1.0,0.0,0.0,0.1436498720623144,0.1673283671679816
2.0553808183877917,2.0553808183877913,6.938893903907228e-18,1.7060869798213754,1.582432485712861,1.3245108506690892,-0.12635177650656423,-0.1234150477992545,-0.1262013186962595,-0.12635873307413747,0.6389699813054561,0.5112766818932767,0.5990449815058495,0.6037415728756691,0.5747580770505575,1.0,2.0,0.0,0.17519261330490235,0.15898122524329308
-0.6764911663084103,-0.6764911663084104,6.938893903907228e-18,-0.2834488779295517,-0.7331217428936128,-0.4530805889654692,-0.12635177650656423,-0.1234150477992545,-0.1262013186962595,-0.12635873307413747,0.6389699813054561,0.5112766818932767,0.5990449815058495,0.6037415728756691,0.5747580770505575,1.0,3.0,0.0,0.19666203059805287,0.17233522899962855
-0.6764911663084103,-0.6764911663084104,6.938893903907228e-18,1.39194973912386,0.7140996499854334,0.4357151308518101,-0.12635177650656423,-0.1234150477992545,-0.1262013186962595,-0.12635873307413747,0.010397290393211566,-0.0004156933095573362,0.01134666968473725,0.00271230206374834,0.011703380550034026,0.0,0.0,3.0,0.14097733239617707,0.1968313539053329
-1.0328222947470453,-1.0328222947470456,6.938893903907228e-18,-1.0164357728904196,1.0035439285612426,1.3245108506690892,-0.12635177650656423,-0.1234150477992545,-0.1262013186962595,-0.12635873307413747,0.010397290393211566,-0.0004156933095573362,0.01134666968473725,0.00271230206374834,0.011703380550034026,0.0,0.0,3.0,0.13768872471783386,0.2585844637721472
-0.8843509912309475,-0.8843509912309475,6.938893903907228e-18,-0.17873646436371335,-0.15423318574199427,-0.4530805889654692,-0.12635177650656423,-0.1234150477992545,-0.1262013186962595,-0.12635873307413747,0.6389699813054561,0.5112766818932767,0.5990449815058495,0.6037415728756691,0.5747580770505575,0.0,0.0,0.0,0.13768872471783386,0.08006216506599288
0.13119272481916242,0.13119272481916228,6.938893903907228e-18,-0.7022985321929046,-1.3120103000452312,-1.3418763087827486,-0.12635177650656423,-0.1234150477992545,-0.1262013186962595,-0.12635873307413747,-2.209275387517875,-0.41867089953195097,-2.318194800509296,-0.9891003597836074,-2.3503491799228433,0.0,1.0,2.0,0.14291145871471783,0.13674688300204785
-0.6171026449019712,-0.6171026449019713,6.938893903907228e-18,-0.17873646436371335,-1.6014545786210403,-1.3418763087827486,-0.12635177650656423,-0.1234150477992545,-0.1262013186962595,-0.12635873307413747,0.010397290393211566,-0.0004156933095573362,0.01134666968473725,0.00271230206374834,0.011703380550034026,0.0,2.0,3.0,0.14097733239617707,0.08010697799101016
-0.9793726254812501,-0.9793726254812503,6.938893903907228e-18,0.03068836276796287,1.292988207137052,1.3245108506690892,-0.12635177650656423,-0.1234150477992545,-0.1262013186962595,-0.12635873307413747,0.6389699813054561,0.5112766818932767,0.5990449815058495,0.6037415728756691,0.5747580770505575,1.0,0.0,0.0,0.1968313539053329,0.17308700293614454
-0.3795485592762145,-0.3795485592762146,6.938893903907228e-18,0.44953801703131624,0.13521109283381497,0.4357151308518101,-0.12635177650656423,-0.1234150477992545,-0.1262013186962595,-0.12635873307413747,0.010397290393211566,-0.0004156933095573362,0.01134666968473725,0.00271230206374834,0.011703380550034026,0.0,2.0,3.0,0.14097733239617707,0.08010697799101016
-0.8843509912309475,-0.8843509912309475,6.938893903907228e-18,-0.17873646436371335,1.292988207137052,1.3245108506690892,-0.12635177650656423,-0.1234150477992545,-0.1262013186962595,-0.12635873307413747,0.6389699813054561,0.5112766818932767,0.5990449815058495,0.6037415728756691,0.5747580770505575,1.0,0.0,0.0,0.18534100235256665,0.17233522899962855
-0.9793726254812501,-0.9793726254812503,6.938893903907228e-18,-1.0164357728904196,-0.15423318574199427,-0.4530805889654692,-0.12635177650656423,-0.1234150477992545,-0.1262013186962595,-0.12635873307413747,0.010397290393211566,-0.0004156933095573362,0.01134666968473725,0.00271230206374834,0.011703380550034026,0.0,3.0,3.0,0.16510103111430252,0.19541756652418887
-0.6349192013239029,-0.634919201323903,6.938893903907228e-18,-0.5975861186270662,0.7140996499854334,0.4357151308518101,-0.12635177650656423,-0.1234150477992545,-0.1262013186962595,-0.12635873307413747,0.6389699813054561,0.5112766818932767,0.5990449815058495,0.6037415728756691,0.5747580770505575,1.0,0.0,0.0,0.20935976975860046,0.15898122524329308
-0.486447897807805,-0.4864478978078051,6.938893903907228e-18,-1.3305730135879341,1.292988207137052,1.3245108506690892,-0.12635177650656423,-0.1234150477992545,-0.1262013186962595,-0.12635873307413747,0.010397290393211566,-0.0004156933095573362,0.01134666968473725,0.00271230206374834,0.011703380550034026,0.0,3.0,3.0,0.15167677282895775,0.12651146884236755
-0.7121242791522738,-0.7121242791522739,6.938893903907228e-18,1.287237325558022,0.4246553714096242,0.4357151308518101,-0.12635177650656423,-0.1234150477992545,-0.1262013186962595,-0.12635873307413747,0.010397290393211566,-0.0004156933095573362,0.01134666968473725,0.00271230206374834,0.011703380550034026,0.0,0.0,3.0,0.15167677282895775,0.15396723438354598
1.960359184137489,1.9603591841374886,6.938893903907228e-18,1.4966621526896988,1.292988207137052,1.3245108506690892,-0.12635177650656423,-0.1234150477992545,-0.1262013186962595,-0.12635873307413747,0.6389699813054561,0.5112766818932767,0.5990449815058495,0.6037415728756691,0.5747580770505575,1.0,2.0,0.0,0.24226449690579877,0.17233522899962855
-0.5992860884800394,-0.5992860884800395,6.938893903907228e-18,-0.49287370506122835,1.0035439285612426,1.3245108506690892,-0.12635177650656423,-0.1234150477992545,-0.1262013186962595,-0.12635873307413747,0.6389699813054561,0.5112766818932767,0.5990449815058495,0.6037415728756691,0.5747580770505575,1.0,0.0,0.0,0.12658929487110865,0.15024426266782237
-0.8784121390903036,-0.8784121390903037,6.938893903907228e-18,-0.07402405079787501,-0.7331217428936128,-0.4530805889654692,-0.12635177650656423,-0.1234150477992545,-0.1262013186962595,-0.12635873307413747,0.010397290393211566,-0.0004156933095573362,0.01134666968473725,0.00271230206374834,0.011703380550034026,0.0,3.0,3.0,0.13768872471783386,0.08667152221412963
1.6396611685427174,1.6396611685427174,6.938893903907228e-18,0.9731000848605075,-0.15423318574199427,-0.4530805889654692,6.3405618756021225,6.193191489561653,6.333011629121452,6.34091096881127,0.6389699813054561,0.5112766818932767,0.5990449815058495,0.6037415728756691,0.5747580770505575,1.0,2.0,0.0,0.20724122918456606,0.15024426266782237
-1.0031280340438258,-1.003128034043826,6.938893903907228e-18,-0.7022985321929046,-0.15423318574199427,-0.4530805889654692,-0.12635177650656423,-0.1234150477992545,-0.1262013186962595,-0.12635873307413747,0.6389699813054561,0.5112766818932767,0.5990449815058495,0.6037415728756691,0.5747580770505575,1.0,0.0,0.0,0.08672637430626438,0.15024426266782237
0.8913657988215838,0.8913657988215837,6.938893903907228e-18,0.3448256034654774,-1.3120103000452312,-1.3418763087827486,-0.12635177650656423,-0.1234150477992545,-0.1262013186962595,-0.12635873307413747,0.6389699813054561,0.5112766818932767,0.5990449815058495,0.6037415728756691,0.5747580770505575,1.0,1.0,0.0,0.20709416370245742,0.17233522899962855
0.3925022190074948,0.39250221900749466,6.938893903907228e-18,-0.2834488779295517,-0.15423318574199427,-0.4530805889654692,-2.091621639614918,-3.708865889702901,-2.663749262481789,-2.1058267960343904,-2.209275387517875,-0.41867089953195097,-2.318194800509296,-0.9891003597836074,-2.3503491799228433,0.0,1.0,2.0,0.14291145871471783,0.13674688300204785
0.7963441645712812,0.796344164571281,6.938893903907228e-18,0.24011318989963956,-1.6014545786210403,-1.3418763087827486,-0.12635177650656423,-0.1234150477992545,-0.1262013186962595,-0.12635873307413747,0.6389699813054561,0.5112766818932767,0.5990449815058495,0.6037415728756691,0.5747580770505575,1.0,1.0,0.0,0.18534100235256665,0.1673283671679816
-0.7715128005587131,-0.7715128005587132,6.938893903907228e-18,-1.0164357728904196,-0.44367746431780347,-0.4530805889654692,-0.12635177650656423,-0.1234150477992545,-0.1262013186962595,-0.12635873307413747,0.6389699813054561,0.5112766818932767,0.5990449815058495,0.6037415728756691,0.5747580770505575,1.0,0.0,0.0,0.21784835712227069,0.17308700293614454
-0.7299408355742056,-0.7299408355742057,6.938893903907228e-18,-0.49287370506122835,-1.3120103000452312,-1.3418763087827486,-0.12635177650656423,-0.1234150477992545,-0.1262013186962595,-0.12635873307413747,0.6389699813054561,0.5112766818932767,0.5990449815058495,0.6037415728756691,0.5747580770505575,1.0,3.0,0.0,0.13465588570916845,0.17308700293614454
1.164552997291204,1.1645529972912039,6.938893903907228e-18,1.8107993933872133,1.292988207137052,1.3245108506690892,-0.12635177650656423,-0.1234150477992545,-0.1262013186962595,-0.12635873307413747,0.6389699813054561,0.5112766818932767,0.5990449815058495,0.6037415728756691,0.5747580770505575,1.0,2.0,0.0,0.33540930347658904,0.17308700293614454
1.1883084058537798,1.1883084058537796,6.938893903907228e-18,1.8107993933872133,1.292988207137052,1.3245108506690892,-0.12635177650656423,-0.1234150477992545,-0.1262013186962595,-0.12635873307413747,0.6389699813054561,0.5112766818932767,0.5990449815058495,0.6037415728756691,0.5747580770505575,1.0,2.0,0.0,0.33540930347658904,0.17308700293614454
-0.08260595224401861,-0.08260595224401873,6.938893903907228e-18,0.6589628441629929,-0.15423318574199427,-0.4530805889654692,-0.12635177650656423,-0.1234150477992545,-0.1262013186962595,-0.12635873307413747,-2.209275387517875,-0.41867089953195097,-2.318194800509296,-0.9891003597836074,-2.3503491799228433,0.0,1.0,2.0,0.14097733239617707,0.17531762263116077
-0.27264922074462394,-0.2726492207446241,6.938893903907228e-18,-0.07402405079787501,1.292988207137052,1.3245108506690892,-0.12635177650656423,-0.1234150477992545,-0.1262013186962595,-0.12635873307413747,0.6389699813054561,0.5112766818932767,0.5990449815058495,0.6037415728756691,0.5747580770505575,1.0,3.0,0.0,0.16592522390256279,0.15024426266782237
0.8676103902590082,0.867610390259008,6.938893903907228e-18,0.3448256034654774,-1.6014545786210403,-1.3418763087827486,-0.12635177650656423,-0.1234150477992545,-0.1262013186962595,-0.12635873307413747,0.6389699813054561,0.5112766818932767,0.5990449815058495,0.6037415728756691,0.5747580770505575,1.0,1.0,0.0,0.20935976975860046,0.17233522899962855
-0.3201600378697753,-0.3201600378697754,6.938893903907228e-18,0.5542504305971541,0.4246553714096242,0.4357151308518101,-0.12635177650656423,-0.1234150477992545,-0.1262013186962595,-0.12635873307413747,0.010397290393211566,-0.0004156933095573362,0.01134666968473725,0.00271230206374834,0.011703380550034026,0.0,2.0,3.0,0.14097733239617707,0.08010697799101016
0.45189074041393396,0.45189074041393384,6.938893903907228e-18,0.44953801703131624,-0.15423318574199427,-0.4530805889654692,6.3405618756021225,6.193191489561653,6.333011629121452,6.34091096881127,0.6389699813054561,0.5112766818932767,0.5990449815058495,0.6037415728756691,0.5747580770505575,1.0,1.0,0.0,0.17936675407686634,0.1673283671679816
-0.7952682091212887,-0.7952682091212888,6.938893903907228e-18,0.1354007763338012,0.7140996499854334,0.4357151308518101,-0.12635177650656423,-0.1234150477992545,-0.1262013186962595,-0.12635873307413747,0.6389699813054561,0.5112766818932767,0.5990449815058495,0.6037415728756691,0.5747580770505575,0.0,0.0,0.0,0.14291145871471783,0.18534100235256665
0.1549481333817381,0.15494813338173796,6.938893903907228e-18,0.1354007763338012,1.292988207137052,1.3245108506690892,-0.12635177650656423,-0.1234150477992545,-0.1262013186962595,-0.12635873307413747,-2.209275387517875,-0.41867089953195097,-2.318194800509296,-0.9891003597836074,-2.3503491799228433,0.0,3.0,2.0,0.14291145871471783,0.13674688300204785
-0.6883688705896982,-0.6883688705896983,6.938893903907228e-18,-1.9588474949829637,-0.44367746431780347,-0.4530805889654692,-0.12635177650656423,-0.1234150477992545,-0.1262013186962595,-0.12635873307413747,0.010397290393211566,-0.0004156933095573362,0.01134666968473725,0.00271230206374834,0.011703380550034026,0.0,3.0,3.0,0.16510103111430252,0.0650504030451626
-0.9793726254812501,-0.9793726254812503,6.938893903907228e-18,-0.5975861186270662,0.13521109283381497,0.4357151308518101,-0.12635177650656423,-0.1234150477992545,-0.1262013186962595,-0.12635873307413747,0.6389699813054561,0.5112766818932767,0.5990449815058495,0.6037415728756691,0.5747580770505575,1.0,0.0,0.0,0.20935976975860046,0.1673283671679816
-1.1515993375599238,-1.1515993375599238,6.938893903907228e-18,-0.5975861186270662,-0.44367746431780347,-0.4530805889654692,-0.12635177650656423,-0.1234150477992545,-0.1262013186962595,-0.12635873307413747,0.6389699813054561,0.5112766818932767,0.5990449815058495,0.6037415728756691,0.5747580770505575,1.0,0.0,0.0,0.1436498720623144,0.17233522899962855
1.8415821413246107,1.8415821413246105,6.938893903907228e-18,1.287237325558022,0.7140996499854334,0.4357151308518101,-0.12635177650656423,-0.1234150477992545,-0.1262013186962595,-0.12635873307413747,0.6389699813054561,0.5112766818932767,0.5990449815058495,0.6037415728756691,0.5747580770505575,1.0,2.0,0.0,0.20724122918456606,0.15024426266782237
0.6063008960706758,0.6063008960706757,6.938893903907228e-18,0.8683876712946687,-1.3120103000452312,-1.3418763087827486,-0.12635177650656423,-0.1234150477992545,-0.1262013186962595,-0.12635873307413747,0.6389699813054561,0.5112766818932767,0.5990449815058495,0.6037415728756691,0.5747580770505575,1.0,2.0,0.0,0.15777642017927931,0.1673283671679816
-0.6171026449019712,-0.6171026449019713,6.938893903907228e-18,-0.49287370506122835,1.0035439285612426,1.3245108506690892,-0.12635177650656423,-0.1234150477992545,-0.1262013186962595,-0.12635873307413747,0.6389699813054561,0.5112766818932767,0.5990449815058495,0.6037415728756691,0.5747580770505575,1.0,0.0,0.0,0.12658929487110865,0.15024426266782237
-0.7180631312929178,-0.7180631312929179,6.938893903907228e-18,-0.7022985321929046,1.582432485712861,1.3245108506690892,-0.12635177650656423,-0.1234150477992545,-0.1262013186962595,-0.12635873307413747,0.6389699813054561,0.5112766818932767,0.5990449815058495,0.6037415728756691,0.5747580770505575,1.0,0.0,0.0,0.0650504030451626,0.15024426266782237
-0.4745701935265172,-0.47457019352651725,6.938893903907228e-18,-0.5975861186270662,-0.15423318574199427,-0.4530805889654692,-0.12635177650656423,-0.1234150477992545,-0.1262013186962595,-0.12635873307413747,0.6389699813054561,0.5112766818932767,0.5990449815058495,0.6037415728756691,0.5747580770505575,1.0,3.0,0.0,0.0,0.15898122524329308
0.03617109056885975,0.036171090568859615,6.938893903907228e-18,-0.07402405079787501,0.7140996499854334,0.4357151308518101,-0.12635177650656423,-0.1234150477992545,-0.1262013186962595,-0.12635873307413747,-2.209275387517875,-0.41867089953195097,-2.318194800509296,-0.9891003597836074,-2.3503491799228433,0.0,3.0,2.0,0.16510103111430252,0.1699295369539402
-0.9318618083560988,-0.9318618083560989,6.938893903907228e-18,-0.8070109457587429,0.4246553714096242,0.4357151308518101,-0.12635177650656423,-0.1234150477992545,-0.1262013186962595,-0.12635873307413747,0.010397290393211566,-0.0004156933095573362,0.01134666968473725,0.00271230206374834,0.011703380550034026,0.0,3.0,3.0,0.16510103111430252,0.19541756652418887
1.8772152541684741,1.877215254168474,6.938893903907228e-18,1.39194973912386,1.0035439285612426,1.3245108506690892,-0.12635177650656423,-0.1234150477992545,-0.1262013186962595,-0.12635873307413747,0.6389699813054561,0.5112766818932767,0.5990449815058495,0.6037415728756691,0.5747580770505575,1.0,2.0,0.0,0.22954003809359003,0.17308700293614454
0.09555961197529891,0.09555961197529879,6.938893903907228e-18,1.1825249119921841,1.292988207137052,1.3245108506690892,-0.12635177650656423,-0.1234150477992545,-0.1262013186962595,-0.12635873307413747,-2.209275387517875,-0.41867089953195097,-2.318194800509296,-0.9891003597836074,-2.3503491799228433,0.0,1.0,2.0,0.14097733239617707,0.17531762263116077
-1.0150057383251136,-1.0150057383251136,6.938893903907228e-18,-1.8541350814171254,-1.6014545786210403,-1.3418763087827486,-0.12635177650656423,-0.1234150477992545,-0.1262013186962595,-0.12635873307413747,0.6389699813054561,0.5112766818932767,0.5990449815058495,0.6037415728756691,0.5747580770505575,1.0,0.0,0.0,0.08672637430626438,0.17308700293614454
0.9151212073841596,0.9151212073841594,6.938893903907228e-18,0.3448256034654774,-1.6014545786210403,-1.3418763087827486,-0.12635177650656423,-0.1234150477992545,-0.1262013186962595,-0.12635873307413747,0.6389699813054561,0.5112766818932767,0.5990449815058495,0.6037415728756691,0.5747580770505575,1.0,1.0,0.0,0.14375848447281284,0.17308700293614454
-0.4626924892452293,-0.46269248924522943,6.938893903907228e-18,0.24011318989963956,-0.44367746431780347,-0.4530805889654692,-0.12635177650656423,-0.1234150477992545,-0.1262013186962595,-0.12635873307413747,0.010397290393211566,-0.0004156933095573362,0.01134666968473725,0.00271230206374834,0.011703380550034026,0.0,2.0,3.0,0.14097733239617707,0.08010697799101016
-1.0862719640128407,-1.0862719640128407,6.938893903907228e-18,-1.6447102542854488,-0.44367746431780347,-0.4530805889654692,-0.12635177650656423,-0.1234150477992545,-0.1262013186962595,-0.12635873307413747,-0.8184832340179737,-3.3969806607852577,-0.26538613814093154,-3.0058160722056653,0.001755699908081614,0.0,0.0,1.0,0.14291145871471783,0.18534100235256665
-0.6052249406206833,-0.6052249406206834,6.938893903907228e-18,1.6013745662555365,1.292988207137052,1.3245108506690892,-0.12635177650656423,-0.1234150477992545,-0.1262013186962595,-0.12635873307413747,0.010397290393211566,-0.0004156933095573362,0.01134666968473725,0.00271230206374834,0.011703380550034026,0.0,0.0,3.0,0.13768872471783386,0.2566347469220246
-0.8368401741057961,-0.8368401741057963,6.938893903907228e-18,0.03068836276796287,-0.44367746431780347,-0.4530805889654692,-0.12635177650656423,-0.1234150477992545,-0.1262013186962595,-0.12635873307413747,0.010397290393211566,-0.0004156933095573362,0.01134666968473725,0.00271230206374834,0.011703380550034026,0.0,3.0,3.0,0.13768872471783386,0.08667152221412963
-0.6349192013239029,-0.634919201323903,6.938893903907228e-18,-0.17873646436371335,-0.44367746431780347,-0.4530805889654692,-0.12635177650656423,-0.1234150477992545,-0.1262013186962595,-0.12635873307413747,0.6389699813054561,0.5112766818932767,0.5990449815058495,0.6037415728756691,0.5747580770505575,1.0,3.0,0.0,0.13465588570916845,0.17308700293614454
1.0457759544783258,1.0457759544783256,6.938893903907228e-18,0.5542504305971541,-1.0225660214694219,-1.3418763087827486,-0.12635177650656423,-0.1234150477992545,-0.1262013186962595,-0.12635873307413747,0.6389699813054561,0.5112766818932767,0.5990449815058495,0.6037415728756691,0.5747580770505575,1.0,1.0,0.0,0.14375848447281284,0.17308700293614454
2.114769339794231,2.1147693397942304,6.938893903907228e-18,1.7060869798213754,0.7140996499854334,0.4357151308518101,-0.12635177650656423,-0.1234150477992545,-0.1262013186962595,-0.12635873307413747,0.6389699813054561,0.5112766818932767,0.5990449815058495,0.6037415728756691,0.5747580770505575,1.0,2.0,0.0,0.11659318079944302,0.17308700293614454
1.4021070829169608,1.4021070829169606,6.938893903907228e-18,0.5542504305971541,-1.3120103000452312,-1.3418763087827486,-0.12635177650656423,-0.1234150477992545,-0.1262013186962595,-0.12635873307413747,0.6389699813054561,0.5112766818932767,0.5990449815058495,0.6037415728756691,0.5747580770505575,1.0,2.0,0.0,0.20724122918456606,0.15024426266782237
-1.0209445904657575,-1.0209445904657577,6.938893903907228e-18,-0.07402405079787501,1.0035439285612426,1.3245108506690892,-0.12635177650656423,-0.1234150477992545,-0.1262013186962595,-0.12635873307413747,0.6389699813054561,0.5112766818932767,0.5990449815058495,0.6037415728756691,0.5747580770505575,1.0,0.0,0.0,0.1436498720623144,0.1673283671679816
-0.7418185398554935,-0.7418185398554935,6.938893903907228e-18,-0.8070109457587429,1.292988207137052,1.3245108506690892,-0.12635177650656423,-0.1234150477992545,-0.1262013186962595,-0.12635873307413747,0.6389699813054561,0.5112766818932767,0.5990449815058495,0.6037415728756691,0.5747580770505575,1.0,0.0,0.0,0.08672637430626438,0.17308700293614454
0.0005379777249962385,0.000537977724996109,6.938893903907228e-18,0.24011318989963956,-0.15423318574199427,-0.4530805889654692,-0.12635177650656423,-0.1234150477992545,-0.1262013186962595,-0.12635873307413747,0.6389699813054561,0.5112766818932767,0.5990449815058495,0.6037415728756691,0.5747580770505575,1.0,3.0,0.0,0.1660502046653844,0.1673283671679816
-0.9021675476528792,-0.9021675476528793,6.938893903907228e-18,-0.17873646436371335,-0.15423318574199427,-0.4530805889654692,6.3405618756021225,6.193191489561653,6.333011629121452,6.34091096881127,0.6389699813054561,0.5112766818932767,0.5990449815058495,0.6037415728756691,0.5747580770505575,0.0,0.0,0.0,0.14097733239617707,0.16615878501917156
0.11931502053787459,0.11931502053787446,6.938893903907228e-18,1.1825249119921841,1.292988207137052,1.3245108506690892,-0.12635177650656423,-0.1234150477992545,-0.1262013186962595,-0.12635873307413747,-2.209275387517875,-0.41867089953195097,-2.318194800509296,-0.9891003597836074,-2.3503491799228433,0.0,1.0,2.0,0.13768872471783386,0.13456439393939393
-0.22513840361947263,-0.22513840361947274,6.938893903907228e-18,0.3448256034654774,-1.0225660214694219,-1.3418763087827486,-0.12635177650656423,-0.1234150477992545,-0.1262013186962595,-0.12635873307413747,-2.209275387517875,-0.41867089953195097,-2.318194800509296,-0.9891003597836074,-2.3503491799228433,0.0,1.0,2.0,0.14291145871471783,0.05772647040461312
-0.848717878387084,-0.848717878387084,6.938893903907228e-18,-1.3305730135879341,-1.3120103000452312,-1.3418763087827486,-0.12635177650656423,-0.1234150477992545,-0.1262013186962595,-0.12635873307413747,0.6389699813054561,0.5112766818932767,0.5990449815058495,0.6037415728756691,0.5747580770505575,1.0,0.0,0.0,0.24226449690579877,0.17233522899962855
0.6063008960706758,0.6063008960706757,6.938893903907228e-18,0.24011318989963956,-1.0225660214694219,-1.3418763087827486,-0.12635177650656423,-0.1234150477992545,-0.1262013186962595,-0.12635873307413747,0.6389699813054561,0.5112766818932767,0.5990449815058495,0.6037415728756691,0.5747580770505575,1.0,1.0,0.0,0.12203580466772894,0.1673283671679816
2.0791362269503675,2.079136226950367,6.938893903907228e-18,1.6013745662555365,0.4246553714096242,0.4357151308518101,-0.12635177650656423,-0.1234150477992545,-0.1262013186962595,-0.12635873307413747,0.6389699813054561,0.5112766818932767,0.5990449815058495,0.6037415728756691,0.5747580770505575,1.0,2.0,0.0,0.11659318079944302,0.17308700293614454
-0.5458364192142442,-0.5458364192142443,6.938893903907228e-18,-0.2834488779295517,1.582432485712861,1.3245108506690892,-0.12635177650656423,-0.1234150477992545,-0.1262013186962595,-0.12635873307413747,0.6389699813054561,0.5112766818932767,0.5990449815058495,0.6037415728756691,0.5747580770505575,1.0,0.0,0.0,0.2399601028925403,0.1673283671679816
-1.1040885204347723,-1.1040885204347726,6.938893903907228e-18,-1.0164357728904196,-1.0225660214694219,-1.3418763087827486,-0.12635177650656423,-0.1234150477992545,-0.1262013186962595,-0.12635873307413747,0.6389699813054561,0.5112766818932767,0.5990449815058495,0.6037415728756691,0.5747580770505575,1.0,0.0,0.0,0.20935976975860046,0.1673283671679816
-0.5695918277768198,-0.5695918277768199,6.938893903907228e-18,-1.2258606000220957,-1.3120103000452312,-1.3418763087827486,-0.12635177650656423,-0.1234150477992545,-0.1262013186962595,-0.12635873307413747,0.6389699813054561,0.5112766818932767,0.5990449815058495,0.6037415728756691,0.5747580770505575,0.0,1.0,0.0,0.13768872471783386,0.11933097788255113
-0.6883688705896982,-0.6883688705896983,6.938893903907228e-18,0.44953801703131624,1.582432485712861,1.3245108506690892,-0.12635177650656423,-0.1234150477992545,-0.1262013186962595,-0.12635873307413747,0.6389699813054561,0.5112766818932767,0.5990449815058495,0.6037415728756691,0.5747580770505575,0.0,0.0,0.0,0.13768872471783386,0.08006216506599288
-0.5814695320581077,-0.5814695320581078,6.938893903907228e-18,-0.07402405079787501,-1.3120103000452312,-1.3418763087827486,-0.12635177650656423,-0.1234150477992545,-0.1262013186962595,-0.12635873307413747,0.010397290393211566,-0.0004156933095573362,0.01134666968473725,0.00271230206374834,0.011703380550034026,0.0,2.0,3.0,0.14097733239617707,0.08010697799101016
0.7132002346022663,0.7132002346022662,6.938893903907228e-18,0.8683876712946687,1.0035439285612426,1.3245108506690892,-0.12635177650656423,-0.1234150477992545,-0.1262013186962595,-0.12635873307413747,0.6389699813054561,0.5112766818932767,0.5990449815058495,0.6037415728756691,0.5747580770505575,1.0,1.0,0.0,0.17936675407686634,0.1673283671679816
-0.997189181903182,-0.997189181903182,6.938893903907228e-18,-0.5975861186270662,0.13521109283381497,0.4357151308518101,-0.12635177650656423,-0.1234150477992545,-0.1262013186962595,-0.12635873307413747,0.6389699813054561,0.5112766818932767,0.5990449815058495,0.6037415728756691,0.5747580770505575,1.0,0.0,0.0,0.08672637430626438,0.15024426266782237
-1.0981496682941285,-1.0981496682941285,6.938893903907228e-18,-0.49287370506122835,-0.15423318574199427,-0.4530805889654692,-0.12635177650656423,-0.1234150477992545,-0.1262013186962595,-0.12635873307413747,0.6389699813054561,0.5112766818932767,0.5990449815058495,0.6037415728756691,0.5747580770505575,1.0,0.0,0.0,0.1968313539053329,0.17308700293614454
-0.9081063997935231,-0.9081063997935233,6.938893903907228e-18,-0.2834488779295517,1.0035439285612426,1.3245108506690892,-0.12635177650656423,-0.1234150477992545,-0.1262013186962595,-0.12635873307413747,0.6389699813054561,0.5112766818932767,0.5990449815058495,0.6037415728756691,0.5747580770505575,1.0,0.0,0.0,0.18534100235256665,0.17233522899962855
0.9745097287905987,0.9745097287905985,6.938893903907228e-18,0.44953801703131624,-1.0225660214694219,-1.3418763087827486,-0.12635177650656423,-0.1234150477992545,-0.1262013186962595,-0.12635873307413747,0.6389699813054561,0.5112766818932767,0.5990449815058495,0.6037415728756691,0.5747580770505575,1.0,1.0,0.0,0.13465588570916845,0.15024426266782237
-1.0922108161534847,-1.0922108161534847,6.938893903907228e-18,-0.7022985321929046,-1.6014545786210403,-1.3418763087827486,-0.12635177650656423,-0.1234150477992545,-0.1262013186962595,-0.12635873307413747,0.6389699813054561,0.5112766818932767,0.5990449815058495,0.6037415728756691,0.5747580770505575,0.0,0.0,0.0,0.13768872471783386,0.08006216506599288
1.5802726471362782,1.580272647136278,6.938893903907228e-18,0.8683876712946687,-0.44367746431780347,-0.4530805889654692,-0.12635177650656423,-0.1234150477992545,-0.1262013186962595,-0.12635873307413747,0.6389699813054561,0.5112766818932767,0.5990449815058495,0.6037415728756691,0.5747580770505575,1.0,2.0,0.0,0.22954003809359003,0.17308700293614454
-0.3914262635575023,-0.39142626355750243,6.938893903907228e-18,0.3448256034654774,-0.15423318574199427,-0.4530805889654692,-0.12635177650656423,-0.1234150477992545,-0.1262013186962595,-0.12635873307413747,0.010397290393211566,-0.0004156933095573362,0.01134666968473725,0.00271230206374834,0.011703380550034026,0.0,2.0,3.0,0.16510103111430252,0.08010697799101016
1.247696927260219,1.2476969272602187,6.938893903907228e-18,0.9731000848605075,0.4246553714096242,0.4357151308518101,-0.12635177650656423,-0.1234150477992545,-0.1262013186962595,-0.12635873307413747,0.6389699813054561,0.5112766818932767,0.5990449815058495,0.6037415728756691,0.5747580770505575,1.0,1.0,0.0,0.18534100235256665,0.1673283671679816
1.5683949428549904,1.5683949428549904,6.938893903907228e-18,0.7636752577288308,-0.7331217428936128,-0.4530805889654692,-0.12635177650656423,-0.1234150477992545,-0.1262013186962595,-0.12635873307413747,0.6389699813054561,0.5112766818932767,0.5990449815058495,0.6037415728756691,0.5747580770505575,1.0,2.0,0.0,0.24226449690579877,0.17233522899962855
-0.991250329762538,-0.9912503297625381,6.938893903907228e-18,-1.2258606000220957,0.7140996499854334,0.4357151308518101,-0.12635177650656423,-0.1234150477992545,-0.1262013186962595,-0.12635873307413747,-0.8184832340179737,-3.3969806607852577,-0.26538613814093154,-3.0058160722056653,0.001755699908081614,0.0,0.0,1.0,0.14097733239617707,0.12658929487110865
0.5587900789455245,0.5587900789455243,6.938893903907228e-18,0.7636752577288308,-1.6014545786210403,-1.3418763087827486,-0.12635177650656423,-0.1234150477992545,-0.1262013186962595,-0.12635873307413747,0.6389699813054561,0.5112766818932767,0.5990449815058495,0.6037415728756691,0.5747580770505575,1.0,2.0,0.0,0.33540930347658904,0.17308700293614454
-1.0803331118721968,-1.0803331118721968,6.938893903907228e-18,-1.2258606000220957,0.4246553714096242,0.4357151308518101,-0.12635177650656423,-0.1234150477992545,-0.1262013186962595,-0.12635873307413747,0.010397290393211566,-0.0004156933095573362,0.01134666968473725,0.00271230206374834,0.011703380550034026,0.0,0.0,3.0,0.13768872471783386,0.2585844637721472
-0.5814695320581077,-0.5814695320581078,6.938893903907228e-18,-1.6447102542854488,0.4246553714096242,0.4357151308518101,-0.12635177650656423,-0.1234150477992545,-0.1262013186962595,-0.12635873307413747,0.010397290393211566,-0.0004156933095573362,0.01134666968473725,0.00271230206374834,0.011703380550034026,0.0,3.0,3.0,0.14097733239617707,0.08010697799101016
-0.03509513511886727,-0.035095135118867395,6.938893903907228e-18,0.7636752577288308,0.13521109283381497,0.4357151308518101,-0.12635177650656423,-0.1234150477992545,-0.1262013186962595,-0.12635873307413747,-2.209275387517875,-0.41867089953195097,-2.318194800509296,-0.9891003597836074,-2.3503491799228433,0.0,1.0,2.0,0.15167677282895775,0.17519261330490235
2.0197477055439284,2.019747705543928,6.938893903907228e-18,1.4966621526896988,0.13521109283381497,0.4357151308518101,-0.12635177650656423,-0.1234150477992545,-0.1262013186962595,-0.12635873307413747,0.6389699813054561,0.5112766818932767,0.5990449815058495,0.6037415728756691,0.5747580770505575,1.0,2.0,0.0,0.13401327038706326,0.15024426266782237
0.1549481333817381,0.15494813338173796,6.938893903907228e-18,1.287237325558022,1.582432485712861,1.3245108506690892,-0.12635177650656423,-0.1234150477992545,-0.1262013186962595,-0.12635873307413747,-2.209275387517875,-0.41867089953195097,-2.318194800509296,-0.9891003597836074,-2.3503491799228433,0.0,1.0,2.0,0.15167677282895775,0.17519261330490235
-0.7180631312929178,-0.7180631312929179,6.938893903907228e-18,1.1825249119921841,0.13521109283381497,0.4357151308518101,-0.12635177650656423,-0.1234150477992545,-0.1262013186962595,-0.12635873307413747,0.010397290393211566,-0.0004156933095573362,0.01134666968473725,0.00271230206374834,0.011703380550034026,0.0,0.0,3.0,0.15167677282895775,0.15396723438354598
-1.0328222947470453,-1.0328222947470456,6.938893903907228e-18,-1.1211481864562576,-0.44367746431780347,-0.4530805889654692,-0.12635177650656423,-0.1234150477992545,-0.1262013186962595,-0.12635873307413747,0.010397290393211566,-0.0004156933095573362,0.01134666968473725,0.00271230206374834,0.011703380550034026,0.0,3.0,3.0,0.14097733239617707,0.08672637430626438
2.2929349040135483,2.292934904013548,6.938893903907228e-18,2.02022422051889,1.582432485712861,1.3245108506690892,-0.12635177650656423,-0.1234150477992545,-0.1262013186962595,-0.12635873307413747,0.6389699813054561,0.5112766818932767,0.5990449815058495,0.6037415728756691,0.5747580770505575,1.0,2.0,0.0,0.12203580466772894,0.1673283671679816
-0.4745701935265172,-0.47457019352651725,6.938893903907228e-18,-1.0164357728904196,0.13521109283381497,0.4357151308518101,-0.12635177650656423,-0.1234150477992545,-0.1262013186962595,-0.12635873307413747,-2.209275387517875,-0.41867089953195097,-2.318194800509296,-0.9891003597836074,-2.3503491799228433,0.0,1.0,2.0,0.15167677282895775,0.13674688300204785
-1.1575381897005677,-1.1575381897005677,6.938893903907228e-18,-1.2258606000220957,-1.6014545786210403,-1.3418763087827486,-0.12635177650656423,-0.1234150477992545,-0.1262013186962595,-0.12635873307413747,0.6389699813054561,0.5112766818932767,0.5990449815058495,0.6037415728756691,0.5747580770505575,1.0,0.0,0.0,0.20935976975860046,0.1673283671679816
-0.4626924892452293,-0.46269248924522943,6.938893903907228e-18,0.3448256034654774,1.0035439285612426,1.3245108506690892,-0.12635177650656423,-0.1234150477992545,-0.1262013186962595,-0.12635873307413747,0.6389699813054561,0.5112766818932767,0.5990449815058495,0.6037415728756691,0.5747580770505575,1.0,3.0,0.0,0.19666203059805287,0.17233522899962855
-1.062516555450265,-1.0625165554502651,6.938893903907228e-18,-1.3305730135879341,-1.0225660214694219,-1.3418763087827486,-0.12635177650656423,-0.1234150477992545,-0.1262013186962595,-0.12635873307413747,0.010397290393211566,-0.0004156933095573362,0.01134666968473725,0.00271230206374834,0.011703380550034026,0.0,3.0,3.0,0.13768872471783386,0.18534100235256665
-0.058850543681442935,-0.05885054368144307,6.938893903907228e-18,-0.2834488779295517,0.13521109283381497,0.4357151308518101,-0.12635177650656423,-0.1234150477992545,-0.1262013186962595,-0.12635873307413747,-2.209275387517875,-0.41867089953195097,-2.318194800509296,-0.9891003597836074,-2.3503491799228433,0.0,3.0,2.0,0.15167677282895775,0.13674688300204785
-0.29640462930719963,-0.29640462930719974,6.938893903907228e-18,-0.49287370506122835,1.582432485712861,1.3245108506690892,-0.12635177650656423,-0.1234150477992545,-0.1262013186962595,-0.12635873307413747,-2.209275387517875,-0.41867089953195097,-2.318194800509296,-0.9891003597836074,-2.3503491799228433,0.0,1.0,2.0,0.15167677282895775,0.13674688300204785
2.257301791169685,2.2573017911696844,6.938893903907228e-18,1.9155118069530512,1.292988207137052,1.3245108506690892,-0.12635177650656423,-0.1234150477992545,-0.1262013186962595,-0.12635873307413747,0.6389699813054561,0.5112766818932767,0.5990449815058495,0.6037415728756691,0.5747580770505575,1.0,2.0,0.0,0.10124046678305615,0.15898122524329308
0.665689417477115,0.6656894174771149,6.938893903907228e-18,0.3448256034654774,-0.7331217428936128,-0.4530805889654692,-0.12635177650656423,-0.1234150477992545,-0.1262013186962595,-0.12635873307413747,0.6389699813054561,0.5112766818932767,0.5990449815058495,0.6037415728756691,0.5747580770505575,1.0,1.0,0.0,0.07040084743810052,0.17233522899962855
-0.919984104074811,-0.9199841040748111,6.938893903907228e-18,-0.2834488779295517,-1.3120103000452312,-1.3418763087827486,-0.12635177650656423,-0.1234150477992545,-0.1262013186962595,-0.12635873307413747,0.010397290393211566,-0.0004156933095573362,0.01134666968473725,0.00271230206374834,0.011703380550034026,0.0,3.0,3.0,0.13768872471783386,0.08667152221412963
-1.062516555450265,-1.0625165554502651,6.938893903907228e-18,-1.2258606000220957,0.4246553714096242,0.4357151308518101,-0.12635177650656423,-0.1234150477992545,-0.1262013186962595,-0.12635873307413747,0.010397290393211566,-0.0004156933095573362,0.01134666968473725,0.00271230206374834,0.011703380550034026,0.0,0.0,3.0,0.13768872471783386,0.2585844637721472
-0.9378006604967427,-0.9378006604967428,6.938893903907228e-18,-0.9117233593245813,1.292988207137052,1.3245108506690892,-0.12635177650656423,-0.1234150477992545,-0.1262013186962595,-0.12635873307413747,-0.8184832340179737,-3.3969806607852577,-0.26538613814093154,-3.0058160722056653,0.001755699908081614,0.0,0.0,1.0,0.13768872471783386,0.19666203059805287
-0.9437395126373866,-0.9437395126373868,6.938893903907228e-18,-1.0164357728904196,1.0035439285612426,1.3245108506690892,-0.12635177650656423,-0.1234150477992545,-0.1262013186962595,-0.12635873307413747,-0.8184832340179737,-3.3969806607852577,-0.26538613814093154,-3.0058160722056653,0.001755699908081614,0.0,0.0,1.0,0.13768872471783386,0.19666203059805287
1.1883084058537798,1.1883084058537796,6.938893903907228e-18,0.8683876712946687,0.13521109283381497,0.4357151308518101,-0.12635177650656423,-0.1234150477992545,-0.1262013186962595,-0.12635873307413747,0.6389699813054561,0.5112766818932767,0.5990449815058495,0.6037415728756691,0.5747580770505575,1.0,1.0,0.0,0.13465588570916845,0.15024426266782237
1.4021070829169608,1.4021070829169606,6.938893903907228e-18,1.287237325558022,1.292988207137052,1.3245108506690892,-0.12635177650656423,-0.1234150477992545,-0.1262013186962595,-0.12635873307413747,0.6389699813054561,0.5112766818932767,0.5990449815058495,0.6037415728756691,0.5747580770505575,1.0,1.0,0.0,0.17531762263116077,0.17308700293614454
0.35686910616363127,0.35686910616363116,6.938893903907228e-18,0.24011318989963956,-0.7331217428936128,-0.4530805889654692,-0.12635177650656423,-0.1234150477992545,-0.1262013186962595,-0.12635873307413747,0.6389699813054561,0.5112766818932767,0.5990449815058495,0.6037415728756691,0.5747580770505575,1.0,1.0,0.0,0.17936675407686634,0.1673283671679816
0.35686910616363127,0.35686910616363116,6.938893903907228e-18,0.8683876712946687,1.292988207137052,1.3245108506690892,-0.12635177650656423,-0.1234150477992545,-0.1262013186962595,-0.12635873307413747,0.6389699813054561,0.5112766818932767,0.5990449815058495,0.6037415728756691,0.5747580770505575,1.0,3.0,0.0,0.11933097788255113,0.17233522899962855
3.1837627251101357,3.1837627251101357,6.938893903907228e-18,2.229649047650567,1.582432485712861,1.3245108506690892,-0.12635177650656423,-0.1234150477992545,-0.1262013186962595,-0.12635873307413747,0.6389699813054561,0.5112766818932767,0.5990449815058495,0.6037415728756691,0.5747580770505575,1.0,2.0,0.0,0.17519261330490235,0.15898122524329308
-0.7536962441367813,-0.7536962441367814,6.938893903907228e-18,0.3448256034654774,0.4246553714096242,0.4357151308518101,-0.12635177650656423,-0.1234150477992545,-0.1262013186962595,-0.12635873307413747,0.010397290393211566,-0.0004156933095573362,0.01134666968473725,0.00271230206374834,0.011703380550034026,0.0,3.0,3.0,0.14291145871471783,0.20709416370245742
-0.17762758649432128,-0.17762758649432142,6.938893903907228e-18,-0.38816129149539,1.0035439285612426,1.3245108506690892,-0.12635177650656423,-0.1234150477992545,-0.1262013186962595,-0.12635873307413747,0.6389699813054561,0.5112766818932767,0.5990449815058495,0.6037415728756691,0.5747580770505575,0.0,1.0,0.0,0.14097733239617707,0.06118643703870803
0.27372517619461645,0.2737251761946163,6.938893903907228e-18,0.24011318989963956,0.4246553714096242,0.4357151308518101,-0.12635177650656423,-0.1234150477992545,-0.1262013186962595,-0.12635873307413747,-0.8184832340179737,-3.3969806607852577,-0.26538613814093154,-3.0058160722056653,0.001755699908081614,0.0,2.0,1.0,0.14097733239617707,0.08672637430626438
-0.6824300184490543,-0.6824300184490544,6.938893903907228e-18,0.5542504305971541,1.0035439285612426,1.3245108506690892,-0.12635177650656423,-0.1234150477992545,-0.1262013186962595,-0.12635873307413747,0.010397290393211566,-0.0004156933095573362,0.01134666968473725,0.00271230206374834,0.011703380550034026,0.0,3.0,3.0,0.13768872471783386,0.08667152221412963
-0.23701610790076047,-0.23701610790076058,6.938893903907228e-18,0.7636752577288308,1.0035439285612426,1.3245108506690892,-0.12635177650656423,-0.1234150477992545,-0.1262013186962595,-0.12635873307413747,0.010397290393211566,-0.0004156933095573362,0.01134666968473725,0.00271230206374834,0.011703380550034026,0.0,2.0,3.0,0.15167677282895775,0.1436498720623144
0.41625762757007045,0.41625762757007034,6.938893903907228e-18,0.44953801703131624,1.0035439285612426,1.3245108506690892,-0.12635177650656423,-0.1234150477992545,-0.1262013186962595,-0.12635873307413747,-0.8184832340179737,-3.3969806607852577,-0.26538613814093154,-3.0058160722056653,0.001755699908081614,0.0,2.0,1.0,0.14097733239617707,0.08672637430626438
-0.6764911663084103,-0.6764911663084104,6.938893903907228e-18,-0.7022985321929046,0.4246553714096242,0.4357151308518101,-0.12635177650656423,-0.1234150477992545,-0.1262013186962595,-0.12635873307413747,0.6389699813054561,0.5112766818932767,0.5990449815058495,0.6037415728756691,0.5747580770505575,1.0,0.0,0.0,0.2399601028925403,0.1673283671679816
2.0553808183877917,2.0553808183877913,6.938893903907228e-18,1.6013745662555365,0.4246553714096242,0.4357151308518101,-0.12635177650656423,-0.1234150477992545,-0.1262013186962595,-0.12635873307413747,0.6389699813054561,0.5112766818932767,0.5990449815058495,0.6037415728756691,0.5747580770505575,1.0,2.0,0.0,0.07040084743810052,0.17233522899962855
-0.6586746098864786,-0.6586746098864787,6.938893903907228e-18,1.39194973912386,0.7140996499854334,0.4357151308518101,-0.12635177650656423,-0.1234150477992545,-0.1262013186962595,-0.12635873307413747,0.010397290393211566,-0.0004156933095573362,0.01134666968473725,0.00271230206374834,0.011703380550034026,0.0,0.0,3.0,0.14291145871471783,0.18534100235256665
-0.7061854270116299,-0.70618542701163,6.938893903907228e-18,0.3448256034654774,1.292988207137052,1.3245108506690892,-0.12635177650656423,-0.1234150477992545,-0.1262013186962595,-0.12635873307413747,0.6389699813054561,0.5112766818932767,0.5990449815058495,0.6037415728756691,0.5747580770505575,0.0,0.0,0.0,0.14291145871471783,0.18534100235256665
0.21433665478817726,0.21433665478817712,6.938893903907228e-18,-0.5975861186270662,-1.0225660214694219,-1.3418763087827486,-0.12635177650656423,-0.1234150477992545,-0.1262013186962595,-0.12635873307413747,-2.209275387517875,-0.41867089953195097,-2.318194800509296,-0.9891003597836074,-2.3503491799228433,0.0,1.0,2.0,0.16510103111430252,0.1699295369539402
0.6894448260396907,0.6894448260396905,6.938893903907228e-18,0.8683876712946687,1.0035439285612426,1.3245108506690892,-0.12635177650656423,-0.1234150477992545,-0.1262013186962595,-0.12635873307413747,0.6389699813054561,0.5112766818932767,0.5990449815058495,0.6037415728756691,0.5747580770505575,1.0,1.0,0.0,0.2566347469220246,0.15898122524329308
-0.20138299505689697,-0.20138299505689708,6.938893903907228e-18,-0.49287370506122835,-0.44367746431780347,-0.4530805889654692,-0.12635177650656423,-0.1234150477992545,-0.1262013186962595,-0.12635873307413747,-2.209275387517875,-0.41867089953195097,-2.318194800509296,-0.9891003597836074,-2.3503491799228433,0.0,3.0,2.0,0.14291145871471783,0.13674688300204785
0.29748058475719213,0.29748058475719197,6.938893903907228e-18,0.24011318989963956,0.4246553714096242,0.4357151308518101,-0.12635177650656423,-0.1234150477992545,-0.1262013186962595,-0.12635873307413747,-0.8184832340179737,-3.3969806607852577,-0.26538613814093154,-3.0058160722056653,0.001755699908081614,0.0,2.0,1.0,0.14291145871471783,0.06938775510204083
-0.5102033063703807,-0.5102033063703808,6.938893903907228e-18,-0.7022985321929046,-0.44367746431780347,-0.4530805889654692,-0.12635177650656423,-0.1234150477992545,-0.1262013186962595,-0.12635873307413747,0.6389699813054561,0.5112766818932767,0.5990449815058495,0.6037415728756691,0.5747580770505575,1.0,3.0,0.0,0.16592522390256279,0.15024426266782237
0.5706677832268123,0.5706677832268122,6.938893903907228e-18,0.24011318989963956,-1.0225660214694219,-1.3418763087827486,-0.12635177650656423,-0.1234150477992545,-0.1262013186962595,-0.12635873307413747,0.6389699813054561,0.5112766818932767,0.5990449815058495,0.6037415728756691,0.5747580770505575,1.0,1.0,0.0,0.07040084743810052,0.17233522899962855
-0.40330396783879013,-0.40330396783879024,6.938893903907228e-18,-0.8070109457587429,0.7140996499854334,0.4357151308518101,-0.12635177650656423,-0.1234150477992545,-0.1262013186962595,-0.12635873307413747,-2.209275387517875,-0.41867089953195097,-2.318194800509296,-0.9891003597836074,-2.3503491799228433,0.0,1.0,2.0,0.15167677282895775,0.13674688300204785
-0.15387217793174562,-0.15387217793174573,6.938893903907228e-18,0.9731000848605075,1.582432485712861,1.3245108506690892,-0.12635177650656423,-0.1234150477992545,-0.1262013186962595,-0.12635873307413747,0.010397290393211566,-0.0004156933095573362,0.01134666968473725,0.00271230206374834,0.011703380550034026,0.0,2.0,3.0,0.14291145871471783,0.13456439393939393
1.1289198844473405,1.1289198844473405,6.938893903907228e-18,0.7636752577288308,-0.15423318574199427,-0.4530805889654692,-0.12635177650656423,-0.1234150477992545,-0.1262013186962595,-0.12635873307413747,0.6389699813054561,0.5112766818932767,0.5990449815058495,0.6037415728756691,0.5747580770505575,1.0,1.0,0.0,0.13465588570916845,0.15024426266782237
-1.0090668861844698,-1.0090668861844698,6.938893903907228e-18,-1.2258606000220957,0.7140996499854334,0.4357151308518101,-0.12635177650656423,-0.1234150477992545,-0.1262013186962595,-0.12635873307413747,-0.8184832340179737,-3.3969806607852577,-0.26538613814093154,-3.0058160722056653,0.001755699908081614,0.0,0.0,1.0,0.14291145871471783,0.18534100235256665
-0.997189181903182,-0.997189181903182,6.938893903907228e-18,-1.749422667851287,-1.3120103000452312,-1.3418763087827486,-0.12635177650656423,-0.1234150477992545,-0.1262013186962595,-0.12635873307413747,0.6389699813054561,0.5112766818932767,0.5990449815058495,0.6037415728756691,0.5747580770505575,1.0,0.0,0.0,0.13456439393939393,0.17233522899962855
-0.08260595224401861,-0.08260595224401873,6.938893903907228e-18,-0.17873646436371335,1.582432485712861,1.3245108506690892,-0.12635177650656423,-0.1234150477992545,-0.1262013186962595,-0.12635873307413747,0.6389699813054561,0.5112766818932767,0.5990449815058495,0.6037415728756691,0.5747580770505575,0.0,1.0,0.0,0.13768872471783386,0.11933097788255113
0.8676103902590082,0.867610390259008,6.938893903907228e-18,0.7636752577288308,0.4246553714096242,0.4357151308518101,-0.12635177650656423,-0.1234150477992545,-0.1262013186962595,-0.12635873307413747,0.6389699813054561,0.5112766818932767,0.5990449815058495,0.6037415728756691,0.5747580770505575,1.0,1.0,0.0,0.11659318079944302,0.17308700293614454
1.2239415186976432,1.223941518697643,6.938893903907228e-18,0.44953801703131624,-1.6014545786210403,-1.3418763087827486,-0.12635177650656423,-0.1234150477992545,-0.1262013186962595,-0.12635873307413747,0.6389699813054561,0.5112766818932767,0.5990449815058495,0.6037415728756691,0.5747580770505575,1.0,2.0,0.0,0.24226449690579877,0.17233522899962855
-0.9556172169186745,-0.9556172169186746,6.938893903907228e-18,-0.8070109457587429,1.582432485712861,1.3245108506690892,-0.12635177650656423,-0.1234150477992545,-0.1262013186962595,-0.12635873307413747,0.010397290393211566,-0.0004156933095573362,0.01134666968473725,0.00271230206374834,0.011703380550034026,0.0,0.0,3.0,0.14291145871471783,0.19517426273458446
-0.9437395126373866,-0.9437395126373868,6.938893903907228e-18,-1.6447102542854488,-1.0225660214694219,-1.3418763087827486,-0.12635177650656423,-0.1234150477992545,-0.1262013186962595,-0.12635873307413747,0.6389699813054561,0.5112766818932767,0.5990449815058495,0.6037415728756691,0.5747580770505575,1.0,0.0,0.0,0.0650504030451626,0.15024426266782237
-0.8130847655432205,-0.8130847655432205,6.938893903907228e-18,0.03068836276796287,0.4246553714096242,0.4357151308518101,-0.12635177650656423,-0.1234150477992545,-0.1262013186962595,-0.12635873307413747,0.6389699813054561,0.5112766818932767,0.5990449815058495,0.6037415728756691,0.5747580770505575,0.0,0.0,0.0,0.15167677282895775,0.11289316582019067
0.048048794850147576,0.048048794850147444,6.938893903907228e-18,-0.17873646436371335,-0.7331217428936128,-0.4530805889654692,-0.12635177650656423,-0.1234150477992545,-0.1262013186962595,-0.12635873307413747,-0.8184832340179737,-3.3969806607852577,-0.26538613814093154,-3.0058160722056653,0.001755699908081614,0.0,2.0,1.0,0.15167677282895775,0.07435710611468219
1.8534598456058986,1.8534598456058984,6.938893903907228e-18,1.1825249119921841,-0.44367746431780347,-0.4530805889654692,-0.12635177650656423,-0.1234150477992545,-0.1262013186962595,-0.12635873307413747,0.6389699813054561,0.5112766818932767,0.5990449815058495,0.6037415728756691,0.5747580770505575,1.0,2.0,0.0,0.10124046678305615,0.15898122524329308
0.5706677832268123,0.5706677832268122,6.938893903907228e-18,0.03068836276796287,0.7140996499854334,0.4357151308518101,-0.12635177650656423,-0.1234150477992545,-0.1262013186962595,-0.12635873307413747,-2.209275387517875,-0.41867089953195097,-2.318194800509296,-0.9891003597836074,-2.3503491799228433,0.0,1.0,2.0,0.14291145871471783,0.13674688300204785
-0.8784121390903036,-0.8784121390903037,6.938893903907228e-18,0.6589628441629929,-1.0225660214694219,-1.3418763087827486,-0.12635177650656423,-0.1234150477992545,-0.1262013186962595,-0.12635873307413747,0.010397290393211566,-0.0004156933095573362,0.01134666968473725,0.00271230206374834,0.011703380550034026,0.0,0.0,3.0,0.15167677282895775,0.15396723438354598
1.1289198844473405,1.1289198844473405,6.938893903907228e-18,1.1825249119921841,1.582432485712861,1.3245108506690892,-0.12635177650656423,-0.1234150477992545,-0.1262013186962595,-0.12635873307413747,0.6389699813054561,0.5112766818932767,0.5990449815058495,0.6037415728756691,0.5747580770505575,1.0,1.0,0.0,0.11659318079944302,0.17308700293614454
-1.1100273725754164,-1.1100273725754164,6.938893903907228e-18,-1.749422667851287,-0.7331217428936128,-0.4530805889654692,-0.12635177650656423,-0.1234150477992545,-0.1262013186962595,-0.12635873307413747,-0.8184832340179737,-3.3969806607852577,-0.26538613814093154,-3.0058160722056653,0.001755699908081614,0.0,0.0,1.0,0.14291145871471783,0.18534100235256665
-0.15387217793174562,-0.15387217793174573,6.938893903907228e-18,-0.38816129149539,1.0035439285612426,1.3245108506690892,-0.12635177650656423,-0.1234150477992545,-0.1262013186962595,-0.12635873307413747,0.6389699813054561,0.5112766818932767,0.5990449815058495,0.6037415728756691,0.5747580770505575,0.0,1.0,0.0,0.16510103111430252,0.12658929487110865
1.105164475884765,1.1051644758847647,6.938893903907228e-18,0.7636752577288308,-0.15423318574199427,-0.4530805889654692,6.3405618756021225,6.193191489561653,6.333011629121452,6.34091096881127,0.6389699813054561,0.5112766818932767,0.5990449815058495,0.6037415728756691,0.5747580770505575,1.0,1.0,0.0,0.22934827405998476,0.15898122524329308
2.316690312576124,2.3166903125761236,6.938893903907228e-18,2.02022422051889,1.582432485712861,1.3245108506690892,-0.12635177650656423,-0.1234150477992545,-0.1262013186962595,-0.12635873307413747,0.6389699813054561,0.5112766818932767,0.5990449815058495,0.6037415728756691,0.5747580770505575,1.0,2.0,0.0,0.13401327038706326,0.15024426266782237
0.24996976763204076,0.24996976763204062,6.938893903907228e-18,-0.5975861186270662,-1.0225660214694219,-1.3418763087827486,-0.12635177650656423,-0.1234150477992545,-0.1262013186962595,-0.12635873307413747,-2.209275387517875,-0.41867089953195097,-2.318194800509296,-0.9891003597836074,-2.3503491799228433,0.0,1.0,2.0,0.14291145871471783,0.13674688300204785
1.2833300401040824,1.2833300401040821,6.938893903907228e-18,0.9731000848605075,0.13521109283381497,0.4357151308518101,-0.12635177650656423,-0.1234150477992545,-0.1262013186962595,-0.12635873307413747,0.6389699813054561,0.5112766818932767,0.5990449815058495,0.6037415728756691,0.5747580770505575,1.0,1.0,0.0,0.1436498720623144,0.1673283671679816
-1.056577703309621,-1.056577703309621,6.938893903907228e-18,-0.8070109457587429,-0.44367746431780347,-0.4530805889654692,-0.12635177650656423,-0.1234150477992545,-0.1262013186962595,-0.12635873307413747,0.6389699813054561,0.5112766818932767,0.5990449815058495,0.6037415728756691,0.5747580770505575,1.0,0.0,0.0,0.12658929487110865,0.17308700293614454
1.5802726471362782,1.580272647136278,6.938893903907228e-18,1.4966621526896988,1.582432485712861,1.3245108506690892,-0.12635177650656423,-0.1234150477992545,-0.1262013186962595,-0.12635873307413747,0.6389699813054561,0.5112766818932767,0.5990449815058495,0.6037415728756691,0.5747580770505575,1.0,1.0,0.0,0.20935976975860046,0.17233522899962855
2.3523234254199874,2.352323425419987,6.938893903907228e-18,1.4966621526896988,-0.44367746431780347,-0.4530805889654692,-0.12635177650656423,-0.1234150477992545,-0.1262013186962595,-0.12635873307413747,0.6389699813054561,0.5112766818932767,0.5990449815058495,0.6037415728756691,0.5747580770505575,1.0,2.0,0.0,0.1968313539053329,0.15024426266782237
0.03617109056885975,0.036171090568859615,6.938893903907228e-18,0.3448256034654774,0.13521109283381497,0.4357151308518101,-0.12635177650656423,-0.1234150477992545,-0.1262013186962595,-0.12635873307413747,0.6389699813054561,0.5112766818932767,0.5990449815058495,0.6037415728756691,0.5747580770505575,1.0,3.0,0.0,0.11933097788255113,0.17233522899962855
-0.8012070612619326,-0.8012070612619328,6.938893903907228e-18,-1.2258606000220957,-1.0225660214694219,-1.3418763087827486,-0.12635177650656423,-0.1234150477992545,-0.1262013186962595,-0.12635873307413747,0.6389699813054561,0.5112766818932767,0.5990449815058495,0.6037415728756691,0.5747580770505575,1.0,0.0,0.0,0.20935976975860046,0.15898122524329308
-0.8665344348090157,-0.8665344348090158,6.938893903907228e-18,-0.07402405079787501,0.13521109283381497,0.4357151308518101,-0.12635177650656423,-0.1234150477992545,-0.1262013186962595,-0.12635873307413747,0.6389699813054561,0.5112766818932767,0.5990449815058495,0.6037415728756691,0.5747580770505575,0.0,0.0,0.0,0.15167677282895775,0.11289316582019067
2.471100468232866,2.4711004682328657,6.938893903907228e-18,1.6013745662555365,-0.15423318574199427,-0.4530805889654692,-0.12635177650656423,-0.1234150477992545,-0.1262013186962595,-0.12635873307413747,0.6389699813054561,0.5112766818932767,0.5990449815058495,0.6037415728756691,0.5747580770505575,1.0,2.0,0.0,0.09440656592643255,0.17233522899962855
2.88682011807794,2.8868201180779396,6.938893903907228e-18,2.02022422051889,1.0035439285612426,1.3245108506690892,-0.12635177650656423,-0.1234150477992545,-0.1262013186962595,-0.12635873307413747,0.6389699813054561,0.5112766818932767,0.5990449815058495,0.6037415728756691,0.5747580770505575,1.0,2.0,0.0,0.09440656592643255,0.17233522899962855
-0.4745701935265172,-0.47457019352651725,6.938893903907228e-18,-1.1211481864562576,-1.0225660214694219,-1.3418763087827486,-0.12635177650656423,-0.1234150477992545,-0.1262013186962595,-0.12635873307413747,0.6389699813054561,0.5112766818932767,0.5990449815058495,0.6037415728756691,0.5747580770505575,0.0,1.0,0.0,0.16510103111430252,0.12658929487110865
1.4258624914795364,1.4258624914795364,6.938893903907228e-18,1.287237325558022,1.292988207137052,1.3245108506690892,-0.12635177650656423,-0.1234150477992545,-0.1262013186962595,-0.12635873307413747,0.6389699813054561,0.5112766818932767,0.5990449815058495,0.6037415728756691,0.5747580770505575,1.0,1.0,0.0,0.22934827405998476,0.15898122524329308
-0.11823906508788211,-0.11823906508788223,6.938893903907228e-18,0.5542504305971541,-0.44367746431780347,-0.4530805889654692,-0.12635177650656423,-0.1234150477992545,-0.1262013186962595,-0.12635873307413747,-2.209275387517875,-0.41867089953195097,-2.318194800509296,-0.9891003597836074,-2.3503491799228433,0.0,1.0,2.0,0.14097733239617707,0.17531762263116077
-0.5161421585110246,-0.5161421585110247,6.938893903907228e-18,0.1354007763338012,0.4246553714096242,0.4357151308518101,-0.12635177650656423,-0.1234150477992545,-0.1262013186962595,-0.12635873307413747,0.6389699813054561,0.5112766818932767,0.5990449815058495,0.6037415728756691,0.5747580770505575,1.0,3.0,0.0,0.13465588570916845,0.17308700293614454
-0.3795485592762145,-0.3795485592762146,6.938893903907228e-18,-0.8070109457587429,-1.3120103000452312,-1.3418763087827486,-0.12635177650656423,-0.1234150477992545,-0.1262013186962595,-0.12635873307413747,-2.209275387517875,-0.41867089953195097,-2.318194800509296,-0.9891003597836074,-2.3503491799228433,0.0,3.0,2.0,0.13768872471783386,0.13496652423002414
-0.9021675476528792,-0.9021675476528793,6.938893903907228e-18,-0.17873646436371335,1.292988207137052,1.3245108506690892,-0.12635177650656423,-0.1234150477992545,-0.1262013186962595,-0.12635873307413747,0.6389699813054561,0.5112766818932767,0.5990449815058495,0.6037415728756691,0.5747580770505575,1.0,0.0,0.0,0.08672637430626438,0.15024426266782237
-0.415181672120078,-0.4151816721200781,6.938893903907228e-18,-1.0164357728904196,-0.7331217428936128,-0.4530805889654692,-0.12635177650656423,-0.1234150477992545,-0.1262013186962595,-0.12635873307413747,0.6389699813054561,0.5112766818932767,0.5990449815058495,0.6037415728756691,0.5747580770505575,0.0,1.0,0.0,0.15167677282895775,0.12651146884236755
0.09555961197529891,0.09555961197529879,6.938893903907228e-18,0.03068836276796287,1.0035439285612426,1.3245108506690892,-0.12635177650656423,-0.1234150477992545,-0.1262013186962595,-0.12635873307413747,-2.209275387517875,-0.41867089953195097,-2.318194800509296,-0.9891003597836074,-2.3503491799228433,0.0,3.0,2.0,0.14097733239617707,0.1578866695276193
0.7488333474461298,0.7488333474461297,6.938893903907228e-18,0.3448256034654774,1.582432485712861,1.3245108506690892,-0.12635177650656423,-0.1234150477992545,-0.1262013186962595,-0.12635873307413747,-2.209275387517875,-0.41867089953195097,-2.318194800509296,-0.9891003597836074,-2.3503491799228433,0.0,1.0,2.0,0.15167677282895775,0.13674688300204785
1.817826732762035,1.8178267327620348,6.938893903907228e-18,1.287237325558022,0.7140996499854334,0.4357151308518101,-0.12635177650656423,-0.1234150477992545,-0.1262013186962595,-0.12635873307413747,0.6389699813054561,0.5112766818932767,0.5990449815058495,0.6037415728756691,0.5747580770505575,1.0,2.0,0.0,0.24226449690579877,0.17233522899962855
-0.9615560690593185,-0.9615560690593185,6.938893903907228e-18,-1.0164357728904196,1.0035439285612426,1.3245108506690892,-0.12635177650656423,-0.1234150477992545,-0.1262013186962595,-0.12635873307413747,-0.8184832340179737,-3.3969806607852577,-0.26538613814093154,-3.0058160722056653,0.001755699908081614,0.0,0.0,1.0,0.15167677282895775,0.22934827405998476
-1.0803331118721968,-1.0803331118721968,6.938893903907228e-18,-1.5399978407196109,-0.15423318574199427,-0.4530805889654692,-2.662725702398543,0.7308800986470849,-1.510318378942912,-2.6346923090390386,-0.8184832340179737,-3.3969806607852577,-0.26538613814093154,-3.0058160722056653,0.001755699908081614,0.0,0.0,1.0,0.16510103111430252,0.1975784564505561
-0.43893708068265364,-0.43893708068265375,6.938893903907228e-18,-1.0164357728904196,-0.7331217428936128,-0.4530805889654692,-0.12635177650656423,-0.1234150477992545,-0.1262013186962595,-0.12635873307413747,0.6389699813054561,0.5112766818932767,0.5990449815058495,0.6037415728756691,0.5747580770505575,0.0,1.0,0.0,0.16510103111430252,0.12658929487110865
-0.7358796877148496,-0.7358796877148497,6.938893903907228e-18,-0.7022985321929046,1.582432485712861,1.3245108506690892,-0.12635177650656423,-0.1234150477992545,-0.1262013186962595,-0.12635873307413747,0.6389699813054561,0.5112766818932767,0.5990449815058495,0.6037415728756691,0.5747580770505575,1.0,0.0,0.0,0.13456439393939393,0.1673283671679816
0.09555961197529891,0.09555961197529879,6.938893903907228e-18,-0.07402405079787501,-0.44367746431780347,-0.4530805889654692,-0.12635177650656423,-0.1234150477992545,-0.1262013186962595,-0.12635873307413747,-0.8184832340179737,-3.3969806607852577,-0.26538613814093154,-3.0058160722056653,0.001755699908081614,0.0,2.0,1.0,0.14291145871471783,0.06938775510204083
-0.8012070612619326,-0.8012070612619328,6.938893903907228e-18,0.1354007763338012,-0.15423318574199427,-0.4530805889654692,-0.12635177650656423,-0.1234150477992545,-0.1262013186962595,-0.12635873307413747,0.010397290393211566,-0.0004156933095573362,0.01134666968473725,0.00271230206374834,0.011703380550034026,0.0,3.0,3.0,0.16510103111430252,0.2730119183401656
-0.9140452519341671,-0.9140452519341672,6.938893903907228e-18,-1.4352854271537725,-1.6014545786210403,-1.3418763087827486,-0.12635177650656423,-0.1234150477992545,-0.1262013186962595,-0.12635873307413747,0.6389699813054561,0.5112766818932767,0.5990449815058495,0.6037415728756691,0.5747580770505575,1.0,0.0,0.0,0.12658929487110865,0.15024426266782237
2.0197477055439284,2.019747705543928,6.938893903907228e-18,1.6013745662555365,1.582432485712861,1.3245108506690892,-0.12635177650656423,-0.1234150477992545,-0.1262013186962595,-0.12635873307413747,0.6389699813054561,0.5112766818932767,0.5990449815058495,0.6037415728756691,0.5747580770505575,1.0,2.0,0.0,0.22954003809359003,0.17308700293614454
-0.7952682091212887,-0.7952682091212888,6.938893903907228e-18,-0.5975861186270662,-1.6014545786210403,-1.3418763087827486,-0.12635177650656423,-0.1234150477992545,-0.1262013186962595,-0.12635873307413747,0.6389699813054561,0.5112766818932767,0.5990449815058495,0.6037415728756691,0.5747580770505575,1.0,3.0,0.0,0.0650504030451626,0.15024426266782237
0.6538117131958272,0.653811713195827,6.938893903907228e-18,0.1354007763338012,1.0035439285612426,1.3245108506690892,-0.12635177650656423,-0.1234150477992545,-0.1262013186962595,-0.12635873307413747,-2.209275387517875,-0.41867089953195097,-2.318194800509296,-0.9891003597836074,-2.3503491799228433,0.0,1.0,2.0,0.14291145871471783,0.13674688300204785
-0.997189181903182,-0.997189181903182,6.938893903907228e-18,0.03068836276796287,1.292988207137052,1.3245108506690892,-0.12635177650656423,-0.1234150477992545,-0.1262013186962595,-0.12635873307413747,0.6389699813054561,0.5112766818932767,0.5990449815058495,0.6037415728756691,0.5747580770505575,1.0,0.0,0.0,0.1436498720623144,0.1673283671679816
-0.23701610790076047,-0.23701610790076058,6.938893903907228e-18,-0.5975861186270662,-0.7331217428936128,-0.4530805889654692,-0.12635177650656423,-0.1234150477992545,-0.1262013186962595,-0.12635873307413747,-2.209275387517875,-0.41867089953195097,-2.318194800509296,-0.9891003597836074,-2.3503491799228433,0.0,3.0,2.0,0.14291145871471783,0.13674688300204785
0.4281353318513583,0.42813533185135816,6.938893903907228e-18,0.03068836276796287,-1.6014545786210403,-1.3418763087827486,-0.12635177650656423,-0.1234150477992545,-0.1262013186962595,-0.12635873307413747,0.6389699813054561,0.5112766818932767,0.5990449815058495,0.6037415728756691,0.5747580770505575,1.0,1.0,0.0,0.11659318079944302,0.17308700293614454
0.8319772774151447,0.8319772774151445,6.938893903907228e-18,1.0778124984263453,1.582432485712861,1.3245108506690892,-0.12635177650656423,-0.1234150477992545,-0.1262013186962595,-0.12635873307413747,0.6389699813054561,0.5112766818932767,0.5990449815058495,0.6037415728756691,0.5747580770505575,1.0,1.0,0.0,0.17936675407686634,0.1673283671679816
-0.29640462930719963,-0.29640462930719974,6.938893903907228e-18,0.6589628441629929,0.7140996499854334,0.4357151308518101,-0.12635177650656423,-0.1234150477992545,-0.1262013186962595,-0.12635873307413747,0.010397290393211566,-0.0004156933095573362,0.01134666968473725,0.00271230206374834,0.011703380550034026,0.0,2.0,3.0,0.16510103111430252,0.08010697799101016
-0.5102033063703807,-0.5102033063703808,6.938893903907228e-18,-1.1211481864562576,0.13521109283381497,0.4357151308518101,-0.12635177650656423,-0.1234150477992545,-0.1262013186962595,-0.12635873307413747,-2.209275387517875,-0.41867089953195097,-2.318194800509296,-0.9891003597836074,-2.3503491799228433,0.0,1.0,2.0,0.14291145871471783,0.13674688300204785
-0.27264922074462394,-0.2726492207446241,6.938893903907228e-18,0.6589628441629929,0.7140996499854334,0.4357151308518101,-0.12635177650656423,-0.1234150477992545,-0.1262013186962595,-0.12635873307413747,0.010397290393211566,-0.0004156933095573362,0.01134666968473725,0.00271230206374834,0.011703380550034026,0.0,2.0,3.0,0.16510103111430252,0.08010697799101016
-0.777451652699357,-0.777451652699357,6.938893903907228e-18,0.9731000848605075,-0.44367746431780347,-0.4530805889654692,-0.12635177650656423,-0.1234150477992545,-0.1262013186962595,-0.12635873307413747,0.010397290393211566,-0.0004156933095573362,0.01134666968473725,0.00271230206374834,0.011703380550034026,0.0,0.0,3.0,0.16510103111430252,0.22954003809359003
-0.6171026449019712,-0.6171026449019713,6.938893903907228e-18,-1.4352854271537725,-0.7331217428936128,-0.4530805889654692,-0.12635177650656423,-0.1234150477992545,-0.1262013186962595,-0.12635873307413747,-2.209275387517875,-0.41867089953195097,-2.318194800509296,-0.9891003597836074,-2.3503491799228433,0.0,1.0,2.0,0.14097733239617707,0.1578866695276193
-0.3201600378697753,-0.3201600378697754,6.938893903907228e-18,-0.8070109457587429,-0.15423318574199427,-0.4530805889654692,-0.12635177650656423,-0.1234150477992545,-0.1262013186962595,-0.12635873307413747,0.6389699813054561,0.5112766818932767,0.5990449815058495,0.6037415728756691,0.5747580770505575,0.0,1.0,0.0,0.14097733239617707,0.06118643703870803
2.7086545538586226,2.708654553858622,6.938893903907228e-18,1.8107993933872133,0.4246553714096242,0.4357151308518101,-0.12635177650656423,-0.1234150477992545,-0.1262013186962595,-0.12635873307413747,0.6389699813054561,0.5112766818932767,0.5990449815058495,0.6037415728756691,0.5747580770505575,1.0,2.0,0.0,0.09440656592643255,0.17233522899962855
-0.343915446432351,-0.3439154464323511,6.938893903907228e-18,0.5542504305971541,0.4246553714096242,0.4357151308518101,-0.12635177650656423,-0.1234150477992545,-0.1262013186962595,-0.12635873307413747,0.010397290393211566,-0.0004156933095573362,0.01134666968473725,0.00271230206374834,0.011703380550034026,0.0,2.0,3.0,0.14291145871471783,0.13456439393939393
-0.9140452519341671,-0.9140452519341672,6.938893903907228e-18,0.5542504305971541,-1.6014545786210403,-1.3418763087827486,-0.12635177650656423,-0.1234150477992545,-0.1262013186962595,-0.12635873307413747,0.010397290393211566,-0.0004156933095573362,0.01134666968473725,0.00271230206374834,0.011703380550034026,0.0,0.0,3.0,0.14291145871471783,0.18534100235256665
-1.210987858966363,-1.210987858966363,6.938893903907228e-18,-2.0635599085488017,-1.6014545786210403,-1.3418763087827486,-0.12635177650656423,-0.1234150477992545,-0.1262013186962595,-0.12635873307413747,-0.8184832340179737,-3.3969806607852577,-0.26538613814093154,-3.0058160722056653,0.001755699908081614,0.0,0.0,1.0,0.13768872471783386,0.19666203059805287
-1.0328222947470453,-1.0328222947470456,6.938893903907228e-18,-1.8541350814171254,-1.6014545786210403,-1.3418763087827486,-0.12635177650656423,-0.1234150477992545,-0.1262013186962595,-0.12635873307413747,0.6389699813054561,0.5112766818932767,0.5990449815058495,0.6037415728756691,0.5747580770505575,1.0,0.0,0.0,0.11289316582019067,0.15898122524329308
-0.991250329762538,-0.9912503297625381,6.938893903907228e-18,-0.49287370506122835,-1.0225660214694219,-1.3418763087827486,-0.12635177650656423,-0.1234150477992545,-0.1262013186962595,-0.12635873307413747,0.6389699813054561,0.5112766818932767,0.5990449815058495,0.6037415728756691,0.5747580770505575,0.0,0.0,0.0,0.14291145871471783,0.18534100235256665
0.07180420341272326,0.07180420341272312,6.938893903907228e-18,-0.8070109457587429,-1.6014545786210403,-1.3418763087827486,-0.12635177650656423,-0.1234150477992545,-0.1262013186962595,-0.12635873307413747,-2.209275387517875,-0.41867089953195097,-2.318194800509296,-0.9891003597836074,-2.3503491799228433,0.0,1.0,2.0,0.14291145871471783,0.13674688300204785
-0.07072824796273078,-0.0707282479627309,6.938893903907228e-18,-0.38816129149539,-1.3120103000452312,-1.3418763087827486,-0.12635177650656423,-0.1234150477992545,-0.1262013186962595,-0.12635873307413747,-0.8184832340179737,-3.3969806607852577,-0.26538613814093154,-3.0058160722056653,0.001755699908081614,0.0,2.0,1.0,0.14097733239617707,0.08672637430626438
-0.10636136080659428,-0.1063613608065944,6.938893903907228e-18,-0.38816129149539,-1.3120103000452312,-1.3418763087827486,-0.12635177650656423,-0.1234150477992545,-0.1262013186962595,-0.12635873307413747,-0.8184832340179737,-3.3969806607852577,-0.26538613814093154,-3.0058160722056653,0.001755699908081614,0.0,2.0,1.0,0.14291145871471783,0.06938775510204083
0.8913657988215838,0.8913657988215837,6.938893903907228e-18,1.287237325558022,-0.15423318574199427,-0.4530805889654692,-0.12635177650656423,-0.1234150477992545,-0.1262013186962595,-0.12635873307413747,0.6389699813054561,0.5112766818932767,0.5990449815058495,0.6037415728756691,0.5747580770505575,1.0,2.0,0.0,0.16615878501917156,0.15024426266782237
1.520884125729839,1.5208841257298389,6.938893903907228e-18,0.6589628441629929,-1.0225660214694219,-1.3418763087827486,-0.12635177650656423,-0.1234150477992545,-0.1262013186962595,-0.12635873307413747,0.6389699813054561,0.5112766818932767,0.5990449815058495,0.6037415728756691,0.5747580770505575,1.0,2.0,0.0,0.24226449690579877,0.17233522899962855
-1.133782781137992,-1.1337827811379921,6.938893903907228e-18,-1.8541350814171254,-1.0225660214694219,-1.3418763087827486,-0.12635177650656423,-0.1234150477992545,-0.1262013186962595,-0.12635873307413747,-0.8184832340179737,-3.3969806607852577,-0.26538613814093154,-3.0058160722056653,0.001755699908081614,0.0,0.0,1.0,0.15167677282895775,0.22934827405998476
-0.6764911663084103,-0.6764911663084104,6.938893903907228e-18,0.6589628441629929,1.292988207137052,1.3245108506690892,-0.12635177650656423,-0.1234150477992545,-0.1262013186962595,-0.12635873307413747,0.010397290393211566,-0.0004156933095573362,0.01134666968473725,0.00271230206374834,0.011703380550034026,0.0,3.0,3.0,0.16510103111430252,0.2730119183401656
-0.7180631312929178,-0.7180631312929179,6.938893903907228e-18,-1.749422667851287,-1.6014545786210403,-1.3418763087827486,-0.12635177650656423,-0.1234150477992545,-0.1262013186962595,-0.12635873307413747,-2.209275387517875,-0.41867089953195097,-2.318194800509296,-0.9891003597836074,-2.3503491799228433,0.0,1.0,2.0,0.15167677282895775,0.13674688300204785
1.4614956043234,1.4614956043233998,6.938893903907228e-18,1.39194973912386,1.582432485712861,1.3245108506690892,-0.12635177650656423,-0.1234150477992545,-0.1262013186962595,-0.12635873307413747,0.6389699813054561,0.5112766818932767,0.5990449815058495,0.6037415728756691,0.5747580770505575,1.0,1.0,0.0,0.13465588570916845,0.15024426266782237
1.4614956043234,1.4614956043233998,6.938893903907228e-18,1.287237325558022,1.0035439285612426,1.3245108506690892,-0.12635177650656423,-0.1234150477992545,-0.1262013186962595,-0.12635873307413747,0.6389699813054561,0.5112766818932767,0.5990449815058495,0.6037415728756691,0.5747580770505575,1.0,1.0,0.0,0.11289316582019067,0.15898122524329308
-0.4211205242607219,-0.421120524260722,6.938893903907228e-18,-0.9117233593245813,0.4246553714096242,0.4357151308518101,-0.12635177650656423,-0.1234150477992545,-0.1262013186962595,-0.12635873307413747,-2.209275387517875,-0.41867089953195097,-2.318194800509296,-0.9891003597836074,-2.3503491799228433,0.0,1.0,2.0,0.16510103111430252,0.1699295369539402
-0.7002465748709861,-0.7002465748709862,6.938893903907228e-18,-1.6447102542854488,-1.3120103000452312,-1.3418763087827486,-0.12635177650656423,-0.1234150477992545,-0.1262013186962595,-0.12635873307413747,-2.209275387517875,-0.41867089953195097,-2.318194800509296,-0.9891003597836074,-2.3503491799228433,0.0,1.0,2.0,0.15167677282895775,0.13674688300204785
-0.29640462930719963,-0.29640462930719974,6.938893903907228e-18,0.1354007763338012,-1.6014545786210403,-1.3418763087827486,-0.12635177650656423,-0.1234150477992545,-0.1262013186962595,-0.12635873307413747,-2.209275387517875,-0.41867089953195097,-2.318194800509296,-0.9891003597836074,-2.3503491799228433,0.0,1.0,2.0,0.15167677282895775,0.17519261330490235
-1.0150057383251136,-1.0150057383251136,6.938893903907228e-18,-1.0164357728904196,1.0035439285612426,1.3245108506690892,-0.12635177650656423,-0.1234150477992545,-0.1262013186962595,-0.12635873307413747,0.010397290393211566,-0.0004156933095573362,0.01134666968473725,0.00271230206374834,0.011703380550034026,0.0,0.0,3.0,0.14291145871471783,0.19517426273458446
0.28560288047590426,0.28560288047590415,6.938893903907228e-18,-0.49287370506122835,-0.7331217428936128,-0.4530805889654692,-0.12635177650656423,-0.1234150477992545,-0.1262013186962595,-0.12635873307413747,-2.209275387517875,-0.41867089953195097,-2.318194800509296,-0.9891003597836074,-2.3503491799228433,0.0,1.0,2.0,0.15167677282895775,0.13674688300204785
-0.7002465748709861,-0.7002465748709862,6.938893903907228e-18,-0.8070109457587429,0.13521109283381497,0.4357151308518101,-0.12635177650656423,-0.1234150477992545,-0.1262013186962595,-0.12635873307413747,0.6389699813054561,0.5112766818932767,0.5990449815058495,0.6037415728756691,0.5747580770505575,1.0,0.0,0.0,0.2399601028925403,0.1673283671679816
0.1549481333817381,0.15494813338173796,6.938893903907228e-18,0.03068836276796287,-0.15423318574199427,-0.4530805889654692,-2.662725702398543,0.7308800986470849,-1.510318378942912,-2.6346923090390386,-0.8184832340179737,-3.3969806607852577,-0.26538613814093154,-3.0058160722056653,0.001755699908081614,0.0,2.0,1.0,0.14097733239617707,0.08672637430626438
-0.8427790262464401,-0.8427790262464402,6.938893903907228e-18,0.7636752577288308,-1.0225660214694219,-1.3418763087827486,-0.12635177650656423,-0.1234150477992545,-0.1262013186962595,-0.12635873307413747,0.010397290393211566,-0.0004156933095573362,0.01134666968473725,0.00271230206374834,0.011703380550034026,0.0,0.0,3.0,0.15167677282895775,0.15396723438354598
-1.1812935982631434,-1.1812935982631434,6.938893903907228e-18,-0.8070109457587429,-1.0225660214694219,-1.3418763087827486,-0.12635177650656423,-0.1234150477992545,-0.1262013186962595,-0.12635873307413747,0.6389699813054561,0.5112766818932767,0.5990449815058495,0.6037415728756691,0.5747580770505575,1.0,0.0,0.0,0.1968313539053329,0.17308700293614454
0.33311369760105564,0.33311369760105547,6.938893903907228e-18,-0.38816129149539,-0.44367746431780347,-0.4530805889654692,-0.12635177650656423,-0.1234150477992545,-0.1262013186962595,-0.12635873307413747,-2.209275387517875,-0.41867089953195097,-2.318194800509296,-0.9891003597836074,-2.3503491799228433,0.0,1.0,2.0,0.16510103111430252,0.1699295369539402
-0.9081063997935231,-0.9081063997935233,6.938893903907228e-18,-0.7022985321929046,0.7140996499854334,0.4357151308518101,-0.12635177650656423,-0.1234150477992545,-0.1262013186962595,-0.12635873307413747,0.010397290393211566,-0.0004156933095573362,0.01134666968473725,0.00271230206374834,0.011703380550034026,0.0,3.0,3.0,0.15167677282895775,0.2236868210902237
1.02202054591575,1.0220205459157499,6.938893903907228e-18,0.5542504305971541,-0.7331217428936128,-0.4530805889654692,-0.12635177650656423,-0.1234150477992545,-0.1262013186962595,-0.12635873307413747,0.6389699813054561,0.5112766818932767,0.5990449815058495,0.6037415728756691,0.5747580770505575,1.0,1.0,0.0,0.17531762263116077,0.17308700293614454
-0.46863134138587326,-0.46863134138587337,6.938893903907228e-18,-1.3305730135879341,1.292988207137052,1.3245108506690892,-0.12635177650656423,-0.1234150477992545,-0.1262013186962595,-0.12635873307413747,0.010397290393211566,-0.0004156933095573362,0.01134666968473725,0.00271230206374834,0.011703380550034026,0.0,3.0,3.0,0.14291145871471783,0.15396723438354598
0.6300563046332515,0.6300563046332514,6.938893903907228e-18,0.1354007763338012,1.0035439285612426,1.3245108506690892,-0.12635177650656423,-0.1234150477992545,-0.1262013186962595,-0.12635873307413747,-2.209275387517875,-0.41867089953195097,-2.318194800509296,-0.9891003597836074,-2.3503491799228433,0.0,1.0,2.0,0.14291145871471783,0.13674688300204785
0.1905812462256016,0.19058124622560146,6.938893903907228e-18,-0.07402405079787501,-1.6014545786210403,-1.3418763087827486,-0.12635177650656423,-0.1234150477992545,-0.1262013186962595,-0.12635873307413747,0.6389699813054561,0.5112766818932767,0.5990449815058495,0.6037415728756691,0.5747580770505575,1.0,1.0,0.0,0.2566347469220246,0.15898122524329308
1.5802726471362782,1.580272647136278,6.938893903907228e-18,0.8683876712946687,-1.6014545786210403,-1.3418763087827486,-0.12635177650656423,-0.1234150477992545,-0.1262013186962595,-0.12635873307413747,0.6389699813054561,0.5112766818932767,0.5990449815058495,0.6037415728756691,0.5747580770505575,1.0,2.0,0.0,0.11659318079944302,0.17308700293614454
0.9863874330718866,0.9863874330718864,6.938893903907228e-18,1.4966621526896988,0.4246553714096242,0.4357151308518101,-0.12635177650656423,-0.1234150477992545,-0.1262013186962595,-0.12635873307413747,0.6389699813054561,0.5112766818932767,0.5990449815058495,0.6037415728756691,0.5747580770505575,1.0,2.0,0.0,0.12651146884236755,0.15898122524329308
1.1289198844473405,1.1289198844473405,6.938893903907228e-18,1.7060869798213754,1.0035439285612426,1.3245108506690892,-0.12635177650656423,-0.1234150477992545,-0.1262013186962595,-0.12635873307413747,0.6389699813054561,0.5112766818932767,0.5990449815058495,0.6037415728756691,0.5747580770505575,1.0,2.0,0.0,0.16615878501917156,0.15024426266782237
1.7584382113555959,1.7584382113555956,6.938893903907228e-18,1.0778124984263453,-0.7331217428936128,-0.4530805889654692,-0.12635177650656423,-0.1234150477992545,-0.1262013186962595,-0.12635873307413747,0.6389699813054561,0.5112766818932767,0.5990449815058495,0.6037415728756691,0.5747580770505575,1.0,2.0,0.0,0.12203580466772894,0.1673283671679816
0.33311369760105564,0.33311369760105547,6.938893903907228e-18,0.3448256034654774,0.7140996499854334,0.4357151308518101,-0.12635177650656423,-0.1234150477992545,-0.1262013186962595,-0.12635873307413747,-0.8184832340179737,-3.3969806607852577,-0.26538613814093154,-3.0058160722056653,0.001755699908081614,0.0,2.0,1.0,0.13768872471783386,0.0
-0.5636529756361759,-0.563652975636176,6.938893903907228e-18,-1.3305730135879341,-0.44367746431780347,-0.4530805889654692,-0.12635177650656423,-0.1234150477992545,-0.1262013186962595,-0.12635873307413747,-2.209275387517875,-0.41867089953195097,-2.318194800509296,-0.9891003597836074,-2.3503491799228433,0.0,1.0,2.0,0.13768872471783386,0.13496652423002414
-0.777451652699357,-0.777451652699357,6.938893903907228e-18,0.24011318989963956,0.13521109283381497,0.4357151308518101,-0.12635177650656423,-0.1234150477992545,-0.1262013186962595,-0.12635873307413747,0.010397290393211566,-0.0004156933095573362,0.01134666968473725,0.00271230206374834,0.011703380550034026,0.0,3.0,3.0,0.13768872471783386,0.08667152221412963
2.233546382607109,2.2335463826071087,6.938893903907228e-18,1.39194973912386,-0.7331217428936128,-0.4530805889654692,-0.12635177650656423,-0.1234150477992545,-0.1262013186962595,-0.12635873307413747,0.6389699813054561,0.5112766818932767,0.5990449815058495,0.6037415728756691,0.5747580770505575,1.0,2.0,0.0,0.17531762263116077,0.17308700293614454
0.7132002346022663,0.7132002346022662,6.938893903907228e-18,0.44953801703131624,-0.44367746431780347,-0.4530805889654692,-0.12635177650656423,-0.1234150477992545,-0.1262013186962595,-0.12635873307413747,0.6389699813054561,0.5112766818932767,0.5990449815058495,0.6037415728756691,0.5747580770505575,1.0,1.0,0.0,0.13401327038706326,0.15024426266782237
1.247696927260219,1.2476969272602187,6.938893903907228e-18,0.8683876712946687,-0.15423318574199427,-0.4530805889654692,-0.12635177650656423,-0.1234150477992545,-0.1262013186962595,-0.12635873307413747,0.6389699813054561,0.5112766818932767,0.5990449815058495,0.6037415728756691,0.5747580770505575,1.0,1.0,0.0,0.20935976975860046,0.17233522899962855
1.2239415186976432,1.223941518697643,6.938893903907228e-18,1.9155118069530512,1.582432485712861,1.3245108506690892,-0.12635177650656423,-0.1234150477992545,-0.1262013186962595,-0.12635873307413747,0.6389699813054561,0.5112766818932767,0.5990449815058495,0.6037415728756691,0.5747580770505575,1.0,2.0,0.0,0.15777642017927931,0.1673283671679816
0.30935828903847995,0.3093582890384798,6.938893903907228e-18,0.1354007763338012,-1.0225660214694219,-1.3418763087827486,-0.12635177650656423,-0.1234150477992545,-0.1262013186962595,-0.12635873307413747,0.6389699813054561,0.5112766818932767,0.5990449815058495,0.6037415728756691,0.5747580770505575,1.0,1.0,0.0,0.18548593941008734,0.17308700293614454
-0.8546567305277278,-0.854656730527728,6.938893903907228e-18,-1.2258606000220957,0.13521109283381497,0.4357151308518101,-0.12635177650656423,-0.1234150477992545,-0.1262013186962595,-0.12635873307413747,0.6389699813054561,0.5112766818932767,0.5990449815058495,0.6037415728756691,0.5747580770505575,1.0,0.0,0.0,0.0650504030451626,0.15024426266782237
0.8319772774151447,0.8319772774151445,6.938893903907228e-18,1.1825249119921841,-0.44367746431780347,-0.4530805889654692,-0.12635177650656423,-0.1234150477992545,-0.1262013186962595,-0.12635873307413747,0.6389699813054561,0.5112766818932767,0.5990449815058495,0.6037415728756691,0.5747580770505575,1.0,2.0,0.0,0.33540930347658904,0.17308700293614454
-0.5933472363393956,-0.5933472363393956,6.938893903907228e-18,-1.3305730135879341,-1.6014545786210403,-1.3418763087827486,-0.12635177650656423,-0.1234150477992545,-0.1262013186962595,-0.12635873307413747,0.6389699813054561,0.5112766818932767,0.5990449815058495,0.6037415728756691,0.5747580770505575,0.0,1.0,0.0,0.14291145871471783,0.05772647040461312
-0.415181672120078,-0.4151816721200781,6.938893903907228e-18,0.3448256034654774,-0.15423318574199427,-0.4530805889654692,-0.12635177650656423,-0.1234150477992545,-0.1262013186962595,-0.12635873307413747,0.010397290393211566,-0.0004156933095573362,0.01134666968473725,0.00271230206374834,0.011703380550034026,0.0,2.0,3.0,0.15167677282895775,0.1436498720623144
-0.9734337733406062,-0.9734337733406063,6.938893903907228e-18,-0.9117233593245813,0.13521109283381497,0.4357151308518101,-0.12635177650656423,-0.1234150477992545,-0.1262013186962595,-0.12635873307413747,0.010397290393211566,-0.0004156933095573362,0.01134666968473725,0.00271230206374834,0.011703380550034026,0.0,3.0,3.0,0.14097733239617707,0.08672637430626438
-1.1159662247160602,-1.1159662247160604,6.938893903907228e-18,-0.49287370506122835,-0.15423318574199427,-0.4530805889654692,6.3405618756021225,6.193191489561653,6.333011629121452,6.34091096881127,0.6389699813054561,0.5112766818932767,0.5990449815058495,0.6037415728756691,0.5747580770505575,1.0,0.0,0.0,0.20935976975860046,0.15898122524329308
-0.5339587149329563,-0.5339587149329564,6.938893903907228e-18,0.03068836276796287,-1.0225660214694219,-1.3418763087827486,-0.12635177650656423,-0.1234150477992545,-0.1262013186962595,-0.12635873307413747,0.010397290393211566,-0.0004156933095573362,0.01134666968473725,0.00271230206374834,0.011703380550034026,0.0,2.0,3.0,0.13768872471783386,0.11933097788255113
0.41625762757007045,0.41625762757007034,6.938893903907228e-18,0.9731000848605075,1.582432485712861,1.3245108506690892,-0.12635177650656423,-0.1234150477992545,-0.1262013186962595,-0.12635873307413747,0.6389699813054561,0.5112766818932767,0.5990449815058495,0.6037415728756691,0.5747580770505575,1.0,3.0,0.0,0.11933097788255113,0.17233522899962855
-1.133782781137992,-1.1337827811379921,6.938893903907228e-18,-1.5399978407196109,-1.6014545786210403,-1.3418763087827486,-0.12635177650656423,-0.1234150477992545,-0.1262013186962595,-0.12635873307413747,0.010397290393211566,-0.0004156933095573362,0.01134666968473725,0.00271230206374834,0.011703380550034026,0.0,3.0,3.0,0.16510103111430252,0.19541756652418887
-0.9378006604967427,-0.9378006604967428,6.938893903907228e-18,-1.5399978407196109,-0.7331217428936128,-0.4530805889654692,-0.12635177650656423,-0.1234150477992545,-0.1262013186962595,-0.12635873307413747,0.6389699813054561,0.5112766818932767,0.5990449815058495,0.6037415728756691,0.5747580770505575,1.0,0.0,0.0,0.13456439393939393,0.17233522899962855
-0.7596350962774252,-0.7596350962774253,6.938893903907228e-18,1.0778124984263453,-0.15423318574199427,-0.4530805889654692,-0.12635177650656423,-0.1234150477992545,-0.1262013186962595,-0.12635873307413747,0.010397290393211566,-0.0004156933095573362,0.01134666968473725,0.00271230206374834,0.011703380550034026,0.0,0.0,3.0,0.13768872471783386,0.2566347469220246
0.16682583766302592,0.1668258376630258,6.938893903907228e-18,-0.7022985321929046,-1.3120103000452312,-1.3418763087827486,-0.12635177650656423,-0.1234150477992545,-0.1262013186962595,-0.12635873307413747,-2.209275387517875,-0.41867089953195097,-2.318194800509296,-0.9891003597836074,-2.3503491799228433,0.0,1.0,2.0,0.15167677282895775,0.13674688300204785
-0.11823906508788211,-0.11823906508788223,6.938893903907228e-18,0.03068836276796287,-0.7331217428936128,-0.4530805889654692,-0.12635177650656423,-0.1234150477992545,-0.1262013186962595,-0.12635873307413747,0.6389699813054561,0.5112766818932767,0.5990449815058495,0.6037415728756691,0.5747580770505575,1.0,3.0,0.0,0.1660502046653844,0.1673283671679816
0.5112792618203732,0.511279261820373,6.938893903907228e-18,0.5542504305971541,0.13521109283381497,0.4357151308518101,-0.12635177650656423,-0.1234150477992545,-0.1262013186962595,-0.12635873307413747,0.6389699813054561,0.5112766818932767,0.5990449815058495,0.6037415728756691,0.5747580770505575,1.0,1.0,0.0,0.2566347469220246,0.15898122524329308
0.5112792618203732,0.511279261820373,6.938893903907228e-18,0.7636752577288308,-1.6014545786210403,-1.3418763087827486,-0.12635177650656423,-0.1234150477992545,-0.1262013186962595,-0.12635873307413747,0.6389699813054561,0.5112766818932767,0.5990449815058495,0.6037415728756691,0.5747580770505575,1.0,2.0,0.0,0.33540930347658904,0.17308700293614454
-0.5042644542297368,-0.5042644542297369,6.938893903907228e-18,-1.4352854271537725,1.0035439285612426,1.3245108506690892,-0.12635177650656423,-0.1234150477992545,-0.1262013186962595,-0.12635873307413747,0.010397290393211566,-0.0004156933095573362,0.01134666968473725,0.00271230206374834,0.011703380550034026,0.0,3.0,3.0,0.14291145871471783,0.15396723438354598
-0.8071459134025766,-0.8071459134025767,6.938893903907228e-18,-2.2729847356804784,-1.3120103000452312,-1.3418763087827486,-0.12635177650656423,-0.1234150477992545,-0.1262013186962595,-0.12635873307413747,0.010397290393211566,-0.0004156933095573362,0.01134666968473725,0.00271230206374834,0.011703380550034026,0.0,3.0,3.0,0.14291145871471783,0.15396723438354598
-0.20138299505689697,-0.20138299505689708,6.938893903907228e-18,-0.07402405079787501,-1.0225660214694219,-1.3418763087827486,-0.12635177650656423,-0.1234150477992545,-0.1262013186962595,-0.12635873307413747,0.6389699813054561,0.5112766818932767,0.5990449815058495,0.6037415728756691,0.5747580770505575,1.0,3.0,0.0,0.1502571399760227,0.15898122524329308
-0.9793726254812501,-0.9793726254812503,6.938893903907228e-18,-0.9117233593245813,1.292988207137052,1.3245108506690892,-0.12635177650656423,-0.1234150477992545,-0.1262013186962595,-0.12635873307413747,0.010397290393211566,-0.0004156933095573362,0.01134666968473725,0.00271230206374834,0.011703380550034026,0.0,0.0,3.0,0.14097733239617707,0.15409757150609316
0.7132002346022663,0.7132002346022662,6.938893903907228e-18,0.24011318989963956,1.292988207137052,1.3245108506690892,-0.12635177650656423,-0.1234150477992545,-0.1262013186962595,-0.12635873307413747,-2.209275387517875,-0.41867089953195097,-2.318194800509296,-0.9891003597836074,-2.3503491799228433,0.0,1.0,2.0,0.13768872471783386,0.13496652423002414
0.27372517619461645,0.2737251761946163,6.938893903907228e-18,0.7636752577288308,1.0035439285612426,1.3245108506690892,-0.12635177650656423,-0.1234150477992545,-0.1262013186962595,-0.12635873307413747,0.6389699813054561,0.5112766818932767,0.5990449815058495,0.6037415728756691,0.5747580770505575,1.0,3.0,0.0,0.1502571399760227,0.15898122524329308
-0.8190236176838643,-0.8190236176838644,6.938893903907228e-18,-1.2258606000220957,-1.0225660214694219,-1.3418763087827486,-0.12635177650656423,-0.1234150477992545,-0.1262013186962595,-0.12635873307413747,0.6389699813054561,0.5112766818932767,0.5990449815058495,0.6037415728756691,0.5747580770505575,1.0,0.0,0.0,0.2399601028925403,0.1673283671679816
0.05992649913143541,0.05992649913143528,6.938893903907228e-18,1.0778124984263453,1.0035439285612426,1.3245108506690892,-0.12635177650656423,-0.1234150477992545,-0.1262013186962595,-0.12635873307413747,-2.209275387517875,-0.41867089953195097,-2.318194800509296,-0.9891003597836074,-2.3503491799228433,0.0,1.0,2.0,0.16510103111430252,0.17531762263116077
-1.127843928997348,-1.127843928997348,6.938893903907228e-18,-1.749422667851287,-0.7331217428936128,-0.4530805889654692,-0.12635177650656423,-0.1234150477992545,-0.1262013186962595,-0.12635873307413747,-0.8184832340179737,-3.3969806607852577,-0.26538613814093154,-3.0058160722056653,0.001755699908081614,0.0,0.0,1.0,0.14291145871471783,0.18534100235256665
1.9366037755749133,1.9366037755749133,6.938893903907228e-18,1.1825249119921841,-1.3120103000452312,-1.3418763087827486,-0.12635177650656423,-0.1234150477992545,-0.1262013186962595,-0.12635873307413747,0.6389699813054561,0.5112766818932767,0.5990449815058495,0.6037415728756691,0.5747580770505575,1.0,2.0,0.0,0.1968313539053329,0.15024426266782237
-0.5339587149329563,-0.5339587149329564,6.938893903907228e-18,0.1354007763338012,0.4246553714096242,0.4357151308518101,-0.12635177650656423,-0.1234150477992545,-0.1262013186962595,-0.12635873307413747,0.6389699813054561,0.5112766818932767,0.5990449815058495,0.6037415728756691,0.5747580770505575,1.0,3.0,0.0,0.0650504030451626,0.15024426266782237
1.2239415186976432,1.223941518697643,6.938893903907228e-18,0.9731000848605075,0.4246553714096242,0.4357151308518101,-0.12635177650656423,-0.1234150477992545,-0.1262013186962595,-0.12635873307413747,0.6389699813054561,0.5112766818932767,0.5990449815058495,0.6037415728756691,0.5747580770505575,1.0,1.0,0.0,0.13465588570916845,0.15024426266782237
1.6990496899491567,1.6990496899491565,6.938893903907228e-18,1.0778124984263453,0.13521109283381497,0.4357151308518101,-0.12635177650656423,-0.1234150477992545,-0.1262013186962595,-0.12635873307413747,0.6389699813054561,0.5112766818932767,0.5990449815058495,0.6037415728756691,0.5747580770505575,1.0,2.0,0.0,0.22954003809359003,0.17308700293614454
-0.8843509912309475,-0.8843509912309475,6.938893903907228e-18,-0.5975861186270662,1.0035439285612426,1.3245108506690892,-0.12635177650656423,-0.1234150477992545,-0.1262013186962595,-0.12635873307413747,0.010397290393211566,-0.0004156933095573362,0.01134666968473725,0.00271230206374834,0.011703380550034026,0.0,3.0,3.0,0.16510103111430252,0.19541756652418887
-1.2466209718102264,-1.2466209718102266,6.938893903907228e-18,-1.749422667851287,-1.0225660214694219,-1.3418763087827486,-0.12635177650656423,-0.1234150477992545,-0.1262013186962595,-0.12635873307413747,0.010397290393211566,-0.0004156933095573362,0.01134666968473725,0.00271230206374834,0.011703380550034026,0.0,0.0,3.0,0.14097733239617707,0.15409757150609316
-0.26077151646333613,-0.26077151646333624,6.938893903907228e-18,-0.5975861186270662,0.4246553714096242,0.4357151308518101,-0.12635177650656423,-0.1234150477992545,-0.1262013186962595,-0.12635873307413747,0.6389699813054561,0.5112766818932767,0.5990449815058495,0.6037415728756691,0.5747580770505575,0.0,1.0,0.0,0.14097733239617707,0.06118643703870803
3.0055971608908183,3.005597160890818,6.938893903907228e-18,2.1249366340847278,1.292988207137052,1.3245108506690892,-0.12635177650656423,-0.1234150477992545,-0.1262013186962595,-0.12635873307413747,0.6389699813054561,0.5112766818932767,0.5990449815058495,0.6037415728756691,0.5747580770505575,1.0,2.0,0.0,0.12651146884236755,0.1673283671679816
0.012415682006284073,0.012415682006283943,6.938893903907228e-18,0.9731000848605075,0.7140996499854334,0.4357151308518101,-0.12635177650656423,-0.1234150477992545,-0.1262013186962595,-0.12635873307413747,-2.209275387517875,-0.41867089953195097,-2.318194800509296,-0.9891003597836074,-2.3503491799228433,0.0,1.0,2.0,0.14291145871471783,0.05772647040461312
0.05992649913143541,0.05992649913143528,6.938893903907228e-18,0.3448256034654774,0.13521109283381497,0.4357151308518101,-0.12635177650656423,-0.1234150477992545,-0.1262013186962595,-0.12635873307413747,0.6389699813054561,0.5112766818932767,0.5990449815058495,0.6037415728756691,0.5747580770505575,1.0,3.0,0.0,0.1975784564505561,0.17308700293614454
1.520884125729839,1.5208841257298389,6.938893903907228e-18,0.7636752577288308,-0.7331217428936128,-0.4530805889654692,-0.12635177650656423,-0.1234150477992545,-0.1262013186962595,-0.12635873307413747,0.6389699813054561,0.5112766818932767,0.5990449815058495,0.6037415728756691,0.5747580770505575,1.0,2.0,0.0,0.24226449690579877,0.17233522899962855
1.9959922969813526,1.9959922969813522,6.938893903907228e-18,1.1825249119921841,-1.3120103000452312,-1.3418763087827486,-0.12635177650656423,-0.1234150477992545,-0.1262013186962595,-0.12635873307413747,0.6389699813054561,0.5112766818932767,0.5990449815058495,0.6037415728756691,0.5747580770505575,1.0,2.0,0.0,0.09440656592643255,0.17233522899962855
1.0457759544783258,1.0457759544783256,6.938893903907228e-18,0.6589628441629929,-0.44367746431780347,-0.4530805889654692,-0.12635177650656423,-0.1234150477992545,-0.1262013186962595,-0.12635873307413747,0.6389699813054561,0.5112766818932767,0.5990449815058495,0.6037415728756691,0.5747580770505575,1.0,1.0,0.0,0.20709416370245742,0.17233522899962855
0.8082218688525691,0.8082218688525689,6.938893903907228e-18,0.6589628441629929,0.13521109283381497,0.4357151308518101,-0.12635177650656423,-0.1234150477992545,-0.1262013186962595,-0.12635873307413747,0.6389699813054561,0.5112766818932767,0.5990449815058495,0.6037415728756691,0.5747580770505575,1.0,1.0,0.0,0.11659318079944302,0.17308700293614454
1.675294281386581,1.6752942813865808,6.938893903907228e-18,0.9731000848605075,-1.0225660214694219,-1.3418763087827486,-0.12635177650656423,-0.1234150477992545,-0.1262013186962595,-0.12635873307413747,0.6389699813054561,0.5112766818932767,0.5990449815058495,0.6037415728756691,0.5747580770505575,1.0,2.0,0.0,0.07040084743810052,0.17233522899962855
-0.7358796877148496,-0.7358796877148497,6.938893903907228e-18,-1.749422667851287,-1.6014545786210403,-1.3418763087827486,-0.12635177650656423,-0.1234150477992545,-0.1262013186962595,-0.12635873307413747,-2.209275387517875,-0.41867089953195097,-2.318194800509296,-0.9891003597836074,-2.3503491799228433,0.0,1.0,2.0,0.14097733239617707,0.1578866695276193
-0.9734337733406062,-0.9734337733406063,6.938893903907228e-18,-0.8070109457587429,1.582432485712861,1.3245108506690892,-0.12635177650656423,-0.1234150477992545,-0.1262013186962595,-0.12635873307413747,0.010397290393211566,-0.0004156933095573362,0.01134666968473725,0.00271230206374834,0.011703380550034026,0.0,0.0,3.0,0.15167677282895775,0.17936675407686634
-0.23701610790076047,-0.23701610790076058,6.938893903907228e-18,-0.5975861186270662,0.4246553714096242,0.4357151308518101,-0.12635177650656423,-0.1234150477992545,-0.1262013186962595,-0.12635873307413747,0.6389699813054561,0.5112766818932767,0.5990449815058495,0.6037415728756691,0.5747580770505575,0.0,1.0,0.0,0.16510103111430252,0.12658929487110865
-0.8012070612619326,-0.8012070612619328,6.938893903907228e-18,0.8683876712946687,-0.7331217428936128,-0.4530805889654692,-0.12635177650656423,-0.1234150477992545,-0.1262013186962595,-0.12635873307413747,0.010397290393211566,-0.0004156933095573362,0.01134666968473725,0.00271230206374834,0.011703380550034026,0.0,0.0,3.0,0.14097733239617707,0.1968313539053329
-0.5636529756361759,-0.563652975636176,6.938893903907228e-18,-0.9117233593245813,-1.0225660214694219,-1.3418763087827486,-0.12635177650656423,-0.1234150477992545,-0.1262013186962595,-0.12635873307413747,0.6389699813054561,0.5112766818932767,0.5990449815058495,0.6037415728756691,0.5747580770505575,1.0,3.0,0.0,0.15396723438354598,0.1673283671679816
-0.5814695320581077,-0.5814695320581078,6.938893903907228e-18,-0.9117233593245813,-1.0225660214694219,-1.3418763087827486,-0.12635177650656423,-0.1234150477992545,-0.1262013186962595,-0.12635873307413747,0.6389699813054561,0.5112766818932767,0.5990449815058495,0.6037415728756691,0.5747580770505575,1.0,3.0,0.0,0.16576693298783557,0.17233522899962855
1.0101428416344622,1.010142841634462,6.938893903907228e-18,0.44953801703131624,-1.3120103000452312,-1.3418763087827486,-0.12635177650656423,-0.1234150477992545,-0.1262013186962595,-0.12635873307413747,0.6389699813054561,0.5112766818932767,0.5990449815058495,0.6037415728756691,0.5747580770505575,1.0,1.0,0.0,0.18548593941008734,0.15024426266782237
-0.43893708068265364,-0.43893708068265375,6.938893903907228e-18,-0.9117233593245813,0.4246553714096242,0.4357151308518101,-0.12635177650656423,-0.1234150477992545,-0.1262013186962595,-0.12635873307413747,-2.209275387517875,-0.41867089953195097,-2.318194800509296,-0.9891003597836074,-2.3503491799228433,0.0,1.0,2.0,0.15167677282895775,0.13674688300204785
2.411711946826427,2.4117119468264265,6.938893903907228e-18,1.6013745662555365,-0.15423318574199427,-0.4530805889654692,6.3405618756021225,6.193191489561653,6.333011629121452,6.34091096881127,0.6389699813054561,0.5112766818932767,0.5990449815058495,0.6037415728756691,0.5747580770505575,1.0,2.0,0.0,0.09440656592643255,0.17233522899962855
-1.1753547461224993,-1.1753547461224996,6.938893903907228e-18,-1.2258606000220957,-1.6014545786210403,-1.3418763087827486,-0.12635177650656423,-0.1234150477992545,-0.1262013186962595,-0.12635873307413747,0.6389699813054561,0.5112766818932767,0.5990449815058495,0.6037415728756691,0.5747580770505575,1.0,0.0,0.0,0.20935976975860046,0.15898122524329308
-0.6586746098864786,-0.6586746098864787,6.938893903907228e-18,-0.7022985321929046,0.4246553714096242,0.4357151308518101,-0.12635177650656423,-0.1234150477992545,-0.1262013186962595,-0.12635873307413747,0.6389699813054561,0.5112766818932767,0.5990449815058495,0.6037415728756691,0.5747580770505575,1.0,0.0,0.0,0.24226449690579877,0.17233522899962855
-0.9853114776218941,-0.9853114776218942,6.938893903907228e-18,-1.1211481864562576,1.0035439285612426,1.3245108506690892,-0.12635177650656423,-0.1234150477992545,-0.1262013186962595,-0.12635873307413747,-0.8184832340179737,-3.3969806607852577,-0.26538613814093154,-3.0058160722056653,0.001755699908081614,0.0,0.0,1.0,0.14291145871471783,0.18534100235256665
1.1407975887286284,1.1407975887286281,6.938893903907228e-18,0.6589628441629929,-0.7331217428936128,-0.4530805889654692,-0.12635177650656423,-0.1234150477992545,-0.1262013186962595,-0.12635873307413747,0.6389699813054561,0.5112766818932767,0.5990449815058495,0.6037415728756691,0.5747580770505575,1.0,1.0,0.0,0.14375848447281284,0.17308700293614454
-0.5398975670736003,-0.5398975670736004,6.938893903907228e-18,-1.5399978407196109,0.7140996499854334,0.4357151308518101,-0.12635177650656423,-0.1234150477992545,-0.1262013186962595,-0.12635873307413747,0.010397290393211566,-0.0004156933095573362,0.01134666968473725,0.00271230206374834,0.011703380550034026,0.0,3.0,3.0,0.16510103111430252,0.0650504030451626
2.827431596671501,2.8274315966715005,6.938893903907228e-18,1.9155118069530512,0.7140996499854334,0.4357151308518101,-0.12635177650656423,-0.1234150477992545,-0.1262013186962595,-0.12635873307413747,0.6389699813054561,0.5112766818932767,0.5990449815058495,0.6037415728756691,0.5747580770505575,1.0,2.0,0.0,0.17531762263116077,0.17308700293614454
-0.17762758649432128,-0.17762758649432142,6.938893903907228e-18,0.9731000848605075,1.582432485712861,1.3245108506690892,-0.12635177650656423,-0.1234150477992545,-0.1262013186962595,-0.12635873307413747,0.010397290393211566,-0.0004156933095573362,0.01134666968473725,0.00271230206374834,0.011703380550034026,0.0,2.0,3.0,0.16510103111430252,0.08010697799101016
-1.0446999990283332,-1.0446999990283334,6.938893903907228e-18,-0.5975861186270662,-1.3120103000452312,-1.3418763087827486,-0.12635177650656423,-0.1234150477992545,-0.1262013186962595,-0.12635873307413747,0.6389699813054561,0.5112766818932767,0.5990449815058495,0.6037415728756691,0.5747580770505575,0.0,0.0,0.0,0.13768872471783386,0.08006216506599288
0.29748058475719213,0.29748058475719197,6.938893903907228e-18,0.7636752577288308,1.0035439285612426,1.3245108506690892,-0.12635177650656423,-0.1234150477992545,-0.1262013186962595,-0.12635873307413747,0.6389699813054561,0.5112766818932767,0.5990449815058495,0.6037415728756691,0.5747580770505575,1.0,3.0,0.0,0.11933097788255113,0.17233522899962855
